ISO-10303-21;
HEADER;
FILE_DESCRIPTION (( 'STEP AP214' ),
    '1' );
FILE_NAME ('v1_hhi_marker_top.STEP',
    '2024-09-02T09:49:29',
    ( '' ),
    ( '' ),
    'SwSTEP 2.0',
    'SolidWorks 2020',
    '' );
FILE_SCHEMA (( 'AUTOMOTIVE_DESIGN' ));
ENDSEC;

DATA;
#1 = EDGE_CURVE ( 'NONE', #5001, #3022, #1889, .T. ) ;
#2 = CIRCLE ( 'NONE', #1486, 2.149999999999999023 ) ;
#3 = AXIS2_PLACEMENT_3D ( 'NONE', #107, #5329, #2429 ) ;
#4 = ADVANCED_FACE ( 'NONE', ( #2866 ), #5154, .F. ) ;
#5 = ORIENTED_EDGE ( 'NONE', *, *, #4180, .T. ) ;
#6 = CARTESIAN_POINT ( 'NONE',  ( 62.90000000000002700, -7.000000000000000000, 24.99999999999998579 ) ) ;
#7 = CIRCLE ( 'NONE', #1284, 2.150000000000001243 ) ;
#8 = DIRECTION ( 'NONE',  ( 0.000000000000000000, 0.000000000000000000, 1.000000000000000000 ) ) ;
#9 = PLANE ( 'NONE',  #487 ) ;
#10 = AXIS2_PLACEMENT_3D ( 'NONE', #4059, #861, #3693 ) ;
#11 = DIRECTION ( 'NONE',  ( -0.000000000000000000, 1.000000000000000000, -0.000000000000000000 ) ) ;
#12 = AXIS2_PLACEMENT_3D ( 'NONE', #5462, #5422, #2667 ) ;
#13 = VECTOR ( 'NONE', #5881, 1000.000000000000000 ) ;
#14 = ORIENTED_EDGE ( 'NONE', *, *, #4449, .T. ) ;
#15 = VECTOR ( 'NONE', #3171, 1000.000000000000000 ) ;
#16 = CIRCLE ( 'NONE', #2570, 2.149999999999999023 ) ;
#17 = DIRECTION ( 'NONE',  ( -0.000000000000000000, 1.000000000000000000, -0.000000000000000000 ) ) ;
#18 = ORIENTED_EDGE ( 'NONE', *, *, #4689, .T. ) ;
#19 = CARTESIAN_POINT ( 'NONE',  ( 49.99999999999998579, -3.000000000000000000, -4.999999999999997335 ) ) ;
#20 = AXIS2_PLACEMENT_3D ( 'NONE', #436, #2316, #5944 ) ;
#21 = CARTESIAN_POINT ( 'NONE',  ( 1.387778780781445676E-14, 7.000000000000000000, 7.150000000000001243 ) ) ;
#22 = DIRECTION ( 'NONE',  ( 0.000000000000000000, 1.000000000000000000, 0.000000000000000000 ) ) ;
#23 = ADVANCED_FACE ( 'NONE', ( #1865 ), #50, .F. ) ;
#24 = AXIS2_PLACEMENT_3D ( 'NONE', #6000, #1875, #3654 ) ;
#25 = VERTEX_POINT ( 'NONE', #4289 ) ;
#26 = AXIS2_PLACEMENT_3D ( 'NONE', #1631, #3555, #705 ) ;
#27 = ORIENTED_EDGE ( 'NONE', *, *, #3681, .F. ) ;
#28 = VECTOR ( 'NONE', #2283, 1000.000000000000000 ) ;
#29 = ORIENTED_EDGE ( 'NONE', *, *, #4111, .T. ) ;
#30 = DIRECTION ( 'NONE',  ( 0.000000000000000000, 0.000000000000000000, 1.000000000000000000 ) ) ;
#31 = FACE_BOUND ( 'NONE', #163, .T. ) ;
#32 = DIRECTION ( 'NONE',  ( 0.000000000000000000, 0.000000000000000000, 1.000000000000000000 ) ) ;
#33 = ORIENTED_EDGE ( 'NONE', *, *, #4128, .T. ) ;
#34 = VERTEX_POINT ( 'NONE', #1463 ) ;
#35 = FACE_OUTER_BOUND ( 'NONE', #3807, .T. ) ;
#36 = DIRECTION ( 'NONE',  ( 0.000000000000000000, -1.000000000000000000, 0.000000000000000000 ) ) ;
#37 = EDGE_LOOP ( 'NONE', ( #2256, #5896 ) ) ;
#38 = CARTESIAN_POINT ( 'NONE',  ( -9.999999999999918288, 7.000000000000000000, 25.00000000000000000 ) ) ;
#39 = ORIENTED_EDGE ( 'NONE', *, *, #3855, .F. ) ;
#40 = ORIENTED_EDGE ( 'NONE', *, *, #3779, .F. ) ;
#41 = DIRECTION ( 'NONE',  ( 0.000000000000000000, 0.000000000000000000, 1.000000000000000000 ) ) ;
#42 = CARTESIAN_POINT ( 'NONE',  ( 29.99999999999994316, 7.000000000000000000, -17.14999999999999858 ) ) ;
#43 = PLANE ( 'NONE',  #3847 ) ;
#44 = EDGE_CURVE ( 'NONE', #1298, #1038, #4714, .T. ) ;
#45 = FACE_BOUND ( 'NONE', #4280, .T. ) ;
#46 = EDGE_CURVE ( 'NONE', #976, #4394, #3547, .T. ) ;
#47 = ORIENTED_EDGE ( 'NONE', *, *, #4730, .T. ) ;
#48 = VECTOR ( 'NONE', #311, 1000.000000000000000 ) ;
#49 = CARTESIAN_POINT ( 'NONE',  ( -50.00000000000002132, -3.000000000000000000, -7.149999999999998579 ) ) ;
#50 = CYLINDRICAL_SURFACE ( 'NONE', #604, 2.149999999999999023 ) ;
#51 = LINE ( 'NONE', #1932, #5938 ) ;
#52 = FACE_OUTER_BOUND ( 'NONE', #4497, .T. ) ;
#53 = CARTESIAN_POINT ( 'NONE',  ( 4.883555638916728174E-14, 5.000000000000000000, 12.84999999999999964 ) ) ;
#54 = EDGE_CURVE ( 'NONE', #1480, #3649, #318, .T. ) ;
#55 = ORIENTED_EDGE ( 'NONE', *, *, #4186, .T. ) ;
#56 = EDGE_LOOP ( 'NONE', ( #430, #2591 ) ) ;
#57 = EDGE_CURVE ( 'NONE', #3497, #5716, #2391, .T. ) ;
#58 = ORIENTED_EDGE ( 'NONE', *, *, #5801, .F. ) ;
#59 = DIRECTION ( 'NONE',  ( 0.000000000000000000, 0.000000000000000000, 1.000000000000000000 ) ) ;
#60 = DIRECTION ( 'NONE',  ( -0.000000000000000000, 1.000000000000000000, -0.000000000000000000 ) ) ;
#61 = EDGE_CURVE ( 'NONE', #4993, #3588, #1594, .T. ) ;
#62 = VERTEX_POINT ( 'NONE', #3017 ) ;
#63 = ADVANCED_FACE ( 'NONE', ( #2617 ), #3043, .F. ) ;
#64 = EDGE_LOOP ( 'NONE', ( #272, #2242, #1341, #5062, #2699 ) ) ;
#65 = CYLINDRICAL_SURFACE ( 'NONE', #2679, 2.150000000000000799 ) ;
#66 = CARTESIAN_POINT ( 'NONE',  ( 68.00000000000001421, 2.000000000000000000, -40.00000000000000000 ) ) ;
#67 = ORIENTED_EDGE ( 'NONE', *, *, #2806, .T. ) ;
#68 = CARTESIAN_POINT ( 'NONE',  ( 0.000000000000000000, 20.24324324324323854, -14.45945945945945610 ) ) ;
#69 = ORIENTED_EDGE ( 'NONE', *, *, #5465, .T. ) ;
#70 = ORIENTED_EDGE ( 'NONE', *, *, #4923, .T. ) ;
#71 = CARTESIAN_POINT ( 'NONE',  ( 62.90000000000001279, -3.499999999999999556, -22.05000000000000071 ) ) ;
#72 = EDGE_LOOP ( 'NONE', ( #2001, #2781 ) ) ;
#73 = DIRECTION ( 'NONE',  ( -0.000000000000000000, 1.000000000000000000, -0.000000000000000000 ) ) ;
#74 = CARTESIAN_POINT ( 'NONE',  ( 70.00000000000001421, -3.500000000000000000, -20.00000000000000000 ) ) ;
#75 = ORIENTED_EDGE ( 'NONE', *, *, #1339, .F. ) ;
#76 = CARTESIAN_POINT ( 'NONE',  ( 45.00000000000007105, -3.000000000000000000, 16.79999999999999361 ) ) ;
#77 = EDGE_CURVE ( 'NONE', #3277, #2629, #3480, .T. ) ;
#78 = ORIENTED_EDGE ( 'NONE', *, *, #5864, .F. ) ;
#79 = DIRECTION ( 'NONE',  ( -0.000000000000000000, 1.000000000000000000, -0.000000000000000000 ) ) ;
#80 = LINE ( 'NONE', #4343, #5223 ) ;
#81 = CARTESIAN_POINT ( 'NONE',  ( -53.89999999999998437, 0.000000000000000000, 32.00000000000000000 ) ) ;
#82 = ORIENTED_EDGE ( 'NONE', *, *, #4995, .T. ) ;
#83 = ORIENTED_EDGE ( 'NONE', *, *, #3928, .T. ) ;
#84 = EDGE_CURVE ( 'NONE', #1086, #5737, #5865, .T. ) ;
#85 = EDGE_LOOP ( 'NONE', ( #537, #1468, #1304, #469 ) ) ;
#86 = CARTESIAN_POINT ( 'NONE',  ( -9.999999999999953815, 7.000000000000000000, 12.84999999999999964 ) ) ;
#87 = DIRECTION ( 'NONE',  ( 0.000000000000000000, 0.000000000000000000, -1.000000000000000000 ) ) ;
#88 = CARTESIAN_POINT ( 'NONE',  ( -30.00000000000005684, 5.000000000000000000, -15.00000000000000000 ) ) ;
#89 = VECTOR ( 'NONE', #1813, 999.9999999999998863 ) ;
#90 =( LENGTH_UNIT ( ) NAMED_UNIT ( * ) SI_UNIT ( .MILLI., .METRE. ) );
#91 = VERTEX_POINT ( 'NONE', #268 ) ;
#92 = EDGE_CURVE ( 'NONE', #1325, #1569, #3889, .T. ) ;
#93 = ORIENTED_EDGE ( 'NONE', *, *, #5910, .T. ) ;
#94 = FACE_OUTER_BOUND ( 'NONE', #5803, .T. ) ;
#95 = DIRECTION ( 'NONE',  ( 0.000000000000000000, 0.000000000000000000, -1.000000000000000000 ) ) ;
#96 = ORIENTED_EDGE ( 'NONE', *, *, #5303, .T. ) ;
#97 = VECTOR ( 'NONE', #5394, 1000.000000000000000 ) ;
#98 = EDGE_CURVE ( 'NONE', #137, #3530, #1393, .T. ) ;
#99 = ORIENTED_EDGE ( 'NONE', *, *, #5526, .F. ) ;
#100 = AXIS2_PLACEMENT_3D ( 'NONE', #38, #4771, #534 ) ;
#101 = DIRECTION ( 'NONE',  ( 0.000000000000000000, -1.000000000000000000, 0.000000000000000000 ) ) ;
#102 = CIRCLE ( 'NONE', #4056, 2.149999999999997247 ) ;
#103 = LINE ( 'NONE', #2424, #6123 ) ;
#104 = LINE ( 'NONE', #1580, #790 ) ;
#105 = VECTOR ( 'NONE', #101, 1000.000000000000000 ) ;
#106 = CIRCLE ( 'NONE', #3570, 2.150000000000000799 ) ;
#107 = CARTESIAN_POINT ( 'NONE',  ( 4.857225732735059864E-14, 5.000000000000000000, 15.00000000000000178 ) ) ;
#108 = VECTOR ( 'NONE', #2105, 1000.000000000000000 ) ;
#109 = ORIENTED_EDGE ( 'NONE', *, *, #5009, .T. ) ;
#110 = FACE_OUTER_BOUND ( 'NONE', #5569, .T. ) ;
#111 = CARTESIAN_POINT ( 'NONE',  ( -30.00000000000002487, 5.000000000000000000, -4.999999999999997335 ) ) ;
#112 = VECTOR ( 'NONE', #5798, 1000.000000000000000 ) ;
#113 = APPLICATION_CONTEXT ( 'automotive_design' ) ;
#114 = VECTOR ( 'NONE', #406, 1000.000000000000000 ) ;
#115 = CIRCLE ( 'NONE', #3378, 2.149999999999999023 ) ;
#116 = EDGE_LOOP ( 'NONE', ( #2223, #4386, #1966, #1018 ) ) ;
#117 = AXIS2_PLACEMENT_3D ( 'NONE', #2113, #2703, #4525 ) ;
#118 = ORIENTED_EDGE ( 'NONE', *, *, #5332, .T. ) ;
#119 = CIRCLE ( 'NONE', #20, 2.149999999999997691 ) ;
#120 = ORIENTED_EDGE ( 'NONE', *, *, #4584, .T. ) ;
#121 = DIRECTION ( 'NONE',  ( 0.000000000000000000, 0.000000000000000000, 1.000000000000000000 ) ) ;
#122 = DIRECTION ( 'NONE',  ( -0.000000000000000000, 1.000000000000000000, -0.000000000000000000 ) ) ;
#123 = VECTOR ( 'NONE', #3979, 1000.000000000000000 ) ;
#124 = FACE_OUTER_BOUND ( 'NONE', #1455, .T. ) ;
#125 = EDGE_CURVE ( 'NONE', #666, #3339, #692, .T. ) ;
#126 =( NAMED_UNIT ( * ) PLANE_ANGLE_UNIT ( ) SI_UNIT ( $, .RADIAN. ) );
#127 = ADVANCED_FACE ( 'NONE', ( #5796 ), #2584, .F. ) ;
#128 = VECTOR ( 'NONE', #614, 1000.000000000000000 ) ;
#129 = ORIENTED_EDGE ( 'NONE', *, *, #2923, .F. ) ;
#130 = CIRCLE ( 'NONE', #5955, 2.149999999999999023 ) ;
#131 = LINE ( 'NONE', #3503, #2368 ) ;
#132 = ORIENTED_EDGE ( 'NONE', *, *, #3041, .T. ) ;
#133 = CARTESIAN_POINT ( 'NONE',  ( 19.99999999999994671, 7.000000000000000000, -17.14999999999999858 ) ) ;
#134 = CARTESIAN_POINT ( 'NONE',  ( 20.00000000000001776, 5.000000000000000000, 7.149999999999998579 ) ) ;
#135 = ORIENTED_EDGE ( 'NONE', *, *, #4937, .F. ) ;
#136 = ADVANCED_FACE ( 'NONE', ( #146 ), #240, .F. ) ;
#137 = VERTEX_POINT ( 'NONE', #3487 ) ;
#138 = FACE_OUTER_BOUND ( 'NONE', #4263, .T. ) ;
#139 = EDGE_CURVE ( 'NONE', #4412, #3708, #5305, .T. ) ;
#140 = ORIENTED_EDGE ( 'NONE', *, *, #1, .F. ) ;
#141 = DIRECTION ( 'NONE',  ( 0.000000000000000000, 1.000000000000000000, 0.000000000000000000 ) ) ;
#142 = FACE_OUTER_BOUND ( 'NONE', #671, .T. ) ;
#143 = EDGE_CURVE ( 'NONE', #3303, #348, #4469, .T. ) ;
#144 = CARTESIAN_POINT ( 'NONE',  ( 20.00000000000001776, -3.000000000000000000, 5.000000000000000888 ) ) ;
#145 = EDGE_CURVE ( 'NONE', #2182, #1545, #3585, .T. ) ;
#146 = FACE_OUTER_BOUND ( 'NONE', #3597, .T. ) ;
#147 = CARTESIAN_POINT ( 'NONE',  ( -40.00000000000009237, 5.000000000000000000, -25.00000000000000000 ) ) ;
#148 = DIRECTION ( 'NONE',  ( 0.000000000000000000, 0.000000000000000000, -1.000000000000000000 ) ) ;
#149 = EDGE_LOOP ( 'NONE', ( #5778, #3994, #761, #5 ) ) ;
#150 = EDGE_LOOP ( 'NONE', ( #4663, #5383, #996, #237 ) ) ;
#151 = ORIENTED_EDGE ( 'NONE', *, *, #1252, .T. ) ;
#152 = CARTESIAN_POINT ( 'NONE',  ( 30.00000000000008171, 7.000000000000000000, 22.85000000000000142 ) ) ;
#153 = DIRECTION ( 'NONE',  ( 0.000000000000000000, 0.000000000000000000, 1.000000000000000000 ) ) ;
#154 = DIRECTION ( 'NONE',  ( -0.000000000000000000, 1.000000000000000000, -0.000000000000000000 ) ) ;
#155 = SURFACE_SIDE_STYLE ('',( #641 ) ) ;
#156 = VERTEX_POINT ( 'NONE', #5331 ) ;
#157 = DIRECTION ( 'NONE',  ( -0.000000000000000000, 1.000000000000000000, -0.000000000000000000 ) ) ;
#158 = ORIENTED_EDGE ( 'NONE', *, *, #6019, .T. ) ;
#159 = DIRECTION ( 'NONE',  ( -0.000000000000000000, 1.000000000000000000, -0.000000000000000000 ) ) ;
#160 = EDGE_CURVE ( 'NONE', #1911, #5082, #1095, .T. ) ;
#161 = DIRECTION ( 'NONE',  ( 0.000000000000000000, -1.000000000000000000, 0.000000000000000000 ) ) ;
#162 = DIRECTION ( 'NONE',  ( 0.000000000000000000, 0.000000000000000000, 1.000000000000000000 ) ) ;
#163 = EDGE_LOOP ( 'NONE', ( #485, #2420 ) ) ;
#164 = ORIENTED_EDGE ( 'NONE', *, *, #5381, .F. ) ;
#165 = CARTESIAN_POINT ( 'NONE',  ( -9.999999999999987566, 7.000000000000000000, 5.000000000000000888 ) ) ;
#166 = EDGE_CURVE ( 'NONE', #4618, #730, #415, .T. ) ;
#167 = ORIENTED_EDGE ( 'NONE', *, *, #6108, .F. ) ;
#168 = CARTESIAN_POINT ( 'NONE',  ( -20.00000000000009237, 5.000000000000000000, -22.85000000000000142 ) ) ;
#169 = DIRECTION ( 'NONE',  ( 0.000000000000000000, 0.000000000000000000, 1.000000000000000000 ) ) ;
#170 = DIRECTION ( 'NONE',  ( 0.000000000000000000, 0.000000000000000000, 1.000000000000000000 ) ) ;
#171 = EDGE_CURVE ( 'NONE', #4570, #5869, #3578, .T. ) ;
#172 = DIRECTION ( 'NONE',  ( -0.000000000000000000, 1.000000000000000000, -0.000000000000000000 ) ) ;
#173 = DIRECTION ( 'NONE',  ( 0.000000000000000000, -1.000000000000000000, 0.000000000000000000 ) ) ;
#174 = LINE ( 'NONE', #2049, #3075 ) ;
#175 = EDGE_LOOP ( 'NONE', ( #2779, #5318 ) ) ;
#176 = ADVANCED_FACE ( 'NONE', ( #356 ), #379, .F. ) ;
#177 = VERTEX_POINT ( 'NONE', #2707 ) ;
#178 = EDGE_LOOP ( 'NONE', ( #2543, #530 ) ) ;
#179 = VERTEX_POINT ( 'NONE', #294 ) ;
#180 = DIRECTION ( 'NONE',  ( -0.7071067811865524577, 0.000000000000000000, 0.7071067811865425767 ) ) ;
#181 = DIRECTION ( 'NONE',  ( 0.000000000000000000, 0.000000000000000000, -1.000000000000000000 ) ) ;
#182 = DIRECTION ( 'NONE',  ( 0.000000000000000000, 0.000000000000000000, 1.000000000000000000 ) ) ;
#183 = CARTESIAN_POINT ( 'NONE',  ( -9.999999999999987566, 7.000000000000000000, 2.850000000000001421 ) ) ;
#184 = ORIENTED_EDGE ( 'NONE', *, *, #471, .F. ) ;
#185 = DIRECTION ( 'NONE',  ( 0.000000000000000000, 0.000000000000000000, -1.000000000000000000 ) ) ;
#186 = EDGE_LOOP ( 'NONE', ( #132, #5127, #1249, #5137 ) ) ;
#187 = DIRECTION ( 'NONE',  ( 0.000000000000000000, 1.000000000000000000, 0.000000000000000000 ) ) ;
#188 = CARTESIAN_POINT ( 'NONE',  ( 30.00000000000008171, -3.000000000000000000, 27.15000000000000213 ) ) ;
#189 = CARTESIAN_POINT ( 'NONE',  ( 39.99999999999993605, 5.000000000000000000, -15.00000000000000000 ) ) ;
#190 = ORIENTED_EDGE ( 'NONE', *, *, #4293, .T. ) ;
#191 = FACE_OUTER_BOUND ( 'NONE', #458, .T. ) ;
#192 = LINE ( 'NONE', #2432, #2677 ) ;
#193 = VERTEX_POINT ( 'NONE', #2642 ) ;
#194 = CIRCLE ( 'NONE', #978, 2.149999999999997247 ) ;
#195 = LINE ( 'NONE', #4468, #5926 ) ;
#196 = FACE_OUTER_BOUND ( 'NONE', #341, .T. ) ;
#197 = ADVANCED_FACE ( 'NONE', ( #3611 ), #4154, .F. ) ;
#198 = EDGE_CURVE ( 'NONE', #3094, #3630, #2174, .T. ) ;
#199 = AXIS2_PLACEMENT_3D ( 'NONE', #1850, #2797, #4278 ) ;
#200 = CARTESIAN_POINT ( 'NONE',  ( 53.90000000000001279, 132.3668217671645380, -32.00000000000000000 ) ) ;
#201 = AXIS2_PLACEMENT_3D ( 'NONE', #6124, #4668, #979 ) ;
#202 = CARTESIAN_POINT ( 'NONE',  ( -9.999999999999987566, 5.000000000000000000, 5.000000000000000888 ) ) ;
#203 = DIRECTION ( 'NONE',  ( 0.7071067811865451302, 0.000000000000000000, 0.7071067811865500152 ) ) ;
#204 = DIRECTION ( 'NONE',  ( -0.000000000000000000, 1.000000000000000000, -0.000000000000000000 ) ) ;
#205 = AXIS2_PLACEMENT_3D ( 'NONE', #2624, #3617, #4511 ) ;
#206 = EDGE_LOOP ( 'NONE', ( #5177, #5568, #2553, #5703 ) ) ;
#207 = AXIS2_PLACEMENT_3D ( 'NONE', #373, #4146, #3658 ) ;
#208 = AXIS2_PLACEMENT_3D ( 'NONE', #2362, #4340, #3421 ) ;
#209 = ORIENTED_EDGE ( 'NONE', *, *, #1716, .T. ) ;
#210 = EDGE_LOOP ( 'NONE', ( #3389, #438, #5719, #69, #4938, #352 ) ) ;
#211 = EDGE_LOOP ( 'NONE', ( #5442, #1179, #1320, #1395 ) ) ;
#213 = DIRECTION ( 'NONE',  ( 0.000000000000000000, -1.000000000000000000, 0.000000000000000000 ) ) ;
#212 = AXIS2_PLACEMENT_3D ( 'NONE', #74, #5821, #1151 ) ;
#214 = AXIS2_PLACEMENT_3D ( 'NONE', #4986, #4860, #2567 ) ;
#215 = EDGE_CURVE ( 'NONE', #3339, #5082, #1333, .T. ) ;
#216 = CARTESIAN_POINT ( 'NONE',  ( 10.00000000000007816, 7.000000000000000000, 25.00000000000000000 ) ) ;
#217 = CARTESIAN_POINT ( 'NONE',  ( -40.00000000000002132, -3.000000000000000000, -7.149999999999998579 ) ) ;
#218 = AXIS2_PLACEMENT_3D ( 'NONE', #5467, #5397, #1619 ) ;
#219 = PRESENTATION_LAYER_ASSIGNMENT (  '', '', ( #5552 ) ) ;
#220 = ORIENTED_EDGE ( 'NONE', *, *, #5870, .T. ) ;
#221 = DIRECTION ( 'NONE',  ( 0.000000000000000000, -1.000000000000000000, 0.000000000000000000 ) ) ;
#222 = VECTOR ( 'NONE', #4933, 1000.000000000000000 ) ;
#223 = ORIENTED_EDGE ( 'NONE', *, *, #2296, .T. ) ;
#224 = CIRCLE ( 'NONE', #3953, 2.150000000000000799 ) ;
#225 = DIRECTION ( 'NONE',  ( -0.000000000000000000, 1.000000000000000000, -0.000000000000000000 ) ) ;
#226 = EDGE_CURVE ( 'NONE', #2108, #4775, #5984, .T. ) ;
#227 = DIRECTION ( 'NONE',  ( 1.000000000000000000, 0.000000000000000000, 3.686287386450722175E-15 ) ) ;
#228 = LINE ( 'NONE', #282, #898 ) ;
#229 = VECTOR ( 'NONE', #1170, 1000.000000000000000 ) ;
#230 = ORIENTED_EDGE ( 'NONE', *, *, #1933, .F. ) ;
#231 = CARTESIAN_POINT ( 'NONE',  ( 10.00000000000000888, 7.000000000000000000, 5.000000000000000888 ) ) ;
#232 = VECTOR ( 'NONE', #1694, 999.9999999999998863 ) ;
#233 = DIRECTION ( 'NONE',  ( 0.7071067811865500152, -0.000000000000000000, -0.7071067811865451302 ) ) ;
#234 = CARTESIAN_POINT ( 'NONE',  ( 1.387778780781445676E-14, 7.000000000000000000, 5.000000000000000888 ) ) ;
#235 = DIRECTION ( 'NONE',  ( 0.000000000000000000, -1.000000000000000000, 0.000000000000000000 ) ) ;
#236 = EDGE_LOOP ( 'NONE', ( #1624, #3657 ) ) ;
#237 = ORIENTED_EDGE ( 'NONE', *, *, #4795, .T. ) ;
#238 = CARTESIAN_POINT ( 'NONE',  ( 10.00000000000007816, 7.000000000000000000, 25.00000000000000000 ) ) ;
#239 = EDGE_CURVE ( 'NONE', #3708, #4486, #1101, .T. ) ;
#240 = CYLINDRICAL_SURFACE ( 'NONE', #4761, 3.200000000000005063 ) ;
#241 = ADVANCED_FACE ( 'NONE', ( #4564 ), #4071, .F. ) ;
#242 = DIRECTION ( 'NONE',  ( 0.000000000000000000, 0.000000000000000000, 1.000000000000000000 ) ) ;
#243 = DIRECTION ( 'NONE',  ( 0.000000000000000000, 0.000000000000000000, 1.000000000000000000 ) ) ;
#244 = ORIENTED_EDGE ( 'NONE', *, *, #1828, .F. ) ;
#245 = VERTEX_POINT ( 'NONE', #4592 ) ;
#246 = ORIENTED_EDGE ( 'NONE', *, *, #443, .T. ) ;
#247 = CARTESIAN_POINT ( 'NONE',  ( 49.99999999999995026, -3.000000000000000000, -17.14999999999999858 ) ) ;
#248 = EDGE_CURVE ( 'NONE', #3944, #3165, #5946, .T. ) ;
#249 = CARTESIAN_POINT ( 'NONE',  ( -9.999999999999953815, 5.000000000000000000, 15.00000000000000178 ) ) ;
#250 = CARTESIAN_POINT ( 'NONE',  ( -20.00000000000006040, 7.000000000000000000, -12.85000000000000142 ) ) ;
#251 = VERTEX_POINT ( 'NONE', #1741 ) ;
#252 = FACE_BOUND ( 'NONE', #3263, .T. ) ;
#253 = ORIENTED_EDGE ( 'NONE', *, *, #2907, .F. ) ;
#254 = CARTESIAN_POINT ( 'NONE',  ( -19.99999999999998934, 7.000000000000000000, 5.000000000000000888 ) ) ;
#255 = EDGE_CURVE ( 'NONE', #5624, #4099, #4662, .T. ) ;
#256 = DIRECTION ( 'NONE',  ( 0.000000000000000000, 0.000000000000000000, 1.000000000000000000 ) ) ;
#257 = CARTESIAN_POINT ( 'NONE',  ( 9.999999999999973355, 5.000000000000000000, -2.849999999999997868 ) ) ;
#258 = EDGE_CURVE ( 'NONE', #5518, #3575, #5461, .T. ) ;
#259 = ORIENTED_EDGE ( 'NONE', *, *, #4349, .T. ) ;
#260 = CARTESIAN_POINT ( 'NONE',  ( 10.00000000000000888, 5.000000000000000000, 2.850000000000001421 ) ) ;
#261 = ORIENTED_EDGE ( 'NONE', *, *, #2551, .T. ) ;
#262 = DIRECTION ( 'NONE',  ( 0.000000000000000000, 0.000000000000000000, 1.000000000000000000 ) ) ;
#263 = DIRECTION ( 'NONE',  ( 0.000000000000000000, 0.000000000000000000, 1.000000000000000000 ) ) ;
#264 = DIRECTION ( 'NONE',  ( 0.000000000000000000, -1.000000000000000000, 0.000000000000000000 ) ) ;
#265 = VERTEX_POINT ( 'NONE', #5960 ) ;
#266 = ORIENTED_EDGE ( 'NONE', *, *, #3338, .T. ) ;
#267 = DIRECTION ( 'NONE',  ( 0.000000000000000000, 1.000000000000000000, 0.000000000000000000 ) ) ;
#268 = CARTESIAN_POINT ( 'NONE',  ( -39.99999999999995026, 5.000000000000000000, 17.15000000000000213 ) ) ;
#269 = CARTESIAN_POINT ( 'NONE',  ( -50.00000000000009237, 5.000000000000000000, -25.00000000000000000 ) ) ;
#270 = FACE_BOUND ( 'NONE', #4628, .T. ) ;
#271 = VERTEX_POINT ( 'NONE', #1718 ) ;
#272 = ORIENTED_EDGE ( 'NONE', *, *, #3426, .F. ) ;
#273 = FACE_OUTER_BOUND ( 'NONE', #211, .T. ) ;
#274 = CYLINDRICAL_SURFACE ( 'NONE', #1902, 2.149999999999999911 ) ;
#275 = DIRECTION ( 'NONE',  ( -0.000000000000000000, 1.000000000000000000, -0.000000000000000000 ) ) ;
#276 = ORIENTED_EDGE ( 'NONE', *, *, #3356, .F. ) ;
#277 = ADVANCED_FACE ( 'NONE', ( #1805 ), #5494, .F. ) ;
#278 = DIRECTION ( 'NONE',  ( 0.000000000000000000, -0.000000000000000000, -1.000000000000000000 ) ) ;
#279 = ORIENTED_EDGE ( 'NONE', *, *, #4206, .F. ) ;
#280 = CARTESIAN_POINT ( 'NONE',  ( -50.00000000000005684, -3.000000000000000000, -17.14999999999999858 ) ) ;
#281 = DIRECTION ( 'NONE',  ( -0.000000000000000000, 0.000000000000000000, -1.000000000000000000 ) ) ;
#282 = CARTESIAN_POINT ( 'NONE',  ( -30.00000000000002487, -3.000000000000000000, -2.849999999999999645 ) ) ;
#283 = AXIS2_PLACEMENT_3D ( 'NONE', #3710, #5121, #4133 ) ;
#284 = ORIENTED_EDGE ( 'NONE', *, *, #2136, .F. ) ;
#285 = CARTESIAN_POINT ( 'NONE',  ( 49.99999999999998579, -3.000000000000000000, -7.149999999999998579 ) ) ;
#286 = CARTESIAN_POINT ( 'NONE',  ( 30.00000000000005329, -3.000000000000000000, 12.84999999999999964 ) ) ;
#287 = DIRECTION ( 'NONE',  ( 0.000000000000000000, 0.000000000000000000, 1.000000000000000000 ) ) ;
#288 = EDGE_CURVE ( 'NONE', #5701, #5193, #1244, .T. ) ;
#289 = CARTESIAN_POINT ( 'NONE',  ( 9.999999999999904077, 7.000000000000000000, -25.00000000000000000 ) ) ;
#290 = AXIS2_PLACEMENT_3D ( 'NONE', #5866, #173, #726 ) ;
#291 = ORIENTED_EDGE ( 'NONE', *, *, #2666, .F. ) ;
#292 = AXIS2_PLACEMENT_3D ( 'NONE', #3791, #4740, #3818 ) ;
#293 = DIRECTION ( 'NONE',  ( 1.000000000000000000, 0.000000000000000000, -0.000000000000000000 ) ) ;
#294 = CARTESIAN_POINT ( 'NONE',  ( -9.020562075079396891E-14, 5.000000000000000000, -22.85000000000000142 ) ) ;
#295 = DIRECTION ( 'NONE',  ( -0.000000000000000000, 1.000000000000000000, -0.000000000000000000 ) ) ;
#296 = EDGE_CURVE ( 'NONE', #5871, #5903, #5352, .T. ) ;
#297 = FACE_BOUND ( 'NONE', #1922, .T. ) ;
#298 = CIRCLE ( 'NONE', #199, 2.149999999999999023 ) ;
#299 = ORIENTED_EDGE ( 'NONE', *, *, #5123, .T. ) ;
#300 = ORIENTED_EDGE ( 'NONE', *, *, #4581, .T. ) ;
#301 = CARTESIAN_POINT ( 'NONE',  ( -30.00000000000008882, 5.000000000000000000, -25.00000000000000000 ) ) ;
#302 = DIRECTION ( 'NONE',  ( 0.000000000000000000, 0.000000000000000000, -1.000000000000000000 ) ) ;
#303 = CARTESIAN_POINT ( 'NONE',  ( -67.99999999999998579, 1.999999999999991340, -40.00000000000000000 ) ) ;
#304 = VECTOR ( 'NONE', #4132, 1000.000000000000000 ) ;
#305 = CIRCLE ( 'NONE', #5337, 2.049999999999999822 ) ;
#306 = ORIENTED_EDGE ( 'NONE', *, *, #569, .F. ) ;
#307 = CIRCLE ( 'NONE', #4261, 2.149999999999997247 ) ;
#308 = ORIENTED_EDGE ( 'NONE', *, *, #2536, .T. ) ;
#309 = VECTOR ( 'NONE', #2637, 1000.000000000000000 ) ;
#310 = ORIENTED_EDGE ( 'NONE', *, *, #1774, .T. ) ;
#311 = DIRECTION ( 'NONE',  ( -0.000000000000000000, 1.000000000000000000, -0.000000000000000000 ) ) ;
#312 = DIRECTION ( 'NONE',  ( 0.000000000000000000, -1.000000000000000000, 0.000000000000000000 ) ) ;
#313 = ADVANCED_FACE ( 'NONE', ( #842 ), #4615, .T. ) ;
#314 = AXIS2_PLACEMENT_3D ( 'NONE', #4395, #159, #2036 ) ;
#315 = CARTESIAN_POINT ( 'NONE',  ( -49.99999999999998579, -3.000000000000000000, 7.150000000000002132 ) ) ;
#316 = EDGE_CURVE ( 'NONE', #500, #977, #3973, .T. ) ;
#317 = VECTOR ( 'NONE', #623, 1000.000000000000000 ) ;
#318 = CIRCLE ( 'NONE', #1297, 2.149999999999999023 ) ;
#319 = ORIENTED_EDGE ( 'NONE', *, *, #4128, .F. ) ;
#320 = CARTESIAN_POINT ( 'NONE',  ( 30.00000000000005329, 7.000000000000000000, 17.15000000000000213 ) ) ;
#321 = AXIS2_PLACEMENT_3D ( 'NONE', #3317, #2440, #2913 ) ;
#322 = CARTESIAN_POINT ( 'NONE',  ( 49.99999999999998579, 7.000000000000000000, -4.999999999999997335 ) ) ;
#323 = FACE_OUTER_BOUND ( 'NONE', #2150, .T. ) ;
#324 = AXIS2_PLACEMENT_3D ( 'NONE', #4859, #2354, #8 ) ;
#325 = DIRECTION ( 'NONE',  ( -0.000000000000000000, 1.000000000000000000, -0.000000000000000000 ) ) ;
#326 = AXIS2_PLACEMENT_3D ( 'NONE', #4292, #5191, #4199 ) ;
#327 = EDGE_CURVE ( 'NONE', #1627, #3698, #1498, .T. ) ;
#328 = CIRCLE ( 'NONE', #2199, 2.149999999999999467 ) ;
#329 = DIRECTION ( 'NONE',  ( 0.000000000000000000, 0.000000000000000000, 1.000000000000000000 ) ) ;
#330 = DIRECTION ( 'NONE',  ( 0.000000000000000000, 0.000000000000000000, 1.000000000000000000 ) ) ;
#331 = EDGE_CURVE ( 'NONE', #3649, #2745, #3297, .T. ) ;
#332 = DIRECTION ( 'NONE',  ( 0.000000000000000000, -1.000000000000000000, 0.000000000000000000 ) ) ;
#333 = FACE_BOUND ( 'NONE', #5203, .T. ) ;
#334 = VERTEX_POINT ( 'NONE', #935 ) ;
#335 = ADVANCED_FACE ( 'NONE', ( #905 ), #964, .F. ) ;
#336 = VERTEX_POINT ( 'NONE', #4247 ) ;
#337 = DIRECTION ( 'NONE',  ( 0.000000000000000000, 1.000000000000000000, 0.000000000000000000 ) ) ;
#338 = DIRECTION ( 'NONE',  ( 0.000000000000000000, -1.000000000000000000, 0.000000000000000000 ) ) ;
#339 = DIRECTION ( 'NONE',  ( 0.000000000000000000, 0.000000000000000000, -1.000000000000000000 ) ) ;
#340 = ORIENTED_EDGE ( 'NONE', *, *, #3202, .T. ) ;
#341 = EDGE_LOOP ( 'NONE', ( #4783, #5445, #4908, #2718 ) ) ;
#342 = ORIENTED_EDGE ( 'NONE', *, *, #2393, .F. ) ;
#343 = DIRECTION ( 'NONE',  ( 0.000000000000000000, 0.000000000000000000, 1.000000000000000000 ) ) ;
#344 = DIRECTION ( 'NONE',  ( 0.000000000000000000, 0.000000000000000000, 1.000000000000000000 ) ) ;
#345 = CARTESIAN_POINT ( 'NONE',  ( -62.99999999999998579, 7.000000000000000000, -33.00000000000000000 ) ) ;
#346 = CIRCLE ( 'NONE', #3315, 2.149999999999999911 ) ;
#347 = EDGE_CURVE ( 'NONE', #644, #3188, #416, .T. ) ;
#348 = VERTEX_POINT ( 'NONE', #472 ) ;
#349 = CARTESIAN_POINT ( 'NONE',  ( 20.00000000000006040, 5.000000000000000000, 12.85000000000000320 ) ) ;
#350 = DIRECTION ( 'NONE',  ( 0.000000000000000000, 1.000000000000000000, 0.000000000000000000 ) ) ;
#351 = DIRECTION ( 'NONE',  ( 0.000000000000000000, -1.000000000000000000, 0.000000000000000000 ) ) ;
#352 = ORIENTED_EDGE ( 'NONE', *, *, #4900, .F. ) ;
#353 = EDGE_CURVE ( 'NONE', #977, #500, #5466, .T. ) ;
#354 = ORIENTED_EDGE ( 'NONE', *, *, #4298, .F. ) ;
#355 = CARTESIAN_POINT ( 'NONE',  ( 30.00000000000008171, 7.000000000000000000, 25.00000000000000000 ) ) ;
#356 = FACE_OUTER_BOUND ( 'NONE', #3440, .T. ) ;
#357 = DIRECTION ( 'NONE',  ( 1.000000000000000000, 0.000000000000000000, 0.000000000000000000 ) ) ;
#358 = FACE_BOUND ( 'NONE', #37, .T. ) ;
#359 = ORIENTED_EDGE ( 'NONE', *, *, #198, .T. ) ;
#360 = EDGE_CURVE ( 'NONE', #6075, #5433, #2400, .T. ) ;
#361 = EDGE_LOOP ( 'NONE', ( #2534, #3623 ) ) ;
#362 = CARTESIAN_POINT ( 'NONE',  ( -40.00000000000005684, 7.000000000000000000, -15.00000000000000000 ) ) ;
#363 = DIRECTION ( 'NONE',  ( -0.000000000000000000, 1.000000000000000000, -0.000000000000000000 ) ) ;
#364 = LINE ( 'NONE', #3647, #2697 ) ;
#365 = ADVANCED_FACE ( 'NONE', ( #2512 ), #5237, .F. ) ;
#366 = ORIENTED_EDGE ( 'NONE', *, *, #316, .F. ) ;
#367 = ORIENTED_EDGE ( 'NONE', *, *, #1709, .T. ) ;
#368 = ORIENTED_EDGE ( 'NONE', *, *, #2156, .T. ) ;
#369 = DIRECTION ( 'NONE',  ( 0.000000000000000000, 0.000000000000000000, -1.000000000000000000 ) ) ;
#370 = CARTESIAN_POINT ( 'NONE',  ( 30.00000000000001421, 7.000000000000000000, 5.000000000000000888 ) ) ;
#371 = CARTESIAN_POINT ( 'NONE',  ( 70.00000000000001421, 0.000000000000000000, 40.00000000000000000 ) ) ;
#372 = VERTEX_POINT ( 'NONE', #42 ) ;
#373 = CARTESIAN_POINT ( 'NONE',  ( -9.999999999999918288, -3.000000000000000000, 25.00000000000000000 ) ) ;
#374 = LINE ( 'NONE', #2320, #2876 ) ;
#375 = CYLINDRICAL_SURFACE ( 'NONE', #3262, 2.149999999999999023 ) ;
#376 = ORIENTED_EDGE ( 'NONE', *, *, #4495, .F. ) ;
#377 = EDGE_LOOP ( 'NONE', ( #673, #2411, #1897, #3801 ) ) ;
#378 = CARTESIAN_POINT ( 'NONE',  ( -20.00000000000009237, 7.000000000000000000, -25.00000000000000000 ) ) ;
#379 = CYLINDRICAL_SURFACE ( 'NONE', #4170, 2.149999999999997247 ) ;
#380 = DIRECTION ( 'NONE',  ( 0.000000000000000000, 0.000000000000000000, 1.000000000000000000 ) ) ;
#381 = EDGE_CURVE ( 'NONE', #5119, #1377, #5705, .T. ) ;
#382 = FACE_BOUND ( 'NONE', #178, .T. ) ;
#383 = ORIENTED_EDGE ( 'NONE', *, *, #2977, .T. ) ;
#384 = EDGE_CURVE ( 'NONE', #3720, #433, #4708, .T. ) ;
#385 = ORIENTED_EDGE ( 'NONE', *, *, #5091, .T. ) ;
#386 = CARTESIAN_POINT ( 'NONE',  ( 0.000000000000000000, 5.000000000000000000, 0.000000000000000000 ) ) ;
#387 = ORIENTED_EDGE ( 'NONE', *, *, #4106, .T. ) ;
#388 = CARTESIAN_POINT ( 'NONE',  ( -9.999999999999953815, 5.000000000000000000, 17.15000000000000213 ) ) ;
#389 = CARTESIAN_POINT ( 'NONE',  ( -30.00000000000005684, 5.000000000000000000, -15.00000000000000000 ) ) ;
#390 = CARTESIAN_POINT ( 'NONE',  ( -49.99999999999998579, 7.000000000000000000, 5.000000000000000888 ) ) ;
#391 = AXIS2_PLACEMENT_3D ( 'NONE', #3355, #965, #564 ) ;
#392 = VERTEX_POINT ( 'NONE', #4396 ) ;
#393 = VECTOR ( 'NONE', #838, 1000.000000000000000 ) ;
#394 = ORIENTED_EDGE ( 'NONE', *, *, #4347, .T. ) ;
#395 = ORIENTED_EDGE ( 'NONE', *, *, #2324, .T. ) ;
#396 = FACE_OUTER_BOUND ( 'NONE', #3898, .T. ) ;
#397 = AXIS2_PLACEMENT_3D ( 'NONE', #2594, #2004, #121 ) ;
#398 = DIRECTION ( 'NONE',  ( -0.000000000000000000, 1.000000000000000000, -0.000000000000000000 ) ) ;
#399 = DIRECTION ( 'NONE',  ( 0.000000000000000000, -1.000000000000000000, 0.000000000000000000 ) ) ;
#400 = ADVANCED_FACE ( 'NONE', ( #3259 ), #1457, .F. ) ;
#401 = CIRCLE ( 'NONE', #5040, 2.150000000000000799 ) ;
#402 = EDGE_CURVE ( 'NONE', #5166, #5868, #130, .T. ) ;
#403 = AXIS2_PLACEMENT_3D ( 'NONE', #1211, #2980, #2572 ) ;
#404 = EDGE_LOOP ( 'NONE', ( #1967, #5811, #503, #3427 ) ) ;
#405 = CARTESIAN_POINT ( 'NONE',  ( -53.89999999999998437, 132.3668217671645380, 32.00000000000000000 ) ) ;
#406 = DIRECTION ( 'NONE',  ( -0.000000000000000000, 1.000000000000000000, -0.000000000000000000 ) ) ;
#407 = AXIS2_PLACEMENT_3D ( 'NONE', #3671, #5986, #5470 ) ;
#408 = AXIS2_PLACEMENT_3D ( 'NONE', #2107, #3439, #3927 ) ;
#409 = CARTESIAN_POINT ( 'NONE',  ( 30.00000000000001421, 5.000000000000000000, 5.000000000000000888 ) ) ;
#410 = VECTOR ( 'NONE', #3873, 1000.000000000000000 ) ;
#411 = AXIS2_PLACEMENT_3D ( 'NONE', #5980, #810, #4065 ) ;
#412 = AXIS2_PLACEMENT_3D ( 'NONE', #5539, #2695, #1733 ) ;
#413 = EDGE_LOOP ( 'NONE', ( #5740, #4613 ) ) ;
#414 = DIRECTION ( 'NONE',  ( 0.000000000000000000, 1.000000000000000000, 0.000000000000000000 ) ) ;
#415 = CIRCLE ( 'NONE', #2686, 2.149999999999999467 ) ;
#416 = LINE ( 'NONE', #3816, #420 ) ;
#417 = CARTESIAN_POINT ( 'NONE',  ( -50.00000000000002132, 5.000000000000000000, -7.149999999999998579 ) ) ;
#418 = FACE_OUTER_BOUND ( 'NONE', #5927, .T. ) ;
#419 = AXIS2_PLACEMENT_3D ( 'NONE', #4574, #1814, #1226 ) ;
#420 = VECTOR ( 'NONE', #3006, 1000.000000000000000 ) ;
#421 = VERTEX_POINT ( 'NONE', #1117 ) ;
#422 = EDGE_CURVE ( 'NONE', #3796, #4775, #5757, .T. ) ;
#424 = VERTEX_POINT ( 'NONE', #4284 ) ;
#423 = FACE_BOUND ( 'NONE', #56, .T. ) ;
#425 = EDGE_CURVE ( 'NONE', #5581, #1569, #3288, .T. ) ;
#426 = ORIENTED_EDGE ( 'NONE', *, *, #3167, .F. ) ;
#427 = CARTESIAN_POINT ( 'NONE',  ( 9.999999999999904077, 5.000000000000000000, -22.85000000000000142 ) ) ;
#428 = CARTESIAN_POINT ( 'NONE',  ( -68.99999999999997158, 2.714285714285722850, 38.99999999999999289 ) ) ;
#429 = LINE ( 'NONE', #81, #5141 ) ;
#430 = ORIENTED_EDGE ( 'NONE', *, *, #1727, .F. ) ;
#431 = ORIENTED_EDGE ( 'NONE', *, *, #2897, .F. ) ;
#432 = EDGE_CURVE ( 'NONE', #5310, #977, #1083, .T. ) ;
#433 = VERTEX_POINT ( 'NONE', #4190 ) ;
#434 = CARTESIAN_POINT ( 'NONE',  ( 29.99999999999994316, 5.000000000000000000, -12.84999999999999787 ) ) ;
#435 = DIRECTION ( 'NONE',  ( 0.000000000000000000, 0.000000000000000000, 1.000000000000000000 ) ) ;
#436 = CARTESIAN_POINT ( 'NONE',  ( 19.99999999999998934, 7.000000000000000000, -4.999999999999997335 ) ) ;
#437 = EDGE_CURVE ( 'NONE', #610, #1530, #4216, .T. ) ;
#438 = ORIENTED_EDGE ( 'NONE', *, *, #1075, .T. ) ;
#439 = DIRECTION ( 'NONE',  ( 0.000000000000000000, -0.000000000000000000, -1.000000000000000000 ) ) ;
#440 = CARTESIAN_POINT ( 'NONE',  ( 62.89999999999999858, 0.000000000000000000, 15.00000000000001599 ) ) ;
#441 = DIRECTION ( 'NONE',  ( 0.000000000000000000, 0.5812381937190963521, 0.8137334712067350040 ) ) ;
#442 = EDGE_LOOP ( 'NONE', ( #1172, #1200, #5670, #5079 ) ) ;
#443 = EDGE_CURVE ( 'NONE', #3235, #1120, #3883, .T. ) ;
#444 = ORIENTED_EDGE ( 'NONE', *, *, #5245, .F. ) ;
#445 = DIRECTION ( 'NONE',  ( 0.000000000000000000, 0.000000000000000000, 1.000000000000000000 ) ) ;
#446 = CARTESIAN_POINT ( 'NONE',  ( 39.99999999999990763, -3.000000000000000000, -22.85000000000000142 ) ) ;
#447 = CARTESIAN_POINT ( 'NONE',  ( -62.89999999999999858, 0.000000000000000000, 15.00000000000000178 ) ) ;
#448 = DIRECTION ( 'NONE',  ( 0.000000000000000000, 0.000000000000000000, 1.000000000000000000 ) ) ;
#449 = DIRECTION ( 'NONE',  ( 0.000000000000000000, 0.000000000000000000, 1.000000000000000000 ) ) ;
#450 = ORIENTED_EDGE ( 'NONE', *, *, #3978, .T. ) ;
#451 = FACE_BOUND ( 'NONE', #2061, .T. ) ;
#452 = EDGE_LOOP ( 'NONE', ( #1347, #3835 ) ) ;
#453 = LINE ( 'NONE', #5655, #4153 ) ;
#454 = CARTESIAN_POINT ( 'NONE',  ( 9.999999999999904077, -3.000000000000000000, -22.85000000000000142 ) ) ;
#455 = CYLINDRICAL_SURFACE ( 'NONE', #5661, 2.150000000000000799 ) ;
#456 = ORIENTED_EDGE ( 'NONE', *, *, #4215, .F. ) ;
#457 = ORIENTED_EDGE ( 'NONE', *, *, #1901, .T. ) ;
#458 = EDGE_LOOP ( 'NONE', ( #5481, #2213, #1535, #3859, #2189, #2958 ) ) ;
#459 = DIRECTION ( 'NONE',  ( 0.000000000000000000, -1.000000000000000000, 0.000000000000000000 ) ) ;
#460 = DIRECTION ( 'NONE',  ( -1.000000000000000000, 0.000000000000000000, 0.000000000000000000 ) ) ;
#461 = EDGE_CURVE ( 'NONE', #3165, #3944, #4473, .T. ) ;
#462 = EDGE_CURVE ( 'NONE', #5485, #5589, #5643, .T. ) ;
#463 = EDGE_LOOP ( 'NONE', ( #39, #3344 ) ) ;
#464 = VERTEX_POINT ( 'NONE', #1206 ) ;
#465 = CARTESIAN_POINT ( 'NONE',  ( -9.999999999999918288, -3.000000000000000000, 27.15000000000000213 ) ) ;
#466 = CARTESIAN_POINT ( 'NONE',  ( 70.00000000000001421, 2.000000000000001776, 38.00000000000001421 ) ) ;
#467 = LINE ( 'NONE', #3323, #1869 ) ;
#468 = ORIENTED_EDGE ( 'NONE', *, *, #5541, .F. ) ;
#469 = ORIENTED_EDGE ( 'NONE', *, *, #3049, .F. ) ;
#470 = LINE ( 'NONE', #2398, #1682 ) ;
#471 = EDGE_CURVE ( 'NONE', #424, #4577, #3960, .T. ) ;
#472 = CARTESIAN_POINT ( 'NONE',  ( 8.353002590870341731E-14, 5.000000000000000000, 22.85000000000000142 ) ) ;
#473 = ORIENTED_EDGE ( 'NONE', *, *, #2962, .T. ) ;
#474 = CARTESIAN_POINT ( 'NONE',  ( 45.00000000000007105, 7.000000000000000000, 19.99999999999999645 ) ) ;
#475 = CARTESIAN_POINT ( 'NONE',  ( 62.90000000000002700, 0.000000000000000000, -24.99999999999998579 ) ) ;
#476 = ORIENTED_EDGE ( 'NONE', *, *, #853, .T. ) ;
#477 = CIRCLE ( 'NONE', #5124, 2.149999999999999023 ) ;
#479 = ORIENTED_EDGE ( 'NONE', *, *, #5087, .F. ) ;
#478 = CARTESIAN_POINT ( 'NONE',  ( -49.99999999999995737, 7.000000000000000000, 17.15000000000000213 ) ) ;
#480 = DIRECTION ( 'NONE',  ( 0.6311687442671991555, 0.4508348173337133336, 0.6311687442672079262 ) ) ;
#481 = CYLINDRICAL_SURFACE ( 'NONE', #3471, 2.150000000000001243 ) ;
#482 = DIRECTION ( 'NONE',  ( -0.000000000000000000, 1.000000000000000000, -0.000000000000000000 ) ) ;
#483 = DIRECTION ( 'NONE',  ( 0.000000000000000000, 0.000000000000000000, 1.000000000000000000 ) ) ;
#484 = ORIENTED_EDGE ( 'NONE', *, *, #1744, .F. ) ;
#485 = ORIENTED_EDGE ( 'NONE', *, *, #2522, .T. ) ;
#486 = ORIENTED_EDGE ( 'NONE', *, *, #2310, .F. ) ;
#487 = AXIS2_PLACEMENT_3D ( 'NONE', #6109, #4337, #1954 ) ;
#488 = DIRECTION ( 'NONE',  ( 0.000000000000000000, 0.000000000000000000, 1.000000000000000000 ) ) ;
#489 = DIRECTION ( 'NONE',  ( 0.000000000000000000, -1.000000000000000000, 0.000000000000000000 ) ) ;
#490 = SURFACE_STYLE_USAGE ( .BOTH. , #952 ) ;
#491 = EDGE_LOOP ( 'NONE', ( #387, #29, #4828, #1675 ) ) ;
#492 = VECTOR ( 'NONE', #1251, 1000.000000000000000 ) ;
#493 = EDGE_CURVE ( 'NONE', #2148, #2873, #4077, .T. ) ;
#494 = ORIENTED_EDGE ( 'NONE', *, *, #4738, .F. ) ;
#495 = CARTESIAN_POINT ( 'NONE',  ( 4.857225732735059864E-14, -3.000000000000000000, 17.15000000000000213 ) ) ;
#496 = ADVANCED_FACE ( 'NONE', ( #5852, #4051 ), #3099, .F. ) ;
#497 = DIRECTION ( 'NONE',  ( 0.000000000000000000, 0.000000000000000000, 1.000000000000000000 ) ) ;
#498 = VERTEX_POINT ( 'NONE', #676 ) ;
#499 = DIRECTION ( 'NONE',  ( 0.000000000000000000, 1.000000000000000000, 0.000000000000000000 ) ) ;
#500 = VERTEX_POINT ( 'NONE', #4919 ) ;
#501 = AXIS2_PLACEMENT_3D ( 'NONE', #2867, #5189, #942 ) ;
#502 = AXIS2_PLACEMENT_3D ( 'NONE', #165, #3441, #5325 ) ;
#503 = ORIENTED_EDGE ( 'NONE', *, *, #2195, .T. ) ;
#504 = VECTOR ( 'NONE', #1807, 1000.000000000000000 ) ;
#505 = CARTESIAN_POINT ( 'NONE',  ( -5.551115123125782702E-14, 7.000000000000000000, -15.00000000000000000 ) ) ;
#506 = AXIS2_PLACEMENT_3D ( 'NONE', #4920, #4398, #4891 ) ;
#507 = DIRECTION ( 'NONE',  ( 0.000000000000000000, 0.000000000000000000, 1.000000000000000000 ) ) ;
#508 = DIRECTION ( 'NONE',  ( 0.000000000000000000, 0.000000000000000000, -1.000000000000000000 ) ) ;
#509 = VECTOR ( 'NONE', #2064, 1000.000000000000000 ) ;
#510 = FACE_BOUND ( 'NONE', #4006, .T. ) ;
#511 = CIRCLE ( 'NONE', #5952, 2.149999999999997691 ) ;
#512 = EDGE_CURVE ( 'NONE', #3405, #3698, #3032, .T. ) ;
#513 = EDGE_LOOP ( 'NONE', ( #5288, #4781, #3422, #4758 ) ) ;
#514 = CIRCLE ( 'NONE', #4763, 2.150000000000001243 ) ;
#515 = FACE_OUTER_BOUND ( 'NONE', #1854, .T. ) ;
#516 = ADVANCED_FACE ( 'NONE', ( #646 ), #1611, .F. ) ;
#517 = EDGE_LOOP ( 'NONE', ( #1882, #5007 ) ) ;
#518 = DIRECTION ( 'NONE',  ( 0.000000000000000000, 0.000000000000000000, -1.000000000000000000 ) ) ;
#519 = AXIS2_PLACEMENT_3D ( 'NONE', #4142, #3600, #3718 ) ;
#520 = CYLINDRICAL_SURFACE ( 'NONE', #2948, 2.149999999999999023 ) ;
#521 = DIRECTION ( 'NONE',  ( -0.000000000000000000, 1.000000000000000000, -0.000000000000000000 ) ) ;
#522 = AXIS2_PLACEMENT_3D ( 'NONE', #2632, #4455, #3124 ) ;
#523 = EDGE_CURVE ( 'NONE', #666, #1911, #5974, .T. ) ;
#524 = VERTEX_POINT ( 'NONE', #740 ) ;
#525 = VERTEX_POINT ( 'NONE', #2566 ) ;
#526 = AXIS2_PLACEMENT_3D ( 'NONE', #3054, #3554, #302 ) ;
#527 = ORIENTED_EDGE ( 'NONE', *, *, #4062, .T. ) ;
#528 = CARTESIAN_POINT ( 'NONE',  ( -50.00000000000002132, 7.000000000000000000, -2.849999999999996092 ) ) ;
#529 = CARTESIAN_POINT ( 'NONE',  ( -10.00000000000002309, 7.000000000000000000, -4.999999999999997335 ) ) ;
#530 = ORIENTED_EDGE ( 'NONE', *, *, #1174, .F. ) ;
#531 = ORIENTED_EDGE ( 'NONE', *, *, #872, .F. ) ;
#532 = DIRECTION ( 'NONE',  ( -1.000000000000000000, 0.000000000000000000, -0.000000000000000000 ) ) ;
#533 = FACE_OUTER_BOUND ( 'NONE', #608, .T. ) ;
#534 = DIRECTION ( 'NONE',  ( 0.000000000000000000, 0.000000000000000000, 1.000000000000000000 ) ) ;
#535 = VERTEX_POINT ( 'NONE', #3534 ) ;
#536 = EDGE_CURVE ( 'NONE', #1140, #5669, #1397, .T. ) ;
#537 = ORIENTED_EDGE ( 'NONE', *, *, #1667, .T. ) ;
#538 = DIRECTION ( 'NONE',  ( -0.000000000000000000, 1.000000000000000000, -0.000000000000000000 ) ) ;
#539 = CARTESIAN_POINT ( 'NONE',  ( 49.99999999999992184, 7.000000000000000000, -25.00000000000000000 ) ) ;
#540 = CARTESIAN_POINT ( 'NONE',  ( -9.999999999999987566, 7.000000000000000000, 7.150000000000000355 ) ) ;
#541 = ORIENTED_EDGE ( 'NONE', *, *, #1963, .T. ) ;
#542 = CIRCLE ( 'NONE', #931, 2.149999999999999023 ) ;
#543 = DIRECTION ( 'NONE',  ( -0.000000000000000000, 1.000000000000000000, -0.000000000000000000 ) ) ;
#544 = ORIENTED_EDGE ( 'NONE', *, *, #493, .T. ) ;
#545 = CARTESIAN_POINT ( 'NONE',  ( -39.99999999999991473, 7.000000000000000000, 27.15000000000000213 ) ) ;
#546 = DIRECTION ( 'NONE',  ( 1.000000000000000000, 0.000000000000000000, -0.000000000000000000 ) ) ;
#547 = LINE ( 'NONE', #2434, #1013 ) ;
#548 = ADVANCED_FACE ( 'NONE', ( #4518 ), #5942, .F. ) ;
#549 = ORIENTED_EDGE ( 'NONE', *, *, #2551, .F. ) ;
#550 = ORIENTED_EDGE ( 'NONE', *, *, #1864, .F. ) ;
#551 = EDGE_LOOP ( 'NONE', ( #6120, #3817, #1131, #919 ) ) ;
#552 = CARTESIAN_POINT ( 'NONE',  ( -20.00000000000002487, -3.000000000000000000, -2.849999999999999645 ) ) ;
#553 = EDGE_CURVE ( 'NONE', #3114, #2383, #2106, .T. ) ;
#554 = CARTESIAN_POINT ( 'NONE',  ( -49.99999999999995737, 5.000000000000000000, 12.84999999999999964 ) ) ;
#555 = SURFACE_STYLE_FILL_AREA ( #6126 ) ;
#556 = CARTESIAN_POINT ( 'NONE',  ( -49.99999999999995737, 7.000000000000000000, 15.00000000000000178 ) ) ;
#557 = EDGE_LOOP ( 'NONE', ( #575, #2447 ) ) ;
#558 = VERTEX_POINT ( 'NONE', #5880 ) ;
#559 = DIRECTION ( 'NONE',  ( -0.000000000000000000, 1.000000000000000000, -0.000000000000000000 ) ) ;
#560 = CARTESIAN_POINT ( 'NONE',  ( -9.999999999999918288, 5.000000000000000000, 25.00000000000000000 ) ) ;
#561 = ORIENTED_EDGE ( 'NONE', *, *, #5236, .F. ) ;
#562 = DIRECTION ( 'NONE',  ( 0.000000000000000000, 0.000000000000000000, 1.000000000000000000 ) ) ;
#563 = VERTEX_POINT ( 'NONE', #3599 ) ;
#564 = DIRECTION ( 'NONE',  ( 0.000000000000000000, 0.000000000000000000, -1.000000000000000000 ) ) ;
#565 = FACE_OUTER_BOUND ( 'NONE', #1313, .T. ) ;
#566 = DIRECTION ( 'NONE',  ( 0.000000000000000000, 0.000000000000000000, -1.000000000000000000 ) ) ;
#567 = EDGE_CURVE ( 'NONE', #2629, #3277, #910, .T. ) ;
#568 = ORIENTED_EDGE ( 'NONE', *, *, #1400, .F. ) ;
#569 = EDGE_CURVE ( 'NONE', #839, #3674, #1707, .T. ) ;
#570 = LINE ( 'NONE', #2408, #1957 ) ;
#571 = DIRECTION ( 'NONE',  ( -2.775557561562900029E-15, -0.000000000000000000, 1.000000000000000000 ) ) ;
#572 = CIRCLE ( 'NONE', #1658, 2.149999999999999023 ) ;
#573 = ORIENTED_EDGE ( 'NONE', *, *, #3393, .F. ) ;
#574 = ORIENTED_EDGE ( 'NONE', *, *, #3888, .T. ) ;
#575 = ORIENTED_EDGE ( 'NONE', *, *, #5735, .F. ) ;
#576 = CARTESIAN_POINT ( 'NONE',  ( 1.387778780781445676E-14, 5.000000000000000000, 5.000000000000000888 ) ) ;
#577 = FACE_OUTER_BOUND ( 'NONE', #2564, .T. ) ;
#578 = FACE_OUTER_BOUND ( 'NONE', #3030, .T. ) ;
#579 = ORIENTED_EDGE ( 'NONE', *, *, #888, .F. ) ;
#580 = ADVANCED_FACE ( 'NONE', ( #5509 ), #4890, .F. ) ;
#581 = VECTOR ( 'NONE', #3931, 1000.000000000000114 ) ;
#582 = DIRECTION ( 'NONE',  ( -0.000000000000000000, 1.000000000000000000, -0.000000000000000000 ) ) ;
#583 = ORIENTED_EDGE ( 'NONE', *, *, #5882, .F. ) ;
#584 = DIRECTION ( 'NONE',  ( 0.000000000000000000, 0.000000000000000000, 1.000000000000000000 ) ) ;
#585 = ADVANCED_FACE ( 'NONE', ( #5413 ), #4951, .F. ) ;
#586 = LINE ( 'NONE', #4729, #4955 ) ;
#587 = EDGE_CURVE ( 'NONE', #1443, #968, #2132, .T. ) ;
#588 = EDGE_LOOP ( 'NONE', ( #4007, #2149, #5748, #3651 ) ) ;
#589 = AXIS2_PLACEMENT_3D ( 'NONE', #5081, #4240, #1391 ) ;
#590 = DIRECTION ( 'NONE',  ( -0.000000000000000000, 1.000000000000000000, -0.000000000000000000 ) ) ;
#591 = ORIENTED_EDGE ( 'NONE', *, *, #360, .T. ) ;
#592 = CARTESIAN_POINT ( 'NONE',  ( 39.99999999999990763, 5.000000000000000000, -25.00000000000000000 ) ) ;
#593 = LINE ( 'NONE', #2486, #4463 ) ;
#594 = VECTOR ( 'NONE', #1670, 1000.000000000000000 ) ;
#596 = ORIENTED_EDGE ( 'NONE', *, *, #1148, .F. ) ;
#595 = CARTESIAN_POINT ( 'NONE',  ( -29.99999999999991829, 7.000000000000000000, 22.85000000000000142 ) ) ;
#597 = CIRCLE ( 'NONE', #1386, 2.149999999999999023 ) ;
#598 = DIRECTION ( 'NONE',  ( 0.000000000000000000, -1.000000000000000000, 0.000000000000000000 ) ) ;
#599 = DIRECTION ( 'NONE',  ( 0.000000000000000000, -1.000000000000000000, 0.000000000000000000 ) ) ;
#600 = CARTESIAN_POINT ( 'NONE',  ( 39.99999999999993605, 7.000000000000000000, -12.84999999999999787 ) ) ;
#601 = AXIS2_PLACEMENT_3D ( 'NONE', #2928, #661, #148 ) ;
#602 = VECTOR ( 'NONE', #5449, 1000.000000000000000 ) ;
#603 = ADVANCED_FACE ( 'NONE', ( #3562 ), #3194, .F. ) ;
#604 = AXIS2_PLACEMENT_3D ( 'NONE', #1408, #5188, #2834 ) ;
#605 = ORIENTED_EDGE ( 'NONE', *, *, #1943, .T. ) ;
#606 = EDGE_CURVE ( 'NONE', #1480, #3428, #3219, .T. ) ;
#607 = VECTOR ( 'NONE', #2947, 1000.000000000000000 ) ;
#608 = EDGE_LOOP ( 'NONE', ( #4341, #1033, #3556, #1331 ) ) ;
#609 = AXIS2_PLACEMENT_3D ( 'NONE', #5261, #4817, #3805 ) ;
#610 = VERTEX_POINT ( 'NONE', #4669 ) ;
#611 = DIRECTION ( 'NONE',  ( -0.000000000000000000, 1.000000000000000000, -0.000000000000000000 ) ) ;
#612 = DIRECTION ( 'NONE',  ( -0.000000000000000000, 1.000000000000000000, -0.000000000000000000 ) ) ;
#613 = VECTOR ( 'NONE', #4232, 1000.000000000000000 ) ;
#614 = DIRECTION ( 'NONE',  ( 1.000000000000000000, 0.000000000000000000, -0.000000000000000000 ) ) ;
#615 = FACE_OUTER_BOUND ( 'NONE', #6088, .T. ) ;
#616 = ORIENTED_EDGE ( 'NONE', *, *, #4581, .F. ) ;
#617 = EDGE_CURVE ( 'NONE', #2969, #834, #3246, .T. ) ;
#618 = VECTOR ( 'NONE', #4418, 1000.000000000000000 ) ;
#619 = DIRECTION ( 'NONE',  ( -1.000000000000000000, -0.000000000000000000, -0.000000000000000000 ) ) ;
#620 = VERTEX_POINT ( 'NONE', #5572 ) ;
#621 = CYLINDRICAL_SURFACE ( 'NONE', #314, 2.150000000000001243 ) ;
#622 = CARTESIAN_POINT ( 'NONE',  ( 20.00000000000008882, -3.000000000000000000, 25.00000000000000000 ) ) ;
#623 = DIRECTION ( 'NONE',  ( -0.000000000000000000, 1.000000000000000000, -0.000000000000000000 ) ) ;
#624 = EDGE_CURVE ( 'NONE', #6070, #4603, #6125, .T. ) ;
#625 = ORIENTED_EDGE ( 'NONE', *, *, #3415, .T. ) ;
#626 = LINE ( 'NONE', #5457, #4456 ) ;
#627 = CARTESIAN_POINT ( 'NONE',  ( -30.00000000000005684, 7.000000000000000000, -15.00000000000000000 ) ) ;
#628 = EDGE_CURVE ( 'NONE', #4099, #5624, #2491, .T. ) ;
#629 = CYLINDRICAL_SURFACE ( 'NONE', #1697, 2.149999999999999023 ) ;
#630 = DIRECTION ( 'NONE',  ( 0.000000000000000000, -1.000000000000000000, 0.000000000000000000 ) ) ;
#631 = DIRECTION ( 'NONE',  ( 0.000000000000000000, -1.000000000000000000, 0.000000000000000000 ) ) ;
#632 = DIRECTION ( 'NONE',  ( 0.000000000000000000, -1.000000000000000000, 0.000000000000000000 ) ) ;
#633 = DIRECTION ( 'NONE',  ( -0.000000000000000000, 1.000000000000000000, -0.000000000000000000 ) ) ;
#634 = ORIENTED_EDGE ( 'NONE', *, *, #3900, .F. ) ;
#635 = ORIENTED_EDGE ( 'NONE', *, *, #1182, .F. ) ;
#636 = EDGE_LOOP ( 'NONE', ( #4096, #2371, #1841, #3635 ) ) ;
#637 = PLANE ( 'NONE',  #3264 ) ;
#638 = FACE_OUTER_BOUND ( 'NONE', #5031, .T. ) ;
#639 = CARTESIAN_POINT ( 'NONE',  ( 29.99999999999998579, -3.000000000000000000, -4.999999999999997335 ) ) ;
#640 = ADVANCED_FACE ( 'NONE', ( #1755 ), #1819, .F. ) ;
#641 = SURFACE_STYLE_FILL_AREA ( #3501 ) ;
#642 = ORIENTED_EDGE ( 'NONE', *, *, #5548, .T. ) ;
#643 = DIRECTION ( 'NONE',  ( -0.000000000000000000, 1.000000000000000000, -0.000000000000000000 ) ) ;
#644 = VERTEX_POINT ( 'NONE', #5129 ) ;
#645 = LINE ( 'NONE', #3505, #509 ) ;
#646 = FACE_OUTER_BOUND ( 'NONE', #700, .T. ) ;
#647 = ADVANCED_FACE ( 'NONE', ( #3776 ), #1322, .F. ) ;
#648 = DIRECTION ( 'NONE',  ( 0.000000000000000000, 1.000000000000000000, 0.000000000000000000 ) ) ;
#649 = ADVANCED_FACE ( 'NONE', ( #831 ), #4204, .F. ) ;
#650 = ORIENTED_EDGE ( 'NONE', *, *, #4100, .T. ) ;
#651 = CARTESIAN_POINT ( 'NONE',  ( -2.081668171172168513E-14, 7.000000000000000000, -4.999999999999997335 ) ) ;
#652 = CARTESIAN_POINT ( 'NONE',  ( -53.89999999999998437, 0.000000000000000000, -32.00000000000000000 ) ) ;
#653 = EDGE_LOOP ( 'NONE', ( #2800, #5435 ) ) ;
#654 = CARTESIAN_POINT ( 'NONE',  ( 20.00000000000008882, -3.000000000000000000, 27.15000000000000213 ) ) ;
#655 = LINE ( 'NONE', #2017, #2979 ) ;
#656 = EDGE_LOOP ( 'NONE', ( #4392, #1817 ) ) ;
#657 = EDGE_CURVE ( 'NONE', #2035, #1342, #6096, .T. ) ;
#658 = LINE ( 'NONE', #2641, #1793 ) ;
#659 = DIRECTION ( 'NONE',  ( 0.000000000000000000, 1.000000000000000000, 0.000000000000000000 ) ) ;
#660 = CARTESIAN_POINT ( 'NONE',  ( 29.99999999999994316, 7.000000000000000000, -12.84999999999999787 ) ) ;
#661 = DIRECTION ( 'NONE',  ( 0.000000000000000000, -1.000000000000000000, 0.000000000000000000 ) ) ;
#662 = ORIENTED_EDGE ( 'NONE', *, *, #1310, .F. ) ;
#663 = EDGE_CURVE ( 'NONE', #3437, #2306, #5538, .T. ) ;
#664 = ORIENTED_EDGE ( 'NONE', *, *, #4806, .F. ) ;
#665 = ORIENTED_EDGE ( 'NONE', *, *, #5799, .T. ) ;
#666 = VERTEX_POINT ( 'NONE', #5168 ) ;
#667 = DIRECTION ( 'NONE',  ( -0.000000000000000000, 1.000000000000000000, -0.000000000000000000 ) ) ;
#668 = CARTESIAN_POINT ( 'NONE',  ( 40.00000000000000711, -3.000000000000000000, 5.000000000000000888 ) ) ;
#669 = CARTESIAN_POINT ( 'NONE',  ( -53.89999999999998437, 5.000000000000004441, 32.00000000000000000 ) ) ;
#670 = FACE_OUTER_BOUND ( 'NONE', #3215, .T. ) ;
#671 = EDGE_LOOP ( 'NONE', ( #3210, #5685, #5151, #5730, #5099, #940 ) ) ;
#672 = FACE_OUTER_BOUND ( 'NONE', #404, .T. ) ;
#673 = ORIENTED_EDGE ( 'NONE', *, *, #5882, .T. ) ;
#674 = AXIS2_PLACEMENT_3D ( 'NONE', #147, #5469, #2989 ) ;
#675 = DIRECTION ( 'NONE',  ( 0.6311687442672051507, 0.4508348173337149434, -0.6311687442672008208 ) ) ;
#676 = CARTESIAN_POINT ( 'NONE',  ( -50.00000000000005684, 5.000000000000000000, -17.14999999999999858 ) ) ;
#677 = CARTESIAN_POINT ( 'NONE',  ( -39.99999999999998579, 5.000000000000000000, 2.849999999999999645 ) ) ;
#678 = CIRCLE ( 'NONE', #1467, 2.149999999999997247 ) ;
#679 = EDGE_CURVE ( 'NONE', #4509, #4320, #2722, .T. ) ;
#680 = ORIENTED_EDGE ( 'NONE', *, *, #57, .F. ) ;
#681 = DIRECTION ( 'NONE',  ( 0.000000000000000000, 1.000000000000000000, 0.000000000000000000 ) ) ;
#682 = LINE ( 'NONE', #5742, #594 ) ;
#683 = ORIENTED_EDGE ( 'NONE', *, *, #5994, .T. ) ;
#684 = AXIS2_PLACEMENT_3D ( 'NONE', #627, #1123, #5421 ) ;
#685 = DIRECTION ( 'NONE',  ( 0.000000000000000000, 0.000000000000000000, 1.000000000000000000 ) ) ;
#686 = CARTESIAN_POINT ( 'NONE',  ( -40.00000000000009237, -3.000000000000000000, -25.00000000000000000 ) ) ;
#687 = EDGE_LOOP ( 'NONE', ( #4790, #1686 ) ) ;
#688 = ORIENTED_EDGE ( 'NONE', *, *, #2076, .T. ) ;
#689 = CIRCLE ( 'NONE', #3365, 2.150000000000000799 ) ;
#690 = EDGE_CURVE ( 'NONE', #839, #3235, #3741, .T. ) ;
#691 = CARTESIAN_POINT ( 'NONE',  ( -62.89999999999999858, -7.000000000000000000, 15.00000000000000178 ) ) ;
#692 = LINE ( 'NONE', #4475, #4856 ) ;
#693 = CARTESIAN_POINT ( 'NONE',  ( -69.99999999999998579, 2.000000000000000000, -38.00000000000001421 ) ) ;
#694 = CIRCLE ( 'NONE', #1482, 2.149999999999999023 ) ;
#695 = CYLINDRICAL_SURFACE ( 'NONE', #2277, 2.150000000000000799 ) ;
#696 = VECTOR ( 'NONE', #4686, 1000.000000000000000 ) ;
#697 = EDGE_LOOP ( 'NONE', ( #3820, #5836, #4119, #2363 ) ) ;
#698 = ADVANCED_FACE ( 'NONE', ( #2748 ), #4579, .F. ) ;
#699 = CIRCLE ( 'NONE', #5042, 2.149999999999997247 ) ;
#700 = EDGE_LOOP ( 'NONE', ( #3892, #5777, #476, #3221 ) ) ;
#701 = EDGE_LOOP ( 'NONE', ( #3392, #4187, #5455, #4928 ) ) ;
#702 = DIRECTION ( 'NONE',  ( 0.000000000000000000, 0.000000000000000000, 1.000000000000000000 ) ) ;
#703 = AXIS2_PLACEMENT_3D ( 'NONE', #189, #3563, #1171 ) ;
#704 = LINE ( 'NONE', #1601, #5565 ) ;
#705 = DIRECTION ( 'NONE',  ( 0.000000000000000000, 0.000000000000000000, 1.000000000000000000 ) ) ;
#706 = EDGE_CURVE ( 'NONE', #372, #1441, #5858, .T. ) ;
#707 = VECTOR ( 'NONE', #3072, 1000.000000000000000 ) ;
#708 = EDGE_LOOP ( 'NONE', ( #2957, #1145 ) ) ;
#709 = CIRCLE ( 'NONE', #4076, 2.049999999999999822 ) ;
#710 = DIRECTION ( 'NONE',  ( 0.000000000000000000, 0.000000000000000000, -1.000000000000000000 ) ) ;
#711 = VERTEX_POINT ( 'NONE', #795 ) ;
#712 = CIRCLE ( 'NONE', #4640, 2.149999999999999023 ) ;
#713 = FACE_OUTER_BOUND ( 'NONE', #149, .T. ) ;
#714 = CARTESIAN_POINT ( 'NONE',  ( -10.00000000000005684, -3.000000000000000000, -15.00000000000000000 ) ) ;
#715 = LINE ( 'NONE', #2606, #602 ) ;
#716 = AXIS2_PLACEMENT_3D ( 'NONE', #3500, #5439, #5344 ) ;
#717 = VECTOR ( 'NONE', #2327, 1000.000000000000000 ) ;
#718 = ORIENTED_EDGE ( 'NONE', *, *, #932, .F. ) ;
#719 = FACE_OUTER_BOUND ( 'NONE', #2554, .T. ) ;
#720 = CIRCLE ( 'NONE', #526, 2.149999999999999023 ) ;
#721 = CARTESIAN_POINT ( 'NONE',  ( -9.999999999999987566, 5.000000000000000000, 5.000000000000000888 ) ) ;
#722 = CYLINDRICAL_SURFACE ( 'NONE', #5432, 2.149999999999999023 ) ;
#723 = DIRECTION ( 'NONE',  ( -0.000000000000000000, 1.000000000000000000, -0.000000000000000000 ) ) ;
#724 = DIRECTION ( 'NONE',  ( -0.000000000000000000, 1.000000000000000000, -0.000000000000000000 ) ) ;
#725 = DIRECTION ( 'NONE',  ( 0.000000000000000000, 0.000000000000000000, 1.000000000000000000 ) ) ;
#726 = DIRECTION ( 'NONE',  ( 0.000000000000000000, 0.000000000000000000, -1.000000000000000000 ) ) ;
#727 = FACE_BOUND ( 'NONE', #1229, .T. ) ;
#728 = EDGE_CURVE ( 'NONE', #3530, #137, #2297, .T. ) ;
#729 = ORIENTED_EDGE ( 'NONE', *, *, #258, .T. ) ;
#730 = VERTEX_POINT ( 'NONE', #4631 ) ;
#731 = DIRECTION ( 'NONE',  ( 0.000000000000000000, 0.000000000000000000, 1.000000000000000000 ) ) ;
#732 = FACE_OUTER_BOUND ( 'NONE', #933, .T. ) ;
#733 = CARTESIAN_POINT ( 'NONE',  ( -39.99999999999991473, 7.000000000000000000, 25.00000000000000000 ) ) ;
#734 = ORIENTED_EDGE ( 'NONE', *, *, #4031, .F. ) ;
#735 = VECTOR ( 'NONE', #4177, 1000.000000000000000 ) ;
#736 = FACE_BOUND ( 'NONE', #5161, .T. ) ;
#737 = ADVANCED_FACE ( 'NONE', ( #2221 ), #2247, .F. ) ;
#738 = ORIENTED_EDGE ( 'NONE', *, *, #3066, .F. ) ;
#739 = CARTESIAN_POINT ( 'NONE',  ( -20.00000000000002487, 7.000000000000000000, -7.149999999999995026 ) ) ;
#740 = CARTESIAN_POINT ( 'NONE',  ( -62.89999999999999858, 0.000000000000000000, -15.00000000000000178 ) ) ;
#741 = LINE ( 'NONE', #2633, #13 ) ;
#742 = EDGE_CURVE ( 'NONE', #1325, #3544, #3982, .T. ) ;
#743 = ORIENTED_EDGE ( 'NONE', *, *, #3886, .F. ) ;
#744 = DIRECTION ( 'NONE',  ( 0.000000000000000000, -0.5812381937190963521, 0.8137334712067350040 ) ) ;
#745 = LINE ( 'NONE', #286, #2776 ) ;
#746 = CARTESIAN_POINT ( 'NONE',  ( 10.00000000000000888, 5.000000000000000000, 7.150000000000000355 ) ) ;
#747 = FACE_OUTER_BOUND ( 'NONE', #3509, .T. ) ;
#748 = CARTESIAN_POINT ( 'NONE',  ( -5.551115123125782702E-14, 5.000000000000000000, -12.84999999999999964 ) ) ;
#749 = DIRECTION ( 'NONE',  ( 0.000000000000000000, 1.000000000000000000, 0.000000000000000000 ) ) ;
#750 = LINE ( 'NONE', #3669, #2755 ) ;
#751 = FACE_BOUND ( 'NONE', #413, .T. ) ;
#752 = ORIENTED_EDGE ( 'NONE', *, *, #4031, .T. ) ;
#753 = EDGE_CURVE ( 'NONE', #2448, #2678, #3491, .T. ) ;
#754 = ADVANCED_FACE ( 'NONE', ( #1514 ), #4816, .F. ) ;
#755 = ORIENTED_EDGE ( 'NONE', *, *, #4997, .T. ) ;
#756 = DIRECTION ( 'NONE',  ( 0.000000000000000000, 1.000000000000000000, 0.000000000000000000 ) ) ;
#757 = CARTESIAN_POINT ( 'NONE',  ( 54.90000000000001279, -3.500000000000000000, 20.00000000000000000 ) ) ;
#758 = DIRECTION ( 'NONE',  ( -0.000000000000000000, 1.000000000000000000, -0.000000000000000000 ) ) ;
#759 = ORIENTED_EDGE ( 'NONE', *, *, #5969, .T. ) ;
#760 = VERTEX_POINT ( 'NONE', #1049 ) ;
#761 = ORIENTED_EDGE ( 'NONE', *, *, #2838, .T. ) ;
#762 = CYLINDRICAL_SURFACE ( 'NONE', #3513, 2.049999999999999822 ) ;
#763 = DIRECTION ( 'NONE',  ( 0.000000000000000000, -1.000000000000000000, 0.000000000000000000 ) ) ;
#764 = DIRECTION ( 'NONE',  ( 0.000000000000000000, -1.000000000000000000, 0.000000000000000000 ) ) ;
#765 = EDGE_CURVE ( 'NONE', #4588, #804, #3896, .T. ) ;
#766 = AXIS2_PLACEMENT_3D ( 'NONE', #249, #4537, #181 ) ;
#767 = ADVANCED_FACE ( 'NONE', ( #577 ), #5221, .F. ) ;
#768 = EDGE_LOOP ( 'NONE', ( #3985, #5988 ) ) ;
#769 = DIRECTION ( 'NONE',  ( 0.000000000000000000, 1.000000000000000000, 0.000000000000000000 ) ) ;
#770 = DIRECTION ( 'NONE',  ( 0.000000000000000000, -1.000000000000000000, 0.000000000000000000 ) ) ;
#771 = DIRECTION ( 'NONE',  ( 0.000000000000000000, 0.000000000000000000, 1.000000000000000000 ) ) ;
#772 = DIRECTION ( 'NONE',  ( 0.000000000000000000, -1.000000000000000000, 0.000000000000000000 ) ) ;
#773 = AXIS2_PLACEMENT_3D ( 'NONE', #1246, #332, #2233 ) ;
#774 = EDGE_CURVE ( 'NONE', #6035, #3188, #5365, .T. ) ;
#775 = VECTOR ( 'NONE', #1926, 1000.000000000000000 ) ;
#776 = CARTESIAN_POINT ( 'NONE',  ( 1.387778780781445676E-14, -3.000000000000000000, 7.150000000000001243 ) ) ;
#777 = DIRECTION ( 'NONE',  ( 0.000000000000000000, 1.000000000000000000, 0.000000000000000000 ) ) ;
#778 = CARTESIAN_POINT ( 'NONE',  ( -9.999999999999953815, 5.000000000000000000, 12.84999999999999964 ) ) ;
#779 = FACE_BOUND ( 'NONE', #926, .T. ) ;
#780 = SHAPE_DEFINITION_REPRESENTATION ( #3348, #3227 ) ;
#781 = AXIS2_PLACEMENT_3D ( 'NONE', #1824, #1355, #3251 ) ;
#782 = VERTEX_POINT ( 'NONE', #2877 ) ;
#783 = ORIENTED_EDGE ( 'NONE', *, *, #872, .T. ) ;
#784 = CARTESIAN_POINT ( 'NONE',  ( -10.00000000000002309, 5.000000000000000000, -4.999999999999997335 ) ) ;
#785 = LINE ( 'NONE', #2715, #3934 ) ;
#786 = DIRECTION ( 'NONE',  ( -0.000000000000000000, -0.000000000000000000, -1.000000000000000000 ) ) ;
#787 = CIRCLE ( 'NONE', #4739, 2.149999999999999023 ) ;
#788 = ADVANCED_FACE ( 'NONE', ( #31, #1418 ), #3862, .F. ) ;
#789 = ORIENTED_EDGE ( 'NONE', *, *, #961, .T. ) ;
#790 = VECTOR ( 'NONE', #4380, 1000.000000000000000 ) ;
#791 = EDGE_LOOP ( 'NONE', ( #4877, #3168 ) ) ;
#792 = VECTOR ( 'NONE', #2926, 1000.000000000000000 ) ;
#793 = ORIENTED_EDGE ( 'NONE', *, *, #125, .F. ) ;
#794 = CARTESIAN_POINT ( 'NONE',  ( 53.90000000000001279, 132.3668217671645380, -32.00000000000000000 ) ) ;
#795 = CARTESIAN_POINT ( 'NONE',  ( 39.99999999999990763, 5.000000000000000000, -27.15000000000000213 ) ) ;
#796 = AXIS2_PLACEMENT_3D ( 'NONE', #3222, #4553, #5104 ) ;
#797 = DIRECTION ( 'NONE',  ( 0.000000000000000000, 0.000000000000000000, 1.000000000000000000 ) ) ;
#798 = AXIS2_PLACEMENT_3D ( 'NONE', #5890, #4873, #4528 ) ;
#799 = AXIS2_PLACEMENT_3D ( 'NONE', #1137, #5346, #5808 ) ;
#800 = EDGE_CURVE ( 'NONE', #4118, #5936, #3786, .T. ) ;
#801 = CIRCLE ( 'NONE', #3964, 2.149999999999997691 ) ;
#802 = AXIS2_PLACEMENT_3D ( 'NONE', #2208, #777, #5520 ) ;
#803 = AXIS2_PLACEMENT_3D ( 'NONE', #4642, #1361, #3666 ) ;
#804 = VERTEX_POINT ( 'NONE', #951 ) ;
#805 = FACE_OUTER_BOUND ( 'NONE', #588, .T. ) ;
#806 = CIRCLE ( 'NONE', #3182, 2.150000000000000799 ) ;
#807 = DIRECTION ( 'NONE',  ( 0.6311687442672044845, -0.4508348173337152764, 0.6311687442672013759 ) ) ;
#808 = CARTESIAN_POINT ( 'NONE',  ( 62.90000000000002700, -7.000000000000000000, -24.99999999999998579 ) ) ;
#809 = VECTOR ( 'NONE', #2037, 1000.000000000000000 ) ;
#810 = DIRECTION ( 'NONE',  ( 0.000000000000000000, -1.000000000000000000, 0.000000000000000000 ) ) ;
#811 = EDGE_LOOP ( 'NONE', ( #4273, #3595, #5664, #3744 ) ) ;
#812 = ADVANCED_FACE ( 'NONE', ( #2843 ), #3342, .F. ) ;
#813 = CIRCLE ( 'NONE', #1684, 2.149999999999999023 ) ;
#814 = VECTOR ( 'NONE', #4390, 1000.000000000000000 ) ;
#815 = ORIENTED_EDGE ( 'NONE', *, *, #4223, .T. ) ;
#816 = CARTESIAN_POINT ( 'NONE',  ( 45.00000000000007105, 7.000000000000000000, 19.99999999999999645 ) ) ;
#817 = EDGE_CURVE ( 'NONE', #5625, #782, #5260, .T. ) ;
#818 = DIRECTION ( 'NONE',  ( -0.000000000000000000, 1.000000000000000000, -0.000000000000000000 ) ) ;
#819 = CARTESIAN_POINT ( 'NONE',  ( 68.00000000000001421, 1.999999999999991340, 40.00000000000000000 ) ) ;
#820 = FACE_BOUND ( 'NONE', #4361, .T. ) ;
#821 = ORIENTED_EDGE ( 'NONE', *, *, #2576, .T. ) ;
#822 = ORIENTED_EDGE ( 'NONE', *, *, #959, .T. ) ;
#823 = DIRECTION ( 'NONE',  ( 0.000000000000000000, 0.000000000000000000, 1.000000000000000000 ) ) ;
#824 = EDGE_CURVE ( 'NONE', #5869, #4570, #328, .T. ) ;
#825 = DIRECTION ( 'NONE',  ( 0.000000000000000000, 0.000000000000000000, -1.000000000000000000 ) ) ;
#826 = DIRECTION ( 'NONE',  ( -0.000000000000000000, 0.000000000000000000, 1.000000000000000000 ) ) ;
#827 = ORIENTED_EDGE ( 'NONE', *, *, #171, .T. ) ;
#828 = VERTEX_POINT ( 'NONE', #5752 ) ;
#829 = VERTEX_POINT ( 'NONE', #4268 ) ;
#830 = DIRECTION ( 'NONE',  ( -0.000000000000000000, -1.000000000000000000, -0.000000000000000000 ) ) ;
#831 = FACE_OUTER_BOUND ( 'NONE', #1024, .T. ) ;
#832 = DIRECTION ( 'NONE',  ( 0.000000000000000000, 0.000000000000000000, 1.000000000000000000 ) ) ;
#833 = VERTEX_POINT ( 'NONE', #554 ) ;
#834 = VERTEX_POINT ( 'NONE', #5196 ) ;
#835 = CARTESIAN_POINT ( 'NONE',  ( -69.99999999999998579, 2.000000000000000000, 40.00000000000000000 ) ) ;
#836 = EDGE_CURVE ( 'NONE', #5272, #4597, #2414, .T. ) ;
#837 = CARTESIAN_POINT ( 'NONE',  ( -9.999999999999987566, -3.000000000000000000, 5.000000000000000888 ) ) ;
#838 = DIRECTION ( 'NONE',  ( -0.000000000000000000, 1.000000000000000000, -0.000000000000000000 ) ) ;
#839 = VERTEX_POINT ( 'NONE', #2465 ) ;
#840 = ORIENTED_EDGE ( 'NONE', *, *, #2616, .F. ) ;
#841 = DIRECTION ( 'NONE',  ( 0.000000000000000000, 1.000000000000000000, 0.000000000000000000 ) ) ;
#842 = FACE_OUTER_BOUND ( 'NONE', #5845, .T. ) ;
#843 = CARTESIAN_POINT ( 'NONE',  ( 29.99999999999998579, -3.000000000000000000, -2.849999999999996092 ) ) ;
#844 = FACE_BOUND ( 'NONE', #874, .T. ) ;
#845 = PRODUCT_CONTEXT ( 'NONE', #3828, 'mechanical' ) ;
#846 = VERTEX_POINT ( 'NONE', #4356 ) ;
#847 = FACE_BOUND ( 'NONE', #5551, .T. ) ;
#848 = ADVANCED_FACE ( 'NONE', ( #2005 ), #4722, .F. ) ;
#849 = ORIENTED_EDGE ( 'NONE', *, *, #3148, .T. ) ;
#850 = DIRECTION ( 'NONE',  ( 0.000000000000000000, -1.000000000000000000, 0.000000000000000000 ) ) ;
#851 = DIRECTION ( 'NONE',  ( 0.000000000000000000, 0.000000000000000000, 1.000000000000000000 ) ) ;
#852 = PLANE ( 'NONE',  #4764 ) ;
#853 = EDGE_CURVE ( 'NONE', #2769, #4383, #2403, .T. ) ;
#854 = EDGE_LOOP ( 'NONE', ( #4725, #2751, #96, #3624 ) ) ;
#855 = ORIENTED_EDGE ( 'NONE', *, *, #865, .T. ) ;
#856 = ORIENTED_EDGE ( 'NONE', *, *, #239, .T. ) ;
#857 = CARTESIAN_POINT ( 'NONE',  ( -9.999999999999953815, 7.000000000000000000, 17.15000000000000213 ) ) ;
#858 = CARTESIAN_POINT ( 'NONE',  ( 10.00000000000000888, -3.000000000000000000, 2.850000000000001421 ) ) ;
#859 = DIRECTION ( 'NONE',  ( 0.000000000000000000, 0.000000000000000000, 1.000000000000000000 ) ) ;
#860 = ORIENTED_EDGE ( 'NONE', *, *, #402, .F. ) ;
#861 = DIRECTION ( 'NONE',  ( 0.000000000000000000, -1.000000000000000000, 0.000000000000000000 ) ) ;
#862 = DIRECTION ( 'NONE',  ( -0.000000000000000000, 1.000000000000000000, -0.000000000000000000 ) ) ;
#863 = CYLINDRICAL_SURFACE ( 'NONE', #2468, 2.149999999999999023 ) ;
#864 = EDGE_CURVE ( 'NONE', #193, #3147, #3196, .T. ) ;
#865 = EDGE_CURVE ( 'NONE', #421, #4326, #720, .T. ) ;
#866 = ORIENTED_EDGE ( 'NONE', *, *, #2578, .F. ) ;
#867 = CARTESIAN_POINT ( 'NONE',  ( -62.89999999999999858, -7.000000000000000000, -15.00000000000000178 ) ) ;
#868 = CARTESIAN_POINT ( 'NONE',  ( -19.99999999999992184, -3.000000000000000000, 22.85000000000000142 ) ) ;
#869 = AXIS2_PLACEMENT_3D ( 'NONE', #3239, #4109, #6059 ) ;
#870 = DIRECTION ( 'NONE',  ( -0.000000000000000000, 1.000000000000000000, -0.000000000000000000 ) ) ;
#871 = DIRECTION ( 'NONE',  ( 0.000000000000000000, 1.000000000000000000, 0.000000000000000000 ) ) ;
#872 = EDGE_CURVE ( 'NONE', #4383, #2769, #1305, .T. ) ;
#873 = CIRCLE ( 'NONE', #1363, 2.150000000000001243 ) ;
#874 = EDGE_LOOP ( 'NONE', ( #1138, #2333 ) ) ;
#875 = FACE_BOUND ( 'NONE', #4430, .T. ) ;
#876 = VERTEX_POINT ( 'NONE', #2530 ) ;
#877 = LINE ( 'NONE', #5618, #1485 ) ;
#878 = CARTESIAN_POINT ( 'NONE',  ( 56.27642276422807299, -6.373983739837236762, -51.72357723577211885 ) ) ;
#879 = CYLINDRICAL_SURFACE ( 'NONE', #326, 2.149999999999999023 ) ;
#880 = VECTOR ( 'NONE', #870, 1000.000000000000000 ) ;
#881 = EDGE_CURVE ( 'NONE', #2344, #1047, #1511, .T. ) ;
#882 = ORIENTED_EDGE ( 'NONE', *, *, #171, .F. ) ;
#883 = VECTOR ( 'NONE', #643, 1000.000000000000000 ) ;
#884 = ORIENTED_EDGE ( 'NONE', *, *, #2088, .F. ) ;
#885 = ORIENTED_EDGE ( 'NONE', *, *, #3928, .F. ) ;
#886 = DIRECTION ( 'NONE',  ( 0.000000000000000000, 0.000000000000000000, 1.000000000000000000 ) ) ;
#887 = AXIS2_PLACEMENT_3D ( 'NONE', #301, #4621, #2151 ) ;
#888 = EDGE_CURVE ( 'NONE', #5006, #3165, #704, .T. ) ;
#889 = DIRECTION ( 'NONE',  ( 0.000000000000000000, 0.000000000000000000, 1.000000000000000000 ) ) ;
#890 = LINE ( 'NONE', #371, #4272 ) ;
#891 = CIRCLE ( 'NONE', #2274, 2.150000000000001243 ) ;
#892 = CIRCLE ( 'NONE', #4847, 2.149999999999999023 ) ;
#893 = AXIS2_PLACEMENT_3D ( 'NONE', #835, #4700, #532 ) ;
#894 = ORIENTED_EDGE ( 'NONE', *, *, #4485, .F. ) ;
#895 = CARTESIAN_POINT ( 'NONE',  ( -53.89999999999998437, 5.000000000000004441, -32.00000000000000000 ) ) ;
#896 = CARTESIAN_POINT ( 'NONE',  ( -62.89999999999999858, -7.000000000000000000, 25.00000000000000000 ) ) ;
#897 = CIRCLE ( 'NONE', #2780, 2.149999999999999023 ) ;
#898 = VECTOR ( 'NONE', #3469, 1000.000000000000000 ) ;
#899 = CARTESIAN_POINT ( 'NONE',  ( -39.99999999999991473, 5.000000000000000000, 22.85000000000000142 ) ) ;
#900 = AXIS2_PLACEMENT_3D ( 'NONE', #1063, #1035, #4927 ) ;
#901 = AXIS2_PLACEMENT_3D ( 'NONE', #2936, #2819, #32 ) ;
#902 = ORIENTED_EDGE ( 'NONE', *, *, #2520, .T. ) ;
#903 = DIRECTION ( 'NONE',  ( 1.000000000000000000, 0.000000000000000000, -0.000000000000000000 ) ) ;
#904 = CLOSED_SHELL ( 'NONE', ( #136, #5580, #4872, #649, #3444, #1500, #5172, #127, #2425, #1402, #176, #767, #585, #1551, #2289, #4883, #647, #2322, #3002, #1988, #2724, #5922, #6097, #1227, #3464, #3308, #737, #2235, #2826, #5280, #5506, #6113, #2865, #3618, #2154, #516, #5770, #1585, #1415, #5116, #335, #5648, #2211, #2040, #3014, #3697, #4092, #277, #2815, #2488, #4774, #1000, #5204, #2934, #754, #4562, #2887, #1610, #4965, #848, #5159, #5454, #5058, #3223, #4251, #5807, #3536, #5715, #4379, #2653, #1288, #3218, #5696, #5918, #2971, #2121, #313, #3882, #1382, #812, #2730, #788, #2012, #2507, #3035, #2135, #1752, #1476, #5373, #1687, #5049, #1045, #1328, #4372, #3568, #3241, #2651, #2883, #496, #548, #3305, #3319, #63, #6099, #5888, #2634, #5666, #2239, #3085, #2342, #4625, #4164, #5951, #241, #400, #5164, #3374, #5075, #4703, #5776, #5472, #2395, #1454, #3065, #5498, #640, #1217, #1152, #1665, #3112, #3627, #23, #3527, #197, #1891, #5434, #925, #2708, #5330, #1475, #3076, #580, #4658, #2246, #5477, #5823, #3384, #2351, #698, #3808, #3717, #1983, #3903, #3719, #5612, #3126, #5603, #1950, #1913, #1285, #5224, #1412, #4426, #4091, #4246, #3516, #3806, #603, #3396, #947, #365, #5146, #4 ) ) ;
#905 = FACE_OUTER_BOUND ( 'NONE', #1392, .T. ) ;
#906 = EDGE_CURVE ( 'NONE', #5205, #3796, #4017, .T. ) ;
#907 = FACE_BOUND ( 'NONE', #1628, .T. ) ;
#908 = FACE_OUTER_BOUND ( 'NONE', #3893, .T. ) ;
#909 = CIRCLE ( 'NONE', #4472, 2.149999999999999023 ) ;
#910 = CIRCLE ( 'NONE', #4376, 2.149999999999999023 ) ;
#911 = ORIENTED_EDGE ( 'NONE', *, *, #61, .F. ) ;
#912 = FACE_BOUND ( 'NONE', #5409, .T. ) ;
#913 = EDGE_CURVE ( 'NONE', #1443, #1038, #1196, .T. ) ;
#914 = EDGE_LOOP ( 'NONE', ( #2100, #549, #3858, #1959 ) ) ;
#915 = LINE ( 'NONE', #5248, #1385 ) ;
#916 = DIRECTION ( 'NONE',  ( 0.000000000000000000, -1.000000000000000000, 0.000000000000000000 ) ) ;
#917 = CARTESIAN_POINT ( 'NONE',  ( 50.00000000000001421, -3.000000000000000000, 5.000000000000000888 ) ) ;
#918 = VECTOR ( 'NONE', #5128, 1000.000000000000000 ) ;
#919 = ORIENTED_EDGE ( 'NONE', *, *, #4206, .T. ) ;
#920 = ORIENTED_EDGE ( 'NONE', *, *, #2343, .F. ) ;
#921 = ORIENTED_EDGE ( 'NONE', *, *, #3768, .T. ) ;
#922 = CARTESIAN_POINT ( 'NONE',  ( -40.00000000000009237, 5.000000000000000000, -22.85000000000000142 ) ) ;
#923 = CARTESIAN_POINT ( 'NONE',  ( 19.99999999999992184, -3.000000000000000000, -25.00000000000000000 ) ) ;
#924 = PRESENTATION_STYLE_ASSIGNMENT (( #490 ) ) ;
#925 = ADVANCED_FACE ( 'NONE', ( #732 ), #5438, .F. ) ;
#926 = EDGE_LOOP ( 'NONE', ( #531, #5676 ) ) ;
#927 = DIRECTION ( 'NONE',  ( 0.000000000000000000, 0.000000000000000000, 1.000000000000000000 ) ) ;
#928 = CARTESIAN_POINT ( 'NONE',  ( 39.99999999999997868, 7.000000000000000000, -4.999999999999997335 ) ) ;
#929 = DIRECTION ( 'NONE',  ( -0.000000000000000000, 1.000000000000000000, -0.000000000000000000 ) ) ;
#930 = EDGE_LOOP ( 'NONE', ( #1250, #5005 ) ) ;
#931 = AXIS2_PLACEMENT_3D ( 'NONE', #5571, #4629, #369 ) ;
#932 = EDGE_CURVE ( 'NONE', #5082, #524, #2557, .T. ) ;
#933 = EDGE_LOOP ( 'NONE', ( #3924, #822, #3831, #5766 ) ) ;
#934 = DIRECTION ( 'NONE',  ( 0.000000000000000000, 0.000000000000000000, 1.000000000000000000 ) ) ;
#935 = CARTESIAN_POINT ( 'NONE',  ( 69.00000000000000000, 2.714285714285720186, -38.99999999999999289 ) ) ;
#936 = DIRECTION ( 'NONE',  ( 0.000000000000000000, 1.000000000000000000, 0.000000000000000000 ) ) ;
#937 = DIRECTION ( 'NONE',  ( 0.000000000000000000, 0.000000000000000000, 1.000000000000000000 ) ) ;
#938 = ORIENTED_EDGE ( 'NONE', *, *, #2541, .T. ) ;
#940 = ORIENTED_EDGE ( 'NONE', *, *, #3202, .F. ) ;
#939 = FACE_BOUND ( 'NONE', #3011, .T. ) ;
#941 = VERTEX_POINT ( 'NONE', #3090 ) ;
#942 = DIRECTION ( 'NONE',  ( 0.000000000000000000, 0.000000000000000000, -1.000000000000000000 ) ) ;
#943 = CYLINDRICAL_SURFACE ( 'NONE', #2552, 2.149999999999999023 ) ;
#944 = CARTESIAN_POINT ( 'NONE',  ( 10.00000000000000888, -3.000000000000000000, 5.000000000000000888 ) ) ;
#945 = EDGE_CURVE ( 'NONE', #4743, #4486, #3116, .T. ) ;
#946 = ORIENTED_EDGE ( 'NONE', *, *, #881, .F. ) ;
#947 = ADVANCED_FACE ( 'NONE', ( #2126 ), #274, .F. ) ;
#948 = ORIENTED_EDGE ( 'NONE', *, *, #2019, .T. ) ;
#949 = EDGE_LOOP ( 'NONE', ( #4812, #2613, #1158, #4451 ) ) ;
#950 = CARTESIAN_POINT ( 'NONE',  ( -29.99999999999995381, 5.000000000000000000, 17.14999999999999858 ) ) ;
#951 = CARTESIAN_POINT ( 'NONE',  ( 70.00000000000001421, 0.000000000000000000, 38.00000000000001421 ) ) ;
#952 = SURFACE_SIDE_STYLE ('',( #555 ) ) ;
#953 = ORIENTED_EDGE ( 'NONE', *, *, #4334, .F. ) ;
#954 = VERTEX_POINT ( 'NONE', #5377 ) ;
#955 = CARTESIAN_POINT ( 'NONE',  ( 9.999999999999939604, 7.000000000000000000, -17.14999999999999858 ) ) ;
#956 = DIRECTION ( 'NONE',  ( 0.000000000000000000, 0.000000000000000000, -1.000000000000000000 ) ) ;
#957 = EDGE_LOOP ( 'NONE', ( #4422, #2978, #793, #5995 ) ) ;
#958 = CYLINDRICAL_SURFACE ( 'NONE', #5824, 2.149999999999997247 ) ;
#959 = EDGE_CURVE ( 'NONE', #1509, #4093, #4573, .T. ) ;
#960 = VERTEX_POINT ( 'NONE', #4483 ) ;
#961 = EDGE_CURVE ( 'NONE', #5868, #5499, #2625, .T. ) ;
#962 = ORIENTED_EDGE ( 'NONE', *, *, #2259, .T. ) ;
#963 = CARTESIAN_POINT ( 'NONE',  ( -29.99999999999995381, 7.000000000000000000, 15.00000000000000178 ) ) ;
#964 = CYLINDRICAL_SURFACE ( 'NONE', #4968, 2.149999999999999023 ) ;
#965 = DIRECTION ( 'NONE',  ( 0.000000000000000000, -1.000000000000000000, 0.000000000000000000 ) ) ;
#966 = EDGE_CURVE ( 'NONE', #177, #2140, #477, .T. ) ;
#967 = CARTESIAN_POINT ( 'NONE',  ( -40.00000000000002132, -3.000000000000000000, -4.999999999999997335 ) ) ;
#968 = VERTEX_POINT ( 'NONE', #2057 ) ;
#969 = VECTOR ( 'NONE', #5475, 1000.000000000000000 ) ;
#970 = DIRECTION ( 'NONE',  ( -0.000000000000000000, 1.000000000000000000, -0.000000000000000000 ) ) ;
#971 = DIRECTION ( 'NONE',  ( 0.000000000000000000, 0.000000000000000000, 1.000000000000000000 ) ) ;
#972 = DIRECTION ( 'NONE',  ( 0.000000000000000000, 0.000000000000000000, 1.000000000000000000 ) ) ;
#973 = DIRECTION ( 'NONE',  ( 0.6311687442672044845, -0.4508348173337152764, -0.6311687442672013759 ) ) ;
#974 = CARTESIAN_POINT ( 'NONE',  ( -49.99999999999992184, 5.000000000000000000, 25.00000000000000000 ) ) ;
#975 = ORIENTED_EDGE ( 'NONE', *, *, #4527, .T. ) ;
#976 = VERTEX_POINT ( 'NONE', #5343 ) ;
#977 = VERTEX_POINT ( 'NONE', #1109 ) ;
#978 = AXIS2_PLACEMENT_3D ( 'NONE', #4030, #3419, #2544 ) ;
#979 = DIRECTION ( 'NONE',  ( 0.000000000000000000, 0.000000000000000000, -1.000000000000000000 ) ) ;
#980 = DIRECTION ( 'NONE',  ( 0.000000000000000000, -1.000000000000000000, 0.000000000000000000 ) ) ;
#981 = DIRECTION ( 'NONE',  ( 0.000000000000000000, 0.000000000000000000, -1.000000000000000000 ) ) ;
#982 = EDGE_CURVE ( 'NONE', #4489, #2766, #4434, .T. ) ;
#983 = CIRCLE ( 'NONE', #2568, 2.149999999999999023 ) ;
#984 = ORIENTED_EDGE ( 'NONE', *, *, #2393, .T. ) ;
#985 = CIRCLE ( 'NONE', #4639, 2.149999999999999023 ) ;
#986 = ORIENTED_EDGE ( 'NONE', *, *, #587, .T. ) ;
#987 = CARTESIAN_POINT ( 'NONE',  ( 39.99999999999993605, -3.000000000000000000, -15.00000000000000000 ) ) ;
#988 = ORIENTED_EDGE ( 'NONE', *, *, #1, .T. ) ;
#989 = AXIS2_PLACEMENT_3D ( 'NONE', #4994, #4008, #1717 ) ;
#990 = DIRECTION ( 'NONE',  ( 0.000000000000000000, 0.000000000000000000, 1.000000000000000000 ) ) ;
#991 = EDGE_CURVE ( 'NONE', #4521, #4570, #2152, .T. ) ;
#992 = DIRECTION ( 'NONE',  ( -0.000000000000000000, 1.000000000000000000, -0.000000000000000000 ) ) ;
#993 = ORIENTED_EDGE ( 'NONE', *, *, #5525, .F. ) ;
#994 = VECTOR ( 'NONE', #3334, 1000.000000000000000 ) ;
#995 = VECTOR ( 'NONE', #1641, 1000.000000000000000 ) ;
#996 = ORIENTED_EDGE ( 'NONE', *, *, #553, .T. ) ;
#997 = VECTOR ( 'NONE', #5893, 1000.000000000000000 ) ;
#998 = DIRECTION ( 'NONE',  ( -1.000000000000000000, 0.000000000000000000, 0.000000000000000000 ) ) ;
#999 = CIRCLE ( 'NONE', #4753, 2.149999999999997247 ) ;
#1000 = ADVANCED_FACE ( 'NONE', ( #638 ), #4911, .F. ) ;
#1001 = LINE ( 'NONE', #3260, #5326 ) ;
#1002 = AXIS2_PLACEMENT_3D ( 'NONE', #254, #4825, #1543 ) ;
#1003 = CYLINDRICAL_SURFACE ( 'NONE', #5945, 2.150000000000000799 ) ;
#1004 =( GEOMETRIC_REPRESENTATION_CONTEXT ( 3 ) GLOBAL_UNCERTAINTY_ASSIGNED_CONTEXT ( ( #1998 ) ) GLOBAL_UNIT_ASSIGNED_CONTEXT ( ( #90, #1604, #4193 ) ) REPRESENTATION_CONTEXT ( 'NONE', 'WORKASPACE' ) );
#1005 = AXIS2_PLACEMENT_3D ( 'NONE', #5668, #4794, #3778 ) ;
#1006 = ORIENTED_EDGE ( 'NONE', *, *, #6064, .F. ) ;
#1007 = EDGE_CURVE ( 'NONE', #4542, #334, #1630, .T. ) ;
#1008 = AXIS2_PLACEMENT_3D ( 'NONE', #5827, #5369, #2083 ) ;
#1010 = ORIENTED_EDGE ( 'NONE', *, *, #2666, .T. ) ;
#1009 = DIRECTION ( 'NONE',  ( 0.000000000000000000, -1.000000000000000000, 0.000000000000000000 ) ) ;
#1011 = ORIENTED_EDGE ( 'NONE', *, *, #4612, .F. ) ;
#1012 = LINE ( 'NONE', #4749, #5243 ) ;
#1013 = VECTOR ( 'NONE', #2812, 1000.000000000000000 ) ;
#1014 = DIRECTION ( 'NONE',  ( -0.000000000000000000, -0.000000000000000000, -1.000000000000000000 ) ) ;
#1015 = LINE ( 'NONE', #6091, #4865 ) ;
#1016 = AXIS2_PLACEMENT_3D ( 'NONE', #1293, #4116, #2786 ) ;
#1017 = ORIENTED_EDGE ( 'NONE', *, *, #657, .F. ) ;
#1018 = ORIENTED_EDGE ( 'NONE', *, *, #628, .T. ) ;
#1019 = AXIS2_PLACEMENT_3D ( 'NONE', #1538, #2912, #87 ) ;
#1020 = EDGE_LOOP ( 'NONE', ( #1546, #33, #3429, #3943 ) ) ;
#1021 = CARTESIAN_POINT ( 'NONE',  ( 39.99999999999993605, 5.000000000000000000, -17.14999999999999858 ) ) ;
#1022 = CARTESIAN_POINT ( 'NONE',  ( -29.99999999999998934, -3.000000000000000000, 2.850000000000003197 ) ) ;
#1023 = CARTESIAN_POINT ( 'NONE',  ( -19.99999999999995381, 5.000000000000000000, 15.00000000000000178 ) ) ;
#1024 = EDGE_LOOP ( 'NONE', ( #4582, #4823, #3774, #5775 ) ) ;
#1025 = ORIENTED_EDGE ( 'NONE', *, *, #381, .F. ) ;
#1026 = LINE ( 'NONE', #1055, #3472 ) ;
#1027 = CARTESIAN_POINT ( 'NONE',  ( -30.00000000000002487, -3.000000000000000000, -4.999999999999997335 ) ) ;
#1028 = ORIENTED_EDGE ( 'NONE', *, *, #1744, .T. ) ;
#1029 = EDGE_LOOP ( 'NONE', ( #4866, #5940, #5324, #1723 ) ) ;
#1030 = EDGE_CURVE ( 'NONE', #2311, #5686, #1357, .T. ) ;
#1031 = EDGE_LOOP ( 'NONE', ( #4693, #5293 ) ) ;
#1032 = CARTESIAN_POINT ( 'NONE',  ( -40.00000000000009237, 7.000000000000000000, -27.15000000000000213 ) ) ;
#1033 = ORIENTED_EDGE ( 'NONE', *, *, #864, .T. ) ;
#1034 = DIRECTION ( 'NONE',  ( 0.000000000000000000, 0.000000000000000000, -1.000000000000000000 ) ) ;
#1035 = DIRECTION ( 'NONE',  ( -1.000000000000000000, -0.000000000000000000, -0.000000000000000000 ) ) ;
#1036 = VECTOR ( 'NONE', #3217, 1000.000000000000000 ) ;
#1037 = DIRECTION ( 'NONE',  ( 0.000000000000000000, 0.000000000000000000, -1.000000000000000000 ) ) ;
#1038 = VERTEX_POINT ( 'NONE', #428 ) ;
#1039 = ORIENTED_EDGE ( 'NONE', *, *, #4885, .F. ) ;
#1040 = FACE_BOUND ( 'NONE', #1633, .T. ) ;
#1041 = FACE_OUTER_BOUND ( 'NONE', #3122, .T. ) ;
#1042 = LINE ( 'NONE', #4838, #2976 ) ;
#1043 = EDGE_CURVE ( 'NONE', #3094, #5897, #5117, .T. ) ;
#1044 = EDGE_LOOP ( 'NONE', ( #2033, #1081, #184, #261 ) ) ;
#1045 = ADVANCED_FACE ( 'NONE', ( #4572, #2773 ), #1725, .F. ) ;
#1046 = ORIENTED_EDGE ( 'NONE', *, *, #1422, .F. ) ;
#1047 = VERTEX_POINT ( 'NONE', #4168 ) ;
#1048 = CARTESIAN_POINT ( 'NONE',  ( -49.99999999999992184, -3.000000000000000000, 27.15000000000000213 ) ) ;
#1049 = CARTESIAN_POINT ( 'NONE',  ( -69.99999999999998579, 0.000000000000000000, 37.99999999999997158 ) ) ;
#1050 = EDGE_CURVE ( 'NONE', #4575, #2943, #5157, .T. ) ;
#1051 = DIRECTION ( 'NONE',  ( -0.000000000000000000, 1.000000000000000000, -0.000000000000000000 ) ) ;
#1052 = ORIENTED_EDGE ( 'NONE', *, *, #2808, .T. ) ;
#1053 = CARTESIAN_POINT ( 'NONE',  ( 9.999999999999939604, -3.000000000000000000, -15.00000000000000000 ) ) ;
#1054 = ORIENTED_EDGE ( 'NONE', *, *, #6082, .F. ) ;
#1055 = CARTESIAN_POINT ( 'NONE',  ( -5.551115123125782702E-14, -3.000000000000000000, -12.84999999999999964 ) ) ;
#1056 = DIRECTION ( 'NONE',  ( 0.000000000000000000, -1.000000000000000000, 0.000000000000000000 ) ) ;
#1057 = ORIENTED_EDGE ( 'NONE', *, *, #4818, .T. ) ;
#1058 = ORIENTED_EDGE ( 'NONE', *, *, #4595, .T. ) ;
#1059 = DIRECTION ( 'NONE',  ( 0.000000000000000000, 0.000000000000000000, -1.000000000000000000 ) ) ;
#1060 = ORIENTED_EDGE ( 'NONE', *, *, #2076, .F. ) ;
#1061 = LINE ( 'NONE', #4004, #4633 ) ;
#1062 = EDGE_CURVE ( 'NONE', #4575, #3442, #5911, .T. ) ;
#1063 = CARTESIAN_POINT ( 'NONE',  ( 70.00000000000001421, -3.500000000000000000, 20.00000000000000000 ) ) ;
#1064 = CARTESIAN_POINT ( 'NONE',  ( -8.994232168897729213E-14, 7.000000000000000000, -27.15000000000000213 ) ) ;
#1065 = DIRECTION ( 'NONE',  ( 0.000000000000000000, -1.000000000000000000, 0.000000000000000000 ) ) ;
#1066 = DIRECTION ( 'NONE',  ( -0.000000000000000000, 1.000000000000000000, -0.000000000000000000 ) ) ;
#1067 = DIRECTION ( 'NONE',  ( 0.000000000000000000, 0.000000000000000000, -1.000000000000000000 ) ) ;
#1068 = ORIENTED_EDGE ( 'NONE', *, *, #4730, .F. ) ;
#1069 = ORIENTED_EDGE ( 'NONE', *, *, #2356, .F. ) ;
#1070 = EDGE_LOOP ( 'NONE', ( #568, #1635, #4596, #5909 ) ) ;
#1071 = CARTESIAN_POINT ( 'NONE',  ( -29.99999999999991829, 7.000000000000000000, 27.15000000000000213 ) ) ;
#1072 = DIRECTION ( 'NONE',  ( 0.000000000000000000, 0.000000000000000000, 1.000000000000000000 ) ) ;
#1073 = LINE ( 'NONE', #5378, #1208 ) ;
#1074 = AXIS2_PLACEMENT_3D ( 'NONE', #3548, #632, #5430 ) ;
#1075 = EDGE_CURVE ( 'NONE', #334, #1115, #2215, .T. ) ;
#1076 = CYLINDRICAL_SURFACE ( 'NONE', #1199, 2.149999999999999023 ) ;
#1077 = VERTEX_POINT ( 'NONE', #5529 ) ;
#1078 = AXIS2_PLACEMENT_3D ( 'NONE', #5768, #3756, #5145 ) ;
#1079 = FACE_BOUND ( 'NONE', #2930, .T. ) ;
#1080 = EDGE_CURVE ( 'NONE', #5690, #156, #5614, .T. ) ;
#1081 = ORIENTED_EDGE ( 'NONE', *, *, #3281, .F. ) ;
#1082 = DIRECTION ( 'NONE',  ( -0.000000000000000000, 1.000000000000000000, -0.000000000000000000 ) ) ;
#1083 = LINE ( 'NONE', #2972, #3191 ) ;
#1084 = CARTESIAN_POINT ( 'NONE',  ( 30.00000000000001421, -3.000000000000000000, 5.000000000000000888 ) ) ;
#1085 = AXIS2_PLACEMENT_3D ( 'NONE', #2939, #1139, #2009 ) ;
#1086 = VERTEX_POINT ( 'NONE', #1837 ) ;
#1087 = DIRECTION ( 'NONE',  ( 0.000000000000000000, -1.000000000000000000, 0.000000000000000000 ) ) ;
#1088 = CIRCLE ( 'NONE', #887, 2.149999999999999023 ) ;
#1089 = DIRECTION ( 'NONE',  ( 0.000000000000000000, -1.000000000000000000, 0.000000000000000000 ) ) ;
#1090 = LINE ( 'NONE', #4899, #1783 ) ;
#1091 = CIRCLE ( 'NONE', #5833, 2.149999999999999023 ) ;
#1092 = CIRCLE ( 'NONE', #4555, 2.150000000000000799 ) ;
#1093 = LINE ( 'NONE', #76, #5247 ) ;
#1094 = AXIS2_PLACEMENT_3D ( 'NONE', #5726, #1481, #3380 ) ;
#1095 = LINE ( 'NONE', #2987, #5651 ) ;
#1096 = CARTESIAN_POINT ( 'NONE',  ( -39.99999999999991473, 7.000000000000000000, 22.85000000000000142 ) ) ;
#1097 = LINE ( 'NONE', #3981, #5150 ) ;
#1098 = CIRCLE ( 'NONE', #411, 3.200000000000005063 ) ;
#1099 = AXIS2_PLACEMENT_3D ( 'NONE', #5015, #770, #2662 ) ;
#1100 = VERTEX_POINT ( 'NONE', #3735 ) ;
#1101 = CIRCLE ( 'NONE', #5849, 2.150000000000000799 ) ;
#1102 = AXIS2_PLACEMENT_3D ( 'NONE', #5019, #2759, #1766 ) ;
#1103 = ORIENTED_EDGE ( 'NONE', *, *, #3959, .F. ) ;
#1104 = ORIENTED_EDGE ( 'NONE', *, *, #288, .F. ) ;
#1105 = EDGE_CURVE ( 'NONE', #525, #2027, #5619, .T. ) ;
#1106 = ORIENTED_EDGE ( 'NONE', *, *, #2743, .F. ) ;
#1107 = ORIENTED_EDGE ( 'NONE', *, *, #991, .T. ) ;
#1108 = CARTESIAN_POINT ( 'NONE',  ( 29.99999999999998579, -3.000000000000000000, -4.999999999999997335 ) ) ;
#1109 = CARTESIAN_POINT ( 'NONE',  ( 10.00000000000004441, 7.000000000000000000, 12.84999999999999964 ) ) ;
#1110 = DIRECTION ( 'NONE',  ( -0.000000000000000000, 1.000000000000000000, -0.000000000000000000 ) ) ;
#1111 = LINE ( 'NONE', #1516, #2789 ) ;
#1112 = ORIENTED_EDGE ( 'NONE', *, *, #4902, .T. ) ;
#1113 = AXIS2_PLACEMENT_3D ( 'NONE', #1970, #3407, #153 ) ;
#1114 = FACE_OUTER_BOUND ( 'NONE', #1374, .T. ) ;
#1115 = VERTEX_POINT ( 'NONE', #1370 ) ;
#1116 = FACE_OUTER_BOUND ( 'NONE', #2852, .T. ) ;
#1117 = CARTESIAN_POINT ( 'NONE',  ( 20.00000000000008882, 5.000000000000000000, 22.85000000000000142 ) ) ;
#1118 = DIRECTION ( 'NONE',  ( 0.000000000000000000, 0.000000000000000000, 1.000000000000000000 ) ) ;
#1119 = EDGE_CURVE ( 'NONE', #2456, #2337, #2853, .T. ) ;
#1120 = VERTEX_POINT ( 'NONE', #3619 ) ;
#1121 = PLANE ( 'NONE',  #3073 ) ;
#1122 = ORIENTED_EDGE ( 'NONE', *, *, #347, .F. ) ;
#1123 = DIRECTION ( 'NONE',  ( 0.000000000000000000, 1.000000000000000000, 0.000000000000000000 ) ) ;
#1124 = DIRECTION ( 'NONE',  ( 0.000000000000000000, 0.000000000000000000, -1.000000000000000000 ) ) ;
#1125 = DIRECTION ( 'NONE',  ( 0.000000000000000000, 0.000000000000000000, -1.000000000000000000 ) ) ;
#1126 = DIRECTION ( 'NONE',  ( 0.000000000000000000, 0.000000000000000000, 1.000000000000000000 ) ) ;
#1127 = DIRECTION ( 'NONE',  ( 0.000000000000000000, 0.000000000000000000, 1.000000000000000000 ) ) ;
#1128 = LINE ( 'NONE', #5774, #997 ) ;
#1129 = ORIENTED_EDGE ( 'NONE', *, *, #5109, .T. ) ;
#1130 = ORIENTED_EDGE ( 'NONE', *, *, #1144, .T. ) ;
#1131 = ORIENTED_EDGE ( 'NONE', *, *, #2123, .T. ) ;
#1132 = ORIENTED_EDGE ( 'NONE', *, *, #2270, .T. ) ;
#1133 = DIRECTION ( 'NONE',  ( -0.000000000000000000, 1.000000000000000000, -0.000000000000000000 ) ) ;
#1134 = DIRECTION ( 'NONE',  ( 0.000000000000000000, 1.000000000000000000, 0.000000000000000000 ) ) ;
#1135 = FACE_OUTER_BOUND ( 'NONE', #3050, .T. ) ;
#1136 = EDGE_CURVE ( 'NONE', #5716, #3497, #572, .T. ) ;
#1137 = CARTESIAN_POINT ( 'NONE',  ( -9.999999999999918288, 5.000000000000000000, 25.00000000000000000 ) ) ;
#1138 = ORIENTED_EDGE ( 'NONE', *, *, #4180, .F. ) ;
#1139 = DIRECTION ( 'NONE',  ( 0.000000000000000000, 1.000000000000000000, 0.000000000000000000 ) ) ;
#1140 = VERTEX_POINT ( 'NONE', #1778 ) ;
#1141 = CYLINDRICAL_SURFACE ( 'NONE', #5746, 2.150000000000000799 ) ;
#1142 = CARTESIAN_POINT ( 'NONE',  ( 9.999999999999973355, -3.000000000000000000, -7.149999999999996803 ) ) ;
#1143 = CARTESIAN_POINT ( 'NONE',  ( 19.99999999999994671, -3.000000000000000000, -15.00000000000000000 ) ) ;
#1144 = EDGE_CURVE ( 'NONE', #5575, #2655, #785, .T. ) ;
#1145 = ORIENTED_EDGE ( 'NONE', *, *, #5350, .F. ) ;
#1146 = CYLINDRICAL_SURFACE ( 'NONE', #5638, 2.150000000000001243 ) ;
#1147 = ORIENTED_EDGE ( 'NONE', *, *, #3683, .F. ) ;
#1148 = EDGE_CURVE ( 'NONE', #4118, #829, #3143, .T. ) ;
#1149 = DIRECTION ( 'NONE',  ( 0.000000000000000000, 0.000000000000000000, -1.000000000000000000 ) ) ;
#1150 = CARTESIAN_POINT ( 'NONE',  ( -29.99999999999998934, 7.000000000000000000, 7.149999999999998579 ) ) ;
#1151 = DIRECTION ( 'NONE',  ( 0.000000000000000000, 0.000000000000000000, 1.000000000000000000 ) ) ;
#1152 = ADVANCED_FACE ( 'NONE', ( #5502 ), #1253, .F. ) ;
#1153 = LINE ( 'NONE', #5368, #3186 ) ;
#1154 = EDGE_CURVE ( 'NONE', #4093, #1509, #3842, .T. ) ;
#1155 = DIRECTION ( 'NONE',  ( 0.000000000000000000, 0.000000000000000000, -1.000000000000000000 ) ) ;
#1156 = LINE ( 'NONE', #3019, #4039 ) ;
#1157 = DIRECTION ( 'NONE',  ( 0.000000000000000000, 0.000000000000000000, -1.000000000000000000 ) ) ;
#1158 = ORIENTED_EDGE ( 'NONE', *, *, #1491, .T. ) ;
#1159 = ORIENTED_EDGE ( 'NONE', *, *, #143, .T. ) ;
#1160 = VERTEX_POINT ( 'NONE', #5065 ) ;
#1161 = EDGE_LOOP ( 'NONE', ( #3665, #2380 ) ) ;
#1162 = DIRECTION ( 'NONE',  ( 1.000000000000000000, -0.000000000000000000, 3.686287386450721387E-15 ) ) ;
#1163 = CARTESIAN_POINT ( 'NONE',  ( -19.99999999999995381, 7.000000000000000000, 15.00000000000000178 ) ) ;
#1164 = LINE ( 'NONE', #3432, #5937 ) ;
#1165 = ORIENTED_EDGE ( 'NONE', *, *, #353, .F. ) ;
#1166 = CARTESIAN_POINT ( 'NONE',  ( -9.020562075079396891E-14, 7.000000000000000000, -22.85000000000000142 ) ) ;
#1167 = ORIENTED_EDGE ( 'NONE', *, *, #1667, .F. ) ;
#1168 = AXIS2_PLACEMENT_3D ( 'NONE', #1316, #3212, #851 ) ;
#1169 = CYLINDRICAL_SURFACE ( 'NONE', #2884, 2.149999999999999023 ) ;
#1170 = DIRECTION ( 'NONE',  ( -0.000000000000000000, 1.000000000000000000, -0.000000000000000000 ) ) ;
#1171 = DIRECTION ( 'NONE',  ( 0.000000000000000000, 0.000000000000000000, -1.000000000000000000 ) ) ;
#1172 = ORIENTED_EDGE ( 'NONE', *, *, #1448, .T. ) ;
#1173 = CARTESIAN_POINT ( 'NONE',  ( 4.883555638916728174E-14, 7.000000000000000000, 12.84999999999999964 ) ) ;
#1174 = EDGE_CURVE ( 'NONE', #5919, #5589, #3743, .T. ) ;
#1175 = LINE ( 'NONE', #3569, #1780 ) ;
#1176 = CIRCLE ( 'NONE', #684, 2.149999999999997247 ) ;
#1177 = FACE_OUTER_BOUND ( 'NONE', #1029, .T. ) ;
#1178 = CARTESIAN_POINT ( 'NONE',  ( -9.020562075079396891E-14, 5.000000000000000000, -25.00000000000000000 ) ) ;
#1179 = ORIENTED_EDGE ( 'NONE', *, *, #3608, .T. ) ;
#1180 = CIRCLE ( 'NONE', #1574, 2.149999999999999023 ) ;
#1181 = CARTESIAN_POINT ( 'NONE',  ( 4.857225732735059864E-14, 7.000000000000000000, 15.00000000000000178 ) ) ;
#1182 = EDGE_CURVE ( 'NONE', #3588, #4993, #2750, .T. ) ;
#1183 = VECTOR ( 'NONE', #2997, 1000.000000000000000 ) ;
#1184 = DIRECTION ( 'NONE',  ( 0.000000000000000000, -1.000000000000000000, 0.000000000000000000 ) ) ;
#1185 = DIRECTION ( 'NONE',  ( -0.000000000000000000, 1.000000000000000000, -0.000000000000000000 ) ) ;
#1186 = FACE_BOUND ( 'NONE', #4015, .T. ) ;
#1187 = AXIS2_PLACEMENT_3D ( 'NONE', #1437, #4166, #3797 ) ;
#1188 = EDGE_CURVE ( 'NONE', #5279, #5211, #2905, .T. ) ;
#1189 = EDGE_LOOP ( 'NONE', ( #738, #5965 ) ) ;
#1190 = VECTOR ( 'NONE', #5212, 1000.000000000000000 ) ;
#1191 = ORIENTED_EDGE ( 'NONE', *, *, #4072, .T. ) ;
#1192 = ORIENTED_EDGE ( 'NONE', *, *, #1965, .T. ) ;
#1194 = CYLINDRICAL_SURFACE ( 'NONE', #3667, 2.149999999999999023 ) ;
#1193 = AXIS2_PLACEMENT_3D ( 'NONE', #1401, #2831, #2330 ) ;
#1195 = AXIS2_PLACEMENT_3D ( 'NONE', #3507, #3962, #3062 ) ;
#1196 = LINE ( 'NONE', #5932, #232 ) ;
#1197 = CARTESIAN_POINT ( 'NONE',  ( 8.326672684688674053E-14, -3.000000000000000000, 27.15000000000000213 ) ) ;
#1198 = CIRCLE ( 'NONE', #3574, 2.149999999999999023 ) ;
#1199 = AXIS2_PLACEMENT_3D ( 'NONE', #4850, #1248, #4819 ) ;
#1200 = ORIENTED_EDGE ( 'NONE', *, *, #5637, .T. ) ;
#1201 = MECHANICAL_DESIGN_GEOMETRIC_PRESENTATION_REPRESENTATION (  '', ( #3082 ), #2689 ) ;
#1202 = FACE_BOUND ( 'NONE', #5192, .T. ) ;
#1203 = AXIS2_PLACEMENT_3D ( 'NONE', #5584, #1680, #4126 ) ;
#1204 = ORIENTED_EDGE ( 'NONE', *, *, #1259, .F. ) ;
#1205 = CARTESIAN_POINT ( 'NONE',  ( 19.99999999999992184, -3.000000000000000000, -25.00000000000000000 ) ) ;
#1206 = CARTESIAN_POINT ( 'NONE',  ( 20.00000000000008882, 7.000000000000000000, 27.15000000000000213 ) ) ;
#1207 = CARTESIAN_POINT ( 'NONE',  ( -49.99999999999992184, 7.000000000000000000, 27.15000000000000213 ) ) ;
#1208 = VECTOR ( 'NONE', #4357, 1000.000000000000000 ) ;
#1209 = VECTOR ( 'NONE', #4985, 1000.000000000000000 ) ;
#1210 = EDGE_LOOP ( 'NONE', ( #394, #5478, #5479, #2008 ) ) ;
#1211 = CARTESIAN_POINT ( 'NONE',  ( -62.89999999999999858, -3.500000000000000000, 20.00000000000000000 ) ) ;
#1212 = CARTESIAN_POINT ( 'NONE',  ( -62.89999999999999858, -3.500000000000000000, -17.94999999999999929 ) ) ;
#1213 = ORIENTED_EDGE ( 'NONE', *, *, #2039, .F. ) ;
#1214 = CARTESIAN_POINT ( 'NONE',  ( -19.99999999999995381, -3.000000000000000000, 17.14999999999999858 ) ) ;
#1215 = DIRECTION ( 'NONE',  ( 0.000000000000000000, -1.000000000000000000, 0.000000000000000000 ) ) ;
#1216 = EDGE_CURVE ( 'NONE', #5791, #334, #80, .T. ) ;
#1217 = ADVANCED_FACE ( 'NONE', ( #52 ), #520, .F. ) ;
#1218 = LINE ( 'NONE', #2115, #4150 ) ;
#1219 = DIRECTION ( 'NONE',  ( 0.000000000000000000, 0.000000000000000000, 1.000000000000000000 ) ) ;
#1220 = LINE ( 'NONE', #3912, #4333 ) ;
#1221 = FACE_BOUND ( 'NONE', #2680, .T. ) ;
#1222 = ORIENTED_EDGE ( 'NONE', *, *, #991, .F. ) ;
#1223 = VERTEX_POINT ( 'NONE', #2457 ) ;
#1224 = DIRECTION ( 'NONE',  ( 0.000000000000000000, -1.000000000000000000, 0.000000000000000000 ) ) ;
#1225 = CARTESIAN_POINT ( 'NONE',  ( -29.99999999999991829, 5.000000000000000000, 25.00000000000000000 ) ) ;
#1226 = DIRECTION ( 'NONE',  ( 0.000000000000000000, 0.000000000000000000, 1.000000000000000000 ) ) ;
#1227 = ADVANCED_FACE ( 'NONE', ( #110 ), #943, .F. ) ;
#1228 = ORIENTED_EDGE ( 'NONE', *, *, #6033, .T. ) ;
#1229 = EDGE_LOOP ( 'NONE', ( #561, #1287 ) ) ;
#1230 = FACE_BOUND ( 'NONE', #5856, .T. ) ;
#1231 = ORIENTED_EDGE ( 'NONE', *, *, #2053, .F. ) ;
#1232 = CARTESIAN_POINT ( 'NONE',  ( 8.353002590870341731E-14, 7.000000000000000000, 22.85000000000000142 ) ) ;
#1233 = EDGE_CURVE ( 'NONE', #2480, #4352, #3145, .T. ) ;
#1234 = DIRECTION ( 'NONE',  ( -0.000000000000000000, 1.000000000000000000, -0.000000000000000000 ) ) ;
#1235 = DIRECTION ( 'NONE',  ( 0.000000000000000000, 0.000000000000000000, 1.000000000000000000 ) ) ;
#1236 = EDGE_LOOP ( 'NONE', ( #5233, #1815 ) ) ;
#1237 = VERTEX_POINT ( 'NONE', #1961 ) ;
#1238 = DIRECTION ( 'NONE',  ( 0.000000000000000000, -1.000000000000000000, 0.000000000000000000 ) ) ;
#1239 = CARTESIAN_POINT ( 'NONE',  ( 9.999999999999939604, -3.000000000000000000, -12.84999999999999964 ) ) ;
#1240 = DIRECTION ( 'NONE',  ( 0.000000000000000000, 1.000000000000000000, 0.000000000000000000 ) ) ;
#1241 = CARTESIAN_POINT ( 'NONE',  ( 39.99999999999990763, 5.000000000000000000, -25.00000000000000000 ) ) ;
#1242 = CARTESIAN_POINT ( 'NONE',  ( -19.99999999999995381, 7.000000000000000000, 12.85000000000000320 ) ) ;
#1243 = EDGE_CURVE ( 'NONE', #4754, #941, #570, .T. ) ;
#1244 = LINE ( 'NONE', #3134, #6047 ) ;
#1245 = EDGE_CURVE ( 'NONE', #2349, #5594, #5713, .T. ) ;
#1246 = CARTESIAN_POINT ( 'NONE',  ( -9.020562075079396891E-14, 5.000000000000000000, -25.00000000000000000 ) ) ;
#1247 = FACE_BOUND ( 'NONE', #3739, .T. ) ;
#1248 = DIRECTION ( 'NONE',  ( -0.000000000000000000, 1.000000000000000000, -0.000000000000000000 ) ) ;
#1249 = ORIENTED_EDGE ( 'NONE', *, *, #2578, .T. ) ;
#1250 = ORIENTED_EDGE ( 'NONE', *, *, #2103, .F. ) ;
#1251 = DIRECTION ( 'NONE',  ( -0.000000000000000000, 1.000000000000000000, -0.000000000000000000 ) ) ;
#1252 = EDGE_CURVE ( 'NONE', #1047, #2344, #1263, .T. ) ;
#1253 = CYLINDRICAL_SURFACE ( 'NONE', #2650, 2.149999999999999023 ) ;
#1254 = DIRECTION ( 'NONE',  ( -1.000000000000000000, 0.000000000000000000, -0.000000000000000000 ) ) ;
#1255 = ORIENTED_EDGE ( 'NONE', *, *, #5659, .F. ) ;
#1256 = ORIENTED_EDGE ( 'NONE', *, *, #628, .F. ) ;
#1257 = ORIENTED_EDGE ( 'NONE', *, *, #4397, .T. ) ;
#1258 = DIRECTION ( 'NONE',  ( 0.000000000000000000, -1.000000000000000000, 0.000000000000000000 ) ) ;
#1259 = EDGE_CURVE ( 'NONE', #4754, #3636, #5743, .T. ) ;
#1260 = DIRECTION ( 'NONE',  ( -0.000000000000000000, 1.000000000000000000, -0.000000000000000000 ) ) ;
#1261 = DIRECTION ( 'NONE',  ( 0.000000000000000000, 1.000000000000000000, 0.000000000000000000 ) ) ;
#1262 = EDGE_CURVE ( 'NONE', #4597, #4542, #3363, .T. ) ;
#1263 = CIRCLE ( 'NONE', #4724, 2.049999999999999822 ) ;
#1264 = ORIENTED_EDGE ( 'NONE', *, *, #3731, .T. ) ;
#1265 = DIRECTION ( 'NONE',  ( 0.000000000000000000, 0.000000000000000000, 1.000000000000000000 ) ) ;
#1266 = CARTESIAN_POINT ( 'NONE',  ( -54.89999999999999147, -3.500000000000000000, -17.94999999999999929 ) ) ;
#1267 = EDGE_LOOP ( 'NONE', ( #3340, #3141, #1058, #4699 ) ) ;
#1268 = DIRECTION ( 'NONE',  ( -0.000000000000000000, 1.000000000000000000, -0.000000000000000000 ) ) ;
#1269 = DIRECTION ( 'NONE',  ( -0.7071067811865425767, -0.000000000000000000, -0.7071067811865525687 ) ) ;
#1270 = EDGE_LOOP ( 'NONE', ( #2026, #120, #1010, #3318 ) ) ;
#1271 = AXIS2_PLACEMENT_3D ( 'NONE', #4127, #4616, #5585 ) ;
#1272 = CARTESIAN_POINT ( 'NONE',  ( -62.89999999999999858, -3.499999999999999556, -22.05000000000000071 ) ) ;
#1273 = CARTESIAN_POINT ( 'NONE',  ( 1.387778780781445676E-14, -3.000000000000000000, 5.000000000000000888 ) ) ;
#1274 = DIRECTION ( 'NONE',  ( -0.000000000000000000, 0.000000000000000000, 1.000000000000000000 ) ) ;
#1275 = FACE_BOUND ( 'NONE', #557, .T. ) ;
#1276 = CIRCLE ( 'NONE', #4833, 2.150000000000001243 ) ;
#1277 = ORIENTED_EDGE ( 'NONE', *, *, #3935, .F. ) ;
#1278 = AXIS2_PLACEMENT_3D ( 'NONE', #4267, #5665, #30 ) ;
#1279 = AXIS2_PLACEMENT_3D ( 'NONE', #3545, #630, #4069 ) ;
#1280 = ORIENTED_EDGE ( 'NONE', *, *, #1533, .T. ) ;
#1281 = FACE_OUTER_BOUND ( 'NONE', #3414, .T. ) ;
#1282 = DIRECTION ( 'NONE',  ( 0.000000000000000000, 0.000000000000000000, 1.000000000000000000 ) ) ;
#1283 = DIRECTION ( 'NONE',  ( 0.000000000000000000, 0.000000000000000000, -1.000000000000000000 ) ) ;
#1284 = AXIS2_PLACEMENT_3D ( 'NONE', #322, #350, #2252 ) ;
#1285 = ADVANCED_FACE ( 'NONE', ( #1041 ), #1410, .F. ) ;
#1286 = AXIS2_PLACEMENT_3D ( 'NONE', #4988, #3567, #3102 ) ;
#1287 = ORIENTED_EDGE ( 'NONE', *, *, #1491, .F. ) ;
#1288 = ADVANCED_FACE ( 'NONE', ( #3890 ), #5773, .F. ) ;
#1289 = EDGE_LOOP ( 'NONE', ( #468, #300, #2975, #3326 ) ) ;
#1290 = CIRCLE ( 'NONE', #214, 2.149999999999999023 ) ;
#1291 = ORIENTED_EDGE ( 'NONE', *, *, #4977, .F. ) ;
#1292 = DIRECTION ( 'NONE',  ( -2.775557561562900029E-15, -0.000000000000000000, 1.000000000000000000 ) ) ;
#1293 = CARTESIAN_POINT ( 'NONE',  ( 29.99999999999994316, -3.000000000000000000, -15.00000000000000000 ) ) ;
#1294 = AXIS2_PLACEMENT_3D ( 'NONE', #1945, #5296, #4768 ) ;
#1295 = DIRECTION ( 'NONE',  ( 0.000000000000000000, 1.000000000000000000, 0.000000000000000000 ) ) ;
#1296 = COLOUR_RGB ( '',0.7921568627450980005, 0.8196078431372548767, 0.9333333333333333481 ) ;
#1297 = AXIS2_PLACEMENT_3D ( 'NONE', #3911, #631, #4903 ) ;
#1298 = VERTEX_POINT ( 'NONE', #2366 ) ;
#1299 = PLANE ( 'NONE',  #1979 ) ;
#1300 = CARTESIAN_POINT ( 'NONE',  ( -49.99999999999995737, 5.000000000000000000, 15.00000000000000178 ) ) ;
#1301 = VERTEX_POINT ( 'NONE', #5688 ) ;
#1302 = DIRECTION ( 'NONE',  ( -1.000000000000000000, 0.000000000000000000, -0.000000000000000000 ) ) ;
#1303 = AXIS2_PLACEMENT_3D ( 'NONE', #714, #4491, #256 ) ;
#1304 = ORIENTED_EDGE ( 'NONE', *, *, #353, .T. ) ;
#1305 = CIRCLE ( 'NONE', #3095, 2.149999999999997247 ) ;
#1306 = VERTEX_POINT ( 'NONE', #2836 ) ;
#1307 = CARTESIAN_POINT ( 'NONE',  ( 19.99999999999992184, 7.000000000000000000, -27.15000000000000213 ) ) ;
#1308 = DIRECTION ( 'NONE',  ( 0.000000000000000000, 0.000000000000000000, 1.000000000000000000 ) ) ;
#1309 = DIRECTION ( 'NONE',  ( 0.000000000000000000, -1.000000000000000000, 0.000000000000000000 ) ) ;
#1310 = EDGE_CURVE ( 'NONE', #2599, #1548, #2249, .T. ) ;
#1311 = FACE_BOUND ( 'NONE', #791, .T. ) ;
#1312 = ORIENTED_EDGE ( 'NONE', *, *, #4705, .T. ) ;
#1313 = EDGE_LOOP ( 'NONE', ( #5617, #4415, #6105, #1953 ) ) ;
#1314 = VERTEX_POINT ( 'NONE', #21 ) ;
#1315 = DIRECTION ( 'NONE',  ( 0.000000000000000000, 0.000000000000000000, 1.000000000000000000 ) ) ;
#1316 = CARTESIAN_POINT ( 'NONE',  ( 39.99999999999993605, 7.000000000000000000, -15.00000000000000000 ) ) ;
#1317 = CARTESIAN_POINT ( 'NONE',  ( -53.89999999999998437, 0.000000000000000000, -32.00000000000000000 ) ) ;
#1318 = ORIENTED_EDGE ( 'NONE', *, *, #4698, .T. ) ;
#1319 = ORIENTED_EDGE ( 'NONE', *, *, #1974, .T. ) ;
#1320 = ORIENTED_EDGE ( 'NONE', *, *, #5312, .T. ) ;
#1321 = DIRECTION ( 'NONE',  ( 0.000000000000000000, 0.000000000000000000, 1.000000000000000000 ) ) ;
#1322 = CYLINDRICAL_SURFACE ( 'NONE', #1016, 2.150000000000000799 ) ;
#1323 = EDGE_CURVE ( 'NONE', #4940, #1596, #5249, .T. ) ;
#1324 = CARTESIAN_POINT ( 'NONE',  ( -20.00000000000002487, 5.000000000000000000, -4.999999999999997335 ) ) ;
#1325 = VERTEX_POINT ( 'NONE', #5306 ) ;
#1326 = CARTESIAN_POINT ( 'NONE',  ( -10.00000000000009237, 7.000000000000000000, -27.15000000000000213 ) ) ;
#1327 = DIRECTION ( 'NONE',  ( 0.000000000000000000, -1.000000000000000000, 0.000000000000000000 ) ) ;
#1328 = ADVANCED_FACE ( 'NONE', ( #1867 ), #3764, .F. ) ;
#1329 = DIRECTION ( 'NONE',  ( -0.000000000000000000, 1.000000000000000000, -0.000000000000000000 ) ) ;
#1330 = ORIENTED_EDGE ( 'NONE', *, *, #2598, .T. ) ;
#1331 = ORIENTED_EDGE ( 'NONE', *, *, #3910, .T. ) ;
#1332 = DIRECTION ( 'NONE',  ( 0.000000000000000000, 0.000000000000000000, 1.000000000000000000 ) ) ;
#1333 = LINE ( 'NONE', #3579, #2893 ) ;
#1334 = EDGE_CURVE ( 'NONE', #3674, #839, #3550, .T. ) ;
#1335 = CARTESIAN_POINT ( 'NONE',  ( 4.857225732735059864E-14, -3.000000000000000000, 15.00000000000000178 ) ) ;
#1336 = FACE_OUTER_BOUND ( 'NONE', #2120, .T. ) ;
#1337 = ORIENTED_EDGE ( 'NONE', *, *, #2136, .T. ) ;
#1338 = VERTEX_POINT ( 'NONE', #1096 ) ;
#1339 = EDGE_CURVE ( 'NONE', #3770, #1808, #3350, .T. ) ;
#1341 = ORIENTED_EDGE ( 'NONE', *, *, #1801, .F. ) ;
#1340 = FACE_BOUND ( 'NONE', #3872, .T. ) ;
#1342 = VERTEX_POINT ( 'NONE', #2146 ) ;
#1343 = DIRECTION ( 'NONE',  ( -1.000000000000000000, -0.000000000000000000, -0.000000000000000000 ) ) ;
#1344 = DIRECTION ( 'NONE',  ( 0.000000000000000000, -1.000000000000000000, 0.000000000000000000 ) ) ;
#1345 = CARTESIAN_POINT ( 'NONE',  ( -30.00000000000008882, -3.000000000000000000, -22.85000000000000142 ) ) ;
#1346 = ORIENTED_EDGE ( 'NONE', *, *, #5414, .T. ) ;
#1347 = ORIENTED_EDGE ( 'NONE', *, *, #5994, .F. ) ;
#1348 = ORIENTED_EDGE ( 'NONE', *, *, #1965, .F. ) ;
#1349 = CARTESIAN_POINT ( 'NONE',  ( -29.99999999999991829, -3.000000000000000000, 25.00000000000000000 ) ) ;
#1350 = CARTESIAN_POINT ( 'NONE',  ( 29.99999999999998579, 7.000000000000000000, -4.999999999999997335 ) ) ;
#1351 = CARTESIAN_POINT ( 'NONE',  ( 20.00000000000001776, 7.000000000000000000, 5.000000000000000888 ) ) ;
#1352 = VERTEX_POINT ( 'NONE', #2118 ) ;
#1353 = CYLINDRICAL_SURFACE ( 'NONE', #2770, 2.149999999999999023 ) ;
#1354 = DIRECTION ( 'NONE',  ( 0.000000000000000000, 0.000000000000000000, -1.000000000000000000 ) ) ;
#1355 = DIRECTION ( 'NONE',  ( -0.000000000000000000, 1.000000000000000000, -0.000000000000000000 ) ) ;
#1356 = ORIENTED_EDGE ( 'NONE', *, *, #4698, .F. ) ;
#1357 = CIRCLE ( 'NONE', #869, 2.149999999999999023 ) ;
#1358 = ORIENTED_EDGE ( 'NONE', *, *, #4186, .F. ) ;
#1359 = EDGE_CURVE ( 'NONE', #5411, #3022, #2524, .T. ) ;
#1360 = ORIENTED_EDGE ( 'NONE', *, *, #906, .F. ) ;
#1361 = DIRECTION ( 'NONE',  ( -0.000000000000000000, 1.000000000000000000, -0.000000000000000000 ) ) ;
#1362 = CARTESIAN_POINT ( 'NONE',  ( 68.00000000000001421, 2.000000000000000000, 40.00000000000000000 ) ) ;
#1363 = AXIS2_PLACEMENT_3D ( 'NONE', #4103, #2709, #4155 ) ;
#1364 = DIRECTION ( 'NONE',  ( 0.000000000000000000, 0.000000000000000000, -1.000000000000000000 ) ) ;
#1365 = CARTESIAN_POINT ( 'NONE',  ( 40.00000000000000711, -3.000000000000000000, 2.849999999999999645 ) ) ;
#1366 = CIRCLE ( 'NONE', #3253, 2.150000000000000799 ) ;
#1367 = FACE_BOUND ( 'NONE', #5488, .T. ) ;
#1368 = CARTESIAN_POINT ( 'NONE',  ( 4.857225732735059864E-14, 7.000000000000000000, 15.00000000000000178 ) ) ;
#1369 = DIRECTION ( 'NONE',  ( -0.000000000000000000, 1.000000000000000000, -0.000000000000000000 ) ) ;
#1370 = CARTESIAN_POINT ( 'NONE',  ( 68.00000000000001421, 1.999999999999991340, -40.00000000000000000 ) ) ;
#1371 = FACE_OUTER_BOUND ( 'NONE', #2157, .T. ) ;
#1372 = CIRCLE ( 'NONE', #1676, 2.149999999999997247 ) ;
#1373 = EDGE_CURVE ( 'NONE', #876, #4641, #1220, .T. ) ;
#1374 = EDGE_LOOP ( 'NONE', ( #2444, #591, #190, #2406 ) ) ;
#1375 = AXIS2_PLACEMENT_3D ( 'NONE', #4898, #5979, #287 ) ;
#1376 = ORIENTED_EDGE ( 'NONE', *, *, #3992, .T. ) ;
#1377 = VERTEX_POINT ( 'NONE', #4037 ) ;
#1378 = DIRECTION ( 'NONE',  ( -0.000000000000000000, 1.000000000000000000, -0.000000000000000000 ) ) ;
#1379 = AXIS2_PLACEMENT_3D ( 'NONE', #3456, #667, #2056 ) ;
#1380 = DIRECTION ( 'NONE',  ( 0.000000000000000000, 1.000000000000000000, 0.000000000000000000 ) ) ;
#1381 = CARTESIAN_POINT ( 'NONE',  ( 54.90000000000001279, -3.500000000000000000, -20.00000000000000000 ) ) ;
#1382 = ADVANCED_FACE ( 'NONE', ( #4875 ), #3045, .F. ) ;
#1383 = AXIS2_PLACEMENT_3D ( 'NONE', #1985, #1924, #41 ) ;
#1384 = CIRCLE ( 'NONE', #1505, 2.149999999999997247 ) ;
#1385 = VECTOR ( 'NONE', #4715, 1000.000000000000000 ) ;
#1386 = AXIS2_PLACEMENT_3D ( 'NONE', #3466, #187, #1636 ) ;
#1387 = ORIENTED_EDGE ( 'NONE', *, *, #5198, .F. ) ;
#1388 = CARTESIAN_POINT ( 'NONE',  ( 62.90000000000001279, -3.500000000000000000, 22.05000000000000071 ) ) ;
#1389 = DIRECTION ( 'NONE',  ( -0.000000000000000000, 1.000000000000000000, -0.000000000000000000 ) ) ;
#1390 = CIRCLE ( 'NONE', #4752, 2.149999999999997247 ) ;
#1391 = DIRECTION ( 'NONE',  ( 0.000000000000000000, 0.000000000000000000, 1.000000000000000000 ) ) ;
#1392 = EDGE_LOOP ( 'NONE', ( #223, #5173, #4543, #3242 ) ) ;
#1393 = CIRCLE ( 'NONE', #4364, 2.150000000000000799 ) ;
#1394 = CIRCLE ( 'NONE', #2287, 2.149999999999999023 ) ;
#1395 = ORIENTED_EDGE ( 'NONE', *, *, #5870, .F. ) ;
#1396 = DIRECTION ( 'NONE',  ( 0.000000000000000000, 1.000000000000000000, 0.000000000000000000 ) ) ;
#1397 = CIRCLE ( 'NONE', #522, 2.150000000000000799 ) ;
#1398 = CARTESIAN_POINT ( 'NONE',  ( -53.89999999999998437, 132.3668217671645380, 32.00000000000000000 ) ) ;
#1399 = CARTESIAN_POINT ( 'NONE',  ( -40.00000000000002132, 5.000000000000000000, -4.999999999999997335 ) ) ;
#1400 = EDGE_CURVE ( 'NONE', #5690, #558, #1156, .T. ) ;
#1401 = CARTESIAN_POINT ( 'NONE',  ( -40.00000000000002132, 7.000000000000000000, -4.999999999999997335 ) ) ;
#1402 = ADVANCED_FACE ( 'NONE', ( #3581 ), #2085, .F. ) ;
#1403 = CIRCLE ( 'NONE', #2592, 2.149999999999999023 ) ;
#1404 = AXIS2_PLACEMENT_3D ( 'NONE', #5694, #60, #3431 ) ;
#1405 = ORIENTED_EDGE ( 'NONE', *, *, #3998, .F. ) ;
#1407 = ORIENTED_EDGE ( 'NONE', *, *, #2443, .F. ) ;
#1406 = FACE_BOUND ( 'NONE', #5070, .T. ) ;
#1408 = CARTESIAN_POINT ( 'NONE',  ( 10.00000000000007816, -3.000000000000000000, 25.00000000000000000 ) ) ;
#1409 = DIRECTION ( 'NONE',  ( -0.000000000000000000, 1.000000000000000000, -0.000000000000000000 ) ) ;
#1410 = CYLINDRICAL_SURFACE ( 'NONE', #5423, 2.149999999999999023 ) ;
#1411 = CARTESIAN_POINT ( 'NONE',  ( -10.00000000000009237, -3.000000000000000000, -25.00000000000000000 ) ) ;
#1412 = ADVANCED_FACE ( 'NONE', ( #4384 ), #3109, .F. ) ;
#1413 = ORIENTED_EDGE ( 'NONE', *, *, #4174, .T. ) ;
#1414 = ORIENTED_EDGE ( 'NONE', *, *, #1323, .T. ) ;
#1415 = ADVANCED_FACE ( 'NONE', ( #1681 ), #4504, .F. ) ;
#1416 = EDGE_LOOP ( 'NONE', ( #4046, #4212, #3937, #1871 ) ) ;
#1417 = CARTESIAN_POINT ( 'NONE',  ( 9.999999999999973355, 7.000000000000000000, -7.149999999999996803 ) ) ;
#1418 = FACE_OUTER_BOUND ( 'NONE', #2010, .T. ) ;
#1419 = FACE_OUTER_BOUND ( 'NONE', #1270, .T. ) ;
#1420 = EDGE_CURVE ( 'NONE', #5889, #25, #1650, .T. ) ;
#1421 = ORIENTED_EDGE ( 'NONE', *, *, #4841, .F. ) ;
#1422 = EDGE_CURVE ( 'NONE', #4756, #1627, #4904, .T. ) ;
#1423 = ORIENTED_EDGE ( 'NONE', *, *, #4435, .F. ) ;
#1424 = CARTESIAN_POINT ( 'NONE',  ( 39.99999999999997868, 5.000000000000000000, -4.999999999999997335 ) ) ;
#1425 = CARTESIAN_POINT ( 'NONE',  ( 54.90000000000001279, -0.000000000000000000, -24.99999999999998579 ) ) ;
#1426 = CARTESIAN_POINT ( 'NONE',  ( 39.99999999999997868, 7.000000000000000000, -4.999999999999997335 ) ) ;
#1427 = ORIENTED_EDGE ( 'NONE', *, *, #4677, .F. ) ;
#1428 = ORIENTED_EDGE ( 'NONE', *, *, #5842, .F. ) ;
#1429 = DIRECTION ( 'NONE',  ( -0.000000000000000000, 1.000000000000000000, -0.000000000000000000 ) ) ;
#1430 = DIRECTION ( 'NONE',  ( 0.000000000000000000, 1.000000000000000000, 0.000000000000000000 ) ) ;
#1431 = CARTESIAN_POINT ( 'NONE',  ( -19.99999999999992184, -3.000000000000000000, 25.00000000000000000 ) ) ;
#1432 = DIRECTION ( 'NONE',  ( 0.000000000000000000, -1.000000000000000000, 0.000000000000000000 ) ) ;
#1433 = ORIENTED_EDGE ( 'NONE', *, *, #2712, .T. ) ;
#1434 = CARTESIAN_POINT ( 'NONE',  ( -5.524785216944114393E-14, 7.000000000000000000, -17.14999999999999858 ) ) ;
#1435 = EDGE_CURVE ( 'NONE', #271, #3114, #4726, .T. ) ;
#1436 = EDGE_LOOP ( 'NONE', ( #3986, #1984 ) ) ;
#1437 = CARTESIAN_POINT ( 'NONE',  ( 49.99999999999995026, 7.000000000000000000, -15.00000000000000000 ) ) ;
#1438 = CARTESIAN_POINT ( 'NONE',  ( 9.999999999999939604, 5.000000000000000000, -15.00000000000000000 ) ) ;
#1439 = DIRECTION ( 'NONE',  ( -0.000000000000000000, 1.000000000000000000, -0.000000000000000000 ) ) ;
#1440 = ORIENTED_EDGE ( 'NONE', *, *, #906, .T. ) ;
#1441 = VERTEX_POINT ( 'NONE', #660 ) ;
#1442 = EDGE_CURVE ( 'NONE', #1077, #6084, #2454, .T. ) ;
#1443 = VERTEX_POINT ( 'NONE', #2619 ) ;
#1444 = CYLINDRICAL_SURFACE ( 'NONE', #3769, 2.149999999999999023 ) ;
#1445 = DIRECTION ( 'NONE',  ( 0.000000000000000000, -1.000000000000000000, 0.000000000000000000 ) ) ;
#1446 = CARTESIAN_POINT ( 'NONE',  ( -54.89999999999999858, 0.000000000000000000, -15.00000000000000178 ) ) ;
#1447 = VERTEX_POINT ( 'NONE', #2549 ) ;
#1448 = EDGE_CURVE ( 'NONE', #5889, #5052, #5917, .T. ) ;
#1449 = ORIENTED_EDGE ( 'NONE', *, *, #1845, .F. ) ;
#1450 = CARTESIAN_POINT ( 'NONE',  ( 8.326672684688674053E-14, 5.000000000000000000, 27.15000000000000213 ) ) ;
#1451 = LINE ( 'NONE', #5727, #2080 ) ;
#1452 = LINE ( 'NONE', #3349, #3854 ) ;
#1453 = ORIENTED_EDGE ( 'NONE', *, *, #77, .T. ) ;
#1454 = ADVANCED_FACE ( 'NONE', ( #2048 ), #1555, .F. ) ;
#1455 = EDGE_LOOP ( 'NONE', ( #4697, #650, #2919, #3616 ) ) ;
#1456 = DIRECTION ( 'NONE',  ( 0.000000000000000000, 0.000000000000000000, 1.000000000000000000 ) ) ;
#1457 = CYLINDRICAL_SURFACE ( 'NONE', #324, 2.150000000000000799 ) ;
#1458 = DIRECTION ( 'NONE',  ( -0.000000000000000000, -0.000000000000000000, -1.000000000000000000 ) ) ;
#1459 = CARTESIAN_POINT ( 'NONE',  ( -9.999999999999953815, -3.000000000000000000, 15.00000000000000178 ) ) ;
#1460 = ORIENTED_EDGE ( 'NONE', *, *, #1794, .T. ) ;
#1461 = VECTOR ( 'NONE', #4599, 1000.000000000000000 ) ;
#1462 = DIRECTION ( 'NONE',  ( -0.000000000000000000, 1.000000000000000000, -0.000000000000000000 ) ) ;
#1463 = CARTESIAN_POINT ( 'NONE',  ( -20.00000000000002487, 5.000000000000000000, -7.149999999999995026 ) ) ;
#1464 = CARTESIAN_POINT ( 'NONE',  ( -9.999999999999953815, -3.000000000000000000, 17.15000000000000213 ) ) ;
#1465 = DIRECTION ( 'NONE',  ( 0.000000000000000000, 0.000000000000000000, 1.000000000000000000 ) ) ;
#1466 = DIRECTION ( 'NONE',  ( 0.000000000000000000, -1.000000000000000000, 0.000000000000000000 ) ) ;
#1467 = AXIS2_PLACEMENT_3D ( 'NONE', #2301, #5495, #3135 ) ;
#1468 = ORIENTED_EDGE ( 'NONE', *, *, #432, .T. ) ;
#1469 = ORIENTED_EDGE ( 'NONE', *, *, #425, .T. ) ;
#1470 = EDGE_LOOP ( 'NONE', ( #634, #6100 ) ) ;
#1471 = CIRCLE ( 'NONE', #5728, 2.149999999999999911 ) ;
#1472 = CARTESIAN_POINT ( 'NONE',  ( -49.99999999999998579, -3.000000000000000000, 5.000000000000000888 ) ) ;
#1473 = CARTESIAN_POINT ( 'NONE',  ( -30.00000000000002487, 7.000000000000000000, -4.999999999999997335 ) ) ;
#1474 = DIRECTION ( 'NONE',  ( 0.000000000000000000, -0.000000000000000000, -1.000000000000000000 ) ) ;
#1475 = ADVANCED_FACE ( 'NONE', ( #5399 ), #5828, .F. ) ;
#1476 = ADVANCED_FACE ( 'NONE', ( #3728 ), #5609, .F. ) ;
#1477 = AXIS2_PLACEMENT_3D ( 'NONE', #3163, #5915, #4586 ) ;
#1478 = ORIENTED_EDGE ( 'NONE', *, *, #5799, .F. ) ;
#1479 = AXIS2_PLACEMENT_3D ( 'NONE', #4694, #2875, #4759 ) ;
#1480 = VERTEX_POINT ( 'NONE', #4593 ) ;
#1481 = DIRECTION ( 'NONE',  ( 0.000000000000000000, 1.000000000000000000, 0.000000000000000000 ) ) ;
#1482 = AXIS2_PLACEMENT_3D ( 'NONE', #2257, #6106, #5142 ) ;
#1483 = DIRECTION ( 'NONE',  ( 0.000000000000000000, -1.000000000000000000, 0.000000000000000000 ) ) ;
#1484 = ORIENTED_EDGE ( 'NONE', *, *, #4478, .T. ) ;
#1485 = VECTOR ( 'NONE', #1369, 1000.000000000000000 ) ;
#1486 = AXIS2_PLACEMENT_3D ( 'NONE', #231, #2109, #5884 ) ;
#1487 = EDGE_LOOP ( 'NONE', ( #4604, #2410, #4808, #3149 ) ) ;
#1488 = CIRCLE ( 'NONE', #1193, 2.150000000000001243 ) ;
#1489 = CARTESIAN_POINT ( 'NONE',  ( -62.89999999999999858, -7.000000000000000000, -25.00000000000000000 ) ) ;
#1490 = VECTOR ( 'NONE', #807, 1000.000000000000000 ) ;
#1491 = EDGE_CURVE ( 'NONE', #3474, #5499, #678, .T. ) ;
#1492 = DIRECTION ( 'NONE',  ( -0.6311687442672043735, -0.4508348173337171083, 0.6311687442672000437 ) ) ;
#1493 = VECTOR ( 'NONE', #1796, 1000.000000000000000 ) ;
#1494 = DIRECTION ( 'NONE',  ( 0.000000000000000000, 0.000000000000000000, -1.000000000000000000 ) ) ;
#1495 = EDGE_CURVE ( 'NONE', #1808, #3770, #1565, .T. ) ;
#1496 = VECTOR ( 'NONE', #1269, 999.9999999999998863 ) ;
#1497 = AXIS2_PLACEMENT_3D ( 'NONE', #1756, #5102, #832 ) ;
#1498 = CIRCLE ( 'NONE', #1895, 2.149999999999999467 ) ;
#1499 = CARTESIAN_POINT ( 'NONE',  ( -9.020562075079396891E-14, -3.000000000000000000, -22.85000000000000142 ) ) ;
#1500 = ADVANCED_FACE ( 'NONE', ( #6081 ), #5057, .F. ) ;
#1501 = ORIENTED_EDGE ( 'NONE', *, *, #966, .T. ) ;
#1502 = CIRCLE ( 'NONE', #3086, 2.149999999999999023 ) ;
#1503 = EDGE_LOOP ( 'NONE', ( #4194, #6112 ) ) ;
#1504 = CYLINDRICAL_SURFACE ( 'NONE', #3767, 2.149999999999997247 ) ;
#1505 = AXIS2_PLACEMENT_3D ( 'NONE', #3458, #3026, #2558 ) ;
#1506 = CARTESIAN_POINT ( 'NONE',  ( -62.89999999999999858, -7.000000000000000000, 15.00000000000000178 ) ) ;
#1507 = FACE_OUTER_BOUND ( 'NONE', #4946, .T. ) ;
#1508 = AXIS2_PLACEMENT_3D ( 'NONE', #3926, #6080, #1829 ) ;
#1509 = VERTEX_POINT ( 'NONE', #778 ) ;
#1510 = EDGE_LOOP ( 'NONE', ( #5750, #2841 ) ) ;
#1511 = CIRCLE ( 'NONE', #3293, 2.049999999999999822 ) ;
#1512 = ORIENTED_EDGE ( 'NONE', *, *, #3140, .F. ) ;
#1513 = CYLINDRICAL_SURFACE ( 'NONE', #397, 2.150000000000000799 ) ;
#1514 = FACE_OUTER_BOUND ( 'NONE', #4888, .T. ) ;
#1515 = CARTESIAN_POINT ( 'NONE',  ( -62.89999999999999858, 0.000000000000000000, -25.00000000000000000 ) ) ;
#1516 = CARTESIAN_POINT ( 'NONE',  ( -40.00000000000002132, -3.000000000000000000, -2.849999999999996092 ) ) ;
#1517 = ORIENTED_EDGE ( 'NONE', *, *, #255, .F. ) ;
#1518 = LINE ( 'NONE', #3410, #883 ) ;
#1519 = ORIENTED_EDGE ( 'NONE', *, *, #5184, .T. ) ;
#1520 = CARTESIAN_POINT ( 'NONE',  ( -54.89999999999999858, -7.000000000000000000, -15.00000000000000178 ) ) ;
#1521 = EDGE_CURVE ( 'NONE', #4078, #4897, #750, .T. ) ;
#1522 = DIRECTION ( 'NONE',  ( -0.000000000000000000, 1.000000000000000000, -0.000000000000000000 ) ) ;
#1523 = ORIENTED_EDGE ( 'NONE', *, *, #3731, .F. ) ;
#1524 = CARTESIAN_POINT ( 'NONE',  ( -49.99999999999998579, 7.000000000000000000, 7.150000000000002132 ) ) ;
#1525 = CARTESIAN_POINT ( 'NONE',  ( -2.081668171172168513E-14, 5.000000000000000000, -4.999999999999997335 ) ) ;
#1526 = CARTESIAN_POINT ( 'NONE',  ( -20.00000000000002487, 5.000000000000000000, -2.849999999999999645 ) ) ;
#1527 = CARTESIAN_POINT ( 'NONE',  ( -19.99999999999995381, -3.000000000000000000, 12.85000000000000320 ) ) ;
#1528 = EDGE_CURVE ( 'NONE', #1352, #4906, #873, .T. ) ;
#1529 = CARTESIAN_POINT ( 'NONE',  ( 70.00000000000001421, -3.500000000000000000, -20.00000000000000000 ) ) ;
#1530 = VERTEX_POINT ( 'NONE', #819 ) ;
#1531 = CARTESIAN_POINT ( 'NONE',  ( -69.99999999999998579, 2.000000000000000000, 40.00000000000000000 ) ) ;
#1532 = DIRECTION ( 'NONE',  ( 0.000000000000000000, -1.000000000000000000, 0.000000000000000000 ) ) ;
#1533 = EDGE_CURVE ( 'NONE', #179, #2910, #5816, .T. ) ;
#1534 = EDGE_LOOP ( 'NONE', ( #1017, #3922, #3361, #4400 ) ) ;
#1535 = ORIENTED_EDGE ( 'NONE', *, *, #5567, .T. ) ;
#1536 = ORIENTED_EDGE ( 'NONE', *, *, #4689, .F. ) ;
#1537 = DIRECTION ( 'NONE',  ( -0.000000000000000000, 1.000000000000000000, -0.000000000000000000 ) ) ;
#1538 = CARTESIAN_POINT ( 'NONE',  ( -10.00000000000005684, 5.000000000000000000, -15.00000000000000000 ) ) ;
#1539 = CYLINDRICAL_SURFACE ( 'NONE', #716, 2.149999999999997247 ) ;
#1540 = EDGE_LOOP ( 'NONE', ( #5784, #1846, #4842, #6128 ) ) ;
#1541 = FACE_OUTER_BOUND ( 'NONE', #4236, .T. ) ;
#1542 = ORIENTED_EDGE ( 'NONE', *, *, #258, .F. ) ;
#1543 = DIRECTION ( 'NONE',  ( 0.000000000000000000, 0.000000000000000000, 1.000000000000000000 ) ) ;
#1544 = CARTESIAN_POINT ( 'NONE',  ( -62.89999999999999858, -7.000000000000000000, 15.00000000000000178 ) ) ;
#1545 = VERTEX_POINT ( 'NONE', #417 ) ;
#1546 = ORIENTED_EDGE ( 'NONE', *, *, #4885, .T. ) ;
#1547 = DIRECTION ( 'NONE',  ( 0.000000000000000000, 0.000000000000000000, -1.000000000000000000 ) ) ;
#1548 = VERTEX_POINT ( 'NONE', #2671 ) ;
#1549 = CARTESIAN_POINT ( 'NONE',  ( 53.99999999999977263, 0.000000000000000000, 54.00000000000014211 ) ) ;
#1550 = CARTESIAN_POINT ( 'NONE',  ( 19.99999999999994671, 5.000000000000000000, -12.85000000000000142 ) ) ;
#1551 = ADVANCED_FACE ( 'NONE', ( #3207 ), #5985, .F. ) ;
#1552 = EDGE_CURVE ( 'NONE', #62, #4099, #2260, .T. ) ;
#1553 = CARTESIAN_POINT ( 'NONE',  ( -9.999999999999953815, 7.000000000000000000, 15.00000000000000178 ) ) ;
#1554 = CARTESIAN_POINT ( 'NONE',  ( 45.00000000000007105, -3.000000000000000000, 19.99999999999999645 ) ) ;
#1555 = CYLINDRICAL_SURFACE ( 'NONE', #5426, 2.150000000000000799 ) ;
#1556 = CARTESIAN_POINT ( 'NONE',  ( -29.99999999999998934, 5.000000000000000000, 2.850000000000003197 ) ) ;
#1557 = VECTOR ( 'NONE', #5215, 1000.000000000000000 ) ;
#1558 = ORIENTED_EDGE ( 'NONE', *, *, #5548, .F. ) ;
#1559 = ORIENTED_EDGE ( 'NONE', *, *, #1259, .T. ) ;
#1560 = ORIENTED_EDGE ( 'NONE', *, *, #1845, .T. ) ;
#1561 = LINE ( 'NONE', #2529, #1183 ) ;
#1562 = EDGE_CURVE ( 'NONE', #5948, #1160, #5023, .T. ) ;
#1563 = DIRECTION ( 'NONE',  ( -1.000000000000000000, -0.000000000000000000, -0.000000000000000000 ) ) ;
#1564 = CARTESIAN_POINT ( 'NONE',  ( -19.99999999999998934, 5.000000000000000000, 2.850000000000003197 ) ) ;
#1565 = CIRCLE ( 'NONE', #4930, 2.149999999999999023 ) ;
#1566 = DIRECTION ( 'NONE',  ( -0.000000000000000000, 1.000000000000000000, -0.000000000000000000 ) ) ;
#1567 = ORIENTED_EDGE ( 'NONE', *, *, #4541, .F. ) ;
#1568 = CARTESIAN_POINT ( 'NONE',  ( 29.99999999999991473, 7.000000000000000000, -27.15000000000000213 ) ) ;
#1569 = VERTEX_POINT ( 'NONE', #3231 ) ;
#1570 = FACE_OUTER_BOUND ( 'NONE', #5098, .T. ) ;
#1571 = EDGE_CURVE ( 'NONE', #1548, #2599, #5819, .T. ) ;
#1572 = CARTESIAN_POINT ( 'NONE',  ( 19.99999999999994671, 5.000000000000000000, -15.00000000000000000 ) ) ;
#1573 = CARTESIAN_POINT ( 'NONE',  ( -10.00000000000002309, -3.000000000000000000, -4.999999999999997335 ) ) ;
#1574 = AXIS2_PLACEMENT_3D ( 'NONE', #5605, #499, #2891 ) ;
#1575 = CIRCLE ( 'NONE', #3166, 2.149999999999999467 ) ;
#1576 = EDGE_LOOP ( 'NONE', ( #4307, #4801 ) ) ;
#1577 = CARTESIAN_POINT ( 'NONE',  ( -20.00000000000006040, 7.000000000000000000, -15.00000000000000000 ) ) ;
#1578 = VECTOR ( 'NONE', #862, 1000.000000000000000 ) ;
#1579 = DIRECTION ( 'NONE',  ( -0.000000000000000000, 1.000000000000000000, -0.000000000000000000 ) ) ;
#1580 = CARTESIAN_POINT ( 'NONE',  ( 10.00000000000000888, -3.000000000000000000, 7.150000000000000355 ) ) ;
#1581 = AXIS2_PLACEMENT_3D ( 'NONE', #4802, #1396, #562 ) ;
#1582 = AXIS2_PLACEMENT_3D ( 'NONE', #3795, #1462, #5684 ) ;
#1583 = CIRCLE ( 'NONE', #5047, 2.149999999999999023 ) ;
#1584 = CARTESIAN_POINT ( 'NONE',  ( -39.99999999999995026, 7.000000000000000000, 15.00000000000000178 ) ) ;
#1585 = ADVANCED_FACE ( 'NONE', ( #6013 ), #1768, .F. ) ;
#1586 = AXIS2_PLACEMENT_3D ( 'NONE', #5977, #769, #1735 ) ;
#1587 = DIRECTION ( 'NONE',  ( -0.000000000000000000, 1.000000000000000000, -0.000000000000000000 ) ) ;
#1588 = CIRCLE ( 'NONE', #2384, 2.150000000000000799 ) ;
#1589 = EDGE_CURVE ( 'NONE', #1545, #2182, #1861, .T. ) ;
#1590 = CARTESIAN_POINT ( 'NONE',  ( -39.99999999999995026, -3.000000000000000000, 15.00000000000000178 ) ) ;
#1591 = DIRECTION ( 'NONE',  ( 0.000000000000000000, 0.000000000000000000, 1.000000000000000000 ) ) ;
#1592 = AXIS2_PLACEMENT_3D ( 'NONE', #3132, #1673, #1738 ) ;
#1593 = VECTOR ( 'NONE', #4121, 1000.000000000000000 ) ;
#1594 = CIRCLE ( 'NONE', #5556, 2.149999999999997691 ) ;
#1595 = CIRCLE ( 'NONE', #2392, 2.150000000000000799 ) ;
#1596 = VERTEX_POINT ( 'NONE', #5522 ) ;
#1597 = ORIENTED_EDGE ( 'NONE', *, *, #742, .F. ) ;
#1598 = VERTEX_POINT ( 'NONE', #5113 ) ;
#1599 = ORIENTED_EDGE ( 'NONE', *, *, #5269, .F. ) ;
#1600 = CARTESIAN_POINT ( 'NONE',  ( -9.999999999999987566, -3.000000000000000000, 7.150000000000000355 ) ) ;
#1601 = CARTESIAN_POINT ( 'NONE',  ( -10.00000000000009237, -3.000000000000000000, -27.15000000000000213 ) ) ;
#1602 = AXIS2_PLACEMENT_3D ( 'NONE', #3726, #5144, #3755 ) ;
#1603 = DIRECTION ( 'NONE',  ( 0.000000000000000000, 0.000000000000000000, 1.000000000000000000 ) ) ;
#1604 =( NAMED_UNIT ( * ) PLANE_ANGLE_UNIT ( ) SI_UNIT ( $, .RADIAN. ) );
#1605 = ORIENTED_EDGE ( 'NONE', *, *, #2088, .T. ) ;
#1606 = EDGE_CURVE ( 'NONE', #193, #2448, #1719, .T. ) ;
#1607 = CARTESIAN_POINT ( 'NONE',  ( -29.99999999999998934, 5.000000000000000000, 5.000000000000000888 ) ) ;
#1608 = VERTEX_POINT ( 'NONE', #4191 ) ;
#1609 = DIRECTION ( 'NONE',  ( -0.000000000000000000, 1.000000000000000000, -0.000000000000000000 ) ) ;
#1610 = ADVANCED_FACE ( 'NONE', ( #2209 ), #4073, .F. ) ;
#1611 = CYLINDRICAL_SURFACE ( 'NONE', #4666, 2.149999999999997247 ) ;
#1612 = CYLINDRICAL_SURFACE ( 'NONE', #2190, 2.149999999999997247 ) ;
#1613 = EDGE_CURVE ( 'NONE', #2027, #563, #1001, .T. ) ;
#1614 = ORIENTED_EDGE ( 'NONE', *, *, #4207, .T. ) ;
#1615 = DIRECTION ( 'NONE',  ( 0.000000000000000000, 0.000000000000000000, 1.000000000000000000 ) ) ;
#1616 = FACE_OUTER_BOUND ( 'NONE', #5595, .T. ) ;
#1617 = FACE_OUTER_BOUND ( 'NONE', #3059, .T. ) ;
#1618 = DIRECTION ( 'NONE',  ( -0.000000000000000000, 1.000000000000000000, -0.000000000000000000 ) ) ;
#1619 = DIRECTION ( 'NONE',  ( 0.000000000000000000, 0.000000000000000000, -1.000000000000000000 ) ) ;
#1620 = CARTESIAN_POINT ( 'NONE',  ( -54.89999999999999858, -7.000000000000000000, 25.00000000000000000 ) ) ;
#1621 = DIRECTION ( 'NONE',  ( 0.000000000000000000, 0.000000000000000000, -1.000000000000000000 ) ) ;
#1622 = DIRECTION ( 'NONE',  ( 0.000000000000000000, -1.000000000000000000, 0.000000000000000000 ) ) ;
#1623 = AXIS2_PLACEMENT_3D ( 'NONE', #2747, #1258, #5597 ) ;
#1624 = ORIENTED_EDGE ( 'NONE', *, *, #1946, .F. ) ;
#1625 = EDGE_CURVE ( 'NONE', #2610, #3256, #2562, .T. ) ;
#1626 = ORIENTED_EDGE ( 'NONE', *, *, #2282, .F. ) ;
#1627 = VERTEX_POINT ( 'NONE', #5706 ) ;
#1628 = EDGE_LOOP ( 'NONE', ( #2323, #2825 ) ) ;
#1629 = DIRECTION ( 'NONE',  ( -1.000000000000000000, 0.000000000000000000, 2.775557561562899634E-15 ) ) ;
#1630 = LINE ( 'NONE', #4660, #2051 ) ;
#1631 = CARTESIAN_POINT ( 'NONE',  ( 20.00000000000006040, -3.000000000000000000, 15.00000000000000178 ) ) ;
#1632 = DIRECTION ( 'NONE',  ( 0.000000000000000000, 0.000000000000000000, 1.000000000000000000 ) ) ;
#1633 = EDGE_LOOP ( 'NONE', ( #1129, #3209 ) ) ;
#1634 = CARTESIAN_POINT ( 'NONE',  ( -40.00000000000009237, -3.000000000000000000, -25.00000000000000000 ) ) ;
#1635 = ORIENTED_EDGE ( 'NONE', *, *, #1080, .T. ) ;
#1636 = DIRECTION ( 'NONE',  ( 0.000000000000000000, 0.000000000000000000, 1.000000000000000000 ) ) ;
#1637 = DIRECTION ( 'NONE',  ( 0.000000000000000000, 0.000000000000000000, 1.000000000000000000 ) ) ;
#1638 = CARTESIAN_POINT ( 'NONE',  ( -19.99999999999992184, 7.000000000000000000, 22.85000000000000142 ) ) ;
#1639 = ORIENTED_EDGE ( 'NONE', *, *, #4918, .T. ) ;
#1640 = ORIENTED_EDGE ( 'NONE', *, *, #617, .F. ) ;
#1641 = DIRECTION ( 'NONE',  ( -0.000000000000000000, 1.000000000000000000, -0.000000000000000000 ) ) ;
#1642 = LINE ( 'NONE', #652, #3070 ) ;
#1643 = DIRECTION ( 'NONE',  ( -0.000000000000000000, 1.000000000000000000, -0.000000000000000000 ) ) ;
#1644 = EDGE_CURVE ( 'NONE', #3405, #4756, #1765, .T. ) ;
#1645 = CARTESIAN_POINT ( 'NONE',  ( 29.99999999999994316, 5.000000000000000000, -15.00000000000000000 ) ) ;
#1646 = ORIENTED_EDGE ( 'NONE', *, *, #5987, .T. ) ;
#1647 = EDGE_LOOP ( 'NONE', ( #5391, #962, #6008, #665 ) ) ;
#1648 = DIRECTION ( 'NONE',  ( 0.000000000000000000, -1.000000000000000000, 0.000000000000000000 ) ) ;
#1649 = CARTESIAN_POINT ( 'NONE',  ( -39.99999999999998579, -3.000000000000000000, 7.150000000000002132 ) ) ;
#1650 = LINE ( 'NONE', #4410, #5227 ) ;
#1651 = FACE_BOUND ( 'NONE', #5043, .T. ) ;
#1652 = ORIENTED_EDGE ( 'NONE', *, *, #5763, .F. ) ;
#1653 = ORIENTED_EDGE ( 'NONE', *, *, #4293, .F. ) ;
#1654 = ORIENTED_EDGE ( 'NONE', *, *, #3727, .T. ) ;
#1655 = CARTESIAN_POINT ( 'NONE',  ( 53.90000000000001279, 5.000000000000004441, 32.00000000000000000 ) ) ;
#1656 = CARTESIAN_POINT ( 'NONE',  ( -2.081668171172168513E-14, -3.000000000000000000, -4.999999999999997335 ) ) ;
#1657 = CYLINDRICAL_SURFACE ( 'NONE', #4353, 2.150000000000000799 ) ;
#1658 = AXIS2_PLACEMENT_3D ( 'NONE', #1748, #1344, #2684 ) ;
#1659 = ORIENTED_EDGE ( 'NONE', *, *, #3254, .F. ) ;
#1660 = FACE_BOUND ( 'NONE', #6094, .T. ) ;
#1661 = ORIENTED_EDGE ( 'NONE', *, *, #4896, .T. ) ;
#1662 = AXIS2_PLACEMENT_3D ( 'NONE', #2811, #338, #2308 ) ;
#1663 = CARTESIAN_POINT ( 'NONE',  ( 56.27642276422744771, -6.373983739837493445, 51.72357723577248123 ) ) ;
#1664 = DIRECTION ( 'NONE',  ( 1.000000000000000000, 0.000000000000000000, 0.000000000000000000 ) ) ;
#1665 = ADVANCED_FACE ( 'NONE', ( #5681 ), #2830, .F. ) ;
#1666 = DIRECTION ( 'NONE',  ( 1.000000000000000000, 0.000000000000000000, 0.000000000000000000 ) ) ;
#1667 = EDGE_CURVE ( 'NONE', #4627, #5310, #6022, .T. ) ;
#1668 = ORIENTED_EDGE ( 'NONE', *, *, #5574, .T. ) ;
#1669 = CARTESIAN_POINT ( 'NONE',  ( -50.00000000000002132, 7.000000000000000000, -4.999999999999997335 ) ) ;
#1670 = DIRECTION ( 'NONE',  ( -0.000000000000000000, 1.000000000000000000, -0.000000000000000000 ) ) ;
#1671 = CIRCLE ( 'NONE', #2463, 3.200000000000005063 ) ;
#1672 = DIRECTION ( 'NONE',  ( -0.000000000000000000, 1.000000000000000000, -0.000000000000000000 ) ) ;
#1673 = DIRECTION ( 'NONE',  ( 0.000000000000000000, 1.000000000000000000, 0.000000000000000000 ) ) ;
#1674 = VERTEX_POINT ( 'NONE', #5209 ) ;
#1675 = ORIENTED_EDGE ( 'NONE', *, *, #384, .F. ) ;
#1676 = AXIS2_PLACEMENT_3D ( 'NONE', #3225, #4638, #1713 ) ;
#1677 = EDGE_CURVE ( 'NONE', #2745, #3428, #4339, .T. ) ;
#1678 = DIRECTION ( 'NONE',  ( 0.000000000000000000, 1.000000000000000000, 0.000000000000000000 ) ) ;
#1679 = VECTOR ( 'NONE', #5990, 1000.000000000000000 ) ;
#1680 = DIRECTION ( 'NONE',  ( 0.000000000000000000, 1.000000000000000000, 0.000000000000000000 ) ) ;
#1681 = FACE_OUTER_BOUND ( 'NONE', #85, .T. ) ;
#1682 = VECTOR ( 'NONE', #4375, 1000.000000000000000 ) ;
#1683 = CARTESIAN_POINT ( 'NONE',  ( -40.00000000000005684, 5.000000000000000000, -12.84999999999999787 ) ) ;
#1684 = AXIS2_PLACEMENT_3D ( 'NONE', #1749, #3592, #4084 ) ;
#1685 = CIRCLE ( 'NONE', #2477, 2.149999999999997247 ) ;
#1686 = ORIENTED_EDGE ( 'NONE', *, *, #5991, .F. ) ;
#1687 = ADVANCED_FACE ( 'NONE', ( #4311 ), #9, .F. ) ;
#1688 = VECTOR ( 'NONE', #675, 1000.000000000000227 ) ;
#1689 = ORIENTED_EDGE ( 'NONE', *, *, #617, .T. ) ;
#1690 = EDGE_LOOP ( 'NONE', ( #4041, #3824, #385, #167 ) ) ;
#1692 = LINE ( 'NONE', #3089, #1679 ) ;
#1691 = AXIS2_PLACEMENT_3D ( 'NONE', #4532, #4505, #2735 ) ;
#1693 = AXIS2_PLACEMENT_3D ( 'NONE', #4277, #36, #1919 ) ;
#1694 = DIRECTION ( 'NONE',  ( -0.6311687442672029302, -0.4508348173337160536, 0.6311687442672023751 ) ) ;
#1695 = CYLINDRICAL_SURFACE ( 'NONE', #4061, 2.149999999999999023 ) ;
#1696 = AXIS2_PLACEMENT_3D ( 'NONE', #4503, #598, #1155 ) ;
#1697 = AXIS2_PLACEMENT_3D ( 'NONE', #2519, #4405, #169 ) ;
#1698 = ORIENTED_EDGE ( 'NONE', *, *, #800, .T. ) ;
#1699 = COLOUR_RGB ( '',0.7921568627450980005, 0.8196078431372548767, 0.9333333333333333481 ) ;
#1700 = FACE_BOUND ( 'NONE', #2254, .T. ) ;
#1701 = AXIS2_PLACEMENT_3D ( 'NONE', #6029, #4178, #889 ) ;
#1702 = ORIENTED_EDGE ( 'NONE', *, *, #1050, .T. ) ;
#1703 = CARTESIAN_POINT ( 'NONE',  ( 1.387778780781445676E-14, 7.000000000000000000, 5.000000000000000888 ) ) ;
#1704 = DIRECTION ( 'NONE',  ( -3.686287386450722175E-15, 0.000000000000000000, 1.000000000000000000 ) ) ;
#1705 = CARTESIAN_POINT ( 'NONE',  ( -20.00000000000002487, 7.000000000000000000, -2.849999999999999645 ) ) ;
#1706 = VECTOR ( 'NONE', #5096, 1000.000000000000000 ) ;
#1707 = CIRCLE ( 'NONE', #4371, 2.149999999999999023 ) ;
#1708 = EDGE_CURVE ( 'NONE', #91, #5264, #103, .T. ) ;
#1709 = EDGE_CURVE ( 'NONE', #251, #6007, #2357, .T. ) ;
#1710 = EDGE_LOOP ( 'NONE', ( #3537, #866 ) ) ;
#1711 = LINE ( 'NONE', #2752, #2973 ) ;
#1712 = CARTESIAN_POINT ( 'NONE',  ( -39.99999999999998579, 5.000000000000000000, 7.150000000000002132 ) ) ;
#1713 = DIRECTION ( 'NONE',  ( 0.000000000000000000, 0.000000000000000000, 1.000000000000000000 ) ) ;
#1714 = CARTESIAN_POINT ( 'NONE',  ( 9.999999999999904077, -3.000000000000000000, -27.15000000000000213 ) ) ;
#1715 = ORIENTED_EDGE ( 'NONE', *, *, #2103, .T. ) ;
#1716 = EDGE_CURVE ( 'NONE', #5353, #1760, #2921, .T. ) ;
#1717 = DIRECTION ( 'NONE',  ( 0.000000000000000000, 0.000000000000000000, 1.000000000000000000 ) ) ;
#1718 = CARTESIAN_POINT ( 'NONE',  ( 30.00000000000008171, 5.000000000000000000, 22.85000000000000142 ) ) ;
#1719 = LINE ( 'NONE', #2643, #880 ) ;
#1720 = FACE_BOUND ( 'NONE', #4939, .T. ) ;
#1721 = EDGE_LOOP ( 'NONE', ( #1069, #2499, #5724, #783 ) ) ;
#1722 = EDGE_CURVE ( 'NONE', #4188, #4603, #1898, .T. ) ;
#1723 = ORIENTED_EDGE ( 'NONE', *, *, #5735, .T. ) ;
#1724 = DIRECTION ( 'NONE',  ( 0.000000000000000000, 0.000000000000000000, 1.000000000000000000 ) ) ;
#1725 = PLANE ( 'NONE',  #283 ) ;
#1726 = DIRECTION ( 'NONE',  ( 0.000000000000000000, 1.000000000000000000, 0.000000000000000000 ) ) ;
#1727 = EDGE_CURVE ( 'NONE', #1301, #336, #3452, .T. ) ;
#1728 = ORIENTED_EDGE ( 'NONE', *, *, #1030, .T. ) ;
#1729 = VERTEX_POINT ( 'NONE', #2898 ) ;
#1730 = EDGE_LOOP ( 'NONE', ( #1597, #4113 ) ) ;
#1731 = DIRECTION ( 'NONE',  ( -1.000000000000000000, -0.000000000000000000, -0.000000000000000000 ) ) ;
#1732 = DIRECTION ( 'NONE',  ( 0.000000000000000000, 1.000000000000000000, 0.000000000000000000 ) ) ;
#1733 = DIRECTION ( 'NONE',  ( 0.000000000000000000, 0.000000000000000000, -1.000000000000000000 ) ) ;
#1734 = ORIENTED_EDGE ( 'NONE', *, *, #2783, .F. ) ;
#1735 = DIRECTION ( 'NONE',  ( 0.000000000000000000, 0.000000000000000000, 1.000000000000000000 ) ) ;
#1736 = CARTESIAN_POINT ( 'NONE',  ( 20.00000000000001776, 7.000000000000000000, 5.000000000000000888 ) ) ;
#1737 = CARTESIAN_POINT ( 'NONE',  ( -10.00000000000002309, -3.000000000000000000, -7.149999999999996803 ) ) ;
#1738 = DIRECTION ( 'NONE',  ( 0.000000000000000000, 0.000000000000000000, 1.000000000000000000 ) ) ;
#1739 = ORIENTED_EDGE ( 'NONE', *, *, #5901, .T. ) ;
#1740 = FACE_OUTER_BOUND ( 'NONE', #64, .T. ) ;
#1741 = CARTESIAN_POINT ( 'NONE',  ( -62.89999999999999858, -7.000000000000000000, -15.00000000000000178 ) ) ;
#1742 = DIRECTION ( 'NONE',  ( -0.000000000000000000, 1.000000000000000000, -0.000000000000000000 ) ) ;
#1743 = FACE_BOUND ( 'NONE', #5562, .T. ) ;
#1744 = EDGE_CURVE ( 'NONE', #4294, #4506, #1671, .T. ) ;
#1745 = ORIENTED_EDGE ( 'NONE', *, *, #3255, .T. ) ;
#1746 = EDGE_LOOP ( 'NONE', ( #683, #3478, #2885, #4420 ) ) ;
#1747 = DIRECTION ( 'NONE',  ( 0.000000000000000000, 1.000000000000000000, 0.000000000000000000 ) ) ;
#1748 = CARTESIAN_POINT ( 'NONE',  ( 29.99999999999991473, 5.000000000000000000, -25.00000000000000000 ) ) ;
#1749 = CARTESIAN_POINT ( 'NONE',  ( -40.00000000000009237, 7.000000000000000000, -25.00000000000000000 ) ) ;
#1750 = ORIENTED_EDGE ( 'NONE', *, *, #4347, .F. ) ;
#1751 = ORIENTED_EDGE ( 'NONE', *, *, #3066, .T. ) ;
#1752 = ADVANCED_FACE ( 'NONE', ( #907, #2803 ), #43, .F. ) ;
#1753 = ORIENTED_EDGE ( 'NONE', *, *, #3338, .F. ) ;
#1754 = DIRECTION ( 'NONE',  ( -0.000000000000000000, 1.000000000000000000, -0.000000000000000000 ) ) ;
#1755 = FACE_OUTER_BOUND ( 'NONE', #5512, .T. ) ;
#1756 = CARTESIAN_POINT ( 'NONE',  ( 20.00000000000008882, 7.000000000000000000, 25.00000000000000000 ) ) ;
#1757 = ORIENTED_EDGE ( 'NONE', *, *, #5616, .F. ) ;
#1758 = AXIS2_PLACEMENT_3D ( 'NONE', #389, #4687, #6090 ) ;
#1759 = EDGE_CURVE ( 'NONE', #3226, #392, #4733, .T. ) ;
#1760 = VERTEX_POINT ( 'NONE', #447 ) ;
#1761 = DIRECTION ( 'NONE',  ( -1.000000000000000000, -0.000000000000000000, -0.000000000000000000 ) ) ;
#1762 = DIRECTION ( 'NONE',  ( 0.000000000000000000, 1.000000000000000000, 0.000000000000000000 ) ) ;
#1763 = FACE_OUTER_BOUND ( 'NONE', #2950, .T. ) ;
#1764 = ORIENTED_EDGE ( 'NONE', *, *, #2270, .F. ) ;
#1765 = CIRCLE ( 'NONE', #4936, 2.149999999999999023 ) ;
#1766 = DIRECTION ( 'NONE',  ( 0.000000000000000000, 0.000000000000000000, 1.000000000000000000 ) ) ;
#1767 = DIRECTION ( 'NONE',  ( 0.000000000000000000, 0.000000000000000000, 1.000000000000000000 ) ) ;
#1768 = CYLINDRICAL_SURFACE ( 'NONE', #2659, 2.150000000000000799 ) ;
#1769 = FACE_BOUND ( 'NONE', #1872, .T. ) ;
#1770 = AXIS2_PLACEMENT_3D ( 'NONE', #1053, #582, #3058 ) ;
#1771 = ORIENTED_EDGE ( 'NONE', *, *, #4984, .T. ) ;
#1772 = AXIS2_PLACEMENT_3D ( 'NONE', #362, #2184, #4536 ) ;
#1773 = EDGE_CURVE ( 'NONE', #1160, #5948, #1366, .T. ) ;
#1774 = EDGE_CURVE ( 'NONE', #3369, #1047, #2401, .T. ) ;
#1775 = CIRCLE ( 'NONE', #3857, 2.149999999999999023 ) ;
#1776 = ORIENTED_EDGE ( 'NONE', *, *, #384, .T. ) ;
#1777 = LINE ( 'NONE', #2682, #4346 ) ;
#1778 = CARTESIAN_POINT ( 'NONE',  ( 49.99999999999995026, 7.000000000000000000, -17.14999999999999858 ) ) ;
#1779 = CARTESIAN_POINT ( 'NONE',  ( -20.00000000000009237, 5.000000000000000000, -27.15000000000000213 ) ) ;
#1780 = VECTOR ( 'NONE', #233, 1000.000000000000114 ) ;
#1781 = AXIS2_PLACEMENT_3D ( 'NONE', #3881, #4707, #2920 ) ;
#1782 = ORIENTED_EDGE ( 'NONE', *, *, #5012, .F. ) ;
#1783 = VECTOR ( 'NONE', #2075, 1000.000000000000000 ) ;
#1784 = ORIENTED_EDGE ( 'NONE', *, *, #1119, .T. ) ;
#1785 = VECTOR ( 'NONE', #5908, 1000.000000000000000 ) ;
#1786 = EDGE_LOOP ( 'NONE', ( #3237, #5878 ) ) ;
#1787 = CARTESIAN_POINT ( 'NONE',  ( -62.89999999999999858, 0.000000000000000000, -15.00000000000000178 ) ) ;
#1788 = CARTESIAN_POINT ( 'NONE',  ( 70.00000000000001421, -3.500000000000000000, -17.94999999999999929 ) ) ;
#1789 = VECTOR ( 'NONE', #1082, 1000.000000000000000 ) ;
#1790 = CARTESIAN_POINT ( 'NONE',  ( -54.89999999999999147, -3.500000000000000000, -20.00000000000000000 ) ) ;
#1791 = AXIS2_PLACEMENT_3D ( 'NONE', #1584, #267, #4407 ) ;
#1792 = VECTOR ( 'NONE', #3834, 1000.000000000000000 ) ;
#1793 = VECTOR ( 'NONE', #2986, 1000.000000000000000 ) ;
#1794 = EDGE_CURVE ( 'NONE', #4326, #464, #5239, .T. ) ;
#1795 = ORIENTED_EDGE ( 'NONE', *, *, #4822, .T. ) ;
#1796 = DIRECTION ( 'NONE',  ( -0.000000000000000000, 1.000000000000000000, -0.000000000000000000 ) ) ;
#1797 = VECTOR ( 'NONE', #2505, 1000.000000000000000 ) ;
#1798 = DIRECTION ( 'NONE',  ( 0.000000000000000000, 0.000000000000000000, 1.000000000000000000 ) ) ;
#1799 = CARTESIAN_POINT ( 'NONE',  ( 62.90000000000002700, 0.000000000000000000, 24.99999999999998579 ) ) ;
#1800 = VECTOR ( 'NONE', #460, 1000.000000000000000 ) ;
#1801 = EDGE_CURVE ( 'NONE', #804, #610, #4926, .T. ) ;
#1802 = VECTOR ( 'NONE', #3804, 999.9999999999998863 ) ;
#1803 = ORIENTED_EDGE ( 'NONE', *, *, #2712, .F. ) ;
#1804 = CARTESIAN_POINT ( 'NONE',  ( -39.99999999999998579, 5.000000000000000000, 5.000000000000000888 ) ) ;
#1805 = FACE_OUTER_BOUND ( 'NONE', #2450, .T. ) ;
#1806 = CARTESIAN_POINT ( 'NONE',  ( -5.551115123125782702E-14, -3.000000000000000000, -15.00000000000000000 ) ) ;
#1807 = DIRECTION ( 'NONE',  ( -0.000000000000000000, 1.000000000000000000, -0.000000000000000000 ) ) ;
#1808 = VERTEX_POINT ( 'NONE', #2074 ) ;
#1809 = ORIENTED_EDGE ( 'NONE', *, *, #606, .T. ) ;
#1810 = FACE_BOUND ( 'NONE', #1730, .T. ) ;
#1811 = ORIENTED_EDGE ( 'NONE', *, *, #1323, .F. ) ;
#1812 = CARTESIAN_POINT ( 'NONE',  ( -29.99999999999995381, -3.000000000000000000, 12.85000000000000320 ) ) ;
#1813 = DIRECTION ( 'NONE',  ( -0.6311687442672029302, -0.4508348173337160536, -0.6311687442672023751 ) ) ;
#1814 = DIRECTION ( 'NONE',  ( 0.000000000000000000, 1.000000000000000000, 0.000000000000000000 ) ) ;
#1815 = ORIENTED_EDGE ( 'NONE', *, *, #77, .F. ) ;
#1816 = ORIENTED_EDGE ( 'NONE', *, *, #2696, .T. ) ;
#1817 = ORIENTED_EDGE ( 'NONE', *, *, #3459, .F. ) ;
#1818 = FACE_OUTER_BOUND ( 'NONE', #4814, .T. ) ;
#1819 = CYLINDRICAL_SURFACE ( 'NONE', #24, 2.149999999999999911 ) ;
#1820 = DIRECTION ( 'NONE',  ( -0.000000000000000000, 1.000000000000000000, -0.000000000000000000 ) ) ;
#1821 = EDGE_LOOP ( 'NONE', ( #1348, #752, #1107, #827 ) ) ;
#1822 = FACE_OUTER_BOUND ( 'NONE', #811, .T. ) ;
#1823 = DIRECTION ( 'NONE',  ( 0.000000000000000000, 1.000000000000000000, 0.000000000000000000 ) ) ;
#1824 = CARTESIAN_POINT ( 'NONE',  ( 8.326672684688674053E-14, -3.000000000000000000, 25.00000000000000000 ) ) ;
#1825 = EDGE_CURVE ( 'NONE', #5119, #711, #1968, .T. ) ;
#1826 = ORIENTED_EDGE ( 'NONE', *, *, #3614, .T. ) ;
#1827 = CARTESIAN_POINT ( 'NONE',  ( 39.99999999999997868, 7.000000000000000000, -2.849999999999996092 ) ) ;
#1828 = EDGE_CURVE ( 'NONE', #5217, #3233, #194, .T. ) ;
#1829 = DIRECTION ( 'NONE',  ( 0.000000000000000000, 0.000000000000000000, 1.000000000000000000 ) ) ;
#1830 = DIRECTION ( 'NONE',  ( 0.000000000000000000, 0.000000000000000000, -1.000000000000000000 ) ) ;
#1831 = LINE ( 'NONE', #1927, #504 ) ;
#1832 = DIRECTION ( 'NONE',  ( 1.000000000000000000, 0.000000000000000000, 0.000000000000000000 ) ) ;
#1833 = ORIENTED_EDGE ( 'NONE', *, *, #4677, .T. ) ;
#1834 = FACE_BOUND ( 'NONE', #1503, .T. ) ;
#1835 = ORIENTED_EDGE ( 'NONE', *, *, #6076, .F. ) ;
#1836 = LINE ( 'NONE', #1464, #2273 ) ;
#1837 = CARTESIAN_POINT ( 'NONE',  ( 62.90000000000002700, -7.000000000000000000, -24.99999999999998579 ) ) ;
#1838 = FACE_OUTER_BOUND ( 'NONE', #4620, .T. ) ;
#1839 = ORIENTED_EDGE ( 'NONE', *, *, #4520, .T. ) ;
#1840 = ORIENTED_EDGE ( 'NONE', *, *, #4745, .F. ) ;
#1841 = ORIENTED_EDGE ( 'NONE', *, *, #4738, .T. ) ;
#1842 = FACE_OUTER_BOUND ( 'NONE', #2614, .T. ) ;
#1843 = CARTESIAN_POINT ( 'NONE',  ( 54.90000000000001279, -7.000000000000000000, 14.99999999999998757 ) ) ;
#1844 = CARTESIAN_POINT ( 'NONE',  ( 0.000000000000000000, -7.000000000000000000, 0.000000000000000000 ) ) ;
#1845 = EDGE_CURVE ( 'NONE', #828, #2690, #1061, .T. ) ;
#1846 = ORIENTED_EDGE ( 'NONE', *, *, #1589, .T. ) ;
#1847 = CARTESIAN_POINT ( 'NONE',  ( -19.99999999999998934, -3.000000000000000000, 2.850000000000003197 ) ) ;
#1848 = EDGE_CURVE ( 'NONE', #2421, #1314, #4144, .T. ) ;
#1849 = CARTESIAN_POINT ( 'NONE',  ( -2.055338264990500520E-14, 5.000000000000000000, -7.149999999999997691 ) ) ;
#1850 = CARTESIAN_POINT ( 'NONE',  ( -40.00000000000009237, 7.000000000000000000, -25.00000000000000000 ) ) ;
#1851 = ORIENTED_EDGE ( 'NONE', *, *, #2019, .F. ) ;
#1852 = AXIS2_PLACEMENT_3D ( 'NONE', #3826, #1934, #4837 ) ;
#1853 = EDGE_LOOP ( 'NONE', ( #354, #1011, #5587, #2813 ) ) ;
#1854 = EDGE_LOOP ( 'NONE', ( #209, #1068, #1942, #3248 ) ) ;
#1855 = DIRECTION ( 'NONE',  ( -1.000000000000000000, -0.000000000000000000, -0.000000000000000000 ) ) ;
#1856 = EDGE_CURVE ( 'NONE', #1301, #2814, #2574, .T. ) ;
#1857 = DIRECTION ( 'NONE',  ( -0.000000000000000000, 1.000000000000000000, -0.000000000000000000 ) ) ;
#1858 = DIRECTION ( 'NONE',  ( 0.000000000000000000, 0.000000000000000000, 1.000000000000000000 ) ) ;
#1859 = DIRECTION ( 'NONE',  ( -0.000000000000000000, 1.000000000000000000, -0.000000000000000000 ) ) ;
#1860 = EDGE_CURVE ( 'NONE', #421, #5930, #195, .T. ) ;
#1861 = CIRCLE ( 'NONE', #5626, 2.150000000000000799 ) ;
#1862 = EDGE_LOOP ( 'NONE', ( #1106, #1803 ) ) ;
#1863 = FACE_BOUND ( 'NONE', #6016, .T. ) ;
#1864 = EDGE_CURVE ( 'NONE', #2318, #2423, #3749, .T. ) ;
#1865 = FACE_OUTER_BOUND ( 'NONE', #2002, .T. ) ;
#1866 = FACE_OUTER_BOUND ( 'NONE', #6093, .T. ) ;
#1867 = FACE_OUTER_BOUND ( 'NONE', #2925, .T. ) ;
#1868 = DIRECTION ( 'NONE',  ( 0.000000000000000000, 0.000000000000000000, 1.000000000000000000 ) ) ;
#1869 = VECTOR ( 'NONE', #5202, 1000.000000000000000 ) ;
#1870 = ORIENTED_EDGE ( 'NONE', *, *, #3614, .F. ) ;
#1871 = ORIENTED_EDGE ( 'NONE', *, *, #296, .T. ) ;
#1872 = EDGE_LOOP ( 'NONE', ( #1536, #3359 ) ) ;
#1873 = CARTESIAN_POINT ( 'NONE',  ( -19.99999999999992184, 7.000000000000000000, 27.15000000000000213 ) ) ;
#1874 = CIRCLE ( 'NONE', #2669, 2.149999999999999023 ) ;
#1875 = DIRECTION ( 'NONE',  ( -0.000000000000000000, 1.000000000000000000, -0.000000000000000000 ) ) ;
#1876 = CARTESIAN_POINT ( 'NONE',  ( -50.00000000000009237, 5.000000000000000000, -27.15000000000000213 ) ) ;
#1877 = AXIS2_PLACEMENT_3D ( 'NONE', #6, #3352, #998 ) ;
#1878 = CIRCLE ( 'NONE', #5046, 2.149999999999999023 ) ;
#1879 = EDGE_LOOP ( 'NONE', ( #4377, #5970, #5718, #1028 ) ) ;
#1880 = AXIS2_PLACEMENT_3D ( 'NONE', #2835, #6058, #3763 ) ;
#1881 = VECTOR ( 'NONE', #2224, 1000.000000000000000 ) ;
#1882 = ORIENTED_EDGE ( 'NONE', *, *, #239, .F. ) ;
#1883 = CYLINDRICAL_SURFACE ( 'NONE', #2284, 2.049999999999999822 ) ;
#1884 = LINE ( 'NONE', #66, #5745 ) ;
#1885 = AXIS2_PLACEMENT_3D ( 'NONE', #5794, #3445, #5328 ) ;
#1886 = CARTESIAN_POINT ( 'NONE',  ( 70.00000000000001421, -3.499999999999999556, 17.94999999999999929 ) ) ;
#1887 = VERTEX_POINT ( 'NONE', #3972 ) ;
#1888 = EDGE_CURVE ( 'NONE', #4026, #5348, #4432, .T. ) ;
#1889 = CIRCLE ( 'NONE', #3283, 2.150000000000000799 ) ;
#1890 = CIRCLE ( 'NONE', #3483, 2.149999999999999023 ) ;
#1891 = ADVANCED_FACE ( 'NONE', ( #1617 ), #5820, .F. ) ;
#1892 = AXIS2_PLACEMENT_3D ( 'NONE', #1351, #1295, #3195 ) ;
#1893 = VERTEX_POINT ( 'NONE', #168 ) ;
#1894 = CYLINDRICAL_SURFACE ( 'NONE', #2474, 2.150000000000001243 ) ;
#1895 = AXIS2_PLACEMENT_3D ( 'NONE', #3108, #749, #5357 ) ;
#1896 = DIRECTION ( 'NONE',  ( -0.000000000000000000, 1.000000000000000000, -0.000000000000000000 ) ) ;
#1897 = ORIENTED_EDGE ( 'NONE', *, *, #1974, .F. ) ;
#1898 = LINE ( 'NONE', #4217, #3358 ) ;
#1899 = CARTESIAN_POINT ( 'NONE',  ( 0.000000000000000000, 0.000000000000000000, 0.000000000000000000 ) ) ;
#1900 = AXIS2_PLACEMENT_3D ( 'NONE', #3711, #4044, #2649 ) ;
#1901 = EDGE_CURVE ( 'NONE', #558, #3088, #1176, .T. ) ;
#1902 = AXIS2_PLACEMENT_3D ( 'NONE', #1656, #2648, #4978 ) ;
#1903 = FACE_BOUND ( 'NONE', #1436, .T. ) ;
#1904 = ORIENTED_EDGE ( 'NONE', *, *, #3543, .T. ) ;
#1905 = DIRECTION ( 'NONE',  ( -0.000000000000000000, 1.000000000000000000, -0.000000000000000000 ) ) ;
#1906 = CARTESIAN_POINT ( 'NONE',  ( -20.00000000000006040, -3.000000000000000000, -17.14999999999999858 ) ) ;
#1907 = DIRECTION ( 'NONE',  ( -0.000000000000000000, 1.000000000000000000, -0.000000000000000000 ) ) ;
#1908 = EDGE_CURVE ( 'NONE', #5928, #4514, #1471, .T. ) ;
#1909 = VERTEX_POINT ( 'NONE', #1150 ) ;
#1910 = ORIENTED_EDGE ( 'NONE', *, *, #5032, .T. ) ;
#1911 = VERTEX_POINT ( 'NONE', #3514 ) ;
#1912 = LINE ( 'NONE', #552, #3626 ) ;
#1913 = ADVANCED_FACE ( 'NONE', ( #1177 ), #722, .F. ) ;
#1914 = CARTESIAN_POINT ( 'NONE',  ( 54.00000000000049027, -0.000000000000000000, -53.99999999999973710 ) ) ;
#1915 = DIRECTION ( 'NONE',  ( 0.000000000000000000, -1.000000000000000000, 0.000000000000000000 ) ) ;
#1916 = ORIENTED_EDGE ( 'NONE', *, *, #3546, .F. ) ;
#1917 = ORIENTED_EDGE ( 'NONE', *, *, #4427, .T. ) ;
#1918 = CARTESIAN_POINT ( 'NONE',  ( 45.00000000000007105, 5.000000000000000000, 16.79999999999999361 ) ) ;
#1919 = DIRECTION ( 'NONE',  ( 0.000000000000000000, 0.000000000000000000, -1.000000000000000000 ) ) ;
#1920 = VERTEX_POINT ( 'NONE', #2141 ) ;
#1921 = CARTESIAN_POINT ( 'NONE',  ( -19.99999999999992184, 5.000000000000000000, 22.85000000000000142 ) ) ;
#1922 = EDGE_LOOP ( 'NONE', ( #3155, #2517 ) ) ;
#1923 = ORIENTED_EDGE ( 'NONE', *, *, #5170, .F. ) ;
#1924 = DIRECTION ( 'NONE',  ( -0.000000000000000000, 1.000000000000000000, -0.000000000000000000 ) ) ;
#1925 = DIRECTION ( 'NONE',  ( 0.000000000000000000, 1.000000000000000000, 0.000000000000000000 ) ) ;
#1926 = DIRECTION ( 'NONE',  ( -1.000000000000000000, -0.000000000000000000, -0.000000000000000000 ) ) ;
#1927 = CARTESIAN_POINT ( 'NONE',  ( 39.99999999999997868, -3.000000000000000000, -7.149999999999998579 ) ) ;
#1928 = VERTEX_POINT ( 'NONE', #4831 ) ;
#1930 = EDGE_LOOP ( 'NONE', ( #473, #4130, #3737, #1764 ) ) ;
#1929 = DIRECTION ( 'NONE',  ( 0.000000000000000000, 0.000000000000000000, -1.000000000000000000 ) ) ;
#1931 = ORIENTED_EDGE ( 'NONE', *, *, #4902, .F. ) ;
#1932 = CARTESIAN_POINT ( 'NONE',  ( 40.00000000000000711, -3.000000000000000000, 7.150000000000002132 ) ) ;
#1933 = EDGE_CURVE ( 'NONE', #960, #5393, #4378, .T. ) ;
#1934 = DIRECTION ( 'NONE',  ( 0.000000000000000000, 1.000000000000000000, 0.000000000000000000 ) ) ;
#1935 = CARTESIAN_POINT ( 'NONE',  ( -50.00000000000009237, -3.000000000000000000, -25.00000000000000000 ) ) ;
#1936 = ORIENTED_EDGE ( 'NONE', *, *, #347, .T. ) ;
#1937 = ORIENTED_EDGE ( 'NONE', *, *, #6033, .F. ) ;
#1938 = EDGE_LOOP ( 'NONE', ( #1257, #1112, #6005, #743 ) ) ;
#1939 = CARTESIAN_POINT ( 'NONE',  ( -39.99999999999998579, 7.000000000000000000, 7.150000000000002132 ) ) ;
#1940 = CARTESIAN_POINT ( 'NONE',  ( -54.89999999999999858, -7.000000000000000000, 15.00000000000000178 ) ) ;
#1941 = CARTESIAN_POINT ( 'NONE',  ( -40.00000000000002132, 7.000000000000000000, -4.999999999999997335 ) ) ;
#1942 = ORIENTED_EDGE ( 'NONE', *, *, #1245, .F. ) ;
#1943 = EDGE_CURVE ( 'NONE', #2337, #2456, #2758, .T. ) ;
#1944 = ORIENTED_EDGE ( 'NONE', *, *, #160, .F. ) ;
#1945 = CARTESIAN_POINT ( 'NONE',  ( 70.00000000000001421, -3.500000000000000000, 20.00000000000000000 ) ) ;
#1946 = EDGE_CURVE ( 'NONE', #5989, #2217, #4045, .T. ) ;
#1947 = CARTESIAN_POINT ( 'NONE',  ( -10.00000000000009237, -3.000000000000000000, -25.00000000000000000 ) ) ;
#1948 = ORIENTED_EDGE ( 'NONE', *, *, #3205, .F. ) ;
#1949 = ORIENTED_EDGE ( 'NONE', *, *, #4143, .F. ) ;
#1950 = ADVANCED_FACE ( 'NONE', ( #2518 ), #2044, .F. ) ;
#1951 = ORIENTED_EDGE ( 'NONE', *, *, #1708, .F. ) ;
#1952 = LINE ( 'NONE', #5235, #105 ) ;
#1953 = ORIENTED_EDGE ( 'NONE', *, *, #3044, .T. ) ;
#1954 = DIRECTION ( 'NONE',  ( -1.000000000000000000, 0.000000000000000000, -0.000000000000000000 ) ) ;
#1955 = CARTESIAN_POINT ( 'NONE',  ( -62.89999999999999858, -3.500000000000000000, 22.05000000000000071 ) ) ;
#1956 = EDGE_LOOP ( 'NONE', ( #444, #3161, #5090, #3067 ) ) ;
#1957 = VECTOR ( 'NONE', #3852, 1000.000000000000000 ) ;
#1958 = CARTESIAN_POINT ( 'NONE',  ( 19.99999999999998934, 5.000000000000000000, -4.999999999999997335 ) ) ;
#1959 = ORIENTED_EDGE ( 'NONE', *, *, #4435, .T. ) ;
#1960 = CARTESIAN_POINT ( 'NONE',  ( 49.99999999999998579, 5.000000000000000000, -4.999999999999997335 ) ) ;
#1961 = CARTESIAN_POINT ( 'NONE',  ( 39.99999999999990763, 7.000000000000000000, -27.15000000000000213 ) ) ;
#1962 = LINE ( 'NONE', #4227, #5162 ) ;
#1963 = EDGE_CURVE ( 'NONE', #4462, #4221, #3157, .T. ) ;
#1964 = ORIENTED_EDGE ( 'NONE', *, *, #3493, .F. ) ;
#1965 = EDGE_CURVE ( 'NONE', #4301, #5869, #4524, .T. ) ;
#1966 = ORIENTED_EDGE ( 'NONE', *, *, #1552, .T. ) ;
#1967 = ORIENTED_EDGE ( 'NONE', *, *, #1339, .T. ) ;
#1968 = CIRCLE ( 'NONE', #2861, 2.149999999999999023 ) ;
#1969 = CARTESIAN_POINT ( 'NONE',  ( -54.89999999999999147, -3.500000000000000000, -20.00000000000000000 ) ) ;
#1970 = CARTESIAN_POINT ( 'NONE',  ( -19.99999999999995381, 7.000000000000000000, 15.00000000000000178 ) ) ;
#1971 = FACE_OUTER_BOUND ( 'NONE', #5492, .T. ) ;
#1972 = CIRCLE ( 'NONE', #5135, 2.149999999999999023 ) ;
#1973 = EDGE_LOOP ( 'NONE', ( #2370, #1948, #3830, #4365 ) ) ;
#1974 = EDGE_CURVE ( 'NONE', #6070, #1086, #3633, .T. ) ;
#1975 = CIRCLE ( 'NONE', #1772, 2.150000000000000799 ) ;
#1976 = FACE_BOUND ( 'NONE', #5178, .T. ) ;
#1977 = EDGE_LOOP ( 'NONE', ( #376, #2739 ) ) ;
#1978 = DIRECTION ( 'NONE',  ( 0.000000000000000000, 1.000000000000000000, 0.000000000000000000 ) ) ;
#1979 = AXIS2_PLACEMENT_3D ( 'NONE', #405, #1265, #6003 ) ;
#1980 = CARTESIAN_POINT ( 'NONE',  ( -9.999999999999953815, 7.000000000000000000, 15.00000000000000178 ) ) ;
#1981 = VECTOR ( 'NONE', #5810, 1000.000000000000000 ) ;
#1982 = CIRCLE ( 'NONE', #2374, 2.149999999999999467 ) ;
#1983 = ADVANCED_FACE ( 'NONE', ( #5489 ), #375, .F. ) ;
#1984 = ORIENTED_EDGE ( 'NONE', *, *, #3110, .F. ) ;
#1985 = CARTESIAN_POINT ( 'NONE',  ( -30.00000000000008882, -3.000000000000000000, -25.00000000000000000 ) ) ;
#1986 = CIRCLE ( 'NONE', #2981, 2.049999999999999822 ) ;
#1987 = CARTESIAN_POINT ( 'NONE',  ( 10.00000000000004441, 5.000000000000000000, 15.00000000000000178 ) ) ;
#1988 = ADVANCED_FACE ( 'NONE', ( #1763 ), #2253, .F. ) ;
#1989 = VECTOR ( 'NONE', #3838, 1000.000000000000000 ) ;
#1990 = DIRECTION ( 'NONE',  ( 0.000000000000000000, 0.000000000000000000, 1.000000000000000000 ) ) ;
#1991 = AXIS2_PLACEMENT_3D ( 'NONE', #144, #17, #5304 ) ;
#1992 = CIRCLE ( 'NONE', #3475, 2.149999999999999023 ) ;
#1993 = AXIS2_PLACEMENT_3D ( 'NONE', #3230, #3700, #5086 ) ;
#1994 = CARTESIAN_POINT ( 'NONE',  ( 49.99999999999995026, 5.000000000000000000, -12.84999999999999787 ) ) ;
#1995 = ORIENTED_EDGE ( 'NONE', *, *, #2227, .F. ) ;
#1996 = AXIS2_PLACEMENT_3D ( 'NONE', #4110, #2187, #5933 ) ;
#1997 = DIRECTION ( 'NONE',  ( -0.000000000000000000, 1.000000000000000000, -0.000000000000000000 ) ) ;
#1998 = UNCERTAINTY_MEASURE_WITH_UNIT (LENGTH_MEASURE( 1.000000000000000082E-05 ), #90, 'distance_accuracy_value', 'NONE');
#1999 = CARTESIAN_POINT ( 'NONE',  ( -10.00000000000005684, 7.000000000000000000, -17.14999999999999858 ) ) ;
#2000 = AXIS2_PLACEMENT_3D ( 'NONE', #3467, #1925, #3353 ) ;
#2001 = ORIENTED_EDGE ( 'NONE', *, *, #2536, .F. ) ;
#2002 = EDGE_LOOP ( 'NONE', ( #2137, #1453, #3850, #902 ) ) ;
#2003 = ORIENTED_EDGE ( 'NONE', *, *, #4255, .T. ) ;
#2004 = DIRECTION ( 'NONE',  ( -0.000000000000000000, 1.000000000000000000, -0.000000000000000000 ) ) ;
#2005 = FACE_OUTER_BOUND ( 'NONE', #5025, .T. ) ;
#2006 = FACE_OUTER_BOUND ( 'NONE', #1647, .T. ) ;
#2007 = DIRECTION ( 'NONE',  ( -0.000000000000000000, 1.000000000000000000, -0.000000000000000000 ) ) ;
#2008 = ORIENTED_EDGE ( 'NONE', *, *, #4161, .T. ) ;
#2009 = DIRECTION ( 'NONE',  ( 0.000000000000000000, 0.000000000000000000, 1.000000000000000000 ) ) ;
#2010 = EDGE_LOOP ( 'NONE', ( #1052, #5504, #1750, #3813 ) ) ;
#2011 = CARTESIAN_POINT ( 'NONE',  ( 29.99999999999991473, 5.000000000000000000, -27.15000000000000213 ) ) ;
#2012 = ADVANCED_FACE ( 'NONE', ( #3571 ), #6040, .F. ) ;
#2013 = LINE ( 'NONE', #5761, #6039 ) ;
#2014 = ORIENTED_EDGE ( 'NONE', *, *, #624, .F. ) ;
#2015 = PLANE ( 'NONE',  #1877 ) ;
#2016 = CARTESIAN_POINT ( 'NONE',  ( -9.020562075079396891E-14, 7.000000000000000000, -25.00000000000000000 ) ) ;
#2017 = CARTESIAN_POINT ( 'NONE',  ( -39.99999999999991473, -3.000000000000000000, 27.15000000000000213 ) ) ;
#2018 = VERTEX_POINT ( 'NONE', #5954 ) ;
#2019 = EDGE_CURVE ( 'NONE', #782, #1909, #1372, .T. ) ;
#2020 = LINE ( 'NONE', #3909, #3473 ) ;
#2021 = CARTESIAN_POINT ( 'NONE',  ( 30.00000000000001421, 7.000000000000000000, 5.000000000000000888 ) ) ;
#2022 = DIRECTION ( 'NONE',  ( 0.000000000000000000, 0.000000000000000000, -1.000000000000000000 ) ) ;
#2023 = CARTESIAN_POINT ( 'NONE',  ( 19.99999999999992184, 5.000000000000000000, -27.15000000000000213 ) ) ;
#2024 = ORIENTED_EDGE ( 'NONE', *, *, #5910, .F. ) ;
#2025 = EDGE_CURVE ( 'NONE', #5639, #5532, #1276, .T. ) ;
#2026 = ORIENTED_EDGE ( 'NONE', *, *, #3593, .T. ) ;
#2027 = VERTEX_POINT ( 'NONE', #4097 ) ;
#2028 = ORIENTED_EDGE ( 'NONE', *, *, #523, .F. ) ;
#2029 = CARTESIAN_POINT ( 'NONE',  ( 29.99999999999994316, 7.000000000000000000, -15.00000000000000000 ) ) ;
#2030 = DIRECTION ( 'NONE',  ( 0.000000000000000000, 0.000000000000000000, 1.000000000000000000 ) ) ;
#2031 = DIRECTION ( 'NONE',  ( 0.000000000000000000, 0.000000000000000000, 1.000000000000000000 ) ) ;
#2032 =( LENGTH_UNIT ( ) NAMED_UNIT ( * ) SI_UNIT ( .MILLI., .METRE. ) );
#2033 = ORIENTED_EDGE ( 'NONE', *, *, #4508, .T. ) ;
#2034 = DIRECTION ( 'NONE',  ( -0.000000000000000000, 1.000000000000000000, -0.000000000000000000 ) ) ;
#2035 = VERTEX_POINT ( 'NONE', #1799 ) ;
#2036 = DIRECTION ( 'NONE',  ( 0.000000000000000000, 0.000000000000000000, 1.000000000000000000 ) ) ;
#2037 = DIRECTION ( 'NONE',  ( 0.000000000000000000, 1.000000000000000000, 0.000000000000000000 ) ) ;
#2038 = CYLINDRICAL_SURFACE ( 'NONE', #3278, 2.150000000000000799 ) ;
#2039 = EDGE_CURVE ( 'NONE', #3104, #2932, #689, .T. ) ;
#2040 = ADVANCED_FACE ( 'NONE', ( #323 ), #863, .F. ) ;
#2041 = EDGE_LOOP ( 'NONE', ( #3788, #359, #4176, #5213 ) ) ;
#2042 = PLANE ( 'NONE',  #4350 ) ;
#2043 = VERTEX_POINT ( 'NONE', #746 ) ;
#2044 = CYLINDRICAL_SURFACE ( 'NONE', #1375, 2.149999999999997247 ) ;
#2045 = CARTESIAN_POINT ( 'NONE',  ( -2.081668171172168513E-14, 5.000000000000000000, -2.849999999999997424 ) ) ;
#2046 = PLANE ( 'NONE',  #2069 ) ;
#2047 = DIRECTION ( 'NONE',  ( -0.000000000000000000, -0.000000000000000000, 1.000000000000000000 ) ) ;
#2048 = FACE_OUTER_BOUND ( 'NONE', #3615, .T. ) ;
#2049 = CARTESIAN_POINT ( 'NONE',  ( 62.89999999999999858, 0.000000000000000000, -15.00000000000001599 ) ) ;
#2050 = EDGE_CURVE ( 'NONE', #3244, #25, #5731, .T. ) ;
#2051 = VECTOR ( 'NONE', #4198, 1000.000000000000114 ) ;
#2052 = ORIENTED_EDGE ( 'NONE', *, *, #4349, .F. ) ;
#2053 = EDGE_CURVE ( 'NONE', #3497, #2318, #2639, .T. ) ;
#2054 = ORIENTED_EDGE ( 'NONE', *, *, #3656, .F. ) ;
#2055 = EDGE_LOOP ( 'NONE', ( #3409, #1964 ) ) ;
#2056 = DIRECTION ( 'NONE',  ( 0.000000000000000000, 0.000000000000000000, 1.000000000000000000 ) ) ;
#2057 = CARTESIAN_POINT ( 'NONE',  ( 62.99999999999998579, 7.000000000000000000, 33.00000000000000000 ) ) ;
#2058 = CARTESIAN_POINT ( 'NONE',  ( -10.00000000000005684, -3.000000000000000000, -15.00000000000000000 ) ) ;
#2059 = EDGE_CURVE ( 'NONE', #3712, #4383, #5048, .T. ) ;
#2060 = CYLINDRICAL_SURFACE ( 'NONE', #5456, 2.149999999999999023 ) ;
#2061 = EDGE_LOOP ( 'NONE', ( #4551, #2243 ) ) ;
#2062 = FACE_BOUND ( 'NONE', #4526, .T. ) ;
#2063 = ORIENTED_EDGE ( 'NONE', *, *, #1571, .F. ) ;
#2064 = DIRECTION ( 'NONE',  ( 0.000000000000000000, 0.000000000000000000, -1.000000000000000000 ) ) ;
#2065 = CARTESIAN_POINT ( 'NONE',  ( -9.020562075079396891E-14, -3.000000000000000000, -25.00000000000000000 ) ) ;
#2066 = DIRECTION ( 'NONE',  ( 0.000000000000000000, 1.000000000000000000, 0.000000000000000000 ) ) ;
#2067 = AXIS2_PLACEMENT_3D ( 'NONE', #1634, #157, #2601 ) ;
#2068 = VECTOR ( 'NONE', #2933, 1000.000000000000000 ) ;
#2069 = AXIS2_PLACEMENT_3D ( 'NONE', #200, #4969, #1125 ) ;
#2070 = ORIENTED_EDGE ( 'NONE', *, *, #4330, .T. ) ;
#2071 = DIRECTION ( 'NONE',  ( 0.000000000000000000, -1.000000000000000000, 0.000000000000000000 ) ) ;
#2072 = DIRECTION ( 'NONE',  ( 0.000000000000000000, -1.000000000000000000, 0.000000000000000000 ) ) ;
#2073 = AXIS2_PLACEMENT_3D ( 'NONE', #3659, #2727, #4636 ) ;
#2074 = CARTESIAN_POINT ( 'NONE',  ( -40.00000000000009237, 5.000000000000000000, -27.15000000000000213 ) ) ;
#2075 = DIRECTION ( 'NONE',  ( -0.000000000000000000, -1.000000000000000000, -0.000000000000000000 ) ) ;
#2076 = EDGE_CURVE ( 'NONE', #4416, #1338, #1972, .T. ) ;
#2077 = AXIS2_PLACEMENT_3D ( 'NONE', #651, #681, #3968 ) ;
#2078 = VECTOR ( 'NONE', #543, 1000.000000000000000 ) ;
#2079 = AXIS2_PLACEMENT_3D ( 'NONE', #111, #4477, #4439 ) ;
#2080 = VECTOR ( 'NONE', #4239, 1000.000000000000000 ) ;
#2081 = FACE_BOUND ( 'NONE', #5068, .T. ) ;
#2082 = AXIS2_PLACEMENT_3D ( 'NONE', #2970, #5787, #5384 ) ;
#2083 = DIRECTION ( 'NONE',  ( 0.000000000000000000, 0.000000000000000000, 1.000000000000000000 ) ) ;
#2084 = AXIS2_PLACEMENT_3D ( 'NONE', #1958, #4381, #566 ) ;
#2085 = CYLINDRICAL_SURFACE ( 'NONE', #2559, 2.150000000000000799 ) ;
#2086 = DIRECTION ( 'NONE',  ( 1.000000000000000000, 0.000000000000000000, -0.000000000000000000 ) ) ;
#2087 = CIRCLE ( 'NONE', #4369, 2.149999999999997691 ) ;
#2088 = EDGE_CURVE ( 'NONE', #34, #5894, #2960, .T. ) ;
#2089 = AXIS2_PLACEMENT_3D ( 'NONE', #1790, #2248, #797 ) ;
#2090 = AXIS2_PLACEMENT_3D ( 'NONE', #5923, #5468, #1219 ) ;
#2091 = CIRCLE ( 'NONE', #2577, 3.200000000000005063 ) ;
#2092 = VERTEX_POINT ( 'NONE', #4122 ) ;
#2093 = EDGE_LOOP ( 'NONE', ( #4493, #1757, #583, #6066 ) ) ;
#2094 = AXIS2_PLACEMENT_3D ( 'NONE', #390, #4600, #3213 ) ;
#2095 = ORIENTED_EDGE ( 'NONE', *, *, #1442, .T. ) ;
#2096 = DIRECTION ( 'NONE',  ( 0.000000000000000000, 1.000000000000000000, 0.000000000000000000 ) ) ;
#2097 = DIRECTION ( 'NONE',  ( -0.000000000000000000, 1.000000000000000000, -0.000000000000000000 ) ) ;
#2098 = DIRECTION ( 'NONE',  ( -0.000000000000000000, 1.000000000000000000, -0.000000000000000000 ) ) ;
#2099 = EDGE_CURVE ( 'NONE', #4467, #3018, #5436, .T. ) ;
#2100 = ORIENTED_EDGE ( 'NONE', *, *, #5388, .T. ) ;
#2101 = AXIS2_PLACEMENT_3D ( 'NONE', #2439, #122, #3316 ) ;
#2102 = CARTESIAN_POINT ( 'NONE',  ( -69.99999999999998579, 0.000000000000000000, -40.00000000000000000 ) ) ;
#2103 = EDGE_CURVE ( 'NONE', #1569, #5581, #6127, .T. ) ;
#2104 = ORIENTED_EDGE ( 'NONE', *, *, #4207, .F. ) ;
#2105 = DIRECTION ( 'NONE',  ( 0.000000000000000000, -1.000000000000000000, 0.000000000000000000 ) ) ;
#2106 = LINE ( 'NONE', #188, #3591 ) ;
#2107 = CARTESIAN_POINT ( 'NONE',  ( 30.00000000000008171, 7.000000000000000000, 25.00000000000000000 ) ) ;
#2108 = VERTEX_POINT ( 'NONE', #1921 ) ;
#2109 = DIRECTION ( 'NONE',  ( 0.000000000000000000, 1.000000000000000000, 0.000000000000000000 ) ) ;
#2110 = CARTESIAN_POINT ( 'NONE',  ( -19.99999999999995381, 7.000000000000000000, 17.14999999999999858 ) ) ;
#2111 = ORIENTED_EDGE ( 'NONE', *, *, #4317, .F. ) ;
#2112 = DIRECTION ( 'NONE',  ( 0.000000000000000000, 0.000000000000000000, -1.000000000000000000 ) ) ;
#2113 = CARTESIAN_POINT ( 'NONE',  ( -29.99999999999995381, 5.000000000000000000, 15.00000000000000178 ) ) ;
#2114 = ORIENTED_EDGE ( 'NONE', *, *, #5674, .T. ) ;
#2115 = CARTESIAN_POINT ( 'NONE',  ( 62.89999999999999858, -7.000000000000000000, 15.00000000000001599 ) ) ;
#2116 = DIRECTION ( 'NONE',  ( 0.000000000000000000, 0.000000000000000000, 1.000000000000000000 ) ) ;
#2117 = EDGE_LOOP ( 'NONE', ( #5834, #2104 ) ) ;
#2118 = CARTESIAN_POINT ( 'NONE',  ( 50.00000000000001421, 5.000000000000000000, 2.849999999999999645 ) ) ;
#2119 = CARTESIAN_POINT ( 'NONE',  ( 62.90000000000001279, -3.500000000000000000, -20.00000000000000000 ) ) ;
#2120 = EDGE_LOOP ( 'NONE', ( #486, #2255, #5596, #6092, #4403, #1646, #3379, #259 ) ) ;
#2121 = ADVANCED_FACE ( 'NONE', ( #5633 ), #2824, .T. ) ;
#2122 = VERTEX_POINT ( 'NONE', #2851 ) ;
#2123 = EDGE_CURVE ( 'NONE', #1928, #760, #467, .T. ) ;
#2124 = ORIENTED_EDGE ( 'NONE', *, *, #5012, .T. ) ;
#2125 = DIRECTION ( 'NONE',  ( -0.000000000000000000, 1.000000000000000000, -0.000000000000000000 ) ) ;
#2126 = FACE_OUTER_BOUND ( 'NONE', #1289, .T. ) ;
#2127 = DIRECTION ( 'NONE',  ( 0.000000000000000000, -1.000000000000000000, 0.000000000000000000 ) ) ;
#2128 = VERTEX_POINT ( 'NONE', #4675 ) ;
#2129 = FACE_BOUND ( 'NONE', #2236, .T. ) ;
#2130 = ORIENTED_EDGE ( 'NONE', *, *, #1677, .F. ) ;
#2131 = CYLINDRICAL_SURFACE ( 'NONE', #3274, 2.149999999999999467 ) ;
#2132 = LINE ( 'NONE', #5907, #2192 ) ;
#2133 = DIRECTION ( 'NONE',  ( 0.000000000000000000, 0.000000000000000000, 1.000000000000000000 ) ) ;
#2134 = EDGE_LOOP ( 'NONE', ( #5832, #5110, #4791, #3999 ) ) ;
#2135 = ADVANCED_FACE ( 'NONE', ( #4702 ), #3292, .F. ) ;
#2136 = EDGE_CURVE ( 'NONE', #3437, #1342, #5700, .T. ) ;
#2137 = ORIENTED_EDGE ( 'NONE', *, *, #5982, .F. ) ;
#2138 = LINE ( 'NONE', #285, #4647 ) ;
#2139 = CARTESIAN_POINT ( 'NONE',  ( -54.89999999999999858, -7.000000000000000000, 15.00000000000000178 ) ) ;
#2140 = VERTEX_POINT ( 'NONE', #5136 ) ;
#2141 = CARTESIAN_POINT ( 'NONE',  ( -29.99999999999998934, 5.000000000000000000, 7.149999999999998579 ) ) ;
#2142 = DIRECTION ( 'NONE',  ( 0.000000000000000000, 0.000000000000000000, -1.000000000000000000 ) ) ;
#2143 = EDGE_CURVE ( 'NONE', #1598, #2344, #6132, .T. ) ;
#2144 = DIRECTION ( 'NONE',  ( 0.000000000000000000, 1.000000000000000000, 0.000000000000000000 ) ) ;
#2145 = DIRECTION ( 'NONE',  ( 0.5812381937190944647, 0.8137334712067363363, 0.000000000000000000 ) ) ;
#2146 = CARTESIAN_POINT ( 'NONE',  ( 54.90000000000001279, 0.000000000000000000, 24.99999999999998579 ) ) ;
#2147 = FACE_BOUND ( 'NONE', #175, .T. ) ;
#2148 = VERTEX_POINT ( 'NONE', #5231 ) ;
#2149 = ORIENTED_EDGE ( 'NONE', *, *, #2897, .T. ) ;
#2150 = EDGE_LOOP ( 'NONE', ( #1312, #5680, #3586, #2459 ) ) ;
#2151 = DIRECTION ( 'NONE',  ( 0.000000000000000000, 0.000000000000000000, -1.000000000000000000 ) ) ;
#2152 = LINE ( 'NONE', #2998, #2155 ) ;
#2153 = FACE_OUTER_BOUND ( 'NONE', #3856, .T. ) ;
#2154 = ADVANCED_FACE ( 'NONE', ( #5176 ), #958, .F. ) ;
#2155 = VECTOR ( 'NONE', #4881, 1000.000000000000000 ) ;
#2156 = EDGE_CURVE ( 'NONE', #5532, #3530, #1452, .T. ) ;
#2157 = EDGE_LOOP ( 'NONE', ( #3492, #2719, #5802, #988 ) ) ;
#2158 = CARTESIAN_POINT ( 'NONE',  ( -50.00000000000005684, 5.000000000000000000, -15.00000000000000000 ) ) ;
#2159 = ORIENTED_EDGE ( 'NONE', *, *, #3653, .F. ) ;
#2160 = AXIS2_PLACEMENT_3D ( 'NONE', #1806, #1742, #380 ) ;
#2161 = DIRECTION ( 'NONE',  ( -0.000000000000000000, 1.000000000000000000, -0.000000000000000000 ) ) ;
#2162 = CARTESIAN_POINT ( 'NONE',  ( -19.99999999999995381, -3.000000000000000000, 15.00000000000000178 ) ) ;
#2163 = DIRECTION ( 'NONE',  ( 0.000000000000000000, 0.000000000000000000, 1.000000000000000000 ) ) ;
#2164 = VERTEX_POINT ( 'NONE', #4731 ) ;
#2165 = CARTESIAN_POINT ( 'NONE',  ( 29.99999999999991473, -3.000000000000000000, -22.85000000000000142 ) ) ;
#2166 = DIRECTION ( 'NONE',  ( -0.000000000000000000, 1.000000000000000000, -0.000000000000000000 ) ) ;
#2167 = VECTOR ( 'NONE', #992, 1000.000000000000000 ) ;
#2168 = DIRECTION ( 'NONE',  ( 1.000000000000000000, -0.000000000000000000, -0.000000000000000000 ) ) ;
#2169 = DIRECTION ( 'NONE',  ( -0.000000000000000000, 1.000000000000000000, -0.000000000000000000 ) ) ;
#2170 = EDGE_CURVE ( 'NONE', #2312, #2814, #4345, .T. ) ;
#2171 = DIRECTION ( 'NONE',  ( 0.000000000000000000, 0.000000000000000000, 1.000000000000000000 ) ) ;
#2172 = CIRCLE ( 'NONE', #5440, 2.049999999999999822 ) ;
#2173 = EDGE_CURVE ( 'NONE', #1447, #834, #1180, .T. ) ;
#2174 = LINE ( 'NONE', #5112, #15 ) ;
#2175 = CARTESIAN_POINT ( 'NONE',  ( -40.00000000000002132, 5.000000000000000000, -4.999999999999997335 ) ) ;
#2176 = AXIS2_PLACEMENT_3D ( 'NONE', #5179, #538, #2482 ) ;
#2177 = FACE_BOUND ( 'NONE', #1710, .T. ) ;
#2178 = VECTOR ( 'NONE', #619, 1000.000000000000000 ) ;
#2179 = VECTOR ( 'NONE', #1859, 1000.000000000000000 ) ;
#2180 = ORIENTED_EDGE ( 'NONE', *, *, #5184, .F. ) ;
#2181 = CIRCLE ( 'NONE', #5645, 2.149999999999999023 ) ;
#2182 = VERTEX_POINT ( 'NONE', #6073 ) ;
#2184 = DIRECTION ( 'NONE',  ( 0.000000000000000000, 1.000000000000000000, 0.000000000000000000 ) ) ;
#2183 = CIRCLE ( 'NONE', #4845, 2.149999999999999023 ) ;
#2185 = AXIS2_PLACEMENT_3D ( 'NONE', #4331, #2418, #3413 ) ;
#2186 = DIRECTION ( 'NONE',  ( 0.000000000000000000, 0.000000000000000000, 1.000000000000000000 ) ) ;
#2187 = DIRECTION ( 'NONE',  ( 0.000000000000000000, 1.000000000000000000, 0.000000000000000000 ) ) ;
#2188 = AXIS2_PLACEMENT_3D ( 'NONE', #4587, #4500, #5491 ) ;
#2189 = ORIENTED_EDGE ( 'NONE', *, *, #4558, .F. ) ;
#2190 = AXIS2_PLACEMENT_3D ( 'NONE', #1143, #3034, #1235 ) ;
#2191 = EDGE_LOOP ( 'NONE', ( #5281, #5084, #5662, #4667 ) ) ;
#2192 = VECTOR ( 'NONE', #1664, 1000.000000000000000 ) ;
#2193 = ORIENTED_EDGE ( 'NONE', *, *, #3281, .T. ) ;
#2194 = LINE ( 'NONE', #4517, #5876 ) ;
#2195 = EDGE_CURVE ( 'NONE', #2832, #4087, #298, .T. ) ;
#2196 = CARTESIAN_POINT ( 'NONE',  ( 39.99999999999993605, -3.000000000000000000, -12.84999999999999787 ) ) ;
#2197 = DIRECTION ( 'NONE',  ( -0.000000000000000000, 1.000000000000000000, -0.000000000000000000 ) ) ;
#2198 = CIRCLE ( 'NONE', #1900, 2.149999999999999023 ) ;
#2199 = AXIS2_PLACEMENT_3D ( 'NONE', #529, #4793, #2963 ) ;
#2200 = ORIENTED_EDGE ( 'NONE', *, *, #4691, .T. ) ;
#2201 = CARTESIAN_POINT ( 'NONE',  ( 9.999999999999904077, -3.000000000000000000, -25.00000000000000000 ) ) ;
#2202 = EDGE_CURVE ( 'NONE', #3916, #5348, #4637, .T. ) ;
#2203 = DIRECTION ( 'NONE',  ( 0.000000000000000000, 0.000000000000000000, 1.000000000000000000 ) ) ;
#2204 = DIRECTION ( 'NONE',  ( 0.000000000000000000, 0.000000000000000000, -1.000000000000000000 ) ) ;
#2205 = CARTESIAN_POINT ( 'NONE',  ( 20.00000000000008882, 7.000000000000000000, 22.85000000000000142 ) ) ;
#2206 = ORIENTED_EDGE ( 'NONE', *, *, #3273, .T. ) ;
#2207 = CARTESIAN_POINT ( 'NONE',  ( -30.00000000000002487, 7.000000000000000000, -2.849999999999999645 ) ) ;
#2208 = CARTESIAN_POINT ( 'NONE',  ( 8.326672684688674053E-14, 7.000000000000000000, 25.00000000000000000 ) ) ;
#2209 = FACE_OUTER_BOUND ( 'NONE', #4348, .T. ) ;
#2210 = FACE_BOUND ( 'NONE', #4765, .T. ) ;
#2211 = ADVANCED_FACE ( 'NONE', ( #2419 ), #3747, .F. ) ;
#2212 = ORIENTED_EDGE ( 'NONE', *, *, #765, .T. ) ;
#2213 = ORIENTED_EDGE ( 'NONE', *, *, #4671, .T. ) ;
#2214 = DIRECTION ( 'NONE',  ( 1.000000000000000000, 0.000000000000000000, 0.000000000000000000 ) ) ;
#2215 = LINE ( 'NONE', #878, #1461 ) ;
#2216 = CARTESIAN_POINT ( 'NONE',  ( -62.89999999999999858, -7.000000000000000000, -25.00000000000000000 ) ) ;
#2217 = VERTEX_POINT ( 'NONE', #899 ) ;
#2218 = ORIENTED_EDGE ( 'NONE', *, *, #5702, .T. ) ;
#2219 = ORIENTED_EDGE ( 'NONE', *, *, #3356, .T. ) ;
#2220 = CARTESIAN_POINT ( 'NONE',  ( 20.00000000000006040, 7.000000000000000000, 12.85000000000000320 ) ) ;
#2221 = FACE_OUTER_BOUND ( 'NONE', #5683, .T. ) ;
#2222 = LINE ( 'NONE', #345, #2490 ) ;
#2223 = ORIENTED_EDGE ( 'NONE', *, *, #4100, .F. ) ;
#2224 = DIRECTION ( 'NONE',  ( -0.000000000000000000, -0.000000000000000000, 1.000000000000000000 ) ) ;
#2225 = CYLINDRICAL_SURFACE ( 'NONE', #4650, 2.149999999999999023 ) ;
#2226 = DIRECTION ( 'NONE',  ( 0.000000000000000000, 0.000000000000000000, -1.000000000000000000 ) ) ;
#2227 = EDGE_CURVE ( 'NONE', #4467, #4335, #1518, .T. ) ;
#2228 = EDGE_CURVE ( 'NONE', #1596, #5211, #3162, .T. ) ;
#2229 = ORIENTED_EDGE ( 'NONE', *, *, #2025, .T. ) ;
#2230 = EDGE_LOOP ( 'NONE', ( #1356, #1916 ) ) ;
#2231 = CARTESIAN_POINT ( 'NONE',  ( 29.99999999999991473, 7.000000000000000000, -25.00000000000000000 ) ) ;
#2232 = CARTESIAN_POINT ( 'NONE',  ( -39.99999999999998579, 7.000000000000000000, 5.000000000000000888 ) ) ;
#2233 = DIRECTION ( 'NONE',  ( 0.000000000000000000, 0.000000000000000000, -1.000000000000000000 ) ) ;
#2234 = CARTESIAN_POINT ( 'NONE',  ( 49.99999999999995026, 7.000000000000000000, -12.84999999999999787 ) ) ;
#2235 = ADVANCED_FACE ( 'NONE', ( #672 ), #4393, .F. ) ;
#2236 = EDGE_LOOP ( 'NONE', ( #5695, #3945 ) ) ;
#2237 = EDGE_LOOP ( 'NONE', ( #975, #1689, #2663, #3051 ) ) ;
#2238 = CARTESIAN_POINT ( 'NONE',  ( -50.00000000000005684, -3.000000000000000000, -12.84999999999999787 ) ) ;
#2239 = ADVANCED_FACE ( 'NONE', ( #1114 ), #2563, .F. ) ;
#2240 = CARTESIAN_POINT ( 'NONE',  ( 19.99999999999998934, -3.000000000000000000, -7.149999999999995026 ) ) ;
#2241 = CARTESIAN_POINT ( 'NONE',  ( -62.89999999999999858, 0.000000000000000000, 25.00000000000000000 ) ) ;
#2242 = ORIENTED_EDGE ( 'NONE', *, *, #437, .F. ) ;
#2243 = ORIENTED_EDGE ( 'NONE', *, *, #1435, .F. ) ;
#2244 = ORIENTED_EDGE ( 'NONE', *, *, #2792, .T. ) ;
#2245 = CARTESIAN_POINT ( 'NONE',  ( -30.00000000000008882, 5.000000000000000000, -27.15000000000000213 ) ) ;
#2246 = ADVANCED_FACE ( 'NONE', ( #5785 ), #4363, .F. ) ;
#2247 = CYLINDRICAL_SURFACE ( 'NONE', #2698, 2.150000000000000799 ) ;
#2248 = DIRECTION ( 'NONE',  ( -1.000000000000000000, -0.000000000000000000, -0.000000000000000000 ) ) ;
#2249 = CIRCLE ( 'NONE', #4234, 2.149999999999999023 ) ;
#2250 = EDGE_LOOP ( 'NONE', ( #4124, #4734, #2725, #2124 ) ) ;
#2251 = CARTESIAN_POINT ( 'NONE',  ( -50.00000000000005684, -3.000000000000000000, -15.00000000000000000 ) ) ;
#2252 = DIRECTION ( 'NONE',  ( 0.000000000000000000, 0.000000000000000000, 1.000000000000000000 ) ) ;
#2253 = CYLINDRICAL_SURFACE ( 'NONE', #3946, 2.150000000000000799 ) ;
#2254 = EDGE_LOOP ( 'NONE', ( #5107, #2435 ) ) ;
#2255 = ORIENTED_EDGE ( 'NONE', *, *, #836, .T. ) ;
#2256 = ORIENTED_EDGE ( 'NONE', *, *, #2856, .F. ) ;
#2257 = CARTESIAN_POINT ( 'NONE',  ( -19.99999999999992184, 5.000000000000000000, 25.00000000000000000 ) ) ;
#2258 = DIRECTION ( 'NONE',  ( 0.000000000000000000, 0.000000000000000000, 1.000000000000000000 ) ) ;
#2259 = EDGE_CURVE ( 'NONE', #5625, #1920, #4244, .T. ) ;
#2260 = LINE ( 'NONE', #843, #4533 ) ;
#2261 = FACE_BOUND ( 'NONE', #6063, .T. ) ;
#2262 = AXIS2_PLACEMENT_3D ( 'NONE', #2702, #4148, #4991 ) ;
#2263 = EDGE_LOOP ( 'NONE', ( #3696, #1826, #1745, #1428 ) ) ;
#2264 = VECTOR ( 'NONE', #1162, 1000.000000000000000 ) ;
#2266 = ORIENTED_EDGE ( 'NONE', *, *, #5381, .T. ) ;
#2265 = FACE_BOUND ( 'NONE', #4057, .T. ) ;
#2267 = VECTOR ( 'NONE', #2668, 1000.000000000000000 ) ;
#2268 = VERTEX_POINT ( 'NONE', #3870 ) ;
#2269 = DIRECTION ( 'NONE',  ( -0.000000000000000000, 1.000000000000000000, -0.000000000000000000 ) ) ;
#2270 = EDGE_CURVE ( 'NONE', #5686, #5759, #131, .T. ) ;
#2271 = DIRECTION ( 'NONE',  ( 0.000000000000000000, 1.000000000000000000, 0.000000000000000000 ) ) ;
#2272 = CARTESIAN_POINT ( 'NONE',  ( 68.00000000000001421, 0.000000000000000000, -40.00000000000000000 ) ) ;
#2273 = VECTOR ( 'NONE', #2269, 1000.000000000000000 ) ;
#2274 = AXIS2_PLACEMENT_3D ( 'NONE', #1669, #4027, #5364 ) ;
#2275 = VECTOR ( 'NONE', #5771, 1000.000000000000000 ) ;
#2276 = EDGE_LOOP ( 'NONE', ( #4040, #2816 ) ) ;
#2277 = AXIS2_PLACEMENT_3D ( 'NONE', #2990, #204, #1591 ) ;
#2278 = EDGE_LOOP ( 'NONE', ( #109, #2206, #3724, #3228 ) ) ;
#2279 = AXIS2_PLACEMENT_3D ( 'NONE', #560, #2446, #95 ) ;
#2280 = ORIENTED_EDGE ( 'NONE', *, *, #4997, .F. ) ;
#2281 = CYLINDRICAL_SURFACE ( 'NONE', #4990, 2.149999999999999023 ) ;
#2282 = EDGE_CURVE ( 'NONE', #4252, #644, #3660, .T. ) ;
#2283 = DIRECTION ( 'NONE',  ( -0.000000000000000000, 1.000000000000000000, -0.000000000000000000 ) ) ;
#2284 = AXIS2_PLACEMENT_3D ( 'NONE', #2417, #6101, #2916 ) ;
#2285 = CARTESIAN_POINT ( 'NONE',  ( -30.00000000000008882, -3.000000000000000000, -27.15000000000000213 ) ) ;
#2286 = ORIENTED_EDGE ( 'NONE', *, *, #2173, .T. ) ;
#2287 = AXIS2_PLACEMENT_3D ( 'NONE', #1178, #264, #2142 ) ;
#2288 = CIRCLE ( 'NONE', #5749, 2.150000000000000799 ) ;
#2289 = ADVANCED_FACE ( 'NONE', ( #1541 ), #3899, .F. ) ;
#2290 = EDGE_LOOP ( 'NONE', ( #2054, #5800, #3074, #3532 ) ) ;
#2291 = DIRECTION ( 'NONE',  ( -0.000000000000000000, 1.000000000000000000, -0.000000000000000000 ) ) ;
#2292 = VECTOR ( 'NONE', #2409, 1000.000000000000227 ) ;
#2293 = LINE ( 'NONE', #2701, #1578 ) ;
#2294 = CARTESIAN_POINT ( 'NONE',  ( -9.999999999999918288, -3.000000000000000000, 25.00000000000000000 ) ) ;
#2295 = VECTOR ( 'NONE', #2829, 1000.000000000000000 ) ;
#2296 = EDGE_CURVE ( 'NONE', #4326, #421, #983, .T. ) ;
#2297 = CIRCLE ( 'NONE', #3690, 2.150000000000000799 ) ;
#2298 = ORIENTED_EDGE ( 'NONE', *, *, #1606, .T. ) ;
#2299 = DIRECTION ( 'NONE',  ( 0.000000000000000000, 0.000000000000000000, 1.000000000000000000 ) ) ;
#2300 = DIRECTION ( 'NONE',  ( -0.000000000000000000, 1.000000000000000000, -0.000000000000000000 ) ) ;
#2301 = CARTESIAN_POINT ( 'NONE',  ( 19.99999999999994671, 7.000000000000000000, -15.00000000000000000 ) ) ;
#2302 = DIRECTION ( 'NONE',  ( 0.000000000000000000, -0.000000000000000000, -1.000000000000000000 ) ) ;
#2303 = ORIENTED_EDGE ( 'NONE', *, *, #5225, .T. ) ;
#2304 = ORIENTED_EDGE ( 'NONE', *, *, #1188, .T. ) ;
#2305 = FACE_BOUND ( 'NONE', #236, .T. ) ;
#2306 = VERTEX_POINT ( 'NONE', #3029 ) ;
#2307 = LINE ( 'NONE', #2407, #4947 ) ;
#2308 = DIRECTION ( 'NONE',  ( 0.000000000000000000, 0.000000000000000000, -1.000000000000000000 ) ) ;
#2309 = DIRECTION ( 'NONE',  ( 0.000000000000000000, 0.000000000000000000, 1.000000000000000000 ) ) ;
#2310 = EDGE_CURVE ( 'NONE', #5272, #960, #5382, .T. ) ;
#2311 = VERTEX_POINT ( 'NONE', #2509 ) ;
#2312 = VERTEX_POINT ( 'NONE', #3463 ) ;
#2313 = ORIENTED_EDGE ( 'NONE', *, *, #327, .T. ) ;
#2314 = DIRECTION ( 'NONE',  ( -0.000000000000000000, 1.000000000000000000, -0.000000000000000000 ) ) ;
#2315 = CARTESIAN_POINT ( 'NONE',  ( 54.90000000000001279, -7.000000000000000000, -24.99999999999998579 ) ) ;
#2316 = DIRECTION ( 'NONE',  ( 0.000000000000000000, 1.000000000000000000, 0.000000000000000000 ) ) ;
#2317 = CIRCLE ( 'NONE', #5780, 2.149999999999999023 ) ;
#2318 = VERTEX_POINT ( 'NONE', #1568 ) ;
#2319 = CARTESIAN_POINT ( 'NONE',  ( 0.000000000000000000, -7.000000000000000000, 0.000000000000000000 ) ) ;
#2320 = CARTESIAN_POINT ( 'NONE',  ( 54.90000000000001279, -7.000000000000000000, 14.99999999999998757 ) ) ;
#2321 = DIRECTION ( 'NONE',  ( -0.000000000000000000, 1.000000000000000000, -0.000000000000000000 ) ) ;
#2322 = ADVANCED_FACE ( 'NONE', ( #5317 ), #5758, .F. ) ;
#2323 = ORIENTED_EDGE ( 'NONE', *, *, #4691, .F. ) ;
#2324 = EDGE_CURVE ( 'NONE', #2122, #91, #5335, .T. ) ;
#2325 = EDGE_LOOP ( 'NONE', ( #4409, #5401, #5505, #3504, #2744 ) ) ;
#2326 = PLANE ( 'NONE',  #4450 ) ;
#2327 = DIRECTION ( 'NONE',  ( -0.000000000000000000, -1.000000000000000000, -0.000000000000000000 ) ) ;
#2328 = DIRECTION ( 'NONE',  ( 1.000000000000000000, 0.000000000000000000, 0.000000000000000000 ) ) ;
#2329 = EDGE_CURVE ( 'NONE', #4987, #5860, #3956, .T. ) ;
#2330 = DIRECTION ( 'NONE',  ( 0.000000000000000000, 0.000000000000000000, 1.000000000000000000 ) ) ;
#2331 = ORIENTED_EDGE ( 'NONE', *, *, #5465, .F. ) ;
#2332 = FACE_BOUND ( 'NONE', #4706, .T. ) ;
#2333 = ORIENTED_EDGE ( 'NONE', *, *, #536, .F. ) ;
#2334 = DIRECTION ( 'NONE',  ( -0.000000000000000000, 1.000000000000000000, -0.000000000000000000 ) ) ;
#2335 = DIRECTION ( 'NONE',  ( 0.000000000000000000, -1.000000000000000000, 0.000000000000000000 ) ) ;
#2336 = DIRECTION ( 'NONE',  ( -0.000000000000000000, 1.000000000000000000, -0.000000000000000000 ) ) ;
#2337 = VERTEX_POINT ( 'NONE', #1166 ) ;
#2338 = ORIENTED_EDGE ( 'NONE', *, *, #3110, .T. ) ;
#2339 = ORIENTED_EDGE ( 'NONE', *, *, #6062, .T. ) ;
#2340 = DIRECTION ( 'NONE',  ( 0.000000000000000000, 0.000000000000000000, -1.000000000000000000 ) ) ;
#2341 = DIRECTION ( 'NONE',  ( -0.000000000000000000, 1.000000000000000000, -0.000000000000000000 ) ) ;
#2342 = ADVANCED_FACE ( 'NONE', ( #4855, #4487, #1079, #1976, #2062, #2968, #4163, #423, #6055, #2129, #1700, #1367, #1810, #5615, #5588, #3304, #3706, #1340, #3596, #2265, #3236, #939, #3732, #4653, #5185, #3760, #4048, #5652, #5939, #2833, #5118, #5904, #3096, #5153, #1202, #3265, #912, #4684, #1230, #451, #2332, #4981, #1863, #847, #2738, #875, #2305, #2768, #4020, #5480, #2807, #4195, #4222, #6087, #252, #1834, #6115, #3120, #1406, #1660, #3558, #5444, #736, #2628 ), #4619, .T. ) ;
#2343 = EDGE_CURVE ( 'NONE', #498, #2500, #4548, .T. ) ;
#2344 = VERTEX_POINT ( 'NONE', #2949 ) ;
#2345 = ORIENTED_EDGE ( 'NONE', *, *, #4804, .T. ) ;
#2346 = FACE_OUTER_BOUND ( 'NONE', #3453, .T. ) ;
#2347 = DIRECTION ( 'NONE',  ( 0.000000000000000000, 1.000000000000000000, 0.000000000000000000 ) ) ;
#2348 = CARTESIAN_POINT ( 'NONE',  ( 54.90000000000001279, -7.000000000000000000, 24.99999999999998579 ) ) ;
#2349 = VERTEX_POINT ( 'NONE', #3448 ) ;
#2350 = AXIS2_PLACEMENT_3D ( 'NONE', #4622, #2271, #5592 ) ;
#2351 = ADVANCED_FACE ( 'NONE', ( #5739 ), #2924, .F. ) ;
#2352 = ORIENTED_EDGE ( 'NONE', *, *, #3416, .F. ) ;
#2353 = LINE ( 'NONE', #2855, #2672 ) ;
#2354 = DIRECTION ( 'NONE',  ( -0.000000000000000000, 1.000000000000000000, -0.000000000000000000 ) ) ;
#2355 = AXIS2_PLACEMENT_3D ( 'NONE', #3612, #1274, #357 ) ;
#2356 = EDGE_CURVE ( 'NONE', #3714, #2769, #4834, .T. ) ;
#2357 = LINE ( 'NONE', #5276, #3057 ) ;
#2358 = FACE_BOUND ( 'NONE', #2055, .T. ) ;
#2359 = AXIS2_PLACEMENT_3D ( 'NONE', #2016, #3443, #5327 ) ;
#2360 = ORIENTED_EDGE ( 'NONE', *, *, #4298, .T. ) ;
#2361 = EDGE_CURVE ( 'NONE', #1545, #5535, #3849, .T. ) ;
#2363 = ORIENTED_EDGE ( 'NONE', *, *, #2743, .T. ) ;
#2362 = CARTESIAN_POINT ( 'NONE',  ( 40.00000000000000711, -3.000000000000000000, 5.000000000000000888 ) ) ;
#2364 = ORIENTED_EDGE ( 'NONE', *, *, #2762, .F. ) ;
#2365 = CARTESIAN_POINT ( 'NONE',  ( 29.99999999999994316, 5.000000000000000000, -15.00000000000000000 ) ) ;
#2366 = CARTESIAN_POINT ( 'NONE',  ( -70.00000000000000000, 1.999999999999994893, 37.99999999999997158 ) ) ;
#2367 = CARTESIAN_POINT ( 'NONE',  ( -29.99999999999995381, 7.000000000000000000, 15.00000000000000178 ) ) ;
#2368 = VECTOR ( 'NONE', #3923, 1000.000000000000000 ) ;
#2369 = CIRCLE ( 'NONE', #4549, 2.150000000000001243 ) ;
#2370 = ORIENTED_EDGE ( 'NONE', *, *, #932, .T. ) ;
#2371 = ORIENTED_EDGE ( 'NONE', *, *, #2461, .T. ) ;
#2372 = VERTEX_POINT ( 'NONE', #2455 ) ;
#2373 = DIRECTION ( 'NONE',  ( 0.000000000000000000, -1.000000000000000000, 0.000000000000000000 ) ) ;
#2374 = AXIS2_PLACEMENT_3D ( 'NONE', #721, #3103, #2609 ) ;
#2375 = DIRECTION ( 'NONE',  ( 0.000000000000000000, 0.000000000000000000, 1.000000000000000000 ) ) ;
#2376 = LINE ( 'NONE', #4696, #1792 ) ;
#2377 = CIRCLE ( 'NONE', #4952, 2.149999999999999023 ) ;
#2378 = AXIS2_PLACEMENT_3D ( 'NONE', #1553, #3360, #4807 ) ;
#2379 = AXIS2_PLACEMENT_3D ( 'NONE', #5284, #4012, #4811 ) ;
#2380 = ORIENTED_EDGE ( 'NONE', *, *, #4863, .F. ) ;
#2381 = CIRCLE ( 'NONE', #506, 2.150000000000000799 ) ;
#2382 = CIRCLE ( 'NONE', #796, 2.149999999999999023 ) ;
#2383 = VERTEX_POINT ( 'NONE', #3332 ) ;
#2384 = AXIS2_PLACEMENT_3D ( 'NONE', #4901, #1648, #3577 ) ;
#2385 = CARTESIAN_POINT ( 'NONE',  ( 0.000000000000000000, -7.000000000000000000, 0.000000000000000000 ) ) ;
#2386 = DIRECTION ( 'NONE',  ( -0.000000000000000000, 1.000000000000000000, -0.000000000000000000 ) ) ;
#2387 = AXIS2_PLACEMENT_3D ( 'NONE', #3542, #723, #4098 ) ;
#2388 = CIRCLE ( 'NONE', #2782, 2.150000000000001243 ) ;
#2389 = DIRECTION ( 'NONE',  ( 0.000000000000000000, 0.8137334712067350040, -0.5812381937190963521 ) ) ;
#2390 = ORIENTED_EDGE ( 'NONE', *, *, #5236, .T. ) ;
#2391 = CIRCLE ( 'NONE', #3777, 2.149999999999999023 ) ;
#2392 = AXIS2_PLACEMENT_3D ( 'NONE', #2732, #4591, #4614 ) ;
#2393 = EDGE_CURVE ( 'NONE', #3738, #3573, #5741, .T. ) ;
#2394 = AXIS2_PLACEMENT_3D ( 'NONE', #3740, #5259, #59 ) ;
#2395 = ADVANCED_FACE ( 'NONE', ( #4782 ), #2902, .F. ) ;
#2396 = VECTOR ( 'NONE', #2197, 1000.000000000000000 ) ;
#2397 = VERTEX_POINT ( 'NONE', #595 ) ;
#2398 = CARTESIAN_POINT ( 'NONE',  ( 49.99999999999995026, -3.000000000000000000, -12.84999999999999787 ) ) ;
#2399 = AXIS2_PLACEMENT_3D ( 'NONE', #4737, #5608, #5180 ) ;
#2400 = LINE ( 'NONE', #1398, #717 ) ;
#2401 = LINE ( 'NONE', #4285, #775 ) ;
#2402 = LINE ( 'NONE', #3792, #3175 ) ;
#2403 = CIRCLE ( 'NONE', #1113, 2.149999999999997247 ) ;
#2404 = EDGE_LOOP ( 'NONE', ( #3130, #1668, #5524, #1753 ) ) ;
#2405 = CYLINDRICAL_SURFACE ( 'NONE', #2675, 2.150000000000001243 ) ;
#2406 = ORIENTED_EDGE ( 'NONE', *, *, #1373, .F. ) ;
#2407 = CARTESIAN_POINT ( 'NONE',  ( -20.00000000000002487, -3.000000000000000000, -7.149999999999995026 ) ) ;
#2408 = CARTESIAN_POINT ( 'NONE',  ( 62.89999999999999858, -7.000000000000000000, -15.00000000000001599 ) ) ;
#2409 = DIRECTION ( 'NONE',  ( -0.6311687442672051507, 0.4508348173337149434, 0.6311687442672008208 ) ) ;
#2410 = ORIENTED_EDGE ( 'NONE', *, *, #5763, .T. ) ;
#2411 = ORIENTED_EDGE ( 'NONE', *, *, #84, .F. ) ;
#2412 = ORIENTED_EDGE ( 'NONE', *, *, #5963, .F. ) ;
#2413 = DIRECTION ( 'NONE',  ( -0.000000000000000000, 1.000000000000000000, -0.000000000000000000 ) ) ;
#2414 = LINE ( 'NONE', #1914, #1802 ) ;
#2415 = ORIENTED_EDGE ( 'NONE', *, *, #4255, .F. ) ;
#2416 = ORIENTED_EDGE ( 'NONE', *, *, #945, .F. ) ;
#2417 = CARTESIAN_POINT ( 'NONE',  ( 70.00000000000001421, -3.500000000000000000, 20.00000000000000000 ) ) ;
#2418 = DIRECTION ( 'NONE',  ( -1.000000000000000000, -0.000000000000000000, -2.775557561562899634E-15 ) ) ;
#2419 = FACE_OUTER_BOUND ( 'NONE', #4704, .T. ) ;
#2420 = ORIENTED_EDGE ( 'NONE', *, *, #4843, .T. ) ;
#2421 = VERTEX_POINT ( 'NONE', #5278 ) ;
#2422 = CYLINDRICAL_SURFACE ( 'NONE', #1383, 2.149999999999999023 ) ;
#2423 = VERTEX_POINT ( 'NONE', #5709 ) ;
#2424 = CARTESIAN_POINT ( 'NONE',  ( -39.99999999999995026, -3.000000000000000000, 17.15000000000000213 ) ) ;
#2425 = ADVANCED_FACE ( 'NONE', ( #3887 ), #2405, .F. ) ;
#2426 = CARTESIAN_POINT ( 'NONE',  ( -49.99999999999998579, 5.000000000000000000, 2.849999999999999645 ) ) ;
#2427 = EDGE_CURVE ( 'NONE', #5411, #245, #3865, .T. ) ;
#2428 = EDGE_LOOP ( 'NONE', ( #5976, #1809, #3252, #4243 ) ) ;
#2430 = ORIENTED_EDGE ( 'NONE', *, *, #3900, .T. ) ;
#2429 = DIRECTION ( 'NONE',  ( 0.000000000000000000, 0.000000000000000000, -1.000000000000000000 ) ) ;
#2431 = ORIENTED_EDGE ( 'NONE', *, *, #145, .T. ) ;
#2432 = CARTESIAN_POINT ( 'NONE',  ( 62.90000000000002700, -7.000000000000000000, 24.99999999999998579 ) ) ;
#2433 = DIRECTION ( 'NONE',  ( 0.000000000000000000, 0.000000000000000000, 1.000000000000000000 ) ) ;
#2434 = CARTESIAN_POINT ( 'NONE',  ( 0.000000000000000000, 1.999999999999991340, -40.00000000000000000 ) ) ;
#2435 = ORIENTED_EDGE ( 'NONE', *, *, #1080, .F. ) ;
#2436 = EDGE_LOOP ( 'NONE', ( #1060, #2502 ) ) ;
#2437 = ORIENTED_EDGE ( 'NONE', *, *, #6074, .F. ) ;
#2438 = CARTESIAN_POINT ( 'NONE',  ( -49.99999999999998579, 5.000000000000000000, 5.000000000000000888 ) ) ;
#2439 = CARTESIAN_POINT ( 'NONE',  ( 30.00000000000005329, -3.000000000000000000, 15.00000000000000178 ) ) ;
#2440 = DIRECTION ( 'NONE',  ( -0.000000000000000000, 1.000000000000000000, -0.000000000000000000 ) ) ;
#2441 = EDGE_CURVE ( 'NONE', #3256, #4506, #1093, .T. ) ;
#2442 = ORIENTED_EDGE ( 'NONE', *, *, #4630, .F. ) ;
#2443 = EDGE_CURVE ( 'NONE', #179, #2337, #4314, .T. ) ;
#2444 = ORIENTED_EDGE ( 'NONE', *, *, #3121, .T. ) ;
#2445 = CARTESIAN_POINT ( 'NONE',  ( 10.00000000000007816, 5.000000000000000000, 22.85000000000000142 ) ) ;
#2446 = DIRECTION ( 'NONE',  ( 0.000000000000000000, -1.000000000000000000, 0.000000000000000000 ) ) ;
#2447 = ORIENTED_EDGE ( 'NONE', *, *, #443, .F. ) ;
#2448 = VERTEX_POINT ( 'NONE', #3397 ) ;
#2449 = CYLINDRICAL_SURFACE ( 'NONE', #4550, 2.149999999999999023 ) ;
#2450 = EDGE_LOOP ( 'NONE', ( #2095, #2070, #3028, #1734 ) ) ;
#2451 = DIRECTION ( 'NONE',  ( 0.000000000000000000, 0.000000000000000000, 1.000000000000000000 ) ) ;
#2452 = CYLINDRICAL_SURFACE ( 'NONE', #4458, 2.149999999999999023 ) ;
#2453 = AXIS2_PLACEMENT_3D ( 'NONE', #3183, #2741, #5564 ) ;
#2454 = CIRCLE ( 'NONE', #290, 2.149999999999999911 ) ;
#2455 = CARTESIAN_POINT ( 'NONE',  ( 40.00000000000000711, 7.000000000000000000, 7.150000000000002132 ) ) ;
#2456 = VERTEX_POINT ( 'NONE', #1064 ) ;
#2457 = CARTESIAN_POINT ( 'NONE',  ( 62.90000000000001279, -3.500000000000000000, -17.94999999999999929 ) ) ;
#2458 = FACE_OUTER_BOUND ( 'NONE', #2938, .T. ) ;
#2459 = ORIENTED_EDGE ( 'NONE', *, *, #3234, .F. ) ;
#2460 = ORIENTED_EDGE ( 'NONE', *, *, #1963, .F. ) ;
#2461 = EDGE_CURVE ( 'NONE', #2140, #177, #2778, .T. ) ;
#2462 = VERTEX_POINT ( 'NONE', #1994 ) ;
#2463 = AXIS2_PLACEMENT_3D ( 'NONE', #474, #936, #3300 ) ;
#2464 = LINE ( 'NONE', #4389, #4945 ) ;
#2465 = CARTESIAN_POINT ( 'NONE',  ( 9.999999999999939604, 5.000000000000000000, -17.14999999999999858 ) ) ;
#2466 = CARTESIAN_POINT ( 'NONE',  ( 19.99999999999994671, 5.000000000000000000, -17.14999999999999858 ) ) ;
#2467 = CYLINDRICAL_SURFACE ( 'NONE', #5647, 2.049999999999999822 ) ;
#2468 = AXIS2_PLACEMENT_3D ( 'NONE', #2294, #1329, #5578 ) ;
#2469 = VERTEX_POINT ( 'NONE', #1434 ) ;
#2470 = CIRCLE ( 'NONE', #2967, 2.049999999999999822 ) ;
#2471 = DIRECTION ( 'NONE',  ( 0.000000000000000000, 0.000000000000000000, 1.000000000000000000 ) ) ;
#2472 = ORIENTED_EDGE ( 'NONE', *, *, #3751, .T. ) ;
#2473 = CYLINDRICAL_SURFACE ( 'NONE', #2777, 2.149999999999999467 ) ;
#2474 = AXIS2_PLACEMENT_3D ( 'NONE', #5678, #1429, #3327 ) ;
#2475 = DIRECTION ( 'NONE',  ( 0.000000000000000000, 0.000000000000000000, -1.000000000000000000 ) ) ;
#2476 = CIRCLE ( 'NONE', #2094, 2.150000000000000799 ) ;
#2477 = AXIS2_PLACEMENT_3D ( 'NONE', #4095, #1762, #5978 ) ;
#2478 = EDGE_CURVE ( 'NONE', #3442, #4575, #3580, .T. ) ;
#2479 = VECTOR ( 'NONE', #3321, 1000.000000000000000 ) ;
#2480 = VERTEX_POINT ( 'NONE', #478 ) ;
#2481 = AXIS2_PLACEMENT_3D ( 'NONE', #944, #5658, #5689 ) ;
#2482 = DIRECTION ( 'NONE',  ( 0.000000000000000000, 0.000000000000000000, 1.000000000000000000 ) ) ;
#2483 = CIRCLE ( 'NONE', #2279, 2.149999999999999023 ) ;
#2484 = DIRECTION ( 'NONE',  ( 0.000000000000000000, 0.000000000000000000, 1.000000000000000000 ) ) ;
#2485 = AXIS2_PLACEMENT_3D ( 'NONE', #5428, #1065, #2952 ) ;
#2486 = CARTESIAN_POINT ( 'NONE',  ( 39.99999999999990763, -3.000000000000000000, -27.15000000000000213 ) ) ;
#2487 = CIRCLE ( 'NONE', #798, 2.049999999999999822 ) ;
#2488 = ADVANCED_FACE ( 'NONE', ( #4254 ), #5795, .F. ) ;
#2489 = VECTOR ( 'NONE', #325, 1000.000000000000000 ) ;
#2490 = VECTOR ( 'NONE', #4117, 1000.000000000000000 ) ;
#2491 = CIRCLE ( 'NONE', #4766, 2.150000000000001243 ) ;
#2493 = ORIENTED_EDGE ( 'NONE', *, *, #4052, .F. ) ;
#2492 = DIRECTION ( 'NONE',  ( 0.000000000000000000, 0.000000000000000000, 1.000000000000000000 ) ) ;
#2494 = DIRECTION ( 'NONE',  ( 0.000000000000000000, -1.000000000000000000, 0.000000000000000000 ) ) ;
#2495 = PRODUCT_DEFINITION_FORMATION_WITH_SPECIFIED_SOURCE ( 'ANY', '', #4959, .NOT_KNOWN. ) ;
#2496 = DIRECTION ( 'NONE',  ( -0.000000000000000000, 1.000000000000000000, -0.000000000000000000 ) ) ;
#2497 = FACE_OUTER_BOUND ( 'NONE', #4975, .T. ) ;
#2498 = AXIS2_PLACEMENT_3D ( 'NONE', #5290, #3950, #5899 ) ;
#2499 = ORIENTED_EDGE ( 'NONE', *, *, #5073, .T. ) ;
#2500 = VERTEX_POINT ( 'NONE', #4746 ) ;
#2501 = ORIENTED_EDGE ( 'NONE', *, *, #2324, .F. ) ;
#2502 = ORIENTED_EDGE ( 'NONE', *, *, #5312, .F. ) ;
#2503 = CARTESIAN_POINT ( 'NONE',  ( 62.90000000000001279, -3.500000000000000000, 20.00000000000000000 ) ) ;
#2504 = DIRECTION ( 'NONE',  ( 0.000000000000000000, 0.000000000000000000, 1.000000000000000000 ) ) ;
#2505 = DIRECTION ( 'NONE',  ( -0.000000000000000000, 1.000000000000000000, -0.000000000000000000 ) ) ;
#2506 = EDGE_CURVE ( 'NONE', #1223, #6054, #2020, .T. ) ;
#2507 = ADVANCED_FACE ( 'NONE', ( #1903, #515 ), #3821, .F. ) ;
#2508 = ORIENTED_EDGE ( 'NONE', *, *, #3255, .F. ) ;
#2509 = CARTESIAN_POINT ( 'NONE',  ( -40.00000000000005684, 5.000000000000000000, -17.14999999999999858 ) ) ;
#2510 = EDGE_LOOP ( 'NONE', ( #5132, #306 ) ) ;
#2511 = DIRECTION ( 'NONE',  ( 0.000000000000000000, 0.000000000000000000, 1.000000000000000000 ) ) ;
#2512 = FACE_OUTER_BOUND ( 'NONE', #1821, .T. ) ;
#2513 = DIRECTION ( 'NONE',  ( 0.000000000000000000, -1.000000000000000000, 0.000000000000000000 ) ) ;
#2514 = ORIENTED_EDGE ( 'NONE', *, *, #5982, .T. ) ;
#2515 = CYLINDRICAL_SURFACE ( 'NONE', #4747, 2.149999999999999023 ) ;
#2516 = EDGE_CURVE ( 'NONE', #5897, #3094, #4366, .T. ) ;
#2517 = ORIENTED_EDGE ( 'NONE', *, *, #5225, .F. ) ;
#2518 = FACE_OUTER_BOUND ( 'NONE', #5097, .T. ) ;
#2519 = CARTESIAN_POINT ( 'NONE',  ( 49.99999999999992184, -3.000000000000000000, -25.00000000000000000 ) ) ;
#2520 = EDGE_CURVE ( 'NONE', #2766, #4489, #5152, .T. ) ;
#2521 = FACE_OUTER_BOUND ( 'NONE', #2263, .T. ) ;
#2522 = EDGE_CURVE ( 'NONE', #4987, #2268, #2487, .T. ) ;
#2523 = CARTESIAN_POINT ( 'NONE',  ( 39.99999999999997868, -3.000000000000000000, -4.999999999999997335 ) ) ;
#2524 = LINE ( 'NONE', #4438, #4624 ) ;
#2525 = CYLINDRICAL_SURFACE ( 'NONE', #4649, 2.150000000000001243 ) ;
#2526 = ORIENTED_EDGE ( 'NONE', *, *, #536, .T. ) ;
#2527 = EDGE_LOOP ( 'NONE', ( #3411, #5964, #1469, #5515 ) ) ;
#2528 = ORIENTED_EDGE ( 'NONE', *, *, #5303, .F. ) ;
#2529 = CARTESIAN_POINT ( 'NONE',  ( -50.00000000000002132, -3.000000000000000000, -2.849999999999996092 ) ) ;
#2530 = CARTESIAN_POINT ( 'NONE',  ( -53.89999999999998437, 5.000000000000004441, -32.00000000000000000 ) ) ;
#2531 = DIRECTION ( 'NONE',  ( 0.000000000000000000, 0.000000000000000000, 1.000000000000000000 ) ) ;
#2532 = ORIENTED_EDGE ( 'NONE', *, *, #3273, .F. ) ;
#2533 = CARTESIAN_POINT ( 'NONE',  ( 20.00000000000008882, 5.000000000000000000, 25.00000000000000000 ) ) ;
#2534 = ORIENTED_EDGE ( 'NONE', *, *, #5080, .F. ) ;
#2535 = CARTESIAN_POINT ( 'NONE',  ( 9.999999999999973355, -3.000000000000000000, -4.999999999999997335 ) ) ;
#2536 = EDGE_CURVE ( 'NONE', #245, #5411, #1588, .T. ) ;
#2537 = CARTESIAN_POINT ( 'NONE',  ( 54.90000000000001279, -7.000000000000000000, 14.99999999999998757 ) ) ;
#2538 = FACE_OUTER_BOUND ( 'NONE', #949, .T. ) ;
#2539 = ORIENTED_EDGE ( 'NONE', *, *, #5496, .F. ) ;
#2540 = CARTESIAN_POINT ( 'NONE',  ( -49.99999999999992184, 5.000000000000000000, 27.15000000000000213 ) ) ;
#2541 = EDGE_CURVE ( 'NONE', #3730, #5264, #4461, .T. ) ;
#2542 = CARTESIAN_POINT ( 'NONE',  ( 70.00000000000001421, -3.499999999999999556, -22.05000000000000071 ) ) ;
#2543 = ORIENTED_EDGE ( 'NONE', *, *, #2764, .F. ) ;
#2544 = DIRECTION ( 'NONE',  ( 0.000000000000000000, 0.000000000000000000, 1.000000000000000000 ) ) ;
#2545 = CARTESIAN_POINT ( 'NONE',  ( -50.00000000000009237, 5.000000000000000000, -22.85000000000000142 ) ) ;
#2546 = PLANE ( 'NONE',  #5354 ) ;
#2547 = EDGE_CURVE ( 'NONE', #3787, #5535, #5254, .T. ) ;
#2548 = DIRECTION ( 'NONE',  ( 0.000000000000000000, 0.000000000000000000, -1.000000000000000000 ) ) ;
#2549 = CARTESIAN_POINT ( 'NONE',  ( 10.00000000000000888, 7.000000000000000000, 7.150000000000000355 ) ) ;
#2550 = FACE_OUTER_BOUND ( 'NONE', #3840, .T. ) ;
#2551 = EDGE_CURVE ( 'NONE', #424, #2018, #1218, .T. ) ;
#2552 = AXIS2_PLACEMENT_3D ( 'NONE', #4786, #1066, #2927 ) ;
#2553 = ORIENTED_EDGE ( 'NONE', *, *, #3949, .T. ) ;
#2554 = EDGE_LOOP ( 'NONE', ( #4388, #5809, #3279, #82 ) ) ;
#2555 = VERTEX_POINT ( 'NONE', #3078 ) ;
#2556 = CYLINDRICAL_SURFACE ( 'NONE', #2569, 2.150000000000001243 ) ;
#2557 = LINE ( 'NONE', #2595, #5165 ) ;
#2558 = DIRECTION ( 'NONE',  ( 0.000000000000000000, 0.000000000000000000, 1.000000000000000000 ) ) ;
#2559 = AXIS2_PLACEMENT_3D ( 'NONE', #5892, #4934, #1127 ) ;
#2560 = CARTESIAN_POINT ( 'NONE',  ( 20.00000000000001776, 5.000000000000000000, 2.850000000000003197 ) ) ;
#2561 = VERTEX_POINT ( 'NONE', #3107 ) ;
#2562 = CIRCLE ( 'NONE', #391, 3.200000000000005063 ) ;
#2563 = PLANE ( 'NONE',  #5533 ) ;
#2564 = EDGE_LOOP ( 'NONE', ( #2114, #1414, #2959, #5418 ) ) ;
#2565 = DIRECTION ( 'NONE',  ( 0.000000000000000000, -1.000000000000000000, 0.000000000000000000 ) ) ;
#2566 = CARTESIAN_POINT ( 'NONE',  ( -62.99999999999998579, 7.000000000000000000, -33.00000000000000000 ) ) ;
#2567 = DIRECTION ( 'NONE',  ( 0.000000000000000000, 0.000000000000000000, -1.000000000000000000 ) ) ;
#2568 = AXIS2_PLACEMENT_3D ( 'NONE', #2533, #221, #3436 ) ;
#2569 = AXIS2_PLACEMENT_3D ( 'NONE', #1108, #1537, #4417 ) ;
#2570 = AXIS2_PLACEMENT_3D ( 'NONE', #2231, #414, #3133 ) ;
#2571 = ORIENTED_EDGE ( 'NONE', *, *, #5526, .T. ) ;
#2572 = DIRECTION ( 'NONE',  ( 0.000000000000000000, 0.000000000000000000, -1.000000000000000000 ) ) ;
#2573 = DIRECTION ( 'NONE',  ( -1.000000000000000000, 0.000000000000000000, 0.000000000000000000 ) ) ;
#2574 = LINE ( 'NONE', #5886, #4440 ) ;
#2575 = CARTESIAN_POINT ( 'NONE',  ( 30.00000000000005329, 7.000000000000000000, 12.84999999999999964 ) ) ;
#2576 = EDGE_CURVE ( 'NONE', #4800, #4335, #6049, .T. ) ;
#2577 = AXIS2_PLACEMENT_3D ( 'NONE', #816, #5582, #1332 ) ;
#2578 = EDGE_CURVE ( 'NONE', #2873, #2148, #3664, .T. ) ;
#2579 = ORIENTED_EDGE ( 'NONE', *, *, #5269, .T. ) ;
#2580 = AXIS2_PLACEMENT_3D ( 'NONE', #3261, #3302, #6083 ) ;
#2581 = AXIS2_PLACEMENT_3D ( 'NONE', #3322, #3381, #497 ) ;
#2582 = CARTESIAN_POINT ( 'NONE',  ( -50.00000000000002132, 7.000000000000000000, -4.999999999999997335 ) ) ;
#2583 = AXIS2_PLACEMENT_3D ( 'NONE', #5486, #1238, #3128 ) ;
#2584 = CYLINDRICAL_SURFACE ( 'NONE', #5753, 2.150000000000001243 ) ;
#2585 = DIRECTION ( 'NONE',  ( -0.000000000000000000, 1.000000000000000000, -0.000000000000000000 ) ) ;
#2586 = DIRECTION ( 'NONE',  ( -1.000000000000000000, -0.000000000000000000, -2.775557561562899634E-15 ) ) ;
#2587 = AXIS2_PLACEMENT_3D ( 'NONE', #5367, #3885, #4312 ) ;
#2588 = VECTOR ( 'NONE', #5055, 1000.000000000000000 ) ;
#2589 = AXIS2_PLACEMENT_3D ( 'NONE', #3637, #5519, #6046 ) ;
#2590 = ORIENTED_EDGE ( 'NONE', *, *, #432, .F. ) ;
#2591 = ORIENTED_EDGE ( 'NONE', *, *, #3298, .F. ) ;
#2592 = AXIS2_PLACEMENT_3D ( 'NONE', #4661, #1466, #3853 ) ;
#2593 = ORIENTED_EDGE ( 'NONE', *, *, #4327, .F. ) ;
#2594 = CARTESIAN_POINT ( 'NONE',  ( -49.99999999999995737, -3.000000000000000000, 15.00000000000000178 ) ) ;
#2595 = CARTESIAN_POINT ( 'NONE',  ( -62.89999999999999858, 0.000000000000000000, -15.00000000000000178 ) ) ;
#2596 = AXIS2_PLACEMENT_3D ( 'NONE', #4424, #1704, #227 ) ;
#2597 = CARTESIAN_POINT ( 'NONE',  ( -20.00000000000002487, -3.000000000000000000, -4.999999999999997335 ) ) ;
#2598 = EDGE_CURVE ( 'NONE', #2372, #954, #224, .T. ) ;
#2599 = VERTEX_POINT ( 'NONE', #748 ) ;
#2600 = VECTOR ( 'NONE', #980, 1000.000000000000000 ) ;
#2601 = DIRECTION ( 'NONE',  ( 0.000000000000000000, 0.000000000000000000, 1.000000000000000000 ) ) ;
#2602 = ORIENTED_EDGE ( 'NONE', *, *, #3823, .T. ) ;
#2603 = CARTESIAN_POINT ( 'NONE',  ( 49.99999999999992184, 7.000000000000000000, -27.15000000000000213 ) ) ;
#2604 = EDGE_CURVE ( 'NONE', #2555, #2623, #6031, .T. ) ;
#2605 = DIRECTION ( 'NONE',  ( 1.000000000000000000, 0.000000000000000000, -0.000000000000000000 ) ) ;
#2606 = CARTESIAN_POINT ( 'NONE',  ( 19.99999999999994671, -3.000000000000000000, -17.14999999999999858 ) ) ;
#2607 = VERTEX_POINT ( 'NONE', #5493 ) ;
#2608 = FACE_OUTER_BOUND ( 'NONE', #3368, .T. ) ;
#2609 = DIRECTION ( 'NONE',  ( 0.000000000000000000, 0.000000000000000000, -1.000000000000000000 ) ) ;
#2610 = VERTEX_POINT ( 'NONE', #5427 ) ;
#2611 = CARTESIAN_POINT ( 'NONE',  ( 9.999999999999939604, -3.000000000000000000, -15.00000000000000000 ) ) ;
#2612 = CARTESIAN_POINT ( 'NONE',  ( -62.89999999999999858, -7.000000000000000000, -25.00000000000000000 ) ) ;
#2613 = ORIENTED_EDGE ( 'NONE', *, *, #4806, .T. ) ;
#2614 = EDGE_LOOP ( 'NONE', ( #2024, #4544, #2862, #1795 ) ) ;
#2615 = CARTESIAN_POINT ( 'NONE',  ( -49.99999999999992184, 7.000000000000000000, 25.00000000000000000 ) ) ;
#2616 = EDGE_CURVE ( 'NONE', #3022, #5001, #5241, .T. ) ;
#2617 = FACE_OUTER_BOUND ( 'NONE', #1853, .T. ) ;
#2618 = EDGE_CURVE ( 'NONE', #2140, #2397, #658, .T. ) ;
#2619 = CARTESIAN_POINT ( 'NONE',  ( -62.99999999999998579, 7.000000000000000000, 33.00000000000000000 ) ) ;
#2620 = FACE_BOUND ( 'NONE', #4956, .T. ) ;
#2621 = AXIS2_PLACEMENT_3D ( 'NONE', #5973, #5100, #343 ) ;
#2622 = ORIENTED_EDGE ( 'NONE', *, *, #663, .F. ) ;
#2623 = VERTEX_POINT ( 'NONE', #3042 ) ;
#2624 = CARTESIAN_POINT ( 'NONE',  ( -40.00000000000005684, -3.000000000000000000, -15.00000000000000000 ) ) ;
#2625 = LINE ( 'NONE', #3590, #969 ) ;
#2626 = CARTESIAN_POINT ( 'NONE',  ( -9.999999999999918288, 7.000000000000000000, 22.85000000000000142 ) ) ;
#2627 = ORIENTED_EDGE ( 'NONE', *, *, #5830, .T. ) ;
#2628 = FACE_OUTER_BOUND ( 'NONE', #6056, .T. ) ;
#2629 = VERTEX_POINT ( 'NONE', #5959 ) ;
#2630 = LINE ( 'NONE', #1787, #735 ) ;
#2631 = EDGE_CURVE ( 'NONE', #3104, #5871, #1153, .T. ) ;
#2632 = CARTESIAN_POINT ( 'NONE',  ( 49.99999999999995026, 7.000000000000000000, -15.00000000000000000 ) ) ;
#2633 = CARTESIAN_POINT ( 'NONE',  ( -29.99999999999991829, -3.000000000000000000, 27.15000000000000213 ) ) ;
#2634 = ADVANCED_FACE ( 'NONE', ( #2521 ), #2046, .F. ) ;
#2635 = ORIENTED_EDGE ( 'NONE', *, *, #3393, .T. ) ;
#2636 = DIRECTION ( 'NONE',  ( -0.000000000000000000, 1.000000000000000000, -0.000000000000000000 ) ) ;
#2637 = DIRECTION ( 'NONE',  ( -1.000000000000000000, -0.000000000000000000, -0.000000000000000000 ) ) ;
#2638 = ORIENTED_EDGE ( 'NONE', *, *, #881, .T. ) ;
#2639 = LINE ( 'NONE', #2665, #3753 ) ;
#2640 = LINE ( 'NONE', #3572, #3875 ) ;
#2641 = CARTESIAN_POINT ( 'NONE',  ( -29.99999999999991829, -3.000000000000000000, 22.85000000000000142 ) ) ;
#2642 = CARTESIAN_POINT ( 'NONE',  ( -30.00000000000002487, 5.000000000000000000, -7.149999999999995026 ) ) ;
#2643 = CARTESIAN_POINT ( 'NONE',  ( -30.00000000000002487, -3.000000000000000000, -7.149999999999995026 ) ) ;
#2644 = FACE_BOUND ( 'NONE', #3214, .T. ) ;
#2645 = ORIENTED_EDGE ( 'NONE', *, *, #2195, .F. ) ;
#2646 = ORIENTED_EDGE ( 'NONE', *, *, #4789, .T. ) ;
#2647 = LINE ( 'NONE', #2238, #4448 ) ;
#2648 = DIRECTION ( 'NONE',  ( -0.000000000000000000, 1.000000000000000000, -0.000000000000000000 ) ) ;
#2649 = DIRECTION ( 'NONE',  ( 0.000000000000000000, 0.000000000000000000, -1.000000000000000000 ) ) ;
#2650 = AXIS2_PLACEMENT_3D ( 'NONE', #5027, #3679, #1282 ) ;
#2651 = ADVANCED_FACE ( 'NONE', ( #2081, #4931 ), #2546, .F. ) ;
#2652 = EDGE_LOOP ( 'NONE', ( #5653, #3101 ) ) ;
#2653 = ADVANCED_FACE ( 'NONE', ( #5921 ), #2326, .F. ) ;
#2654 = ORIENTED_EDGE ( 'NONE', *, *, #2547, .F. ) ;
#2655 = VERTEX_POINT ( 'NONE', #1307 ) ;
#2656 = CARTESIAN_POINT ( 'NONE',  ( 49.99999999999992184, 5.000000000000000000, -22.85000000000000142 ) ) ;
#2657 = DIRECTION ( 'NONE',  ( 0.000000000000000000, 0.000000000000000000, -1.000000000000000000 ) ) ;
#2658 = CARTESIAN_POINT ( 'NONE',  ( 4.857225732735059864E-14, 7.000000000000000000, 17.15000000000000213 ) ) ;
#2659 = AXIS2_PLACEMENT_3D ( 'NONE', #1335, #5558, #3640 ) ;
#2660 = ORIENTED_EDGE ( 'NONE', *, *, #3681, .T. ) ;
#2661 = CARTESIAN_POINT ( 'NONE',  ( -30.00000000000002487, 5.000000000000000000, -2.849999999999999645 ) ) ;
#2662 = DIRECTION ( 'NONE',  ( 0.000000000000000000, 0.000000000000000000, -1.000000000000000000 ) ) ;
#2663 = ORIENTED_EDGE ( 'NONE', *, *, #2994, .T. ) ;
#2664 = AXIS2_PLACEMENT_3D ( 'NONE', #4821, #2034, #2471 ) ;
#2665 = CARTESIAN_POINT ( 'NONE',  ( 29.99999999999991473, -3.000000000000000000, -27.15000000000000213 ) ) ;
#2666 = EDGE_CURVE ( 'NONE', #3800, #2383, #1775, .T. ) ;
#2667 = DIRECTION ( 'NONE',  ( 0.000000000000000000, 0.000000000000000000, -1.000000000000000000 ) ) ;
#2668 = DIRECTION ( 'NONE',  ( -0.000000000000000000, 1.000000000000000000, -0.000000000000000000 ) ) ;
#2669 = AXIS2_PLACEMENT_3D ( 'NONE', #3211, #5563, #823 ) ;
#2670 = DIRECTION ( 'NONE',  ( -0.000000000000000000, 1.000000000000000000, -0.000000000000000000 ) ) ;
#2671 = CARTESIAN_POINT ( 'NONE',  ( -5.524785216944114393E-14, 5.000000000000000000, -17.14999999999999858 ) ) ;
#2672 = VECTOR ( 'NONE', #5732, 1000.000000000000000 ) ;
#2673 = FACE_BOUND ( 'NONE', #708, .T. ) ;
#2674 = ORIENTED_EDGE ( 'NONE', *, *, #5198, .T. ) ;
#2675 = AXIS2_PLACEMENT_3D ( 'NONE', #2863, #5244, #2492 ) ;
#2676 = CIRCLE ( 'NONE', #2580, 2.149999999999999023 ) ;
#2677 = VECTOR ( 'NONE', #3970, 1000.000000000000000 ) ;
#2678 = VERTEX_POINT ( 'NONE', #2207 ) ;
#2679 = AXIS2_PLACEMENT_3D ( 'NONE', #987, #5760, #927 ) ;
#2680 = EDGE_LOOP ( 'NONE', ( #6057, #1405 ) ) ;
#2682 = CARTESIAN_POINT ( 'NONE',  ( -69.99999999999998579, 0.000000000000000000, 40.00000000000000000 ) ) ;
#2681 = CIRCLE ( 'NONE', #12, 2.149999999999999023 ) ;
#2683 = AXIS2_PLACEMENT_3D ( 'NONE', #1980, #648, #5386 ) ;
#2684 = DIRECTION ( 'NONE',  ( 0.000000000000000000, 0.000000000000000000, -1.000000000000000000 ) ) ;
#2685 = CARTESIAN_POINT ( 'NONE',  ( -54.89999999999999858, -7.000000000000000000, -15.00000000000000178 ) ) ;
#2686 = AXIS2_PLACEMENT_3D ( 'NONE', #202, #3939, #2548 ) ;
#2687 = VECTOR ( 'NONE', #1855, 1000.000000000000000 ) ;
#2688 = ORIENTED_EDGE ( 'NONE', *, *, #4106, .F. ) ;
#2689 =( GEOMETRIC_REPRESENTATION_CONTEXT ( 3 ) GLOBAL_UNCERTAINTY_ASSIGNED_CONTEXT ( ( #3601 ) ) GLOBAL_UNIT_ASSIGNED_CONTEXT ( ( #3373, #4270, #3284 ) ) REPRESENTATION_CONTEXT ( 'NONE', 'WORKASPACE' ) );
#2690 = VERTEX_POINT ( 'NONE', #1272 ) ;
#2691 = ORIENTED_EDGE ( 'NONE', *, *, #5274, .T. ) ;
#2692 = CARTESIAN_POINT ( 'NONE',  ( -39.99999999999995026, -3.000000000000000000, 15.00000000000000178 ) ) ;
#2693 = DIRECTION ( 'NONE',  ( 0.000000000000000000, 1.000000000000000000, 0.000000000000000000 ) ) ;
#2694 = EDGE_CURVE ( 'NONE', #3339, #251, #2706, .T. ) ;
#2695 = DIRECTION ( 'NONE',  ( 1.000000000000000000, 0.000000000000000000, 0.000000000000000000 ) ) ;
#2696 = EDGE_CURVE ( 'NONE', #2423, #2318, #16, .T. ) ;
#2697 = VECTOR ( 'NONE', #786, 1000.000000000000000 ) ;
#2698 = AXIS2_PLACEMENT_3D ( 'NONE', #4141, #398, #2375 ) ;
#2699 = ORIENTED_EDGE ( 'NONE', *, *, #4223, .F. ) ;
#2700 = CARTESIAN_POINT ( 'NONE',  ( 20.00000000000006040, 7.000000000000000000, 17.14999999999999858 ) ) ;
#2701 = CARTESIAN_POINT ( 'NONE',  ( -2.081668171172168513E-14, -3.000000000000000000, -2.849999999999997424 ) ) ;
#2702 = CARTESIAN_POINT ( 'NONE',  ( -30.00000000000008882, 7.000000000000000000, -25.00000000000000000 ) ) ;
#2703 = DIRECTION ( 'NONE',  ( 0.000000000000000000, -1.000000000000000000, 0.000000000000000000 ) ) ;
#2704 = ORIENTED_EDGE ( 'NONE', *, *, #6074, .T. ) ;
#2705 = ORIENTED_EDGE ( 'NONE', *, *, #1773, .F. ) ;
#2706 = LINE ( 'NONE', #867, #2687 ) ;
#2707 = CARTESIAN_POINT ( 'NONE',  ( -29.99999999999991829, 5.000000000000000000, 27.15000000000000213 ) ) ;
#2708 = ADVANCED_FACE ( 'NONE', ( #6009 ), #4152, .F. ) ;
#2709 = DIRECTION ( 'NONE',  ( 0.000000000000000000, -1.000000000000000000, 0.000000000000000000 ) ) ;
#2710 = FACE_BOUND ( 'NONE', #3021, .T. ) ;
#2711 = ORIENTED_EDGE ( 'NONE', *, *, #226, .F. ) ;
#2712 = EDGE_CURVE ( 'NONE', #2561, #2092, #1890, .T. ) ;
#2713 = ORIENTED_EDGE ( 'NONE', *, *, #4161, .F. ) ;
#2714 = CARTESIAN_POINT ( 'NONE',  ( -39.99999999999991473, -3.000000000000000000, 25.00000000000000000 ) ) ;
#2715 = CARTESIAN_POINT ( 'NONE',  ( 19.99999999999992184, -3.000000000000000000, -27.15000000000000213 ) ) ;
#2716 = DIRECTION ( 'NONE',  ( 0.000000000000000000, 0.000000000000000000, 1.000000000000000000 ) ) ;
#2717 = CIRCLE ( 'NONE', #1623, 2.149999999999999023 ) ;
#2718 = ORIENTED_EDGE ( 'NONE', *, *, #5356, .T. ) ;
#2719 = ORIENTED_EDGE ( 'NONE', *, *, #2427, .T. ) ;
#2720 = EDGE_LOOP ( 'NONE', ( #1478, #1851 ) ) ;
#2721 = CARTESIAN_POINT ( 'NONE',  ( 8.326672684688674053E-14, -3.000000000000000000, 25.00000000000000000 ) ) ;
#2722 = LINE ( 'NONE', #1788, #3391 ) ;
#2723 = CARTESIAN_POINT ( 'NONE',  ( -39.99999999999998579, 7.000000000000000000, 5.000000000000000888 ) ) ;
#2724 = ADVANCED_FACE ( 'NONE', ( #4561 ), #5111, .F. ) ;
#2725 = ORIENTED_EDGE ( 'NONE', *, *, #3508, .T. ) ;
#2726 = CYLINDRICAL_SURFACE ( 'NONE', #207, 2.149999999999999023 ) ;
#2727 = DIRECTION ( 'NONE',  ( 0.000000000000000000, 1.000000000000000000, 0.000000000000000000 ) ) ;
#2728 = DIRECTION ( 'NONE',  ( -0.000000000000000000, 1.000000000000000000, -0.000000000000000000 ) ) ;
#2729 = ORIENTED_EDGE ( 'NONE', *, *, #2025, .F. ) ;
#2730 = ADVANCED_FACE ( 'NONE', ( #1740 ), #4679, .F. ) ;
#2731 = ORIENTED_EDGE ( 'NONE', *, *, #5842, .T. ) ;
#2732 = CARTESIAN_POINT ( 'NONE',  ( 39.99999999999993605, 7.000000000000000000, -15.00000000000000000 ) ) ;
#2733 = DIRECTION ( 'NONE',  ( 0.000000000000000000, 0.000000000000000000, 1.000000000000000000 ) ) ;
#2734 = DIRECTION ( 'NONE',  ( -0.000000000000000000, 1.000000000000000000, -0.000000000000000000 ) ) ;
#2735 = DIRECTION ( 'NONE',  ( -1.000000000000000000, 0.000000000000000000, -0.000000000000000000 ) ) ;
#2736 = ORIENTED_EDGE ( 'NONE', *, *, #4406, .T. ) ;
#2737 = EDGE_CURVE ( 'NONE', #265, #829, #3388, .T. ) ;
#2738 = FACE_BOUND ( 'NONE', #5957, .T. ) ;
#2739 = ORIENTED_EDGE ( 'NONE', *, *, #3033, .F. ) ;
#2740 = CARTESIAN_POINT ( 'NONE',  ( 29.99999999999998579, 7.000000000000000000, -2.849999999999996092 ) ) ;
#2741 = DIRECTION ( 'NONE',  ( 0.000000000000000000, -1.000000000000000000, 0.000000000000000000 ) ) ;
#2742 = LINE ( 'NONE', #4538, #3879 ) ;
#2743 = EDGE_CURVE ( 'NONE', #2092, #2561, #712, .T. ) ;
#2744 = ORIENTED_EDGE ( 'NONE', *, *, #1075, .F. ) ;
#2745 = VERTEX_POINT ( 'NONE', #2801 ) ;
#2746 = EDGE_LOOP ( 'NONE', ( #5450, #1567 ) ) ;
#2747 = CARTESIAN_POINT ( 'NONE',  ( 30.00000000000008171, 5.000000000000000000, 25.00000000000000000 ) ) ;
#2748 = FACE_OUTER_BOUND ( 'NONE', #1267, .T. ) ;
#2749 = CARTESIAN_POINT ( 'NONE',  ( -39.99999999999998579, -3.000000000000000000, 5.000000000000000888 ) ) ;
#2750 = CIRCLE ( 'NONE', #2350, 2.149999999999997691 ) ;
#2751 = ORIENTED_EDGE ( 'NONE', *, *, #5266, .T. ) ;
#2752 = CARTESIAN_POINT ( 'NONE',  ( 70.00000000000001421, -3.499999999999999556, 17.94999999999999929 ) ) ;
#2753 = CARTESIAN_POINT ( 'NONE',  ( 10.00000000000007816, 7.000000000000000000, 22.85000000000000142 ) ) ;
#2754 = CARTESIAN_POINT ( 'NONE',  ( -62.89999999999999858, -7.000000000000000000, 25.00000000000000000 ) ) ;
#2755 = VECTOR ( 'NONE', #1830, 1000.000000000000000 ) ;
#2756 = ORIENTED_EDGE ( 'NONE', *, *, #690, .T. ) ;
#2757 = ORIENTED_EDGE ( 'NONE', *, *, #61, .T. ) ;
#2758 = CIRCLE ( 'NONE', #2359, 2.149999999999999023 ) ;
#2759 = DIRECTION ( 'NONE',  ( -0.000000000000000000, 1.000000000000000000, -0.000000000000000000 ) ) ;
#2760 = DIRECTION ( 'NONE',  ( -0.000000000000000000, 1.000000000000000000, -0.000000000000000000 ) ) ;
#2761 = DIRECTION ( 'NONE',  ( 0.000000000000000000, 0.000000000000000000, 1.000000000000000000 ) ) ;
#2762 = EDGE_CURVE ( 'NONE', #5205, #2108, #694, .T. ) ;
#2763 = DIRECTION ( 'NONE',  ( 0.000000000000000000, 0.000000000000000000, 1.000000000000000000 ) ) ;
#2764 = EDGE_CURVE ( 'NONE', #5589, #5919, #1595, .T. ) ;
#2765 = AXIS2_PLACEMENT_3D ( 'NONE', #2754, #2204, #1302 ) ;
#2766 = VERTEX_POINT ( 'NONE', #3258 ) ;
#2767 = CIRCLE ( 'NONE', #1479, 2.149999999999999023 ) ;
#2769 = VERTEX_POINT ( 'NONE', #1242 ) ;
#2768 = FACE_BOUND ( 'NONE', #2874, .T. ) ;
#2770 = AXIS2_PLACEMENT_3D ( 'NONE', #2201, #2291, #4609 ) ;
#2771 = ORIENTED_EDGE ( 'NONE', *, *, #3041, .F. ) ;
#2772 = LINE ( 'NONE', #6089, #5143 ) ;
#2773 = FACE_OUTER_BOUND ( 'NONE', #5208, .T. ) ;
#2774 = CIRCLE ( 'NONE', #2394, 2.049999999999999822 ) ;
#2775 = LINE ( 'NONE', #5744, #2292 ) ;
#2776 = VECTOR ( 'NONE', #5953, 1000.000000000000000 ) ;
#2777 = AXIS2_PLACEMENT_3D ( 'NONE', #2535, #225, #3438 ) ;
#2778 = CIRCLE ( 'NONE', #4359, 2.149999999999999023 ) ;
#2779 = ORIENTED_EDGE ( 'NONE', *, *, #422, .F. ) ;
#2780 = AXIS2_PLACEMENT_3D ( 'NONE', #4876, #1622, #1067 ) ;
#2781 = ORIENTED_EDGE ( 'NONE', *, *, #2427, .F. ) ;
#2782 = AXIS2_PLACEMENT_3D ( 'NONE', #928, #2347, #3347 ) ;
#2783 = EDGE_CURVE ( 'NONE', #1077, #1314, #4214, .T. ) ;
#2784 = VERTEX_POINT ( 'NONE', #5983 ) ;
#2785 = CARTESIAN_POINT ( 'NONE',  ( -30.00000000000005684, -3.000000000000000000, -12.85000000000000142 ) ) ;
#2786 = DIRECTION ( 'NONE',  ( 0.000000000000000000, 0.000000000000000000, 1.000000000000000000 ) ) ;
#2787 = AXIS2_PLACEMENT_3D ( 'NONE', #2941, #3745, #5631 ) ;
#2788 = CARTESIAN_POINT ( 'NONE',  ( -19.99999999999998934, 5.000000000000000000, 5.000000000000000888 ) ) ;
#2789 = VECTOR ( 'NONE', #1051, 1000.000000000000000 ) ;
#2790 = CIRCLE ( 'NONE', #3969, 2.150000000000001243 ) ;
#2791 = AXIS2_PLACEMENT_3D ( 'NONE', #1273, #2670, #1767 ) ;
#2792 = EDGE_CURVE ( 'NONE', #4743, #4412, #514, .T. ) ;
#2793 = EDGE_LOOP ( 'NONE', ( #3954, #1413, #2966, #2539 ) ) ;
#2794 = DIRECTION ( 'NONE',  ( -0.000000000000000000, 1.000000000000000000, -0.000000000000000000 ) ) ;
#2795 = CIRCLE ( 'NONE', #2988, 2.149999999999999023 ) ;
#2796 = DIRECTION ( 'NONE',  ( -0.000000000000000000, 1.000000000000000000, -0.000000000000000000 ) ) ;
#2797 = DIRECTION ( 'NONE',  ( 0.000000000000000000, 1.000000000000000000, 0.000000000000000000 ) ) ;
#2798 = VECTOR ( 'NONE', #1857, 1000.000000000000000 ) ;
#2799 = ORIENTED_EDGE ( 'NONE', *, *, #679, .T. ) ;
#2800 = ORIENTED_EDGE ( 'NONE', *, *, #1533, .F. ) ;
#2801 = CARTESIAN_POINT ( 'NONE',  ( 49.99999999999992184, 7.000000000000000000, -22.85000000000000142 ) ) ;
#2802 = CARTESIAN_POINT ( 'NONE',  ( 10.00000000000004441, 7.000000000000000000, 15.00000000000000178 ) ) ;
#2803 = FACE_OUTER_BOUND ( 'NONE', #4535, .T. ) ;
#2804 = FACE_BOUND ( 'NONE', #1534, .T. ) ;
#2805 = EDGE_LOOP ( 'NONE', ( #3299, #2460 ) ) ;
#2806 = EDGE_CURVE ( 'NONE', #4506, #4294, #2091, .T. ) ;
#2807 = FACE_BOUND ( 'NONE', #3662, .T. ) ;
#2808 = EDGE_CURVE ( 'NONE', #1674, #4394, #3229, .T. ) ;
#2809 = CARTESIAN_POINT ( 'NONE',  ( 45.00000000000007105, -3.000000000000000000, 19.99999999999999645 ) ) ;
#2810 = CYLINDRICAL_SURFACE ( 'NONE', #1880, 2.149999999999999023 ) ;
#2811 = CARTESIAN_POINT ( 'NONE',  ( 19.99999999999998934, 5.000000000000000000, -4.999999999999997335 ) ) ;
#2812 = DIRECTION ( 'NONE',  ( -1.000000000000000000, 0.000000000000000000, -0.000000000000000000 ) ) ;
#2813 = ORIENTED_EDGE ( 'NONE', *, *, #4966, .F. ) ;
#2814 = VERTEX_POINT ( 'NONE', #1827 ) ;
#2815 = ADVANCED_FACE ( 'NONE', ( #3725 ), #2944, .F. ) ;
#2816 = ORIENTED_EDGE ( 'NONE', *, *, #1119, .F. ) ;
#2817 = CARTESIAN_POINT ( 'NONE',  ( -19.99999999999995381, 5.000000000000000000, 17.14999999999999858 ) ) ;
#2818 = DIRECTION ( 'NONE',  ( 0.000000000000000000, 1.000000000000000000, 0.000000000000000000 ) ) ;
#2819 = DIRECTION ( 'NONE',  ( -0.000000000000000000, 1.000000000000000000, -0.000000000000000000 ) ) ;
#2820 = EDGE_CURVE ( 'NONE', #1760, #1674, #4283, .T. ) ;
#2821 = EDGE_LOOP ( 'NONE', ( #3243, #3551, #4112, #4342 ) ) ;
#2822 = FACE_OUTER_BOUND ( 'NONE', #5464, .T. ) ;
#2823 = CARTESIAN_POINT ( 'NONE',  ( 70.00000000000001421, 0.000000000000000000, -37.99999999999997158 ) ) ;
#2824 = PLANE ( 'NONE',  #2870 ) ;
#2825 = ORIENTED_EDGE ( 'NONE', *, *, #4984, .F. ) ;
#2826 = ADVANCED_FACE ( 'NONE', ( #3815 ), #2422, .F. ) ;
#2827 = EDGE_LOOP ( 'NONE', ( #4719, #4844, #55, #1330 ) ) ;
#2828 = DIRECTION ( 'NONE',  ( 1.000000000000000000, 0.000000000000000000, 0.000000000000000000 ) ) ;
#2829 = DIRECTION ( 'NONE',  ( -0.000000000000000000, 1.000000000000000000, -0.000000000000000000 ) ) ;
#2830 = CYLINDRICAL_SURFACE ( 'NONE', #5232, 2.149999999999999023 ) ;
#2831 = DIRECTION ( 'NONE',  ( 0.000000000000000000, 1.000000000000000000, 0.000000000000000000 ) ) ;
#2832 = VERTEX_POINT ( 'NONE', #1032 ) ;
#2833 = FACE_BOUND ( 'NONE', #2230, .T. ) ;
#2834 = DIRECTION ( 'NONE',  ( 0.000000000000000000, 0.000000000000000000, 1.000000000000000000 ) ) ;
#2835 = CARTESIAN_POINT ( 'NONE',  ( -50.00000000000009237, -3.000000000000000000, -25.00000000000000000 ) ) ;
#2836 = CARTESIAN_POINT ( 'NONE',  ( 19.99999999999998934, 7.000000000000000000, -2.849999999999999645 ) ) ;
#2837 = CYLINDRICAL_SURFACE ( 'NONE', #5362, 2.149999999999999023 ) ;
#2838 = EDGE_CURVE ( 'NONE', #2462, #5669, #470, .T. ) ;
#2839 = ORIENTED_EDGE ( 'NONE', *, *, #5600, .T. ) ;
#2840 = EDGE_LOOP ( 'NONE', ( #662, #2063 ) ) ;
#2841 = ORIENTED_EDGE ( 'NONE', *, *, #5636, .T. ) ;
#2842 = CYLINDRICAL_SURFACE ( 'NONE', #1278, 2.149999999999999023 ) ;
#2843 = FACE_OUTER_BOUND ( 'NONE', #4925, .T. ) ;
#2844 = DIRECTION ( 'NONE',  ( 0.000000000000000000, 0.000000000000000000, -1.000000000000000000 ) ) ;
#2845 = EDGE_CURVE ( 'NONE', #62, #1729, #3173, .T. ) ;
#2846 = EDGE_CURVE ( 'NONE', #5547, #2655, #3761, .T. ) ;
#2847 = ORIENTED_EDGE ( 'NONE', *, *, #864, .F. ) ;
#2848 = ORIENTED_EDGE ( 'NONE', *, *, #2616, .T. ) ;
#2849 = CARTESIAN_POINT ( 'NONE',  ( -2.055338264990500520E-14, 7.000000000000000000, -7.149999999999997691 ) ) ;
#2850 = DIRECTION ( 'NONE',  ( 0.000000000000000000, -1.000000000000000000, 0.000000000000000000 ) ) ;
#2851 = CARTESIAN_POINT ( 'NONE',  ( -39.99999999999995026, 5.000000000000000000, 12.84999999999999964 ) ) ;
#2852 = EDGE_LOOP ( 'NONE', ( #4576, #5756, #5336, #1046 ) ) ;
#2853 = CIRCLE ( 'NONE', #4824, 2.149999999999999023 ) ;
#2854 = VERTEX_POINT ( 'NONE', #1524 ) ;
#2855 = CARTESIAN_POINT ( 'NONE',  ( 50.00000000000001421, -3.000000000000000000, 7.150000000000002132 ) ) ;
#2856 = EDGE_CURVE ( 'NONE', #433, #3877, #699, .T. ) ;
#2857 = CARTESIAN_POINT ( 'NONE',  ( 49.99999999999992184, -3.000000000000000000, -22.85000000000000142 ) ) ;
#2858 = ORIENTED_EDGE ( 'NONE', *, *, #44, .F. ) ;
#2859 = DIRECTION ( 'NONE',  ( 0.000000000000000000, 1.000000000000000000, 0.000000000000000000 ) ) ;
#2860 = DIRECTION ( 'NONE',  ( -0.000000000000000000, 1.000000000000000000, -0.000000000000000000 ) ) ;
#2861 = AXIS2_PLACEMENT_3D ( 'NONE', #592, #3039, #2112 ) ;
#2862 = ORIENTED_EDGE ( 'NONE', *, *, #381, .T. ) ;
#2864 = ORIENTED_EDGE ( 'NONE', *, *, #2737, .T. ) ;
#2863 = CARTESIAN_POINT ( 'NONE',  ( 49.99999999999998579, -3.000000000000000000, -4.999999999999997335 ) ) ;
#2865 = ADVANCED_FACE ( 'NONE', ( #3789 ), #2449, .F. ) ;
#2866 = FACE_OUTER_BOUND ( 'NONE', #1879, .T. ) ;
#2867 = CARTESIAN_POINT ( 'NONE',  ( 10.00000000000000888, 5.000000000000000000, 5.000000000000000888 ) ) ;
#2868 = CARTESIAN_POINT ( 'NONE',  ( 54.90000000000001279, -3.500000000000000000, 20.00000000000000000 ) ) ;
#2869 = CARTESIAN_POINT ( 'NONE',  ( -50.00000000000002132, 7.000000000000000000, -7.149999999999998579 ) ) ;
#2870 = AXIS2_PLACEMENT_3D ( 'NONE', #68, #2389, #441 ) ;
#2871 = VECTOR ( 'NONE', #1133, 1000.000000000000000 ) ;
#2872 = EDGE_LOOP ( 'NONE', ( #2711, #5677, #1440, #3522 ) ) ;
#2873 = VERTEX_POINT ( 'NONE', #4245 ) ;
#2874 = EDGE_LOOP ( 'NONE', ( #4208, #1277 ) ) ;
#2875 = DIRECTION ( 'NONE',  ( 0.000000000000000000, 1.000000000000000000, 0.000000000000000000 ) ) ;
#2876 = VECTOR ( 'NONE', #1389, 1000.000000000000000 ) ;
#2877 = CARTESIAN_POINT ( 'NONE',  ( -29.99999999999998934, 7.000000000000000000, 2.850000000000003197 ) ) ;
#2878 = DIRECTION ( 'NONE',  ( 0.000000000000000000, 0.000000000000000000, 1.000000000000000000 ) ) ;
#2879 = VECTOR ( 'NONE', #5602, 1000.000000000000000 ) ;
#2880 = AXIS2_PLACEMENT_3D ( 'NONE', #967, #4741, #937 ) ;
#2881 = ORIENTED_EDGE ( 'NONE', *, *, #4079, .F. ) ;
#2882 = CIRCLE ( 'NONE', #408, 2.149999999999999023 ) ;
#2883 = ADVANCED_FACE ( 'NONE', ( #138 ), #2015, .F. ) ;
#2884 = AXIS2_PLACEMENT_3D ( 'NONE', #1205, #3533, #4490 ) ;
#2885 = ORIENTED_EDGE ( 'NONE', *, *, #706, .T. ) ;
#2886 = LINE ( 'NONE', #465, #2479 ) ;
#2887 = ADVANCED_FACE ( 'NONE', ( #3296 ), #5641, .F. ) ;
#2888 = ORIENTED_EDGE ( 'NONE', *, *, #316, .T. ) ;
#2889 = CARTESIAN_POINT ( 'NONE',  ( -2.081668171172168513E-14, 5.000000000000000000, -4.999999999999997335 ) ) ;
#2890 = PRESENTATION_LAYER_ASSIGNMENT (  '', '', ( #3082 ) ) ;
#2891 = DIRECTION ( 'NONE',  ( 0.000000000000000000, 0.000000000000000000, 1.000000000000000000 ) ) ;
#2892 = VERTEX_POINT ( 'NONE', #71 ) ;
#2893 = VECTOR ( 'NONE', #6048, 1000.000000000000000 ) ;
#2894 = AXIS2_PLACEMENT_3D ( 'NONE', #5841, #5900, #1603 ) ;
#2895 = EDGE_LOOP ( 'NONE', ( #2229, #368, #5035, #4201 ) ) ;
#2896 = FACE_OUTER_BOUND ( 'NONE', #1690, .T. ) ;
#2897 = EDGE_CURVE ( 'NONE', #5309, #3837, #1952, .T. ) ;
#2898 = CARTESIAN_POINT ( 'NONE',  ( 29.99999999999998579, 5.000000000000000000, -7.149999999999998579 ) ) ;
#2899 = DIRECTION ( 'NONE',  ( 0.000000000000000000, 0.000000000000000000, -1.000000000000000000 ) ) ;
#2900 = AXIS2_PLACEMENT_3D ( 'NONE', #4324, #5781, #489 ) ;
#2901 = ORIENTED_EDGE ( 'NONE', *, *, #5361, .F. ) ;
#2902 = CYLINDRICAL_SURFACE ( 'NONE', #208, 2.150000000000000799 ) ;
#2903 = ORIENTED_EDGE ( 'NONE', *, *, #824, .T. ) ;
#2904 = DIRECTION ( 'NONE',  ( -0.000000000000000000, 1.000000000000000000, -0.000000000000000000 ) ) ;
#2905 = LINE ( 'NONE', #4750, #4036 ) ;
#2906 = FACE_OUTER_BOUND ( 'NONE', #4202, .T. ) ;
#2907 = EDGE_CURVE ( 'NONE', #4756, #3405, #4256, .T. ) ;
#2908 = ORIENTED_EDGE ( 'NONE', *, *, #1625, .T. ) ;
#2909 = ORIENTED_EDGE ( 'NONE', *, *, #959, .F. ) ;
#2910 = VERTEX_POINT ( 'NONE', #3844 ) ;
#2911 = CARTESIAN_POINT ( 'NONE',  ( 39.99999999999993605, -3.000000000000000000, -17.14999999999999858 ) ) ;
#2912 = DIRECTION ( 'NONE',  ( 0.000000000000000000, -1.000000000000000000, 0.000000000000000000 ) ) ;
#2913 = DIRECTION ( 'NONE',  ( 0.000000000000000000, 0.000000000000000000, 1.000000000000000000 ) ) ;
#2914 = EDGE_LOOP ( 'NONE', ( #4332, #1702, #5125, #4608 ) ) ;
#2915 = EDGE_LOOP ( 'NONE', ( #6133, #3179 ) ) ;
#2916 = DIRECTION ( 'NONE',  ( 0.000000000000000000, 0.000000000000000000, 1.000000000000000000 ) ) ;
#2917 = DIRECTION ( 'NONE',  ( -0.000000000000000000, 1.000000000000000000, -0.000000000000000000 ) ) ;
#2918 = ORIENTED_EDGE ( 'NONE', *, *, #5789, .F. ) ;
#2919 = ORIENTED_EDGE ( 'NONE', *, *, #255, .T. ) ;
#2920 = DIRECTION ( 'NONE',  ( 0.000000000000000000, 0.000000000000000000, -1.000000000000000000 ) ) ;
#2921 = LINE ( 'NONE', #4709, #3942 ) ;
#2922 = LINE ( 'NONE', #3420, #607 ) ;
#2923 = EDGE_CURVE ( 'NONE', #6007, #666, #4829, .T. ) ;
#2924 = CYLINDRICAL_SURFACE ( 'NONE', #1582, 2.150000000000000799 ) ;
#2925 = EDGE_LOOP ( 'NONE', ( #450, #4886, #3455, #1559 ) ) ;
#2926 = DIRECTION ( 'NONE',  ( 0.000000000000000000, 0.000000000000000000, 1.000000000000000000 ) ) ;
#2927 = DIRECTION ( 'NONE',  ( 0.000000000000000000, 0.000000000000000000, 1.000000000000000000 ) ) ;
#2928 = CARTESIAN_POINT ( 'NONE',  ( -10.00000000000009237, 5.000000000000000000, -25.00000000000000000 ) ) ;
#2929 = EDGE_CURVE ( 'NONE', #4906, #2148, #2353, .T. ) ;
#2930 = EDGE_LOOP ( 'NONE', ( #5650, #734 ) ) ;
#2931 = ORIENTED_EDGE ( 'NONE', *, *, #1722, .T. ) ;
#2932 = VERTEX_POINT ( 'NONE', #4736 ) ;
#2933 = DIRECTION ( 'NONE',  ( -0.000000000000000000, 1.000000000000000000, -0.000000000000000000 ) ) ;
#2934 = ADVANCED_FACE ( 'NONE', ( #2896 ), #1894, .F. ) ;
#2935 = CARTESIAN_POINT ( 'NONE',  ( 30.00000000000005329, 7.000000000000000000, 15.00000000000000178 ) ) ;
#2936 = CARTESIAN_POINT ( 'NONE',  ( -49.99999999999992184, -3.000000000000000000, 25.00000000000000000 ) ) ;
#2937 = LINE ( 'NONE', #3027, #4861 ) ;
#2938 = EDGE_LOOP ( 'NONE', ( #2881, #5226, #527, #2430 ) ) ;
#2939 = CARTESIAN_POINT ( 'NONE',  ( -20.00000000000006040, 7.000000000000000000, -15.00000000000000000 ) ) ;
#2940 = ORIENTED_EDGE ( 'NONE', *, *, #5702, .F. ) ;
#2941 = CARTESIAN_POINT ( 'NONE',  ( 20.00000000000006040, 7.000000000000000000, 15.00000000000000178 ) ) ;
#2942 = FACE_OUTER_BOUND ( 'NONE', #4980, .T. ) ;
#2943 = VERTEX_POINT ( 'NONE', #5206 ) ;
#2944 = CYLINDRICAL_SURFACE ( 'NONE', #2176, 2.149999999999999023 ) ;
#2945 = ORIENTED_EDGE ( 'NONE', *, *, #4330, .F. ) ;
#2946 = DIRECTION ( 'NONE',  ( 0.000000000000000000, -1.000000000000000000, 0.000000000000000000 ) ) ;
#2947 = DIRECTION ( 'NONE',  ( -0.000000000000000000, 1.000000000000000000, -0.000000000000000000 ) ) ;
#2948 = AXIS2_PLACEMENT_3D ( 'NONE', #2954, #482, #2433 ) ;
#2950 = EDGE_LOOP ( 'NONE', ( #5389, #4590, #3752, #1291 ) ) ;
#2949 = CARTESIAN_POINT ( 'NONE',  ( 54.90000000000001279, -3.499999999999999556, 17.94999999999999929 ) ) ;
#2951 = EDGE_CURVE ( 'NONE', #1608, #2469, #2377, .T. ) ;
#2952 = DIRECTION ( 'NONE',  ( 0.000000000000000000, 0.000000000000000000, -1.000000000000000000 ) ) ;
#2953 = EDGE_CURVE ( 'NONE', #2932, #5903, #2138, .T. ) ;
#2954 = CARTESIAN_POINT ( 'NONE',  ( -39.99999999999991473, -3.000000000000000000, 25.00000000000000000 ) ) ;
#2955 = CARTESIAN_POINT ( 'NONE',  ( 19.99999999999992184, 5.000000000000000000, -25.00000000000000000 ) ) ;
#2956 = VECTOR ( 'NONE', #141, 1000.000000000000000 ) ;
#2957 = ORIENTED_EDGE ( 'NONE', *, *, #4918, .F. ) ;
#2958 = ORIENTED_EDGE ( 'NONE', *, *, #587, .F. ) ;
#2959 = ORIENTED_EDGE ( 'NONE', *, *, #2228, .T. ) ;
#2960 = CIRCLE ( 'NONE', #5929, 2.149999999999997247 ) ;
#2961 = LINE ( 'NONE', #5289, #2264 ) ;
#2962 = EDGE_CURVE ( 'NONE', #5686, #2311, #1091, .T. ) ;
#2963 = DIRECTION ( 'NONE',  ( 0.000000000000000000, 0.000000000000000000, 1.000000000000000000 ) ) ;
#2964 = FACE_OUTER_BOUND ( 'NONE', #2041, .T. ) ;
#2965 = DIRECTION ( 'NONE',  ( 0.000000000000000000, 0.000000000000000000, 1.000000000000000000 ) ) ;
#2966 = ORIENTED_EDGE ( 'NONE', *, *, #4541, .T. ) ;
#2967 = AXIS2_PLACEMENT_3D ( 'NONE', #2503, #1629, #3498 ) ;
#2968 = FACE_BOUND ( 'NONE', #3602, .T. ) ;
#2969 = VERTEX_POINT ( 'NONE', #260 ) ;
#2970 = CARTESIAN_POINT ( 'NONE',  ( -19.99999999999998934, -3.000000000000000000, 5.000000000000000888 ) ) ;
#2971 = ADVANCED_FACE ( 'NONE', ( #191 ), #2042, .T. ) ;
#2972 = CARTESIAN_POINT ( 'NONE',  ( 10.00000000000004441, -3.000000000000000000, 12.84999999999999964 ) ) ;
#2973 = VECTOR ( 'NONE', #1761, 1000.000000000000000 ) ;
#2974 = DIRECTION ( 'NONE',  ( -0.000000000000000000, 1.000000000000000000, -0.000000000000000000 ) ) ;
#2975 = ORIENTED_EDGE ( 'NONE', *, *, #4488, .T. ) ;
#2976 = VECTOR ( 'NONE', #2086, 1000.000000000000000 ) ;
#2977 = EDGE_CURVE ( 'NONE', #5535, #3787, #891, .T. ) ;
#2978 = ORIENTED_EDGE ( 'NONE', *, *, #215, .F. ) ;
#2979 = VECTOR ( 'NONE', #1618, 1000.000000000000000 ) ;
#2980 = DIRECTION ( 'NONE',  ( -1.000000000000000000, 0.000000000000000000, 0.000000000000000000 ) ) ;
#2981 = AXIS2_PLACEMENT_3D ( 'NONE', #5322, #3007, #2133 ) ;
#2982 = CARTESIAN_POINT ( 'NONE',  ( 10.00000000000004441, -3.000000000000000000, 15.00000000000000178 ) ) ;
#2983 = AXIS2_PLACEMENT_3D ( 'NONE', #1529, #5398, #725 ) ;
#2984 = CARTESIAN_POINT ( 'NONE',  ( 39.99999999999993605, 7.000000000000000000, -17.14999999999999858 ) ) ;
#2985 = AXIS2_PLACEMENT_3D ( 'NONE', #88, #3863, #5754 ) ;
#2986 = DIRECTION ( 'NONE',  ( -0.000000000000000000, 1.000000000000000000, -0.000000000000000000 ) ) ;
#2987 = CARTESIAN_POINT ( 'NONE',  ( -54.89999999999999858, 0.000000000000000000, -15.00000000000000178 ) ) ;
#2988 = AXIS2_PLACEMENT_3D ( 'NONE', #3055, #2127, #339 ) ;
#2989 = DIRECTION ( 'NONE',  ( 0.000000000000000000, 0.000000000000000000, -1.000000000000000000 ) ) ;
#2990 = CARTESIAN_POINT ( 'NONE',  ( 29.99999999999994316, -3.000000000000000000, -15.00000000000000000 ) ) ;
#2991 = AXIS2_PLACEMENT_3D ( 'NONE', #5805, #3525, #3499 ) ;
#2992 = EDGE_CURVE ( 'NONE', #392, #3226, #6034, .T. ) ;
#2993 = EDGE_LOOP ( 'NONE', ( #158, #3991, #2704, #6045 ) ) ;
#2994 = EDGE_CURVE ( 'NONE', #834, #1447, #2, .T. ) ;
#2995 = ORIENTED_EDGE ( 'NONE', *, *, #1062, .F. ) ;
#2996 = EDGE_LOOP ( 'NONE', ( #2931, #2014, #4296, #3048 ) ) ;
#2997 = DIRECTION ( 'NONE',  ( -0.000000000000000000, 1.000000000000000000, -0.000000000000000000 ) ) ;
#2998 = CARTESIAN_POINT ( 'NONE',  ( -10.00000000000002309, -3.000000000000000000, -2.849999999999997868 ) ) ;
#2999 = CARTESIAN_POINT ( 'NONE',  ( -40.00000000000005684, 7.000000000000000000, -17.14999999999999858 ) ) ;
#3000 = FILL_AREA_STYLE_COLOUR ( '', #1296 ) ;
#3001 = ORIENTED_EDGE ( 'NONE', *, *, #3751, .F. ) ;
#3002 = ADVANCED_FACE ( 'NONE', ( #4402 ), #1146, .F. ) ;
#3003 = DIRECTION ( 'NONE',  ( -1.000000000000000000, 0.000000000000000000, 0.000000000000000000 ) ) ;
#3004 = ORIENTED_EDGE ( 'NONE', *, *, #3298, .T. ) ;
#3005 = CYLINDRICAL_SURFACE ( 'NONE', #2082, 2.149999999999997247 ) ;
#3006 = DIRECTION ( 'NONE',  ( -0.000000000000000000, 1.000000000000000000, -0.000000000000000000 ) ) ;
#3007 = DIRECTION ( 'NONE',  ( -1.000000000000000000, 0.000000000000000000, 0.000000000000000000 ) ) ;
#3008 = EDGE_CURVE ( 'NONE', #3770, #4087, #5792, .T. ) ;
#3009 = EDGE_LOOP ( 'NONE', ( #4081, #4414 ) ) ;
#3010 = DIRECTION ( 'NONE',  ( 0.000000000000000000, 0.000000000000000000, 1.000000000000000000 ) ) ;
#3011 = EDGE_LOOP ( 'NONE', ( #1512, #3367 ) ) ;
#3012 = AXIS2_PLACEMENT_3D ( 'NONE', #6067, #4140, #5508 ) ;
#3013 = CARTESIAN_POINT ( 'NONE',  ( -39.99999999999991473, 5.000000000000000000, 25.00000000000000000 ) ) ;
#3014 = ADVANCED_FACE ( 'NONE', ( #4958 ), #2515, .F. ) ;
#3015 = CARTESIAN_POINT ( 'NONE',  ( 62.90000000000002700, 0.000000000000000000, -24.99999999999998579 ) ) ;
#3016 = DIRECTION ( 'NONE',  ( 0.000000000000000000, 0.000000000000000000, 1.000000000000000000 ) ) ;
#3017 = CARTESIAN_POINT ( 'NONE',  ( 29.99999999999998579, 5.000000000000000000, -2.849999999999996092 ) ) ;
#3018 = VERTEX_POINT ( 'NONE', #2540 ) ;
#3019 = CARTESIAN_POINT ( 'NONE',  ( -30.00000000000005684, -3.000000000000000000, -17.14999999999999858 ) ) ;
#3020 = CYLINDRICAL_SURFACE ( 'NONE', #2379, 2.149999999999999023 ) ;
#3021 = EDGE_LOOP ( 'NONE', ( #4813, #5786 ) ) ;
#3022 = VERTEX_POINT ( 'NONE', #1173 ) ;
#3023 = EDGE_LOOP ( 'NONE', ( #2416, #2244, #3512, #856 ) ) ;
#3024 = CYLINDRICAL_SURFACE ( 'NONE', #1379, 2.149999999999999023 ) ;
#3025 = DIRECTION ( 'NONE',  ( 0.000000000000000000, 0.000000000000000000, 1.000000000000000000 ) ) ;
#3026 = DIRECTION ( 'NONE',  ( 0.000000000000000000, 1.000000000000000000, 0.000000000000000000 ) ) ;
#3027 = CARTESIAN_POINT ( 'NONE',  ( -40.00000000000005684, -3.000000000000000000, -17.14999999999999858 ) ) ;
#3028 = ORIENTED_EDGE ( 'NONE', *, *, #1848, .T. ) ;
#3029 = CARTESIAN_POINT ( 'NONE',  ( 54.90000000000001279, -7.000000000000000000, 14.99999999999998757 ) ) ;
#3030 = EDGE_LOOP ( 'NONE', ( #2571, #3306, #4151, #885 ) ) ;
#3031 = DIRECTION ( 'NONE',  ( 0.000000000000000000, 1.000000000000000000, 0.000000000000000000 ) ) ;
#3032 = LINE ( 'NONE', #1142, #1209 ) ;
#3033 = EDGE_CURVE ( 'NONE', #6065, #5747, #3468, .T. ) ;
#3034 = DIRECTION ( 'NONE',  ( -0.000000000000000000, 1.000000000000000000, -0.000000000000000000 ) ) ;
#3035 = ADVANCED_FACE ( 'NONE', ( #2608 ), #1121, .F. ) ;
#3036 = ORIENTED_EDGE ( 'NONE', *, *, #4281, .F. ) ;
#3037 = DIRECTION ( 'NONE',  ( 0.000000000000000000, 0.000000000000000000, -1.000000000000000000 ) ) ;
#3038 = CARTESIAN_POINT ( 'NONE',  ( -49.99999999999992184, 7.000000000000000000, 22.85000000000000142 ) ) ;
#3039 = DIRECTION ( 'NONE',  ( 0.000000000000000000, -1.000000000000000000, 0.000000000000000000 ) ) ;
#3040 = FACE_OUTER_BOUND ( 'NONE', #5613, .T. ) ;
#3041 = EDGE_CURVE ( 'NONE', #4906, #1352, #3864, .T. ) ;
#3042 = CARTESIAN_POINT ( 'NONE',  ( 40.00000000000000711, 5.000000000000000000, 2.849999999999999645 ) ) ;
#3043 = CYLINDRICAL_SURFACE ( 'NONE', #2983, 2.049999999999999822 ) ;
#3044 = EDGE_CURVE ( 'NONE', #5860, #846, #5441, .T. ) ;
#3045 = PLANE ( 'NONE',  #3047 ) ;
#3046 = LINE ( 'NONE', #4905, #112 ) ;
#3047 = AXIS2_PLACEMENT_3D ( 'NONE', #693, #203, #5924 ) ;
#3048 = ORIENTED_EDGE ( 'NONE', *, *, #3936, .T. ) ;
#3049 = EDGE_CURVE ( 'NONE', #4627, #500, #626, .T. ) ;
#3050 = EDGE_LOOP ( 'NONE', ( #4634, #849, #5183, #1715 ) ) ;
#3051 = ORIENTED_EDGE ( 'NONE', *, *, #5830, .F. ) ;
#3052 = ORIENTED_EDGE ( 'NONE', *, *, #2604, .F. ) ;
#3053 = FACE_OUTER_BOUND ( 'NONE', #116, .T. ) ;
#3054 = CARTESIAN_POINT ( 'NONE',  ( 20.00000000000008882, 5.000000000000000000, 25.00000000000000000 ) ) ;
#3055 = CARTESIAN_POINT ( 'NONE',  ( -30.00000000000008882, 5.000000000000000000, -25.00000000000000000 ) ) ;
#3056 = ORIENTED_EDGE ( 'NONE', *, *, #1136, .F. ) ;
#3057 = VECTOR ( 'NONE', #4249, 1000.000000000000000 ) ;
#3058 = DIRECTION ( 'NONE',  ( 0.000000000000000000, 0.000000000000000000, 1.000000000000000000 ) ) ;
#3059 = EDGE_LOOP ( 'NONE', ( #2590, #1833, #5069, #2888 ) ) ;
#3060 = CARTESIAN_POINT ( 'NONE',  ( 49.99999999999995026, -3.000000000000000000, -15.00000000000000000 ) ) ;
#3061 = CARTESIAN_POINT ( 'NONE',  ( -54.89999999999999858, -7.000000000000000000, -25.00000000000000000 ) ) ;
#3062 = DIRECTION ( 'NONE',  ( 0.000000000000000000, 0.000000000000000000, 1.000000000000000000 ) ) ;
#3063 = AXIS2_PLACEMENT_3D ( 'NONE', #3661, #5546, #3200 ) ;
#3064 = AXIS2_PLACEMENT_3D ( 'NONE', #784, #850, #5966 ) ;
#3065 = ADVANCED_FACE ( 'NONE', ( #719 ), #5818, .F. ) ;
#3066 = EDGE_CURVE ( 'NONE', #5211, #1596, #5139, .T. ) ;
#3067 = ORIENTED_EDGE ( 'NONE', *, *, #5729, .T. ) ;
#3068 = DIRECTION ( 'NONE',  ( -0.000000000000000000, 1.000000000000000000, -0.000000000000000000 ) ) ;
#3069 = DIRECTION ( 'NONE',  ( 0.000000000000000000, 0.000000000000000000, 1.000000000000000000 ) ) ;
#3070 = VECTOR ( 'NONE', #3511, 1000.000000000000000 ) ;
#3071 = DIRECTION ( 'NONE',  ( 0.000000000000000000, 1.000000000000000000, 0.000000000000000000 ) ) ;
#3072 = DIRECTION ( 'NONE',  ( -0.000000000000000000, 1.000000000000000000, -0.000000000000000000 ) ) ;
#3073 = AXIS2_PLACEMENT_3D ( 'NONE', #5857, #5390, #5419 ) ;
#3074 = ORIENTED_EDGE ( 'NONE', *, *, #1252, .F. ) ;
#3075 = VECTOR ( 'NONE', #571, 1000.000000000000000 ) ;
#3076 = ADVANCED_FACE ( 'NONE', ( #4895 ), #1353, .F. ) ;
#3077 = VECTOR ( 'NONE', #1666, 1000.000000000000000 ) ;
#3078 = CARTESIAN_POINT ( 'NONE',  ( 40.00000000000000711, 5.000000000000000000, 7.150000000000002132 ) ) ;
#3079 = CARTESIAN_POINT ( 'NONE',  ( -20.00000000000002487, 7.000000000000000000, -4.999999999999997335 ) ) ;
#3080 = DIRECTION ( 'NONE',  ( -0.000000000000000000, -1.000000000000000000, -0.000000000000000000 ) ) ;
#3081 = FACE_BOUND ( 'NONE', #1576, .T. ) ;
#3082 = STYLED_ITEM ( 'NONE', ( #924 ), #5041 ) ;
#3083 = AXIS2_PLACEMENT_3D ( 'NONE', #4835, #2494, #3449 ) ;
#3084 = ORIENTED_EDGE ( 'NONE', *, *, #4413, .F. ) ;
#3085 = ADVANCED_FACE ( 'NONE', ( #4583 ), #1299, .F. ) ;
#3086 = AXIS2_PLACEMENT_3D ( 'NONE', #5482, #4088, #3832 ) ;
#3087 = AXIS2_PLACEMENT_3D ( 'NONE', #639, #1110, #2531 ) ;
#3088 = VERTEX_POINT ( 'NONE', #6036 ) ;
#3089 = CARTESIAN_POINT ( 'NONE',  ( 29.99999999999994316, -3.000000000000000000, -12.84999999999999787 ) ) ;
#3090 = CARTESIAN_POINT ( 'NONE',  ( 54.90000000000001279, -7.000000000000000000, -14.99999999999998757 ) ) ;
#3091 = VECTOR ( 'NONE', #3790, 1000.000000000000000 ) ;
#3092 = CARTESIAN_POINT ( 'NONE',  ( -49.99999999999998579, 7.000000000000000000, 2.849999999999999645 ) ) ;
#3093 = EDGE_CURVE ( 'NONE', #2268, #846, #1711, .T. ) ;
#3094 = VERTEX_POINT ( 'NONE', #349 ) ;
#3095 = AXIS2_PLACEMENT_3D ( 'NONE', #1163, #5406, #2186 ) ;
#3096 = FACE_BOUND ( 'NONE', #1161, .T. ) ;
#3097 = EDGE_LOOP ( 'NONE', ( #319, #1605, #4228, #2757 ) ) ;
#3098 = DIRECTION ( 'NONE',  ( 0.000000000000000000, 0.000000000000000000, 1.000000000000000000 ) ) ;
#3099 = PLANE ( 'NONE',  #5855 ) ;
#3100 = CARTESIAN_POINT ( 'NONE',  ( 9.999999999999904077, 5.000000000000000000, -25.00000000000000000 ) ) ;
#3101 = ORIENTED_EDGE ( 'NONE', *, *, #1848, .F. ) ;
#3102 = DIRECTION ( 'NONE',  ( 0.000000000000000000, 0.000000000000000000, 1.000000000000000000 ) ) ;
#3103 = DIRECTION ( 'NONE',  ( 0.000000000000000000, -1.000000000000000000, 0.000000000000000000 ) ) ;
#3104 = VERTEX_POINT ( 'NONE', #5014 ) ;
#3105 = CARTESIAN_POINT ( 'NONE',  ( -39.99999999999991473, 7.000000000000000000, 25.00000000000000000 ) ) ;
#3106 = DIRECTION ( 'NONE',  ( 0.000000000000000000, 0.000000000000000000, -1.000000000000000000 ) ) ;
#3107 = CARTESIAN_POINT ( 'NONE',  ( -20.00000000000009237, 7.000000000000000000, -27.15000000000000213 ) ) ;
#3108 = CARTESIAN_POINT ( 'NONE',  ( 9.999999999999973355, 7.000000000000000000, -4.999999999999997335 ) ) ;
#3109 = CYLINDRICAL_SURFACE ( 'NONE', #5621, 2.149999999999997247 ) ;
#3110 = EDGE_CURVE ( 'NONE', #846, #5860, #305, .T. ) ;
#3111 = FACE_BOUND ( 'NONE', #2652, .T. ) ;
#3112 = ADVANCED_FACE ( 'NONE', ( #1822 ), #2726, .F. ) ;
#3113 = EDGE_LOOP ( 'NONE', ( #3313, #244 ) ) ;
#3114 = VERTEX_POINT ( 'NONE', #4635 ) ;
#3115 = DIRECTION ( 'NONE',  ( 0.000000000000000000, 0.000000000000000000, -1.000000000000000000 ) ) ;
#3116 = LINE ( 'NONE', #4943, #618 ) ;
#3117 = DIRECTION ( 'NONE',  ( -0.000000000000000000, 1.000000000000000000, -0.000000000000000000 ) ) ;
#3118 = VERTEX_POINT ( 'NONE', #5543 ) ;
#3119 = EDGE_LOOP ( 'NONE', ( #3052, #1255 ) ) ;
#3120 = FACE_BOUND ( 'NONE', #4137, .T. ) ;
#3121 = EDGE_CURVE ( 'NONE', #876, #6075, #3198, .T. ) ;
#3122 = EDGE_LOOP ( 'NONE', ( #4013, #5527, #266, #4173 ) ) ;
#3123 = CARTESIAN_POINT ( 'NONE',  ( 70.00000000000001421, -3.500000000000000000, 20.00000000000000000 ) ) ;
#3124 = DIRECTION ( 'NONE',  ( 0.000000000000000000, 0.000000000000000000, 1.000000000000000000 ) ) ;
#3125 = DIRECTION ( 'NONE',  ( -0.000000000000000000, 1.000000000000000000, -0.000000000000000000 ) ) ;
#3126 = ADVANCED_FACE ( 'NONE', ( #6071 ), #3603, .F. ) ;
#3127 = ORIENTED_EDGE ( 'NONE', *, *, #774, .T. ) ;
#3128 = DIRECTION ( 'NONE',  ( 0.000000000000000000, 0.000000000000000000, -1.000000000000000000 ) ) ;
#3129 = DIRECTION ( 'NONE',  ( 0.000000000000000000, 0.000000000000000000, -1.000000000000000000 ) ) ;
#3130 = ORIENTED_EDGE ( 'NONE', *, *, #1310, .T. ) ;
#3131 = DIRECTION ( 'NONE',  ( 0.000000000000000000, 0.000000000000000000, 1.000000000000000000 ) ) ;
#3132 = CARTESIAN_POINT ( 'NONE',  ( -5.551115123125782702E-14, 7.000000000000000000, -15.00000000000000000 ) ) ;
#3133 = DIRECTION ( 'NONE',  ( 0.000000000000000000, 0.000000000000000000, 1.000000000000000000 ) ) ;
#3134 = CARTESIAN_POINT ( 'NONE',  ( -49.99999999999998579, -3.000000000000000000, 2.849999999999999645 ) ) ;
#3135 = DIRECTION ( 'NONE',  ( 0.000000000000000000, 0.000000000000000000, 1.000000000000000000 ) ) ;
#3136 = FACE_BOUND ( 'NONE', #1189, .T. ) ;
#3137 = DIRECTION ( 'NONE',  ( 0.000000000000000000, 0.000000000000000000, -1.000000000000000000 ) ) ;
#3138 = ORIENTED_EDGE ( 'NONE', *, *, #4893, .F. ) ;
#3139 = EDGE_CURVE ( 'NONE', #5716, #2423, #3721, .T. ) ;
#3140 = EDGE_CURVE ( 'NONE', #3649, #1480, #4066, .T. ) ;
#3141 = ORIENTED_EDGE ( 'NONE', *, *, #5622, .T. ) ;
#3142 = CARTESIAN_POINT ( 'NONE',  ( 29.99999999999994316, -3.000000000000000000, -17.14999999999999858 ) ) ;
#3143 = LINE ( 'NONE', #454, #4929 ) ;
#3144 = CARTESIAN_POINT ( 'NONE',  ( -20.00000000000006040, 5.000000000000000000, -12.85000000000000142 ) ) ;
#3145 = CIRCLE ( 'NONE', #1852, 2.150000000000000799 ) ;
#3146 = VERTEX_POINT ( 'NONE', #2700 ) ;
#3147 = VERTEX_POINT ( 'NONE', #2661 ) ;
#3148 = EDGE_CURVE ( 'NONE', #3544, #1325, #1198, .T. ) ;
#3149 = ORIENTED_EDGE ( 'NONE', *, *, #1856, .F. ) ;
#3150 = AXIS2_PLACEMENT_3D ( 'NONE', #2175, #4565, #3701 ) ;
#3151 = FACE_OUTER_BOUND ( 'NONE', #377, .T. ) ;
#3152 = DIRECTION ( 'NONE',  ( 0.000000000000000000, 0.000000000000000000, 1.000000000000000000 ) ) ;
#3153 = DIRECTION ( 'NONE',  ( 0.000000000000000000, 0.000000000000000000, 1.000000000000000000 ) ) ;
#3154 = PRODUCT_DEFINITION_CONTEXT ( 'detailed design', #113, 'design' ) ;
#3155 = ORIENTED_EDGE ( 'NONE', *, *, #2598, .F. ) ;
#3156 = EDGE_CURVE ( 'NONE', #3712, #3714, #5253, .T. ) ;
#3157 = CIRCLE ( 'NONE', #2262, 2.149999999999999023 ) ;
#3158 = ORIENTED_EDGE ( 'NONE', *, *, #4595, .F. ) ;
#3159 = CARTESIAN_POINT ( 'NONE',  ( -62.89999999999999858, -7.000000000000000000, -15.00000000000000178 ) ) ;
#3160 = CARTESIAN_POINT ( 'NONE',  ( 70.00000000000001421, 2.000000000000001776, -37.99999999999997158 ) ) ;
#3161 = ORIENTED_EDGE ( 'NONE', *, *, #1562, .T. ) ;
#3162 = CIRCLE ( 'NONE', #1085, 2.149999999999997247 ) ;
#3163 = CARTESIAN_POINT ( 'NONE',  ( -50.00000000000009237, 7.000000000000000000, -25.00000000000000000 ) ) ;
#3164 = CARTESIAN_POINT ( 'NONE',  ( 9.999999999999904077, 5.000000000000000000, -27.15000000000000213 ) ) ;
#3165 = VERTEX_POINT ( 'NONE', #1326 ) ;
#3166 = AXIS2_PLACEMENT_3D ( 'NONE', #3677, #337, #4108 ) ;
#3167 = EDGE_CURVE ( 'NONE', #3957, #4712, #4162, .T. ) ;
#3168 = ORIENTED_EDGE ( 'NONE', *, *, #1759, .F. ) ;
#3169 = DIRECTION ( 'NONE',  ( 0.000000000000000000, 1.000000000000000000, 0.000000000000000000 ) ) ;
#3170 = VECTOR ( 'NONE', #3825, 1000.000000000000000 ) ;
#3171 = DIRECTION ( 'NONE',  ( -0.000000000000000000, 1.000000000000000000, -0.000000000000000000 ) ) ;
#3172 = DIRECTION ( 'NONE',  ( 0.000000000000000000, 0.000000000000000000, 1.000000000000000000 ) ) ;
#3173 = CIRCLE ( 'NONE', #1781, 2.150000000000000799 ) ;
#3174 = FACE_BOUND ( 'NONE', #5691, .T. ) ;
#3175 = VECTOR ( 'NONE', #5114, 1000.000000000000000 ) ;
#3176 = AXIS2_PLACEMENT_3D ( 'NONE', #1947, #3874, #5672 ) ;
#3177 = ORIENTED_EDGE ( 'NONE', *, *, #166, .T. ) ;
#3178 = AXIS2_PLACEMENT_3D ( 'NONE', #1424, #5698, #5174 ) ;
#3179 = ORIENTED_EDGE ( 'NONE', *, *, #3793, .F. ) ;
#3181 = CYLINDRICAL_SURFACE ( 'NONE', #205, 2.150000000000000799 ) ;
#3180 = CIRCLE ( 'NONE', #799, 2.149999999999999023 ) ;
#3182 = AXIS2_PLACEMENT_3D ( 'NONE', #5510, #1261, #3153 ) ;
#3183 = CARTESIAN_POINT ( 'NONE',  ( -9.999999999999953815, 5.000000000000000000, 15.00000000000000178 ) ) ;
#3184 = DIRECTION ( 'NONE',  ( 0.000000000000000000, 0.000000000000000000, 1.000000000000000000 ) ) ;
#3185 = AXIS2_PLACEMENT_3D ( 'NONE', #4644, #2145, #4035 ) ;
#3186 = VECTOR ( 'NONE', #4034, 1000.000000000000000 ) ;
#3187 = EDGE_CURVE ( 'NONE', #1237, #1377, #2382, .T. ) ;
#3188 = VERTEX_POINT ( 'NONE', #320 ) ;
#3189 = VECTOR ( 'NONE', #1820, 1000.000000000000000 ) ;
#3190 = ORIENTED_EDGE ( 'NONE', *, *, #1864, .T. ) ;
#3191 = VECTOR ( 'NONE', #2300, 1000.000000000000000 ) ;
#3192 = ORIENTED_EDGE ( 'NONE', *, *, #4123, .T. ) ;
#3193 = DIRECTION ( 'NONE',  ( 0.000000000000000000, -1.000000000000000000, 0.000000000000000000 ) ) ;
#3194 = CYLINDRICAL_SURFACE ( 'NONE', #1701, 2.149999999999997691 ) ;
#3195 = DIRECTION ( 'NONE',  ( 0.000000000000000000, 0.000000000000000000, 1.000000000000000000 ) ) ;
#3196 = CIRCLE ( 'NONE', #2498, 2.149999999999997247 ) ;
#3197 = ORIENTED_EDGE ( 'NONE', *, *, #2820, .T. ) ;
#3198 = LINE ( 'NONE', #895, #2879 ) ;
#3199 = CARTESIAN_POINT ( 'NONE',  ( -29.99999999999995381, 5.000000000000000000, 12.85000000000000320 ) ) ;
#3200 = DIRECTION ( 'NONE',  ( 0.000000000000000000, 0.000000000000000000, -1.000000000000000000 ) ) ;
#3201 = ORIENTED_EDGE ( 'NONE', *, *, #4558, .T. ) ;
#3202 = EDGE_CURVE ( 'NONE', #525, #1443, #5077, .T. ) ;
#3203 = EDGE_LOOP ( 'NONE', ( #276, #3794 ) ) ;
#3204 = DIRECTION ( 'NONE',  ( 0.000000000000000000, 1.000000000000000000, 0.000000000000000000 ) ) ;
#3205 = EDGE_CURVE ( 'NONE', #251, #524, #5513, .T. ) ;
#3206 = CARTESIAN_POINT ( 'NONE',  ( -30.00000000000005684, -3.000000000000000000, -15.00000000000000000 ) ) ;
#3207 = FACE_OUTER_BOUND ( 'NONE', #2404, .T. ) ;
#3208 = FACE_BOUND ( 'NONE', #3748, .T. ) ;
#3209 = ORIENTED_EDGE ( 'NONE', *, *, #4966, .T. ) ;
#3210 = ORIENTED_EDGE ( 'NONE', *, *, #1105, .T. ) ;
#3211 = CARTESIAN_POINT ( 'NONE',  ( -50.00000000000009237, 7.000000000000000000, -25.00000000000000000 ) ) ;
#3212 = DIRECTION ( 'NONE',  ( 0.000000000000000000, 1.000000000000000000, 0.000000000000000000 ) ) ;
#3213 = DIRECTION ( 'NONE',  ( 0.000000000000000000, 0.000000000000000000, 1.000000000000000000 ) ) ;
#3214 = EDGE_LOOP ( 'NONE', ( #426, #4165 ) ) ;
#3215 = EDGE_LOOP ( 'NONE', ( #1280, #2003, #1784, #1407 ) ) ;
#3216 = ORIENTED_EDGE ( 'NONE', *, *, #1825, .T. ) ;
#3217 = DIRECTION ( 'NONE',  ( -0.000000000000000000, 1.000000000000000000, -0.000000000000000000 ) ) ;
#3218 = ADVANCED_FACE ( 'NONE', ( #805 ), #4120, .F. ) ;
#3219 = LINE ( 'NONE', #3716, #613 ) ;
#3220 = CARTESIAN_POINT ( 'NONE',  ( 45.00000000000007105, -3.000000000000000000, 23.20000000000000284 ) ) ;
#3221 = ORIENTED_EDGE ( 'NONE', *, *, #2059, .F. ) ;
#3222 = CARTESIAN_POINT ( 'NONE',  ( 39.99999999999990763, 7.000000000000000000, -25.00000000000000000 ) ) ;
#3223 = ADVANCED_FACE ( 'NONE', ( #2346 ), #1883, .F. ) ;
#3224 = CARTESIAN_POINT ( 'NONE',  ( -39.99999999999995026, -3.000000000000000000, 12.84999999999999964 ) ) ;
#3225 = CARTESIAN_POINT ( 'NONE',  ( -29.99999999999998934, 7.000000000000000000, 5.000000000000000888 ) ) ;
#3226 = VERTEX_POINT ( 'NONE', #2849 ) ;
#3227 = ADVANCED_BREP_SHAPE_REPRESENTATION ( 'v1_hhi_marker_top', ( #5041, #4864 ), #3967 ) ;
#3228 = ORIENTED_EDGE ( 'NONE', *, *, #5999, .F. ) ;
#3229 = LINE ( 'NONE', #4189, #3670 ) ;
#3230 = CARTESIAN_POINT ( 'NONE',  ( 29.99999999999998579, 7.000000000000000000, -4.999999999999997335 ) ) ;
#3231 = CARTESIAN_POINT ( 'NONE',  ( -10.00000000000005684, 7.000000000000000000, -12.84999999999999964 ) ) ;
#3232 = CARTESIAN_POINT ( 'NONE',  ( -29.99999999999998934, 7.000000000000000000, 5.000000000000000888 ) ) ;
#3233 = VERTEX_POINT ( 'NONE', #4237 ) ;
#3234 = EDGE_CURVE ( 'NONE', #1100, #3916, #2886, .T. ) ;
#3235 = VERTEX_POINT ( 'NONE', #955 ) ;
#3236 = FACE_BOUND ( 'NONE', #4114, .T. ) ;
#3237 = ORIENTED_EDGE ( 'NONE', *, *, #3156, .F. ) ;
#3238 = CARTESIAN_POINT ( 'NONE',  ( 30.00000000000005329, 5.000000000000000000, 12.84999999999999964 ) ) ;
#3239 = CARTESIAN_POINT ( 'NONE',  ( -40.00000000000005684, 5.000000000000000000, -15.00000000000000000 ) ) ;
#3240 = LINE ( 'NONE', #2216, #3587 ) ;
#3241 = ADVANCED_FACE ( 'NONE', ( #3290 ), #3346, .F. ) ;
#3242 = ORIENTED_EDGE ( 'NONE', *, *, #1794, .F. ) ;
#3243 = ORIENTED_EDGE ( 'NONE', *, *, #606, .F. ) ;
#3244 = VERTEX_POINT ( 'NONE', #3783 ) ;
#3245 = LINE ( 'NONE', #2785, #3301 ) ;
#3246 = LINE ( 'NONE', #858, #5160 ) ;
#3247 = CARTESIAN_POINT ( 'NONE',  ( -10.00000000000009237, 5.000000000000000000, -27.15000000000000213 ) ) ;
#3248 = ORIENTED_EDGE ( 'NONE', *, *, #4507, .T. ) ;
#3249 = CARTESIAN_POINT ( 'NONE',  ( -62.89999999999999858, -3.500000000000000000, 20.00000000000000000 ) ) ;
#3250 = DIRECTION ( 'NONE',  ( 0.000000000000000000, 0.000000000000000000, 1.000000000000000000 ) ) ;
#3251 = DIRECTION ( 'NONE',  ( 0.000000000000000000, 0.000000000000000000, 1.000000000000000000 ) ) ;
#3252 = ORIENTED_EDGE ( 'NONE', *, *, #5321, .T. ) ;
#3253 = AXIS2_PLACEMENT_3D ( 'NONE', #1399, #5181, #508 ) ;
#3254 = EDGE_CURVE ( 'NONE', #245, #5001, #5671, .T. ) ;
#3255 = EDGE_CURVE ( 'NONE', #620, #4921, #4276, .T. ) ;
#3256 = VERTEX_POINT ( 'NONE', #1918 ) ;
#3257 = AXIS2_PLACEMENT_3D ( 'NONE', #4531, #295, #1858 ) ;
#3258 = CARTESIAN_POINT ( 'NONE',  ( 10.00000000000007816, 7.000000000000000000, 27.15000000000000213 ) ) ;
#3259 = FACE_OUTER_BOUND ( 'NONE', #3023, .T. ) ;
#3260 = CARTESIAN_POINT ( 'NONE',  ( -57.82113821138194254, 10.69918699187003064, -50.17886178861798641 ) ) ;
#3261 = CARTESIAN_POINT ( 'NONE',  ( 9.999999999999939604, 7.000000000000000000, -15.00000000000000000 ) ) ;
#3262 = AXIS2_PLACEMENT_3D ( 'NONE', #4064, #3695, #4611 ) ;
#3263 = EDGE_LOOP ( 'NONE', ( #4200, #2847 ) ) ;
#3264 = AXIS2_PLACEMENT_3D ( 'NONE', #3430, #180, #213 ) ;
#3265 = FACE_BOUND ( 'NONE', #1786, .T. ) ;
#3266 = AXIS2_PLACEMENT_3D ( 'NONE', #3418, #5299, #1059 ) ;
#3267 = DIRECTION ( 'NONE',  ( 0.000000000000000000, 1.000000000000000000, 0.000000000000000000 ) ) ;
#3268 = AXIS2_PLACEMENT_3D ( 'NONE', #4948, #3531, #185 ) ;
#3269 = CARTESIAN_POINT ( 'NONE',  ( -19.99999999999998934, 5.000000000000000000, 7.149999999999998579 ) ) ;
#3270 = DIRECTION ( 'NONE',  ( 0.000000000000000000, 1.000000000000000000, 0.000000000000000000 ) ) ;
#3271 = LINE ( 'NONE', #5158, #6038 ) ;
#3272 = AXIS2_PLACEMENT_3D ( 'NONE', #5591, #1343, #5120 ) ;
#3273 = EDGE_CURVE ( 'NONE', #5228, #5217, #5268, .T. ) ;
#3274 = AXIS2_PLACEMENT_3D ( 'NONE', #4423, #4367, #5446 ) ;
#3275 = ORIENTED_EDGE ( 'NONE', *, *, #226, .T. ) ;
#3276 = AXIS2_PLACEMENT_3D ( 'NONE', #5371, #633, #3913 ) ;
#3277 = VERTEX_POINT ( 'NONE', #2445 ) ;
#3278 = AXIS2_PLACEMENT_3D ( 'NONE', #1084, #2974, #2163 ) ;
#3279 = ORIENTED_EDGE ( 'NONE', *, *, #5496, .T. ) ;
#3280 = LINE ( 'NONE', #2911, #4149 ) ;
#3281 = EDGE_CURVE ( 'NONE', #4577, #2035, #4798, .T. ) ;
#3282 = DIRECTION ( 'NONE',  ( -0.000000000000000000, 1.000000000000000000, -0.000000000000000000 ) ) ;
#3283 = AXIS2_PLACEMENT_3D ( 'NONE', #1368, #3267, #971 ) ;
#3284 =( NAMED_UNIT ( * ) SI_UNIT ( $, .STERADIAN. ) SOLID_ANGLE_UNIT ( ) );
#3285 = UNCERTAINTY_MEASURE_WITH_UNIT (LENGTH_MEASURE( 1.000000000000000082E-05 ), #2032, 'distance_accuracy_value', 'NONE');
#3286 = VECTOR ( 'NONE', #5396, 1000.000000000000000 ) ;
#3287 = AXIS2_PLACEMENT_3D ( 'NONE', #1023, #4723, #981 ) ;
#3288 = CIRCLE ( 'NONE', #2000, 2.149999999999999023 ) ;
#3289 = ORIENTED_EDGE ( 'NONE', *, *, #2259, .F. ) ;
#3290 = FACE_OUTER_BOUND ( 'NONE', #3901, .T. ) ;
#3291 = CARTESIAN_POINT ( 'NONE',  ( 10.00000000000004441, 5.000000000000000000, 15.00000000000000178 ) ) ;
#3292 = PLANE ( 'NONE',  #4444 ) ;
#3293 = AXIS2_PLACEMENT_3D ( 'NONE', #757, #4043, #5003 ) ;
#3294 = ORIENTED_EDGE ( 'NONE', *, *, #5901, .F. ) ;
#3295 = EDGE_LOOP ( 'NONE', ( #151, #2638 ) ) ;
#3296 = FACE_OUTER_BOUND ( 'NONE', #2278, .T. ) ;
#3297 = LINE ( 'NONE', #2857, #3091 ) ;
#3298 = EDGE_CURVE ( 'NONE', #336, #1301, #4358, .T. ) ;
#3299 = ORIENTED_EDGE ( 'NONE', *, *, #3988, .F. ) ;
#3300 = DIRECTION ( 'NONE',  ( 0.000000000000000000, 0.000000000000000000, 1.000000000000000000 ) ) ;
#3301 = VECTOR ( 'NONE', #2314, 1000.000000000000000 ) ;
#3302 = DIRECTION ( 'NONE',  ( 0.000000000000000000, 1.000000000000000000, 0.000000000000000000 ) ) ;
#3303 = VERTEX_POINT ( 'NONE', #1450 ) ;
#3304 = FACE_BOUND ( 'NONE', #5300, .T. ) ;
#3305 = ADVANCED_FACE ( 'NONE', ( #4329 ), #3412, .T. ) ;
#3306 = ORIENTED_EDGE ( 'NONE', *, *, #2227, .T. ) ;
#3307 = LINE ( 'NONE', #4197, #696 ) ;
#3308 = ADVANCED_FACE ( 'NONE', ( #35 ), #65, .F. ) ;
#3309 = DIRECTION ( 'NONE',  ( 0.000000000000000000, 0.000000000000000000, -1.000000000000000000 ) ) ;
#3310 = DIRECTION ( 'NONE',  ( 0.000000000000000000, 0.000000000000000000, 1.000000000000000000 ) ) ;
#3311 = ORIENTED_EDGE ( 'NONE', *, *, #753, .F. ) ;
#3312 = EDGE_LOOP ( 'NONE', ( #2674, #2731, #5473, #5561 ) ) ;
#3313 = ORIENTED_EDGE ( 'NONE', *, *, #3495, .F. ) ;
#3314 = CARTESIAN_POINT ( 'NONE',  ( 54.90000000000001279, -3.499999999999999556, -22.05000000000000071 ) ) ;
#3315 = AXIS2_PLACEMENT_3D ( 'NONE', #1703, #5008, #1321 ) ;
#3316 = DIRECTION ( 'NONE',  ( 0.000000000000000000, 0.000000000000000000, 1.000000000000000000 ) ) ;
#3317 = CARTESIAN_POINT ( 'NONE',  ( 30.00000000000008171, -3.000000000000000000, 25.00000000000000000 ) ) ;
#3318 = ORIENTED_EDGE ( 'NONE', *, *, #553, .F. ) ;
#3319 = ADVANCED_FACE ( 'NONE', ( #94 ), #4209, .F. ) ;
#3320 = EDGE_LOOP ( 'NONE', ( #1937, #4672, #4049, #759 ) ) ;
#3321 = DIRECTION ( 'NONE',  ( -0.000000000000000000, 1.000000000000000000, -0.000000000000000000 ) ) ;
#3322 = CARTESIAN_POINT ( 'NONE',  ( -62.89999999999999858, -3.500000000000000000, -20.00000000000000000 ) ) ;
#3323 = CARTESIAN_POINT ( 'NONE',  ( -69.99999999999998579, 0.000000000000000000, 40.00000000000000000 ) ) ;
#3324 = ORIENTED_EDGE ( 'NONE', *, *, #1448, .F. ) ;
#3325 = EDGE_CURVE ( 'NONE', #5759, #5199, #5453, .T. ) ;
#3326 = ORIENTED_EDGE ( 'NONE', *, *, #2992, .T. ) ;
#3327 = DIRECTION ( 'NONE',  ( 0.000000000000000000, 0.000000000000000000, 1.000000000000000000 ) ) ;
#3328 = DIRECTION ( 'NONE',  ( 0.000000000000000000, 0.000000000000000000, 1.000000000000000000 ) ) ;
#3329 = DIRECTION ( 'NONE',  ( 0.000000000000000000, 0.000000000000000000, 1.000000000000000000 ) ) ;
#3330 = CARTESIAN_POINT ( 'NONE',  ( 29.99999999999991473, 5.000000000000000000, -22.85000000000000142 ) ) ;
#3331 = ORIENTED_EDGE ( 'NONE', *, *, #4072, .F. ) ;
#3332 = CARTESIAN_POINT ( 'NONE',  ( 30.00000000000008171, 7.000000000000000000, 27.15000000000000213 ) ) ;
#3333 = EDGE_LOOP ( 'NONE', ( #2646, #2028, #129, #2579 ) ) ;
#3334 = DIRECTION ( 'NONE',  ( 0.000000000000000000, 1.000000000000000000, 0.000000000000000000 ) ) ;
#3335 = DIRECTION ( 'NONE',  ( 0.000000000000000000, -1.000000000000000000, 0.000000000000000000 ) ) ;
#3336 = DIRECTION ( 'NONE',  ( 0.000000000000000000, 0.000000000000000000, -1.000000000000000000 ) ) ;
#3337 = ORIENTED_EDGE ( 'NONE', *, *, #1243, .T. ) ;
#3338 = EDGE_CURVE ( 'NONE', #2599, #1608, #1026, .T. ) ;
#3339 = VERTEX_POINT ( 'NONE', #1520 ) ;
#3340 = ORIENTED_EDGE ( 'NONE', *, *, #1144, .F. ) ;
#3341 = DIRECTION ( 'NONE',  ( -1.000000000000000000, -0.000000000000000000, -0.000000000000000000 ) ) ;
#3342 = PLANE ( 'NONE',  #2900 ) ;
#3343 = DIRECTION ( 'NONE',  ( 0.000000000000000000, -1.000000000000000000, 0.000000000000000000 ) ) ;
#3344 = ORIENTED_EDGE ( 'NONE', *, *, #1901, .F. ) ;
#3345 = ORIENTED_EDGE ( 'NONE', *, *, #2845, .F. ) ;
#3346 = PLANE ( 'NONE',  #5943 ) ;
#3347 = DIRECTION ( 'NONE',  ( 0.000000000000000000, 0.000000000000000000, 1.000000000000000000 ) ) ;
#3348 = PRODUCT_DEFINITION_SHAPE ( 'NONE', 'NONE',  #5490 ) ;
#3349 = CARTESIAN_POINT ( 'NONE',  ( 30.00000000000001421, -3.000000000000000000, 2.849999999999999645 ) ) ;
#3350 = CIRCLE ( 'NONE', #674, 2.149999999999999023 ) ;
#3351 = EDGE_LOOP ( 'NONE', ( #1104, #1264, #4654, #2266 ) ) ;
#3352 = DIRECTION ( 'NONE',  ( -0.000000000000000000, 0.000000000000000000, -1.000000000000000000 ) ) ;
#3353 = DIRECTION ( 'NONE',  ( 0.000000000000000000, 0.000000000000000000, 1.000000000000000000 ) ) ;
#3354 = AXIS2_PLACEMENT_3D ( 'NONE', #1590, #3489, #2761 ) ;
#3355 = CARTESIAN_POINT ( 'NONE',  ( 45.00000000000007105, 5.000000000000000000, 19.99999999999999645 ) ) ;
#3356 = EDGE_CURVE ( 'NONE', #3146, #3630, #3871, .T. ) ;
#3357 = DIRECTION ( 'NONE',  ( 0.000000000000000000, -1.000000000000000000, 0.000000000000000000 ) ) ;
#3358 = VECTOR ( 'NONE', #4803, 1000.000000000000000 ) ;
#3359 = ORIENTED_EDGE ( 'NONE', *, *, #2170, .F. ) ;
#3360 = DIRECTION ( 'NONE',  ( 0.000000000000000000, 1.000000000000000000, 0.000000000000000000 ) ) ;
#3361 = ORIENTED_EDGE ( 'NONE', *, *, #5388, .F. ) ;
#3362 = DIRECTION ( 'NONE',  ( 0.6311687442672050397, -0.4508348173337155540, -0.6311687442672005988 ) ) ;
#3363 = LINE ( 'NONE', #3401, #6114 ) ;
#3364 = CARTESIAN_POINT ( 'NONE',  ( 4.857225732735059864E-14, -3.000000000000000000, 15.00000000000000178 ) ) ;
#3365 = AXIS2_PLACEMENT_3D ( 'NONE', #5516, #5460, #5106 ) ;
#3366 = VECTOR ( 'NONE', #611, 1000.000000000000000 ) ;
#3367 = ORIENTED_EDGE ( 'NONE', *, *, #54, .F. ) ;
#3368 = EDGE_LOOP ( 'NONE', ( #3197, #5542, #2713, #47 ) ) ;
#3369 = VERTEX_POINT ( 'NONE', #1388 ) ;
#3370 = DIRECTION ( 'NONE',  ( 0.000000000000000000, 1.000000000000000000, 0.000000000000000000 ) ) ;
#3371 = CIRCLE ( 'NONE', #1187, 2.150000000000000799 ) ;
#3372 = CARTESIAN_POINT ( 'NONE',  ( -30.00000000000002487, -3.000000000000000000, -4.999999999999997335 ) ) ;
#3373 =( LENGTH_UNIT ( ) NAMED_UNIT ( * ) SI_UNIT ( .MILLI., .METRE. ) );
#3374 = ADVANCED_FACE ( 'NONE', ( #2822 ), #3005, .F. ) ;
#3375 = CIRCLE ( 'NONE', #601, 2.149999999999999023 ) ;
#3376 = ORIENTED_EDGE ( 'NONE', *, *, #4773, .T. ) ;
#3377 = CIRCLE ( 'NONE', #703, 2.149999999999999023 ) ;
#3378 = AXIS2_PLACEMENT_3D ( 'NONE', #5879, #3031, #2511 ) ;
#3379 = ORIENTED_EDGE ( 'NONE', *, *, #2123, .F. ) ;
#3380 = DIRECTION ( 'NONE',  ( 0.000000000000000000, 0.000000000000000000, 1.000000000000000000 ) ) ;
#3381 = DIRECTION ( 'NONE',  ( -1.000000000000000000, 0.000000000000000000, 0.000000000000000000 ) ) ;
#3382 = ORIENTED_EDGE ( 'NONE', *, *, #512, .F. ) ;
#3383 = CIRCLE ( 'NONE', #5654, 2.149999999999999023 ) ;
#3384 = ADVANCED_FACE ( 'NONE', ( #713 ), #1141, .F. ) ;
#3385 = VECTOR ( 'NONE', #3125, 1000.000000000000000 ) ;
#3386 = ORIENTED_EDGE ( 'NONE', *, *, #3121, .F. ) ;
#3387 = AXIS2_PLACEMENT_3D ( 'NONE', #2809, #4748, #4224 ) ;
#3388 = CIRCLE ( 'NONE', #4271, 2.149999999999999023 ) ;
#3389 = ORIENTED_EDGE ( 'NONE', *, *, #1216, .T. ) ;
#3390 = DIRECTION ( 'NONE',  ( 1.000000000000000000, 0.000000000000000000, 0.000000000000000000 ) ) ;
#3391 = VECTOR ( 'NONE', #4606, 1000.000000000000000 ) ;
#3392 = ORIENTED_EDGE ( 'NONE', *, *, #471, .T. ) ;
#3393 = EDGE_CURVE ( 'NONE', #3575, #5518, #115, .T. ) ;
#3394 = DIRECTION ( 'NONE',  ( 0.000000000000000000, 0.000000000000000000, -1.000000000000000000 ) ) ;
#3395 = CARTESIAN_POINT ( 'NONE',  ( -49.99999999999998579, 7.000000000000000000, 5.000000000000000888 ) ) ;
#3396 = ADVANCED_FACE ( 'NONE', ( #4950 ), #2473, .F. ) ;
#3397 = CARTESIAN_POINT ( 'NONE',  ( -30.00000000000002487, 7.000000000000000000, -7.149999999999995026 ) ) ;
#3398 = ORIENTED_EDGE ( 'NONE', *, *, #2361, .T. ) ;
#3399 = ORIENTED_EDGE ( 'NONE', *, *, #461, .T. ) ;
#3400 = CARTESIAN_POINT ( 'NONE',  ( -19.99999999999992184, 7.000000000000000000, 25.00000000000000000 ) ) ;
#3401 = CARTESIAN_POINT ( 'NONE',  ( 70.00000000000001421, 2.000000000000000000, -37.99999999999997158 ) ) ;
#3402 = CARTESIAN_POINT ( 'NONE',  ( 40.00000000000000711, 5.000000000000000000, 5.000000000000000888 ) ) ;
#3403 = EDGE_LOOP ( 'NONE', ( #4655, #2472 ) ) ;
#3404 = EDGE_LOOP ( 'NONE', ( #1103, #5534 ) ) ;
#3405 = VERTEX_POINT ( 'NONE', #5906 ) ;
#3406 = LINE ( 'NONE', #247, #2871 ) ;
#3407 = DIRECTION ( 'NONE',  ( 0.000000000000000000, 1.000000000000000000, 0.000000000000000000 ) ) ;
#3408 = DIRECTION ( 'NONE',  ( -1.000000000000000000, -0.000000000000000000, -0.000000000000000000 ) ) ;
#3409 = ORIENTED_EDGE ( 'NONE', *, *, #2576, .F. ) ;
#3410 = CARTESIAN_POINT ( 'NONE',  ( -49.99999999999992184, -3.000000000000000000, 22.85000000000000142 ) ) ;
#3411 = ORIENTED_EDGE ( 'NONE', *, *, #742, .T. ) ;
#3412 = PLANE ( 'NONE',  #5345 ) ;
#3413 = DIRECTION ( 'NONE',  ( 0.000000000000000000, 0.000000000000000000, 1.000000000000000000 ) ) ;
#3414 = EDGE_LOOP ( 'NONE', ( #1054, #1728, #1132, #5083 ) ) ;
#3415 = EDGE_CURVE ( 'NONE', #968, #5791, #645, .T. ) ;
#3416 = EDGE_CURVE ( 'NONE', #563, #1928, #5851, .T. ) ;
#3417 = ORIENTED_EDGE ( 'NONE', *, *, #4705, .F. ) ;
#3418 = CARTESIAN_POINT ( 'NONE',  ( 9.999999999999973355, 5.000000000000000000, -4.999999999999997335 ) ) ;
#3419 = DIRECTION ( 'NONE',  ( 0.000000000000000000, 1.000000000000000000, 0.000000000000000000 ) ) ;
#3420 = CARTESIAN_POINT ( 'NONE',  ( 10.00000000000007816, -3.000000000000000000, 27.15000000000000213 ) ) ;
#3422 = ORIENTED_EDGE ( 'NONE', *, *, #462, .T. ) ;
#3421 = DIRECTION ( 'NONE',  ( 0.000000000000000000, 0.000000000000000000, 1.000000000000000000 ) ) ;
#3423 = DIRECTION ( 'NONE',  ( 0.000000000000000000, 0.000000000000000000, -1.000000000000000000 ) ) ;
#3424 = DIRECTION ( 'NONE',  ( 1.000000000000000000, -0.000000000000000000, 0.000000000000000000 ) ) ;
#3425 = CYLINDRICAL_SURFACE ( 'NONE', #3276, 2.149999999999997691 ) ;
#3426 = EDGE_CURVE ( 'NONE', #1530, #2164, #4022, .T. ) ;
#3427 = ORIENTED_EDGE ( 'NONE', *, *, #3008, .F. ) ;
#3428 = VERTEX_POINT ( 'NONE', #2603 ) ;
#3429 = ORIENTED_EDGE ( 'NONE', *, *, #1182, .T. ) ;
#3430 = CARTESIAN_POINT ( 'NONE',  ( 68.00000000000001421, 2.000000000000000000, -40.00000000000000000 ) ) ;
#3431 = DIRECTION ( 'NONE',  ( 0.000000000000000000, 0.000000000000000000, 1.000000000000000000 ) ) ;
#3432 = CARTESIAN_POINT ( 'NONE',  ( -62.89999999999999858, 0.000000000000000000, 25.00000000000000000 ) ) ;
#3433 = EDGE_CURVE ( 'NONE', #5228, #4275, #3965, .T. ) ;
#3434 = DIRECTION ( 'NONE',  ( 0.000000000000000000, 1.000000000000000000, 0.000000000000000000 ) ) ;
#3435 = ORIENTED_EDGE ( 'NONE', *, *, #5583, .T. ) ;
#3436 = DIRECTION ( 'NONE',  ( 0.000000000000000000, 0.000000000000000000, -1.000000000000000000 ) ) ;
#3437 = VERTEX_POINT ( 'NONE', #3995 ) ;
#3438 = DIRECTION ( 'NONE',  ( 0.000000000000000000, 0.000000000000000000, 1.000000000000000000 ) ) ;
#3439 = DIRECTION ( 'NONE',  ( 0.000000000000000000, 1.000000000000000000, 0.000000000000000000 ) ) ;
#3440 = EDGE_LOOP ( 'NONE', ( #299, #4788, #457, #1147 ) ) ;
#3441 = DIRECTION ( 'NONE',  ( 0.000000000000000000, 1.000000000000000000, 0.000000000000000000 ) ) ;
#3442 = VERTEX_POINT ( 'NONE', #3561 ) ;
#3443 = DIRECTION ( 'NONE',  ( 0.000000000000000000, 1.000000000000000000, 0.000000000000000000 ) ) ;
#3444 = ADVANCED_FACE ( 'NONE', ( #1116 ), #2131, .F. ) ;
#3445 = DIRECTION ( 'NONE',  ( -0.5812381937190961301, 0.8137334712067352260, 0.000000000000000000 ) ) ;
#3446 = AXIS2_PLACEMENT_3D ( 'NONE', #1531, #3424, #3309 ) ;
#3447 = AXIS2_PLACEMENT_3D ( 'NONE', #4971, #1185, #242 ) ;
#3448 = CARTESIAN_POINT ( 'NONE',  ( -62.89999999999999858, -7.000000000000000000, 25.00000000000000000 ) ) ;
#3449 = DIRECTION ( 'NONE',  ( 0.000000000000000000, 0.000000000000000000, -1.000000000000000000 ) ) ;
#3450 = DIRECTION ( 'NONE',  ( -0.000000000000000000, 1.000000000000000000, -0.000000000000000000 ) ) ;
#3451 = CARTESIAN_POINT ( 'NONE',  ( 30.00000000000001421, 5.000000000000000000, 7.150000000000002132 ) ) ;
#3452 = CIRCLE ( 'NONE', #1078, 2.150000000000000799 ) ;
#3453 = EDGE_LOOP ( 'NONE', ( #5554, #5267, #2338, #4879 ) ) ;
#3454 = EDGE_LOOP ( 'NONE', ( #2130, #3692 ) ) ;
#3455 = ORIENTED_EDGE ( 'NONE', *, *, #1243, .F. ) ;
#3456 = CARTESIAN_POINT ( 'NONE',  ( 29.99999999999991473, -3.000000000000000000, -25.00000000000000000 ) ) ;
#3457 = DIRECTION ( 'NONE',  ( 0.000000000000000000, -1.000000000000000000, 0.000000000000000000 ) ) ;
#3458 = CARTESIAN_POINT ( 'NONE',  ( 19.99999999999994671, 7.000000000000000000, -15.00000000000000000 ) ) ;
#3459 = EDGE_CURVE ( 'NONE', #5348, #3916, #597, .T. ) ;
#3460 = CARTESIAN_POINT ( 'NONE',  ( 54.90000000000001279, -7.000000000000000000, -24.99999999999998579 ) ) ;
#3461 = ORIENTED_EDGE ( 'NONE', *, *, #1136, .T. ) ;
#3462 = CIRCLE ( 'NONE', #5037, 2.150000000000000799 ) ;
#3463 = CARTESIAN_POINT ( 'NONE',  ( 39.99999999999997868, 7.000000000000000000, -7.149999999999998579 ) ) ;
#3464 = ADVANCED_FACE ( 'NONE', ( #1570 ), #1169, .F. ) ;
#3465 = ORIENTED_EDGE ( 'NONE', *, *, #296, .F. ) ;
#3466 = CARTESIAN_POINT ( 'NONE',  ( -9.999999999999918288, 7.000000000000000000, 25.00000000000000000 ) ) ;
#3467 = CARTESIAN_POINT ( 'NONE',  ( -10.00000000000005684, 7.000000000000000000, -15.00000000000000000 ) ) ;
#3468 = CIRCLE ( 'NONE', #502, 2.149999999999999023 ) ;
#3469 = DIRECTION ( 'NONE',  ( -0.000000000000000000, 1.000000000000000000, -0.000000000000000000 ) ) ;
#3470 = CIRCLE ( 'NONE', #3963, 2.150000000000001243 ) ;
#3471 = AXIS2_PLACEMENT_3D ( 'NONE', #19, #1905, #972 ) ;
#3472 = VECTOR ( 'NONE', #559, 1000.000000000000000 ) ;
#3473 = VECTOR ( 'NONE', #4288, 1000.000000000000000 ) ;
#3474 = VERTEX_POINT ( 'NONE', #133 ) ;
#3475 = AXIS2_PLACEMENT_3D ( 'NONE', #4032, #1215, #3137 ) ;
#3476 = DIRECTION ( 'NONE',  ( 0.000000000000000000, 1.000000000000000000, 0.000000000000000000 ) ) ;
#3477 = CIRCLE ( 'NONE', #2581, 2.049999999999999822 ) ;
#3478 = ORIENTED_EDGE ( 'NONE', *, *, #4079, .T. ) ;
#3479 = DIRECTION ( 'NONE',  ( 0.000000000000000000, 1.000000000000000000, 0.000000000000000000 ) ) ;
#3480 = CIRCLE ( 'NONE', #1696, 2.149999999999999023 ) ;
#3481 = CYLINDRICAL_SURFACE ( 'NONE', #212, 2.049999999999999822 ) ;
#3482 = ORIENTED_EDGE ( 'NONE', *, *, #1043, .T. ) ;
#3483 = AXIS2_PLACEMENT_3D ( 'NONE', #378, #4101, #2299 ) ;
#3484 = AXIS2_PLACEMENT_3D ( 'NONE', #1324, #399, #5074 ) ;
#3485 = AXIS2_PLACEMENT_3D ( 'NONE', #5679, #1430, #507 ) ;
#3486 = DIRECTION ( 'NONE',  ( -0.000000000000000000, 0.000000000000000000, -1.000000000000000000 ) ) ;
#3487 = CARTESIAN_POINT ( 'NONE',  ( 30.00000000000001421, 7.000000000000000000, 7.150000000000002132 ) ) ;
#3488 = AXIS2_PLACEMENT_3D ( 'NONE', #733, #5593, #5476 ) ;
#3489 = DIRECTION ( 'NONE',  ( -0.000000000000000000, 1.000000000000000000, -0.000000000000000000 ) ) ;
#3490 = CARTESIAN_POINT ( 'NONE',  ( 20.00000000000001776, 7.000000000000000000, 2.850000000000003197 ) ) ;
#3491 = CIRCLE ( 'NONE', #4868, 2.149999999999997691 ) ;
#3492 = ORIENTED_EDGE ( 'NONE', *, *, #1359, .F. ) ;
#3493 = EDGE_CURVE ( 'NONE', #4335, #4800, #2181, .T. ) ;
#3494 = ORIENTED_EDGE ( 'NONE', *, *, #1708, .T. ) ;
#3495 = EDGE_CURVE ( 'NONE', #3233, #5217, #3675, .T. ) ;
#3496 = ORIENTED_EDGE ( 'NONE', *, *, #5395, .F. ) ;
#3497 = VERTEX_POINT ( 'NONE', #2011 ) ;
#3498 = DIRECTION ( 'NONE',  ( 0.000000000000000000, 0.000000000000000000, 1.000000000000000000 ) ) ;
#3499 = DIRECTION ( 'NONE',  ( 0.000000000000000000, 0.000000000000000000, 1.000000000000000000 ) ) ;
#3500 = CARTESIAN_POINT ( 'NONE',  ( -29.99999999999998934, -3.000000000000000000, 5.000000000000000888 ) ) ;
#3501 = FILL_AREA_STYLE ('',( #3000 ) ) ;
#3502 = ORIENTED_EDGE ( 'NONE', *, *, #3639, .T. ) ;
#3503 = CARTESIAN_POINT ( 'NONE',  ( -40.00000000000005684, -3.000000000000000000, -12.84999999999999787 ) ) ;
#3504 = ORIENTED_EDGE ( 'NONE', *, *, #4601, .F. ) ;
#3505 = CARTESIAN_POINT ( 'NONE',  ( 62.99999999999998579, 7.000000000000000000, 33.00000000000000000 ) ) ;
#3506 = DIRECTION ( 'NONE',  ( -0.000000000000000000, 1.000000000000000000, -0.000000000000000000 ) ) ;
#3507 = CARTESIAN_POINT ( 'NONE',  ( 19.99999999999998934, 7.000000000000000000, -4.999999999999997335 ) ) ;
#3508 = EDGE_CURVE ( 'NONE', #3442, #1306, #5320, .T. ) ;
#3509 = EDGE_LOOP ( 'NONE', ( #4777, #3482, #1839, #2219 ) ) ;
#3510 = CARTESIAN_POINT ( 'NONE',  ( -40.00000000000009237, -3.000000000000000000, -22.85000000000000142 ) ) ;
#3511 = DIRECTION ( 'NONE',  ( -0.000000000000000000, -0.000000000000000000, -1.000000000000000000 ) ) ;
#3512 = ORIENTED_EDGE ( 'NONE', *, *, #139, .T. ) ;
#3513 = AXIS2_PLACEMENT_3D ( 'NONE', #3123, #1731, #4115 ) ;
#3514 = CARTESIAN_POINT ( 'NONE',  ( -54.89999999999999858, 0.000000000000000000, -25.00000000000000000 ) ) ;
#3515 = DIRECTION ( 'NONE',  ( -0.000000000000000000, 1.000000000000000000, -0.000000000000000000 ) ) ;
#3516 = ADVANCED_FACE ( 'NONE', ( #4858 ), #621, .F. ) ;
#3517 = DIRECTION ( 'NONE',  ( 0.000000000000000000, 1.000000000000000000, 0.000000000000000000 ) ) ;
#3518 = DIRECTION ( 'NONE',  ( -0.000000000000000000, 1.000000000000000000, -0.000000000000000000 ) ) ;
#3519 = CARTESIAN_POINT ( 'NONE',  ( 30.00000000000001421, -3.000000000000000000, 5.000000000000000888 ) ) ;
#3520 = DIRECTION ( 'NONE',  ( 0.000000000000000000, 0.000000000000000000, 1.000000000000000000 ) ) ;
#3521 = ORIENTED_EDGE ( 'NONE', *, *, #5109, .F. ) ;
#3522 = ORIENTED_EDGE ( 'NONE', *, *, #422, .T. ) ;
#3523 = ORIENTED_EDGE ( 'NONE', *, *, #817, .T. ) ;
#3524 = FACE_OUTER_BOUND ( 'NONE', #2325, .T. ) ;
#3525 = DIRECTION ( 'NONE',  ( -0.000000000000000000, 1.000000000000000000, -0.000000000000000000 ) ) ;
#3526 = CARTESIAN_POINT ( 'NONE',  ( -39.99999999999995026, 7.000000000000000000, 17.15000000000000213 ) ) ;
#3527 = ADVANCED_FACE ( 'NONE', ( #3925 ), #5813, .F. ) ;
#3528 = APPLICATION_PROTOCOL_DEFINITION ( 'draft international standard', 'automotive_design', 1998, #3828 ) ;
#3529 = EDGE_CURVE ( 'NONE', #5298, #2561, #4545, .T. ) ;
#3530 = VERTEX_POINT ( 'NONE', #3715 ) ;
#3531 = DIRECTION ( 'NONE',  ( 0.000000000000000000, -1.000000000000000000, 0.000000000000000000 ) ) ;
#3532 = ORIENTED_EDGE ( 'NONE', *, *, #1774, .F. ) ;
#3533 = DIRECTION ( 'NONE',  ( -0.000000000000000000, 1.000000000000000000, -0.000000000000000000 ) ) ;
#3534 = CARTESIAN_POINT ( 'NONE',  ( -10.00000000000009237, 5.000000000000000000, -22.85000000000000142 ) ) ;
#3535 = CARTESIAN_POINT ( 'NONE',  ( 39.99999999999990763, 7.000000000000000000, -25.00000000000000000 ) ) ;
#3536 = ADVANCED_FACE ( 'NONE', ( #3687 ), #762, .F. ) ;
#3537 = ORIENTED_EDGE ( 'NONE', *, *, #493, .F. ) ;
#3539 = ORIENTED_EDGE ( 'NONE', *, *, #2461, .F. ) ;
#3538 = CARTESIAN_POINT ( 'NONE',  ( -19.99999999999992184, -3.000000000000000000, 25.00000000000000000 ) ) ;
#3540 = CARTESIAN_POINT ( 'NONE',  ( 54.90000000000001279, 0.000000000000000000, 14.99999999999998757 ) ) ;
#3541 = CARTESIAN_POINT ( 'NONE',  ( 29.99999999999991473, 7.000000000000000000, -25.00000000000000000 ) ) ;
#3542 = CARTESIAN_POINT ( 'NONE',  ( 20.00000000000006040, -3.000000000000000000, 15.00000000000000178 ) ) ;
#3543 = EDGE_CURVE ( 'NONE', #524, #5140, #2630, .T. ) ;
#3544 = VERTEX_POINT ( 'NONE', #3625 ) ;
#3545 = CARTESIAN_POINT ( 'NONE',  ( 40.00000000000000711, 5.000000000000000000, 5.000000000000000888 ) ) ;
#3546 = EDGE_CURVE ( 'NONE', #5298, #1893, #542, .T. ) ;
#3547 = LINE ( 'NONE', #1620, #123 ) ;
#3548 = CARTESIAN_POINT ( 'NONE',  ( 30.00000000000008171, 5.000000000000000000, 25.00000000000000000 ) ) ;
#3549 = FACE_BOUND ( 'NONE', #5000, .T. ) ;
#3550 = CIRCLE ( 'NONE', #6011, 2.149999999999999023 ) ;
#3551 = ORIENTED_EDGE ( 'NONE', *, *, #54, .T. ) ;
#3552 = ORIENTED_EDGE ( 'NONE', *, *, #2631, .F. ) ;
#3553 = CARTESIAN_POINT ( 'NONE',  ( -70.00000000000000000, 1.999999999999994893, 0.000000000000000000 ) ) ;
#3554 = DIRECTION ( 'NONE',  ( 0.000000000000000000, -1.000000000000000000, 0.000000000000000000 ) ) ;
#3555 = DIRECTION ( 'NONE',  ( -0.000000000000000000, 1.000000000000000000, -0.000000000000000000 ) ) ;
#3556 = ORIENTED_EDGE ( 'NONE', *, *, #4745, .T. ) ;
#3557 = AXIS2_PLACEMENT_3D ( 'NONE', #2982, #1579, #5793 ) ;
#3558 = FACE_BOUND ( 'NONE', #1031, .T. ) ;
#3559 = PRODUCT_RELATED_PRODUCT_CATEGORY ( 'part', '', ( #4959 ) ) ;
#3560 = EDGE_LOOP ( 'NONE', ( #1318, #3650, #1433, #3607 ) ) ;
#3561 = CARTESIAN_POINT ( 'NONE',  ( 19.99999999999998934, 5.000000000000000000, -2.849999999999999645 ) ) ;
#3562 = FACE_OUTER_BOUND ( 'NONE', #2250, .T. ) ;
#3563 = DIRECTION ( 'NONE',  ( 0.000000000000000000, -1.000000000000000000, 0.000000000000000000 ) ) ;
#3564 = CIRCLE ( 'NONE', #4839, 2.149999999999997691 ) ;
#3565 = VECTOR ( 'NONE', #2828, 1000.000000000000000 ) ;
#3566 = ORIENTED_EDGE ( 'NONE', *, *, #2994, .F. ) ;
#3567 = DIRECTION ( 'NONE',  ( -0.000000000000000000, 1.000000000000000000, -0.000000000000000000 ) ) ;
#3568 = ADVANCED_FACE ( 'NONE', ( #3151 ), #5941, .F. ) ;
#3569 = CARTESIAN_POINT ( 'NONE',  ( -53.99999999999975842, -0.000000000000000000, -54.00000000000012079 ) ) ;
#3570 = AXIS2_PLACEMENT_3D ( 'NONE', #3604, #5487, #3129 ) ;
#3571 = FACE_OUTER_BOUND ( 'NONE', #2134, .T. ) ;
#3572 = CARTESIAN_POINT ( 'NONE',  ( 10.00000000000007816, -3.000000000000000000, 22.85000000000000142 ) ) ;
#3573 = VERTEX_POINT ( 'NONE', #857 ) ;
#3574 = AXIS2_PLACEMENT_3D ( 'NONE', #4094, #5950, #5576 ) ;
#3575 = VERTEX_POINT ( 'NONE', #1232 ) ;
#3576 = CIRCLE ( 'NONE', #2683, 2.150000000000000799 ) ;
#3577 = DIRECTION ( 'NONE',  ( 0.000000000000000000, 0.000000000000000000, -1.000000000000000000 ) ) ;
#3578 = CIRCLE ( 'NONE', #1008, 2.149999999999999467 ) ;
#3579 = CARTESIAN_POINT ( 'NONE',  ( -54.89999999999999858, -7.000000000000000000, -15.00000000000000178 ) ) ;
#3580 = CIRCLE ( 'NONE', #2084, 2.149999999999997247 ) ;
#3581 = FACE_OUTER_BOUND ( 'NONE', #1930, .T. ) ;
#3582 = FACE_BOUND ( 'NONE', #1470, .T. ) ;
#3583 = CIRCLE ( 'NONE', #1892, 2.149999999999997247 ) ;
#3584 = EDGE_CURVE ( 'NONE', #1314, #2421, #346, .T. ) ;
#3585 = CIRCLE ( 'NONE', #3083, 2.150000000000000799 ) ;
#3586 = ORIENTED_EDGE ( 'NONE', *, *, #3459, .T. ) ;
#3587 = VECTOR ( 'NONE', #3117, 1000.000000000000000 ) ;
#3588 = VERTEX_POINT ( 'NONE', #739 ) ;
#3589 = DIRECTION ( 'NONE',  ( -0.000000000000000000, 1.000000000000000000, -0.000000000000000000 ) ) ;
#3590 = CARTESIAN_POINT ( 'NONE',  ( 19.99999999999994671, -3.000000000000000000, -12.85000000000000142 ) ) ;
#3591 = VECTOR ( 'NONE', #3996, 1000.000000000000000 ) ;
#3592 = DIRECTION ( 'NONE',  ( 0.000000000000000000, 1.000000000000000000, 0.000000000000000000 ) ) ;
#3593 = EDGE_CURVE ( 'NONE', #3114, #271, #2717, .T. ) ;
#3594 = ORIENTED_EDGE ( 'NONE', *, *, #248, .T. ) ;
#3595 = ORIENTED_EDGE ( 'NONE', *, *, #6076, .T. ) ;
#3596 = FACE_BOUND ( 'NONE', #5875, .T. ) ;
#3597 = EDGE_LOOP ( 'NONE', ( #2908, #4287, #67, #3138 ) ) ;
#3598 = CARTESIAN_POINT ( 'NONE',  ( -19.99999999999992184, 5.000000000000000000, 25.00000000000000000 ) ) ;
#3599 = CARTESIAN_POINT ( 'NONE',  ( -70.00000000000000000, 1.999999999999994893, -38.00000000000001421 ) ) ;
#3600 = DIRECTION ( 'NONE',  ( -1.000000000000000000, 0.000000000000000000, 0.000000000000000000 ) ) ;
#3601 = UNCERTAINTY_MEASURE_WITH_UNIT (LENGTH_MEASURE( 1.000000000000000082E-05 ), #3373, 'distance_accuracy_value', 'NONE');
#3602 = EDGE_LOOP ( 'NONE', ( #5579, #2995 ) ) ;
#3603 = CYLINDRICAL_SURFACE ( 'NONE', #4652, 2.150000000000000799 ) ;
#3604 = CARTESIAN_POINT ( 'NONE',  ( 29.99999999999998579, 5.000000000000000000, -4.999999999999997335 ) ) ;
#3605 = DIRECTION ( 'NONE',  ( 0.000000000000000000, -1.000000000000000000, 0.000000000000000000 ) ) ;
#3606 = CARTESIAN_POINT ( 'NONE',  ( -40.00000000000002132, 5.000000000000000000, -7.149999999999998579 ) ) ;
#3607 = ORIENTED_EDGE ( 'NONE', *, *, #4854, .F. ) ;
#3608 = EDGE_CURVE ( 'NONE', #2217, #1338, #2194, .T. ) ;
#3609 = ORIENTED_EDGE ( 'NONE', *, *, #1716, .F. ) ;
#3610 = DIRECTION ( 'NONE',  ( 0.000000000000000000, 0.000000000000000000, 1.000000000000000000 ) ) ;
#3611 = FACE_OUTER_BOUND ( 'NONE', #150, .T. ) ;
#3612 = CARTESIAN_POINT ( 'NONE',  ( -62.89999999999999858, -7.000000000000000000, -25.00000000000000000 ) ) ;
#3613 = FACE_BOUND ( 'NONE', #4282, .T. ) ;
#3614 = EDGE_CURVE ( 'NONE', #4897, #620, #5036, .T. ) ;
#3615 = EDGE_LOOP ( 'NONE', ( #4305, #4219, #1910, #3809 ) ) ;
#3616 = ORIENTED_EDGE ( 'NONE', *, *, #1552, .F. ) ;
#3617 = DIRECTION ( 'NONE',  ( -0.000000000000000000, 1.000000000000000000, -0.000000000000000000 ) ) ;
#3618 = ADVANCED_FACE ( 'NONE', ( #396 ), #6026, .F. ) ;
#3619 = CARTESIAN_POINT ( 'NONE',  ( 9.999999999999939604, 7.000000000000000000, -12.84999999999999964 ) ) ;
#3620 = DIRECTION ( 'NONE',  ( 0.000000000000000000, 0.000000000000000000, 1.000000000000000000 ) ) ;
#3621 = EDGE_CURVE ( 'NONE', #498, #4712, #5071, .T. ) ;
#3622 = EDGE_LOOP ( 'NONE', ( #4230, #4602 ) ) ;
#3623 = ORIENTED_EDGE ( 'NONE', *, *, #4645, .F. ) ;
#3624 = ORIENTED_EDGE ( 'NONE', *, *, #3988, .T. ) ;
#3625 = CARTESIAN_POINT ( 'NONE',  ( -10.00000000000005684, 5.000000000000000000, -17.14999999999999858 ) ) ;
#3626 = VECTOR ( 'NONE', #3803, 1000.000000000000000 ) ;
#3627 = ADVANCED_FACE ( 'NONE', ( #1818 ), #2281, .F. ) ;
#3628 = CARTESIAN_POINT ( 'NONE',  ( 9.999999999999939604, 5.000000000000000000, -15.00000000000000000 ) ) ;
#3629 = CARTESIAN_POINT ( 'NONE',  ( -54.89999999999999147, -3.500000000000000000, 22.05000000000000071 ) ) ;
#3630 = VERTEX_POINT ( 'NONE', #2220 ) ;
#3631 = CARTESIAN_POINT ( 'NONE',  ( -62.99999999999998579, 7.000000000000000000, 33.00000000000000000 ) ) ;
#3632 = CARTESIAN_POINT ( 'NONE',  ( -39.99999999999991473, 5.000000000000000000, 25.00000000000000000 ) ) ;
#3633 = LINE ( 'NONE', #808, #4735 ) ;
#3634 = CARTESIAN_POINT ( 'NONE',  ( -19.99999999999998934, -3.000000000000000000, 7.149999999999998579 ) ) ;
#3635 = ORIENTED_EDGE ( 'NONE', *, *, #5395, .T. ) ;
#3636 = VERTEX_POINT ( 'NONE', #4050 ) ;
#3637 = CARTESIAN_POINT ( 'NONE',  ( 70.00000000000001421, 2.000000000000000000, 38.00000000000001421 ) ) ;
#3638 = CARTESIAN_POINT ( 'NONE',  ( 30.00000000000008171, -3.000000000000000000, 25.00000000000000000 ) ) ;
#3639 = EDGE_CURVE ( 'NONE', #1086, #4754, #3652, .T. ) ;
#3640 = DIRECTION ( 'NONE',  ( 0.000000000000000000, 0.000000000000000000, 1.000000000000000000 ) ) ;
#3641 = FACE_BOUND ( 'NONE', #656, .T. ) ;
#3642 = VERTEX_POINT ( 'NONE', #2245 ) ;
#3643 = EDGE_LOOP ( 'NONE', ( #2705, #5242 ) ) ;
#3644 = DIRECTION ( 'NONE',  ( -0.000000000000000000, 1.000000000000000000, -0.000000000000000000 ) ) ;
#3645 = EDGE_CURVE ( 'NONE', #2108, #5205, #2317, .T. ) ;
#3646 = DIRECTION ( 'NONE',  ( -0.000000000000000000, 1.000000000000000000, -0.000000000000000000 ) ) ;
#3647 = CARTESIAN_POINT ( 'NONE',  ( 54.90000000000001279, 0.000000000000000000, 14.99999999999998757 ) ) ;
#3648 = VECTOR ( 'NONE', #363, 1000.000000000000000 ) ;
#3649 = VERTEX_POINT ( 'NONE', #2656 ) ;
#3650 = ORIENTED_EDGE ( 'NONE', *, *, #3529, .T. ) ;
#3651 = ORIENTED_EDGE ( 'NONE', *, *, #437, .T. ) ;
#3652 = LINE ( 'NONE', #5536, #6079 ) ;
#3653 = EDGE_CURVE ( 'NONE', #5868, #5166, #1502, .T. ) ;
#3654 = DIRECTION ( 'NONE',  ( 0.000000000000000000, 0.000000000000000000, 1.000000000000000000 ) ) ;
#3655 = CARTESIAN_POINT ( 'NONE',  ( -20.00000000000006040, 5.000000000000000000, -17.14999999999999858 ) ) ;
#3656 = EDGE_CURVE ( 'NONE', #1598, #3369, #2774, .T. ) ;
#3657 = ORIENTED_EDGE ( 'NONE', *, *, #4427, .F. ) ;
#3658 = DIRECTION ( 'NONE',  ( 0.000000000000000000, 0.000000000000000000, 1.000000000000000000 ) ) ;
#3659 = CARTESIAN_POINT ( 'NONE',  ( -9.999999999999987566, 7.000000000000000000, 5.000000000000000888 ) ) ;
#3660 = CIRCLE ( 'NONE', #5234, 2.150000000000000799 ) ;
#3661 = CARTESIAN_POINT ( 'NONE',  ( -49.99999999999992184, 5.000000000000000000, 25.00000000000000000 ) ) ;
#3662 = EDGE_LOOP ( 'NONE', ( #2729, #479 ) ) ;
#3663 = VECTOR ( 'NONE', #4354, 1000.000000000000000 ) ;
#3664 = CIRCLE ( 'NONE', #989, 2.150000000000000799 ) ;
#3665 = ORIENTED_EDGE ( 'NONE', *, *, #800, .F. ) ;
#3666 = DIRECTION ( 'NONE',  ( 0.000000000000000000, 0.000000000000000000, 1.000000000000000000 ) ) ;
#3667 = AXIS2_PLACEMENT_3D ( 'NONE', #2714, #4598, #1315 ) ;
#3668 = CARTESIAN_POINT ( 'NONE',  ( 49.99999999999998579, 7.000000000000000000, -4.999999999999997335 ) ) ;
#3669 = CARTESIAN_POINT ( 'NONE',  ( 53.90000000000001279, 5.000000000000004441, -32.00000000000000000 ) ) ;
#3670 = VECTOR ( 'NONE', #6078, 1000.000000000000000 ) ;
#3671 = CARTESIAN_POINT ( 'NONE',  ( -20.00000000000006040, 5.000000000000000000, -15.00000000000000000 ) ) ;
#3672 = CIRCLE ( 'NONE', #2079, 2.149999999999997247 ) ;
#3673 = AXIS2_PLACEMENT_3D ( 'NONE', #3535, #2066, #162 ) ;
#3674 = VERTEX_POINT ( 'NONE', #4203 ) ;
#3675 = CIRCLE ( 'NONE', #1002, 2.149999999999997247 ) ;
#3676 = ORIENTED_EDGE ( 'NONE', *, *, #1709, .F. ) ;
#3677 = CARTESIAN_POINT ( 'NONE',  ( 9.999999999999973355, 7.000000000000000000, -4.999999999999997335 ) ) ;
#3678 = CIRCLE ( 'NONE', #3287, 2.149999999999997247 ) ;
#3679 = DIRECTION ( 'NONE',  ( -0.000000000000000000, 1.000000000000000000, -0.000000000000000000 ) ) ;
#3680 = LINE ( 'NONE', #1317, #1706 ) ;
#3681 = EDGE_CURVE ( 'NONE', #4897, #876, #3775, .T. ) ;
#3682 = EDGE_LOOP ( 'NONE', ( #1501, #4002, #3782, #494 ) ) ;
#3683 = EDGE_CURVE ( 'NONE', #156, #3088, #3245, .T. ) ;
#3684 = AXIS2_PLACEMENT_3D ( 'NONE', #5968, #1726, #3620 ) ;
#3685 = ORIENTED_EDGE ( 'NONE', *, *, #1589, .F. ) ;
#3686 = ORIENTED_EDGE ( 'NONE', *, *, #3888, .F. ) ;
#3687 = FACE_OUTER_BOUND ( 'NONE', #2290, .T. ) ;
#3688 = CARTESIAN_POINT ( 'NONE',  ( 62.90000000000002700, 0.000000000000000000, 24.99999999999998579 ) ) ;
#3689 = DIRECTION ( 'NONE',  ( 0.000000000000000000, 1.000000000000000000, 0.000000000000000000 ) ) ;
#3690 = AXIS2_PLACEMENT_3D ( 'NONE', #370, #2693, #344 ) ;
#3691 = VERTEX_POINT ( 'NONE', #3314 ) ;
#3692 = ORIENTED_EDGE ( 'NONE', *, *, #5321, .F. ) ;
#3693 = DIRECTION ( 'NONE',  ( 0.000000000000000000, 0.000000000000000000, -1.000000000000000000 ) ) ;
#3694 = CARTESIAN_POINT ( 'NONE',  ( -10.00000000000002309, 7.000000000000000000, -2.849999999999997868 ) ) ;
#3695 = DIRECTION ( 'NONE',  ( -0.000000000000000000, 1.000000000000000000, -0.000000000000000000 ) ) ;
#3696 = ORIENTED_EDGE ( 'NONE', *, *, #1521, .T. ) ;
#3697 = ADVANCED_FACE ( 'NONE', ( #5220 ), #1444, .F. ) ;
#3698 = VERTEX_POINT ( 'NONE', #1417 ) ;
#3699 = DIRECTION ( 'NONE',  ( 0.000000000000000000, 0.000000000000000000, -1.000000000000000000 ) ) ;
#3700 = DIRECTION ( 'NONE',  ( 0.000000000000000000, 1.000000000000000000, 0.000000000000000000 ) ) ;
#3701 = DIRECTION ( 'NONE',  ( 0.000000000000000000, 0.000000000000000000, -1.000000000000000000 ) ) ;
#3702 = EDGE_CURVE ( 'NONE', #5894, #4993, #1912, .T. ) ;
#3703 = PLANE ( 'NONE',  #4851 ) ;
#3704 = ORIENTED_EDGE ( 'NONE', *, *, #4932, .T. ) ;
#3705 = EDGE_LOOP ( 'NONE', ( #5424, #3843 ) ) ;
#3707 = ORIENTED_EDGE ( 'NONE', *, *, #5674, .F. ) ;
#3706 = FACE_BOUND ( 'NONE', #452, .T. ) ;
#3708 = VERTEX_POINT ( 'NONE', #1939 ) ;
#3709 = LINE ( 'NONE', #4785, #994 ) ;
#3710 = CARTESIAN_POINT ( 'NONE',  ( 62.89999999999999858, -7.000000000000000000, -15.00000000000001599 ) ) ;
#3711 = CARTESIAN_POINT ( 'NONE',  ( -20.00000000000006040, 5.000000000000000000, -15.00000000000000000 ) ) ;
#3712 = VERTEX_POINT ( 'NONE', #2817 ) ;
#3713 = VERTEX_POINT ( 'NONE', #434 ) ;
#3714 = VERTEX_POINT ( 'NONE', #4323 ) ;
#3715 = CARTESIAN_POINT ( 'NONE',  ( 30.00000000000001421, 7.000000000000000000, 2.849999999999999645 ) ) ;
#3716 = CARTESIAN_POINT ( 'NONE',  ( 49.99999999999992184, -3.000000000000000000, -27.15000000000000213 ) ) ;
#3717 = ADVANCED_FACE ( 'NONE', ( #1842 ), #2842, .F. ) ;
#3718 = DIRECTION ( 'NONE',  ( 0.000000000000000000, 0.000000000000000000, 1.000000000000000000 ) ) ;
#3719 = ADVANCED_FACE ( 'NONE', ( #6095 ), #5195, .F. ) ;
#3720 = VERTEX_POINT ( 'NONE', #950 ) ;
#3721 = LINE ( 'NONE', #2165, #1493 ) ;
#3722 = CARTESIAN_POINT ( 'NONE',  ( 62.99999999999998579, 7.000000000000000000, 33.00000000000000000 ) ) ;
#3723 = DIRECTION ( 'NONE',  ( -1.000000000000000000, -0.000000000000000000, -0.000000000000000000 ) ) ;
#3724 = ORIENTED_EDGE ( 'NONE', *, *, #1828, .T. ) ;
#3725 = FACE_OUTER_BOUND ( 'NONE', #2237, .T. ) ;
#3726 = CARTESIAN_POINT ( 'NONE',  ( -10.00000000000009237, 7.000000000000000000, -25.00000000000000000 ) ) ;
#3727 = EDGE_CURVE ( 'NONE', #4712, #3957, #3462, .T. ) ;
#3728 = FACE_OUTER_BOUND ( 'NONE', #3333, .T. ) ;
#3729 = FACE_BOUND ( 'NONE', #5725, .T. ) ;
#3730 = VERTEX_POINT ( 'NONE', #4721 ) ;
#3731 = EDGE_CURVE ( 'NONE', #5701, #2607, #2369, .T. ) ;
#3732 = FACE_BOUND ( 'NONE', #3009, .T. ) ;
#3733 = VERTEX_POINT ( 'NONE', #1021 ) ;
#3734 = CYLINDRICAL_SURFACE ( 'NONE', #3272, 2.049999999999999822 ) ;
#3735 = CARTESIAN_POINT ( 'NONE',  ( -9.999999999999918288, 5.000000000000000000, 27.15000000000000213 ) ) ;
#3736 = DIRECTION ( 'NONE',  ( -0.000000000000000000, 1.000000000000000000, -0.000000000000000000 ) ) ;
#3737 = ORIENTED_EDGE ( 'NONE', *, *, #3998, .T. ) ;
#3738 = VERTEX_POINT ( 'NONE', #86 ) ;
#3739 = EDGE_LOOP ( 'NONE', ( #3933, #3566 ) ) ;
#3740 = CARTESIAN_POINT ( 'NONE',  ( 62.90000000000001279, -3.500000000000000000, 20.00000000000000000 ) ) ;
#3741 = LINE ( 'NONE', #5628, #28 ) ;
#3742 = DIRECTION ( 'NONE',  ( 0.000000000000000000, 0.000000000000000000, -1.000000000000000000 ) ) ;
#3743 = CIRCLE ( 'NONE', #1168, 2.150000000000000799 ) ;
#3744 = ORIENTED_EDGE ( 'NONE', *, *, #2202, .T. ) ;
#3745 = DIRECTION ( 'NONE',  ( 0.000000000000000000, 1.000000000000000000, 0.000000000000000000 ) ) ;
#3746 = DIRECTION ( 'NONE',  ( 0.000000000000000000, 0.000000000000000000, -1.000000000000000000 ) ) ;
#3747 = CYLINDRICAL_SURFACE ( 'NONE', #781, 2.149999999999999023 ) ;
#3748 = EDGE_LOOP ( 'NONE', ( #1256, #1517 ) ) ;
#3749 = CIRCLE ( 'NONE', #4539, 2.149999999999999023 ) ;
#3750 = EDGE_CURVE ( 'NONE', #3733, #5919, #3280, .T. ) ;
#3751 = EDGE_CURVE ( 'NONE', #828, #4509, #2172, .T. ) ;
#3752 = ORIENTED_EDGE ( 'NONE', *, *, #5848, .T. ) ;
#3753 = VECTOR ( 'NONE', #1672, 1000.000000000000000 ) ;
#3754 = DIRECTION ( 'NONE',  ( 0.000000000000000000, 0.000000000000000000, 1.000000000000000000 ) ) ;
#3755 = DIRECTION ( 'NONE',  ( 0.000000000000000000, 0.000000000000000000, 1.000000000000000000 ) ) ;
#3756 = DIRECTION ( 'NONE',  ( 0.000000000000000000, -1.000000000000000000, 0.000000000000000000 ) ) ;
#3757 = CARTESIAN_POINT ( 'NONE',  ( 0.000000000000000000, 7.000000000000000000, 0.000000000000000000 ) ) ;
#3758 = AXIS2_PLACEMENT_3D ( 'NONE', #386, #4515, #278 ) ;
#3759 = ORIENTED_EDGE ( 'NONE', *, *, #5848, .F. ) ;
#3760 = FACE_BOUND ( 'NONE', #3705, .T. ) ;
#3761 = CIRCLE ( 'NONE', #1581, 2.149999999999999023 ) ;
#3762 = VERTEX_POINT ( 'NONE', #4231 ) ;
#3763 = DIRECTION ( 'NONE',  ( 0.000000000000000000, 0.000000000000000000, 1.000000000000000000 ) ) ;
#3764 = PLANE ( 'NONE',  #5521 ) ;
#3765 = FACE_OUTER_BOUND ( 'NONE', #442, .T. ) ;
#3766 = AXIS2_PLACEMENT_3D ( 'NONE', #974, #3799, #3336 ) ;
#3767 = AXIS2_PLACEMENT_3D ( 'NONE', #5282, #6102, #3250 ) ;
#3768 = EDGE_CURVE ( 'NONE', #4521, #4301, #5537, .T. ) ;
#3769 = AXIS2_PLACEMENT_3D ( 'NONE', #1349, #1378, #886 ) ;
#3770 = VERTEX_POINT ( 'NONE', #922 ) ;
#3771 = CIRCLE ( 'NONE', #1592, 2.149999999999999023 ) ;
#3772 = EDGE_LOOP ( 'NONE', ( #5255, #291 ) ) ;
#3773 = AXIS2_PLACEMENT_3D ( 'NONE', #3100, #2513, #5815 ) ;
#3774 = ORIENTED_EDGE ( 'NONE', *, *, #1759, .T. ) ;
#3775 = LINE ( 'NONE', #3860, #918 ) ;
#3776 = FACE_OUTER_BOUND ( 'NONE', #1746, .T. ) ;
#3777 = AXIS2_PLACEMENT_3D ( 'NONE', #5772, #1184, #3423 ) ;
#3778 = DIRECTION ( 'NONE',  ( 0.000000000000000000, 0.000000000000000000, -1.000000000000000000 ) ) ;
#3779 = EDGE_CURVE ( 'NONE', #2655, #5547, #2767, .T. ) ;
#3780 = ORIENTED_EDGE ( 'NONE', *, *, #4671, .F. ) ;
#3781 = VECTOR ( 'NONE', #1260, 1000.000000000000000 ) ;
#3782 = ORIENTED_EDGE ( 'NONE', *, *, #5864, .T. ) ;
#3783 = CARTESIAN_POINT ( 'NONE',  ( -50.00000000000009237, 7.000000000000000000, -27.15000000000000213 ) ) ;
#3784 = DIRECTION ( 'NONE',  ( 0.6311687442671971571, -0.4508348173337187181, 0.6311687442672061499 ) ) ;
#3785 = CARTESIAN_POINT ( 'NONE',  ( -29.99999999999995381, -3.000000000000000000, 15.00000000000000178 ) ) ;
#3786 = CIRCLE ( 'NONE', #5958, 2.149999999999999023 ) ;
#3787 = VERTEX_POINT ( 'NONE', #528 ) ;
#3788 = ORIENTED_EDGE ( 'NONE', *, *, #2516, .T. ) ;
#3789 = FACE_OUTER_BOUND ( 'NONE', #4196, .T. ) ;
#3790 = DIRECTION ( 'NONE',  ( -0.000000000000000000, 1.000000000000000000, -0.000000000000000000 ) ) ;
#3791 = CARTESIAN_POINT ( 'NONE',  ( -2.081668171172168513E-14, 7.000000000000000000, -4.999999999999997335 ) ) ;
#3792 = CARTESIAN_POINT ( 'NONE',  ( 70.00000000000001421, 2.000000000000001776, 0.000000000000000000 ) ) ;
#3793 = EDGE_CURVE ( 'NONE', #5006, #535, #787, .T. ) ;
#3794 = ORIENTED_EDGE ( 'NONE', *, *, #4471, .F. ) ;
#3795 = CARTESIAN_POINT ( 'NONE',  ( 39.99999999999993605, -3.000000000000000000, -15.00000000000000000 ) ) ;
#3796 = VERTEX_POINT ( 'NONE', #1873 ) ;
#3797 = DIRECTION ( 'NONE',  ( 0.000000000000000000, 0.000000000000000000, 1.000000000000000000 ) ) ;
#3798 = CARTESIAN_POINT ( 'NONE',  ( 62.89999999999999858, -7.000000000000000000, -15.00000000000001599 ) ) ;
#3799 = DIRECTION ( 'NONE',  ( 0.000000000000000000, -1.000000000000000000, 0.000000000000000000 ) ) ;
#3800 = VERTEX_POINT ( 'NONE', #152 ) ;
#3801 = ORIENTED_EDGE ( 'NONE', *, *, #624, .T. ) ;
#3802 = ORIENTED_EDGE ( 'NONE', *, *, #2099, .F. ) ;
#3803 = DIRECTION ( 'NONE',  ( -0.000000000000000000, 1.000000000000000000, -0.000000000000000000 ) ) ;
#3804 = DIRECTION ( 'NONE',  ( 0.7071067811865425767, -0.000000000000000000, 0.7071067811865525687 ) ) ;
#3805 = DIRECTION ( 'NONE',  ( 0.000000000000000000, 0.000000000000000000, 1.000000000000000000 ) ) ;
#3806 = ADVANCED_FACE ( 'NONE', ( #3053 ), #2556, .F. ) ;
#3807 = EDGE_LOOP ( 'NONE', ( #3376, #4029, #4387, #5996 ) ) ;
#3808 = ADVANCED_FACE ( 'NONE', ( #4815 ), #3024, .F. ) ;
#3809 = ORIENTED_EDGE ( 'NONE', *, *, #98, .T. ) ;
#3810 = CARTESIAN_POINT ( 'NONE',  ( 62.90000000000002700, -7.000000000000000000, 24.99999999999998579 ) ) ;
#3811 = FACE_OUTER_BOUND ( 'NONE', #4033, .T. ) ;
#3812 = DIRECTION ( 'NONE',  ( 0.000000000000000000, -0.000000000000000000, 1.000000000000000000 ) ) ;
#3813 = ORIENTED_EDGE ( 'NONE', *, *, #5149, .T. ) ;
#3814 = EDGE_LOOP ( 'NONE', ( #4453, #855, #1460, #1639 ) ) ;
#3815 = FACE_OUTER_BOUND ( 'NONE', #4479, .T. ) ;
#3816 = CARTESIAN_POINT ( 'NONE',  ( 30.00000000000005329, -3.000000000000000000, 17.15000000000000213 ) ) ;
#3817 = ORIENTED_EDGE ( 'NONE', *, *, #3416, .T. ) ;
#3818 = DIRECTION ( 'NONE',  ( 0.000000000000000000, 0.000000000000000000, 1.000000000000000000 ) ) ;
#3819 = LINE ( 'NONE', #1365, #5545 ) ;
#3820 = ORIENTED_EDGE ( 'NONE', *, *, #3529, .F. ) ;
#3822 = EDGE_LOOP ( 'NONE', ( #882, #3983 ) ) ;
#3821 = PLANE ( 'NONE',  #5550 ) ;
#3823 = EDGE_CURVE ( 'NONE', #3762, #1140, #3406, .T. ) ;
#3824 = ORIENTED_EDGE ( 'NONE', *, *, #5245, .T. ) ;
#3825 = DIRECTION ( 'NONE',  ( -0.000000000000000000, 1.000000000000000000, -0.000000000000000000 ) ) ;
#3826 = CARTESIAN_POINT ( 'NONE',  ( -49.99999999999995737, 7.000000000000000000, 15.00000000000000178 ) ) ;
#3827 = CARTESIAN_POINT ( 'NONE',  ( 39.99999999999993605, 5.000000000000000000, -12.84999999999999787 ) ) ;
#3828 = APPLICATION_CONTEXT ( 'automotive_design' ) ;
#3829 = EDGE_LOOP ( 'NONE', ( #1213, #2111 ) ) ;
#3830 = ORIENTED_EDGE ( 'NONE', *, *, #2694, .F. ) ;
#3831 = ORIENTED_EDGE ( 'NONE', *, *, #4215, .T. ) ;
#3832 = DIRECTION ( 'NONE',  ( 0.000000000000000000, 0.000000000000000000, -1.000000000000000000 ) ) ;
#3833 = DIRECTION ( 'NONE',  ( -1.000000000000000000, 0.000000000000000000, 0.000000000000000000 ) ) ;
#3834 = DIRECTION ( 'NONE',  ( -0.000000000000000000, 1.000000000000000000, -0.000000000000000000 ) ) ;
#3835 = ORIENTED_EDGE ( 'NONE', *, *, #4138, .F. ) ;
#3836 = EDGE_CURVE ( 'NONE', #2182, #3787, #1561, .T. ) ;
#3837 = VERTEX_POINT ( 'NONE', #4942 ) ;
#3838 = DIRECTION ( 'NONE',  ( -0.000000000000000000, 1.000000000000000000, -0.000000000000000000 ) ) ;
#3839 = DIRECTION ( 'NONE',  ( 0.000000000000000000, -1.000000000000000000, 0.000000000000000000 ) ) ;
#3840 = EDGE_LOOP ( 'NONE', ( #4772, #2514, #4131, #4683 ) ) ;
#3841 = EDGE_CURVE ( 'NONE', #1808, #2832, #5751, .T. ) ;
#3842 = CIRCLE ( 'NONE', #2453, 2.150000000000000799 ) ;
#3843 = ORIENTED_EDGE ( 'NONE', *, *, #5285, .F. ) ;
#3844 = CARTESIAN_POINT ( 'NONE',  ( -8.994232168897729213E-14, 5.000000000000000000, -27.15000000000000213 ) ) ;
#3845 = CARTESIAN_POINT ( 'NONE',  ( 9.999999999999973355, 5.000000000000000000, -4.999999999999997335 ) ) ;
#3846 = LINE ( 'NONE', #3015, #3286 ) ;
#3847 = AXIS2_PLACEMENT_3D ( 'NONE', #4681, #2328, #4778 ) ;
#3848 = ORIENTED_EDGE ( 'NONE', *, *, #2694, .T. ) ;
#3849 = LINE ( 'NONE', #49, #2275 ) ;
#3850 = ORIENTED_EDGE ( 'NONE', *, *, #5902, .T. ) ;
#3851 = CARTESIAN_POINT ( 'NONE',  ( 1.414108686963113827E-14, -3.000000000000000000, 2.850000000000000977 ) ) ;
#3852 = DIRECTION ( 'NONE',  ( -1.000000000000000000, 0.000000000000000000, 3.686287386450721387E-15 ) ) ;
#3853 = DIRECTION ( 'NONE',  ( 0.000000000000000000, 0.000000000000000000, -1.000000000000000000 ) ) ;
#3854 = VECTOR ( 'NONE', #929, 1000.000000000000000 ) ;
#3855 = EDGE_CURVE ( 'NONE', #3088, #558, #102, .T. ) ;
#3856 = EDGE_LOOP ( 'NONE', ( #4241, #4626, #1776, #3929 ) ) ;
#3857 = AXIS2_PLACEMENT_3D ( 'NONE', #355, #3169, #4125 ) ;
#3858 = ORIENTED_EDGE ( 'NONE', *, *, #3914, .F. ) ;
#3859 = ORIENTED_EDGE ( 'NONE', *, *, #3426, .T. ) ;
#3860 = CARTESIAN_POINT ( 'NONE',  ( -53.89999999999998437, 5.000000000000004441, -32.00000000000000000 ) ) ;
#3861 = AXIS2_PLACEMENT_3D ( 'NONE', #4989, #4924, #1149 ) ;
#3862 = PLANE ( 'NONE',  #5764 ) ;
#3863 = DIRECTION ( 'NONE',  ( 0.000000000000000000, -1.000000000000000000, 0.000000000000000000 ) ) ;
#3864 = CIRCLE ( 'NONE', #3961, 2.150000000000001243 ) ;
#3865 = CIRCLE ( 'NONE', #3, 2.150000000000000799 ) ;
#3866 = EDGE_CURVE ( 'NONE', #3544, #5581, #2464, .T. ) ;
#3867 = AXIS2_PLACEMENT_3D ( 'NONE', #1411, #3736, #3310 ) ;
#3868 = ORIENTED_EDGE ( 'NONE', *, *, #2838, .F. ) ;
#3869 = CIRCLE ( 'NONE', #1195, 2.149999999999997691 ) ;
#3870 = CARTESIAN_POINT ( 'NONE',  ( -54.89999999999999147, -3.499999999999999556, 17.94999999999999929 ) ) ;
#3871 = CIRCLE ( 'NONE', #2787, 2.149999999999997247 ) ;
#3872 = EDGE_LOOP ( 'NONE', ( #4589, #920 ) ) ;
#3873 = DIRECTION ( 'NONE',  ( 0.000000000000000000, 0.000000000000000000, 1.000000000000000000 ) ) ;
#3874 = DIRECTION ( 'NONE',  ( -0.000000000000000000, 1.000000000000000000, -0.000000000000000000 ) ) ;
#3875 = VECTOR ( 'NONE', #2169, 1000.000000000000000 ) ;
#3876 = CIRCLE ( 'NONE', #519, 2.049999999999999822 ) ;
#3877 = VERTEX_POINT ( 'NONE', #4880 ) ;
#3878 = AXIS2_PLACEMENT_3D ( 'NONE', #6010, #2760, #330 ) ;
#3879 = VECTOR ( 'NONE', #4513, 1000.000000000000000 ) ;
#3880 = ORIENTED_EDGE ( 'NONE', *, *, #2792, .F. ) ;
#3881 = CARTESIAN_POINT ( 'NONE',  ( 29.99999999999998579, 5.000000000000000000, -4.999999999999997335 ) ) ;
#3882 = ADVANCED_FACE ( 'NONE', ( #3524 ), #637, .F. ) ;
#3883 = CIRCLE ( 'NONE', #1508, 2.149999999999999023 ) ;
#3884 = DIRECTION ( 'NONE',  ( -0.000000000000000000, 1.000000000000000000, -0.000000000000000000 ) ) ;
#3885 = DIRECTION ( 'NONE',  ( 0.000000000000000000, 1.000000000000000000, 0.000000000000000000 ) ) ;
#3886 = EDGE_CURVE ( 'NONE', #730, #5747, #3948, .T. ) ;
#3887 = FACE_OUTER_BOUND ( 'NONE', #5258, .T. ) ;
#3888 = EDGE_CURVE ( 'NONE', #3369, #1598, #2470, .T. ) ;
#3889 = LINE ( 'NONE', #4408, #5054 ) ;
#3890 = FACE_OUTER_BOUND ( 'NONE', #551, .T. ) ;
#3891 = CARTESIAN_POINT ( 'NONE',  ( -50.00000000000002132, -3.000000000000000000, -4.999999999999997335 ) ) ;
#3892 = ORIENTED_EDGE ( 'NONE', *, *, #3156, .T. ) ;
#3893 = EDGE_LOOP ( 'NONE', ( #4442, #5850, #984, #456 ) ) ;
#3894 = VERTEX_POINT ( 'NONE', #1071 ) ;
#3895 = DIRECTION ( 'NONE',  ( 0.000000000000000000, -1.000000000000000000, 0.000000000000000000 ) ) ;
#3896 = LINE ( 'NONE', #5313, #2600 ) ;
#3897 = FACE_OUTER_BOUND ( 'NONE', #3097, .T. ) ;
#3898 = EDGE_LOOP ( 'NONE', ( #2345, #1484, #938, #1951 ) ) ;
#3899 = CYLINDRICAL_SURFACE ( 'NONE', #1770, 2.149999999999999023 ) ;
#3900 = EDGE_CURVE ( 'NONE', #1441, #372, #6134, .T. ) ;
#3901 = EDGE_LOOP ( 'NONE', ( #3502, #3337, #3192, #1319 ) ) ;
#3902 = CARTESIAN_POINT ( 'NONE',  ( 19.99999999999998934, -3.000000000000000000, -2.849999999999999645 ) ) ;
#3903 = ADVANCED_FACE ( 'NONE', ( #3987 ), #1513, .F. ) ;
#3904 = CARTESIAN_POINT ( 'NONE',  ( 10.00000000000004441, 5.000000000000000000, 17.15000000000000213 ) ) ;
#3905 = EDGE_LOOP ( 'NONE', ( #4295, #3275, #4264, #1360 ) ) ;
#3906 = DIRECTION ( 'NONE',  ( 0.000000000000000000, 0.000000000000000000, 1.000000000000000000 ) ) ;
#3907 = DIRECTION ( 'NONE',  ( -0.000000000000000000, 1.000000000000000000, -0.000000000000000000 ) ) ;
#3908 = PLANE ( 'NONE',  #1885 ) ;
#3909 = CARTESIAN_POINT ( 'NONE',  ( 70.00000000000001421, -3.500000000000000000, -17.94999999999999929 ) ) ;
#3910 = EDGE_CURVE ( 'NONE', #2678, #2448, #3564, .T. ) ;
#3911 = CARTESIAN_POINT ( 'NONE',  ( 49.99999999999992184, 5.000000000000000000, -25.00000000000000000 ) ) ;
#3912 = CARTESIAN_POINT ( 'NONE',  ( -53.89999999999998437, 132.3668217671645380, -32.00000000000000000 ) ) ;
#3913 = DIRECTION ( 'NONE',  ( 0.000000000000000000, 0.000000000000000000, 1.000000000000000000 ) ) ;
#3914 = EDGE_CURVE ( 'NONE', #2306, #424, #2961, .T. ) ;
#3915 = EDGE_LOOP ( 'NONE', ( #2508, #2901, #1653, #3984 ) ) ;
#3916 = VERTEX_POINT ( 'NONE', #4482 ) ;
#3917 = ORIENTED_EDGE ( 'NONE', *, *, #2282, .T. ) ;
#3918 = LINE ( 'NONE', #1048, #2068 ) ;
#3919 = DIRECTION ( 'NONE',  ( 0.000000000000000000, 1.000000000000000000, 0.000000000000000000 ) ) ;
#3920 = DIRECTION ( 'NONE',  ( 0.000000000000000000, 0.000000000000000000, 1.000000000000000000 ) ) ;
#3921 = SURFACE_STYLE_USAGE ( .BOTH. , #155 ) ;
#3922 = ORIENTED_EDGE ( 'NONE', *, *, #4508, .F. ) ;
#3923 = DIRECTION ( 'NONE',  ( -0.000000000000000000, 1.000000000000000000, -0.000000000000000000 ) ) ;
#3924 = ORIENTED_EDGE ( 'NONE', *, *, #4238, .F. ) ;
#3925 = FACE_OUTER_BOUND ( 'NONE', #3814, .T. ) ;
#3926 = CARTESIAN_POINT ( 'NONE',  ( 9.999999999999939604, 7.000000000000000000, -15.00000000000000000 ) ) ;
#3927 = DIRECTION ( 'NONE',  ( 0.000000000000000000, 0.000000000000000000, 1.000000000000000000 ) ) ;
#3928 = EDGE_CURVE ( 'NONE', #3018, #4800, #3918, .T. ) ;
#3929 = ORIENTED_EDGE ( 'NONE', *, *, #2856, .T. ) ;
#3930 = DIRECTION ( 'NONE',  ( -0.000000000000000000, 1.000000000000000000, -0.000000000000000000 ) ) ;
#3931 = DIRECTION ( 'NONE',  ( -0.7071067811865500152, -0.000000000000000000, 0.7071067811865451302 ) ) ;
#3932 = DIRECTION ( 'NONE',  ( 0.000000000000000000, -1.000000000000000000, 0.000000000000000000 ) ) ;
#3933 = ORIENTED_EDGE ( 'NONE', *, *, #2173, .F. ) ;
#3934 = VECTOR ( 'NONE', #3646, 1000.000000000000000 ) ;
#3935 = EDGE_CURVE ( 'NONE', #6084, #1077, #6028, .T. ) ;
#3936 = EDGE_CURVE ( 'NONE', #941, #4188, #5311, .T. ) ;
#3937 = ORIENTED_EDGE ( 'NONE', *, *, #2631, .T. ) ;
#3938 = CARTESIAN_POINT ( 'NONE',  ( 40.00000000000000711, 7.000000000000000000, 5.000000000000000888 ) ) ;
#3939 = DIRECTION ( 'NONE',  ( 0.000000000000000000, -1.000000000000000000, 0.000000000000000000 ) ) ;
#3940 = DIRECTION ( 'NONE',  ( 0.000000000000000000, 0.000000000000000000, 1.000000000000000000 ) ) ;
#3941 = FACE_OUTER_BOUND ( 'NONE', #1020, .T. ) ;
#3942 = VECTOR ( 'NONE', #1458, 1000.000000000000000 ) ;
#3943 = ORIENTED_EDGE ( 'NONE', *, *, #3702, .F. ) ;
#3944 = VERTEX_POINT ( 'NONE', #4571 ) ;
#3945 = ORIENTED_EDGE ( 'NONE', *, *, #1030, .F. ) ;
#3946 = AXIS2_PLACEMENT_3D ( 'NONE', #5017, #2728, #771 ) ;
#3947 = ORIENTED_EDGE ( 'NONE', *, *, #2296, .F. ) ;
#3948 = LINE ( 'NONE', #1600, #3663 ) ;
#3949 = EDGE_CURVE ( 'NONE', #2500, #3957, #2647, .T. ) ;
#3950 = DIRECTION ( 'NONE',  ( 0.000000000000000000, -1.000000000000000000, 0.000000000000000000 ) ) ;
#3951 = DIRECTION ( 'NONE',  ( -0.000000000000000000, 1.000000000000000000, -0.000000000000000000 ) ) ;
#3952 =( NAMED_UNIT ( * ) SI_UNIT ( $, .STERADIAN. ) SOLID_ANGLE_UNIT ( ) );
#3953 = AXIS2_PLACEMENT_3D ( 'NONE', #3938, #2144, #3016 ) ;
#3954 = ORIENTED_EDGE ( 'NONE', *, *, #5080, .T. ) ;
#3955 = VECTOR ( 'NONE', #2166, 1000.000000000000000 ) ;
#3956 = LINE ( 'NONE', #5410, #2178 ) ;
#3957 = VERTEX_POINT ( 'NONE', #4042 ) ;
#3958 = DIRECTION ( 'NONE',  ( 0.000000000000000000, 1.000000000000000000, 0.000000000000000000 ) ) ;
#3959 = EDGE_CURVE ( 'NONE', #6023, #3642, #1088, .T. ) ;
#3960 = LINE ( 'NONE', #4546, #4175 ) ;
#3961 = AXIS2_PLACEMENT_3D ( 'NONE', #5913, #1087, #3037 ) ;
#3962 = DIRECTION ( 'NONE',  ( 0.000000000000000000, 1.000000000000000000, 0.000000000000000000 ) ) ;
#3963 = AXIS2_PLACEMENT_3D ( 'NONE', #4218, #3357, #2899 ) ;
#3964 = AXIS2_PLACEMENT_3D ( 'NONE', #4368, #1056, #2475 ) ;
#3965 = CIRCLE ( 'NONE', #5147, 2.149999999999997691 ) ;
#3966 = EDGE_LOOP ( 'NONE', ( #1039, #884 ) ) ;
#3967 =( GEOMETRIC_REPRESENTATION_CONTEXT ( 3 ) GLOBAL_UNCERTAINTY_ASSIGNED_CONTEXT ( ( #3285 ) ) GLOBAL_UNIT_ASSIGNED_CONTEXT ( ( #2032, #126, #3952 ) ) REPRESENTATION_CONTEXT ( 'NONE', 'WORKASPACE' ) );
#3968 = DIRECTION ( 'NONE',  ( 0.000000000000000000, 0.000000000000000000, 1.000000000000000000 ) ) ;
#3969 = AXIS2_PLACEMENT_3D ( 'NONE', #5011, #764, #2844 ) ;
#3970 = DIRECTION ( 'NONE',  ( -1.000000000000000000, 0.000000000000000000, 0.000000000000000000 ) ) ;
#3971 = ORIENTED_EDGE ( 'NONE', *, *, #5790, .F. ) ;
#3972 = CARTESIAN_POINT ( 'NONE',  ( 29.99999999999994316, 5.000000000000000000, -17.14999999999999858 ) ) ;
#3973 = CIRCLE ( 'NONE', #2090, 2.150000000000000799 ) ;
#3974 = CARTESIAN_POINT ( 'NONE',  ( -29.99999999999998934, 5.000000000000000000, 5.000000000000000888 ) ) ;
#3975 = VECTOR ( 'NONE', #2098, 1000.000000000000000 ) ;
#3976 = AXIS2_PLACEMENT_3D ( 'NONE', #2065, #3506, #1637 ) ;
#3977 = CARTESIAN_POINT ( 'NONE',  ( 62.89999999999999858, -7.000000000000000000, 15.00000000000001599 ) ) ;
#3978 = EDGE_CURVE ( 'NONE', #3636, #4188, #5064, .T. ) ;
#3979 = DIRECTION ( 'NONE',  ( -0.000000000000000000, 1.000000000000000000, -0.000000000000000000 ) ) ;
#3980 = DIRECTION ( 'NONE',  ( -0.000000000000000000, 1.000000000000000000, -0.000000000000000000 ) ) ;
#3981 = CARTESIAN_POINT ( 'NONE',  ( -2.055338264990500520E-14, -3.000000000000000000, -7.149999999999997691 ) ) ;
#3982 = CIRCLE ( 'NONE', #1019, 2.149999999999999023 ) ;
#3983 = ORIENTED_EDGE ( 'NONE', *, *, #824, .F. ) ;
#3984 = ORIENTED_EDGE ( 'NONE', *, *, #5425, .F. ) ;
#3985 = ORIENTED_EDGE ( 'NONE', *, *, #5729, .F. ) ;
#3986 = ORIENTED_EDGE ( 'NONE', *, *, #3044, .F. ) ;
#3987 = FACE_OUTER_BOUND ( 'NONE', #5163, .T. ) ;
#3988 = EDGE_CURVE ( 'NONE', #4221, #4462, #985, .T. ) ;
#3989 = DIRECTION ( 'NONE',  ( -0.000000000000000000, 1.000000000000000000, -0.000000000000000000 ) ) ;
#3990 = CARTESIAN_POINT ( 'NONE',  ( -19.99999999999992184, 5.000000000000000000, 27.15000000000000213 ) ) ;
#3991 = ORIENTED_EDGE ( 'NONE', *, *, #5525, .T. ) ;
#3992 = EDGE_CURVE ( 'NONE', #25, #3244, #1874, .T. ) ;
#3993 = DIRECTION ( 'NONE',  ( -0.000000000000000000, 1.000000000000000000, -0.000000000000000000 ) ) ;
#3994 = ORIENTED_EDGE ( 'NONE', *, *, #5801, .T. ) ;
#3995 = CARTESIAN_POINT ( 'NONE',  ( 54.90000000000001279, -7.000000000000000000, 24.99999999999998579 ) ) ;
#3996 = DIRECTION ( 'NONE',  ( -0.000000000000000000, 1.000000000000000000, -0.000000000000000000 ) ) ;
#3997 = CARTESIAN_POINT ( 'NONE',  ( -50.00000000000005684, 7.000000000000000000, -17.14999999999999858 ) ) ;
#3998 = EDGE_CURVE ( 'NONE', #5199, #5759, #1975, .T. ) ;
#3999 = ORIENTED_EDGE ( 'NONE', *, *, #46, .T. ) ;
#4000 = CARTESIAN_POINT ( 'NONE',  ( -50.00000000000002132, -3.000000000000000000, -4.999999999999997335 ) ) ;
#4001 = DIRECTION ( 'NONE',  ( 0.000000000000000000, 0.000000000000000000, -1.000000000000000000 ) ) ;
#4002 = ORIENTED_EDGE ( 'NONE', *, *, #2618, .T. ) ;
#4003 = VECTOR ( 'NONE', #830, 1000.000000000000000 ) ;
#4004 = CARTESIAN_POINT ( 'NONE',  ( 70.00000000000001421, -3.499999999999999556, -22.05000000000000071 ) ) ;
#4005 = CARTESIAN_POINT ( 'NONE',  ( 54.90000000000001279, -3.500000000000000000, -17.94999999999999929 ) ) ;
#4006 = EDGE_LOOP ( 'NONE', ( #4145, #5895 ) ) ;
#4007 = ORIENTED_EDGE ( 'NONE', *, *, #5567, .F. ) ;
#4008 = DIRECTION ( 'NONE',  ( 0.000000000000000000, 1.000000000000000000, 0.000000000000000000 ) ) ;
#4009 = DIRECTION ( 'NONE',  ( 0.000000000000000000, 0.000000000000000000, 1.000000000000000000 ) ) ;
#4010 = VERTEX_POINT ( 'NONE', #4976 ) ;
#4011 = DIRECTION ( 'NONE',  ( -0.000000000000000000, 1.000000000000000000, -0.000000000000000000 ) ) ;
#4012 = DIRECTION ( 'NONE',  ( -0.000000000000000000, 1.000000000000000000, -0.000000000000000000 ) ) ;
#4013 = ORIENTED_EDGE ( 'NONE', *, *, #5574, .F. ) ;
#4014 = ORIENTED_EDGE ( 'NONE', *, *, #402, .T. ) ;
#4015 = EDGE_LOOP ( 'NONE', ( #140, #840 ) ) ;
#4016 = LINE ( 'NONE', #5898, #4063 ) ;
#4017 = LINE ( 'NONE', #4446, #5663 ) ;
#4018 = CARTESIAN_POINT ( 'NONE',  ( 50.00000000000001421, -3.000000000000000000, 5.000000000000000888 ) ) ;
#4019 = ORIENTED_EDGE ( 'NONE', *, *, #1262, .T. ) ;
#4020 = FACE_BOUND ( 'NONE', #2117, .T. ) ;
#4021 = ORIENTED_EDGE ( 'NONE', *, *, #1521, .F. ) ;
#4022 = LINE ( 'NONE', #1663, #1688 ) ;
#4023 = DIRECTION ( 'NONE',  ( 0.000000000000000000, 0.000000000000000000, 1.000000000000000000 ) ) ;
#4024 = CARTESIAN_POINT ( 'NONE',  ( -62.89999999999999858, 0.000000000000000000, -25.00000000000000000 ) ) ;
#4025 = EDGE_CURVE ( 'NONE', #563, #1298, #4082, .T. ) ;
#4026 = VERTEX_POINT ( 'NONE', #6018 ) ;
#4027 = DIRECTION ( 'NONE',  ( 0.000000000000000000, 1.000000000000000000, 0.000000000000000000 ) ) ;
#4028 = CARTESIAN_POINT ( 'NONE',  ( 20.00000000000008882, 5.000000000000000000, 27.15000000000000213 ) ) ;
#4029 = ORIENTED_EDGE ( 'NONE', *, *, #3750, .T. ) ;
#4030 = CARTESIAN_POINT ( 'NONE',  ( -19.99999999999998934, 7.000000000000000000, 5.000000000000000888 ) ) ;
#4031 = EDGE_CURVE ( 'NONE', #4301, #4521, #5826, .T. ) ;
#4032 = CARTESIAN_POINT ( 'NONE',  ( 49.99999999999995026, 5.000000000000000000, -15.00000000000000000 ) ) ;
#4033 = EDGE_LOOP ( 'NONE', ( #1995, #5912, #83, #821 ) ) ;
#4034 = DIRECTION ( 'NONE',  ( -0.000000000000000000, 1.000000000000000000, -0.000000000000000000 ) ) ;
#4035 = DIRECTION ( 'NONE',  ( -0.8137334712067363363, 0.5812381937190944647, 0.000000000000000000 ) ) ;
#4036 = VECTOR ( 'NONE', #4318, 1000.000000000000000 ) ;
#4037 = CARTESIAN_POINT ( 'NONE',  ( 39.99999999999990763, 7.000000000000000000, -22.85000000000000142 ) ) ;
#4038 = FACE_BOUND ( 'NONE', #2436, .T. ) ;
#4039 = VECTOR ( 'NONE', #2585, 1000.000000000000000 ) ;
#4040 = ORIENTED_EDGE ( 'NONE', *, *, #1943, .F. ) ;
#4041 = ORIENTED_EDGE ( 'NONE', *, *, #1773, .T. ) ;
#4042 = CARTESIAN_POINT ( 'NONE',  ( -50.00000000000005684, 7.000000000000000000, -12.84999999999999787 ) ) ;
#4043 = DIRECTION ( 'NONE',  ( 1.000000000000000000, 0.000000000000000000, -0.000000000000000000 ) ) ;
#4044 = DIRECTION ( 'NONE',  ( 0.000000000000000000, -1.000000000000000000, 0.000000000000000000 ) ) ;
#4045 = CIRCLE ( 'NONE', #5029, 2.149999999999999023 ) ;
#4046 = ORIENTED_EDGE ( 'NONE', *, *, #2953, .F. ) ;
#4047 = VECTOR ( 'NONE', #1268, 1000.000000000000000 ) ;
#4048 = FACE_BOUND ( 'NONE', #5218, .T. ) ;
#4049 = ORIENTED_EDGE ( 'NONE', *, *, #1148, .T. ) ;
#4050 = CARTESIAN_POINT ( 'NONE',  ( 62.89999999999999858, 0.000000000000000000, -15.00000000000001599 ) ) ;
#4051 = FACE_OUTER_BOUND ( 'NONE', #5380, .T. ) ;
#4052 = EDGE_CURVE ( 'NONE', #3698, #1627, #1575, .T. ) ;
#4053 = LINE ( 'NONE', #4024, #3077 ) ;
#4054 = EDGE_CURVE ( 'NONE', #3837, #610, #1777, .T. ) ;
#4055 = VECTOR ( 'NONE', #3723, 1000.000000000000000 ) ;
#4056 = AXIS2_PLACEMENT_3D ( 'NONE', #5838, #5341, #702 ) ;
#4057 = EDGE_LOOP ( 'NONE', ( #5765, #1523 ) ) ;
#4058 = AXIS2_PLACEMENT_3D ( 'NONE', #4915, #3993, #4421 ) ;
#4059 = CARTESIAN_POINT ( 'NONE',  ( 49.99999999999992184, 5.000000000000000000, -25.00000000000000000 ) ) ;
#4060 = PLANE ( 'NONE',  #4643 ) ;
#4061 = AXIS2_PLACEMENT_3D ( 'NONE', #6021, #758, #2716 ) ;
#4062 = EDGE_CURVE ( 'NONE', #3713, #1441, #1692, .T. ) ;
#4063 = VECTOR ( 'NONE', #3589, 1000.000000000000000 ) ;
#4064 = CARTESIAN_POINT ( 'NONE',  ( 49.99999999999992184, -3.000000000000000000, -25.00000000000000000 ) ) ;
#4065 = DIRECTION ( 'NONE',  ( 0.000000000000000000, 0.000000000000000000, -1.000000000000000000 ) ) ;
#4066 = CIRCLE ( 'NONE', #10, 2.149999999999999023 ) ;
#4067 = CIRCLE ( 'NONE', #407, 2.149999999999999023 ) ;
#4068 = AXIS2_PLACEMENT_3D ( 'NONE', #3291, #1483, #5175 ) ;
#4069 = DIRECTION ( 'NONE',  ( 0.000000000000000000, 0.000000000000000000, -1.000000000000000000 ) ) ;
#4070 = VECTOR ( 'NONE', #480, 1000.000000000000114 ) ;
#4071 = CYLINDRICAL_SURFACE ( 'NONE', #3878, 2.150000000000000799 ) ;
#4072 = EDGE_CURVE ( 'NONE', #3188, #6035, #5138, .T. ) ;
#4073 = CYLINDRICAL_SURFACE ( 'NONE', #3257, 2.149999999999997247 ) ;
#4074 = FACE_BOUND ( 'NONE', #930, .T. ) ;
#4075 = AXIS2_PLACEMENT_3D ( 'NONE', #556, #3434, #2965 ) ;
#4076 = AXIS2_PLACEMENT_3D ( 'NONE', #1381, #5291, #4233 ) ;
#4077 = CIRCLE ( 'NONE', #4274, 2.150000000000000799 ) ;
#4078 = VERTEX_POINT ( 'NONE', #1655 ) ;
#4079 = EDGE_CURVE ( 'NONE', #1887, #372, #5437, .T. ) ;
#4080 = CIRCLE ( 'NONE', #419, 2.149999999999999023 ) ;
#4081 = ORIENTED_EDGE ( 'NONE', *, *, #1825, .F. ) ;
#4082 = LINE ( 'NONE', #3553, #4248 ) ;
#4083 = DIRECTION ( 'NONE',  ( -0.000000000000000000, 1.000000000000000000, -0.000000000000000000 ) ) ;
#4084 = DIRECTION ( 'NONE',  ( 0.000000000000000000, 0.000000000000000000, 1.000000000000000000 ) ) ;
#4085 = EDGE_LOOP ( 'NONE', ( #921, #1192, #2903, #1222 ) ) ;
#4086 = ORIENTED_EDGE ( 'NONE', *, *, #57, .T. ) ;
#4087 = VERTEX_POINT ( 'NONE', #5528 ) ;
#4088 = DIRECTION ( 'NONE',  ( 0.000000000000000000, -1.000000000000000000, 0.000000000000000000 ) ) ;
#4089 = CARTESIAN_POINT ( 'NONE',  ( 10.00000000000007816, 5.000000000000000000, 25.00000000000000000 ) ) ;
#4090 = CARTESIAN_POINT ( 'NONE',  ( 50.00000000000001421, 5.000000000000000000, 7.150000000000002132 ) ) ;
#4091 = ADVANCED_FACE ( 'NONE', ( #1281 ), #3181, .F. ) ;
#4092 = ADVANCED_FACE ( 'NONE', ( #273 ), #1194, .F. ) ;
#4093 = VERTEX_POINT ( 'NONE', #388 ) ;
#4094 = CARTESIAN_POINT ( 'NONE',  ( -10.00000000000005684, 5.000000000000000000, -15.00000000000000000 ) ) ;
#4095 = CARTESIAN_POINT ( 'NONE',  ( 20.00000000000006040, 7.000000000000000000, 15.00000000000000178 ) ) ;
#4096 = ORIENTED_EDGE ( 'NONE', *, *, #2618, .F. ) ;
#4097 = CARTESIAN_POINT ( 'NONE',  ( -68.99999999999998579, 2.714285714285712636, -39.00000000000000711 ) ) ;
#4098 = DIRECTION ( 'NONE',  ( 0.000000000000000000, 0.000000000000000000, 1.000000000000000000 ) ) ;
#4099 = VERTEX_POINT ( 'NONE', #2740 ) ;
#4100 = EDGE_CURVE ( 'NONE', #1729, #5624, #4016, .T. ) ;
#4101 = DIRECTION ( 'NONE',  ( 0.000000000000000000, 1.000000000000000000, 0.000000000000000000 ) ) ;
#4102 = DIRECTION ( 'NONE',  ( -0.000000000000000000, 1.000000000000000000, -0.000000000000000000 ) ) ;
#4103 = CARTESIAN_POINT ( 'NONE',  ( 50.00000000000001421, 5.000000000000000000, 5.000000000000000888 ) ) ;
#4104 = FACE_BOUND ( 'NONE', #3772, .T. ) ;
#4105 = ORIENTED_EDGE ( 'NONE', *, *, #2820, .F. ) ;
#4106 = EDGE_CURVE ( 'NONE', #3720, #4481, #4262, .T. ) ;
#4107 = ORIENTED_EDGE ( 'NONE', *, *, #3959, .T. ) ;
#4108 = DIRECTION ( 'NONE',  ( 0.000000000000000000, 0.000000000000000000, 1.000000000000000000 ) ) ;
#4109 = DIRECTION ( 'NONE',  ( 0.000000000000000000, -1.000000000000000000, 0.000000000000000000 ) ) ;
#4110 = CARTESIAN_POINT ( 'NONE',  ( 20.00000000000008882, 7.000000000000000000, 25.00000000000000000 ) ) ;
#4111 = EDGE_CURVE ( 'NONE', #4481, #3877, #5002, .T. ) ;
#4112 = ORIENTED_EDGE ( 'NONE', *, *, #331, .T. ) ;
#4113 = ORIENTED_EDGE ( 'NONE', *, *, #3148, .F. ) ;
#4114 = EDGE_LOOP ( 'NONE', ( #4308, #5500 ) ) ;
#4115 = DIRECTION ( 'NONE',  ( 0.000000000000000000, 0.000000000000000000, 1.000000000000000000 ) ) ;
#4116 = DIRECTION ( 'NONE',  ( -0.000000000000000000, 1.000000000000000000, -0.000000000000000000 ) ) ;
#4117 = DIRECTION ( 'NONE',  ( -1.000000000000000000, -0.000000000000000000, -0.000000000000000000 ) ) ;
#4118 = VERTEX_POINT ( 'NONE', #427 ) ;
#4119 = ORIENTED_EDGE ( 'NONE', *, *, #4854, .T. ) ;
#4120 = PLANE ( 'NONE',  #893 ) ;
#4121 = DIRECTION ( 'NONE',  ( 2.775557561562900029E-15, 0.000000000000000000, 1.000000000000000000 ) ) ;
#4122 = CARTESIAN_POINT ( 'NONE',  ( -20.00000000000009237, 7.000000000000000000, -22.85000000000000142 ) ) ;
#4123 = EDGE_CURVE ( 'NONE', #941, #6070, #1012, .T. ) ;
#4124 = ORIENTED_EDGE ( 'NONE', *, *, #1050, .F. ) ;
#4125 = DIRECTION ( 'NONE',  ( 0.000000000000000000, 0.000000000000000000, 1.000000000000000000 ) ) ;
#4126 = DIRECTION ( 'NONE',  ( 0.000000000000000000, 0.000000000000000000, 1.000000000000000000 ) ) ;
#4127 = CARTESIAN_POINT ( 'NONE',  ( -5.551115123125782702E-14, 5.000000000000000000, -15.00000000000000000 ) ) ;
#4128 = EDGE_CURVE ( 'NONE', #34, #3588, #2307, .T. ) ;
#4129 = FACE_BOUND ( 'NONE', #4651, .T. ) ;
#4130 = ORIENTED_EDGE ( 'NONE', *, *, #6082, .T. ) ;
#4131 = ORIENTED_EDGE ( 'NONE', *, *, #982, .T. ) ;
#4132 = DIRECTION ( 'NONE',  ( -1.000000000000000000, 0.000000000000000000, 3.686287386450721387E-15 ) ) ;
#4133 = DIRECTION ( 'NONE',  ( -2.775557561562900029E-15, 0.000000000000000000, 1.000000000000000000 ) ) ;
#4134 = FACE_BOUND ( 'NONE', #3403, .T. ) ;
#4135 = AXIS2_PLACEMENT_3D ( 'NONE', #216, #1134, #3025 ) ;
#4136 = EDGE_LOOP ( 'NONE', ( #1652, #3004, #5375, #18 ) ) ;
#4137 = EDGE_LOOP ( 'NONE', ( #3294, #3289 ) ) ;
#4138 = EDGE_CURVE ( 'NONE', #1887, #3713, #892, .T. ) ;
#4139 = EDGE_LOOP ( 'NONE', ( #3496, #78 ) ) ;
#4140 = DIRECTION ( 'NONE',  ( 0.000000000000000000, 0.000000000000000000, 1.000000000000000000 ) ) ;
#4141 = CARTESIAN_POINT ( 'NONE',  ( 49.99999999999995026, -3.000000000000000000, -15.00000000000000000 ) ) ;
#4142 = CARTESIAN_POINT ( 'NONE',  ( -62.89999999999999858, -3.500000000000000000, -20.00000000000000000 ) ) ;
#4143 = EDGE_CURVE ( 'NONE', #348, #3575, #3307, .T. ) ;
#4144 = CIRCLE ( 'NONE', #4830, 2.149999999999999911 ) ;
#4145 = ORIENTED_EDGE ( 'NONE', *, *, #3992, .F. ) ;
#4146 = DIRECTION ( 'NONE',  ( -0.000000000000000000, 1.000000000000000000, -0.000000000000000000 ) ) ;
#4147 = LINE ( 'NONE', #440, #1593 ) ;
#4148 = DIRECTION ( 'NONE',  ( 0.000000000000000000, 1.000000000000000000, 0.000000000000000000 ) ) ;
#4149 = VECTOR ( 'NONE', #5627, 1000.000000000000000 ) ;
#4150 = VECTOR ( 'NONE', #724, 1000.000000000000000 ) ;
#4151 = ORIENTED_EDGE ( 'NONE', *, *, #3493, .T. ) ;
#4152 = CYLINDRICAL_SURFACE ( 'NONE', #1102, 2.149999999999997247 ) ;
#4153 = VECTOR ( 'NONE', #1409, 1000.000000000000000 ) ;
#4154 = CYLINDRICAL_SURFACE ( 'NONE', #4563, 2.149999999999999023 ) ;
#4155 = DIRECTION ( 'NONE',  ( 0.000000000000000000, 0.000000000000000000, -1.000000000000000000 ) ) ;
#4156 = AXIS2_PLACEMENT_3D ( 'NONE', #4336, #590, #5767 ) ;
#4157 = FACE_BOUND ( 'NONE', #3454, .T. ) ;
#4158 = CIRCLE ( 'NONE', #3766, 2.149999999999999023 ) ;
#4159 = AXIS2_PLACEMENT_3D ( 'NONE', #1027, #2917, #4799 ) ;
#4160 = ORIENTED_EDGE ( 'NONE', *, *, #945, .T. ) ;
#4161 = EDGE_CURVE ( 'NONE', #5594, #3118, #2772, .T. ) ;
#4162 = CIRCLE ( 'NONE', #1586, 2.150000000000000799 ) ;
#4163 = FACE_BOUND ( 'NONE', #5835, .T. ) ;
#4164 = ADVANCED_FACE ( 'NONE', ( #1866 ), #2810, .F. ) ;
#4165 = ORIENTED_EDGE ( 'NONE', *, *, #3727, .F. ) ;
#4166 = DIRECTION ( 'NONE',  ( 0.000000000000000000, 1.000000000000000000, 0.000000000000000000 ) ) ;
#4167 = CIRCLE ( 'NONE', #2985, 2.149999999999999023 ) ;
#4168 = CARTESIAN_POINT ( 'NONE',  ( 54.90000000000001279, -3.500000000000000000, 22.05000000000000071 ) ) ;
#4169 = CARTESIAN_POINT ( 'NONE',  ( -67.99999999999998579, 1.999999999999991340, 40.00000000000000000 ) ) ;
#4170 = AXIS2_PLACEMENT_3D ( 'NONE', #3206, #4102, #2258 ) ;
#4171 = ORIENTED_EDGE ( 'NONE', *, *, #3793, .T. ) ;
#4172 = CIRCLE ( 'NONE', #2894, 2.150000000000000799 ) ;
#4173 = ORIENTED_EDGE ( 'NONE', *, *, #2951, .T. ) ;
#4174 = EDGE_CURVE ( 'NONE', #6121, #5623, #453, .T. ) ;
#4175 = VECTOR ( 'NONE', #5483, 1000.000000000000000 ) ;
#4176 = ORIENTED_EDGE ( 'NONE', *, *, #4471, .T. ) ;
#4177 = DIRECTION ( 'NONE',  ( 0.000000000000000000, 0.000000000000000000, -1.000000000000000000 ) ) ;
#4178 = DIRECTION ( 'NONE',  ( -0.000000000000000000, 1.000000000000000000, -0.000000000000000000 ) ) ;
#4179 = DIRECTION ( 'NONE',  ( -0.000000000000000000, 1.000000000000000000, -0.000000000000000000 ) ) ;
#4180 = EDGE_CURVE ( 'NONE', #5669, #1140, #3371, .T. ) ;
#4181 = EDGE_LOOP ( 'NONE', ( #1782, #1421 ) ) ;
#4182 = DIRECTION ( 'NONE',  ( -1.000000000000000000, 0.000000000000000000, 0.000000000000000000 ) ) ;
#4183 = LINE ( 'NONE', #4554, #5051 ) ;
#4184 = DIRECTION ( 'NONE',  ( 0.000000000000000000, 1.000000000000000000, 0.000000000000000000 ) ) ;
#4185 = EDGE_LOOP ( 'NONE', ( #4313, #5186 ) ) ;
#4186 = EDGE_CURVE ( 'NONE', #2555, #2372, #51, .T. ) ;
#4187 = ORIENTED_EDGE ( 'NONE', *, *, #4327, .T. ) ;
#4188 = VERTEX_POINT ( 'NONE', #5687 ) ;
#4189 = CARTESIAN_POINT ( 'NONE',  ( -54.89999999999999858, 0.000000000000000000, 15.00000000000000178 ) ) ;
#4190 = CARTESIAN_POINT ( 'NONE',  ( -29.99999999999995381, 7.000000000000000000, 17.14999999999999858 ) ) ;
#4191 = CARTESIAN_POINT ( 'NONE',  ( -5.551115123125782702E-14, 7.000000000000000000, -12.84999999999999964 ) ) ;
#4192 = FACE_BOUND ( 'NONE', #3113, .T. ) ;
#4193 =( NAMED_UNIT ( * ) SI_UNIT ( $, .STERADIAN. ) SOLID_ANGLE_UNIT ( ) );
#4194 = ORIENTED_EDGE ( 'NONE', *, *, #4397, .F. ) ;
#4195 = FACE_BOUND ( 'NONE', #3119, .T. ) ;
#4196 = EDGE_LOOP ( 'NONE', ( #1698, #1228, #2864, #596 ) ) ;
#4197 = CARTESIAN_POINT ( 'NONE',  ( 8.353002590870341731E-14, -3.000000000000000000, 22.85000000000000142 ) ) ;
#4198 = DIRECTION ( 'NONE',  ( -0.6311687442671997106, 0.4508348173337118903, -0.6311687442672084813 ) ) ;
#4199 = DIRECTION ( 'NONE',  ( 0.000000000000000000, 0.000000000000000000, 1.000000000000000000 ) ) ;
#4200 = ORIENTED_EDGE ( 'NONE', *, *, #5600, .F. ) ;
#4201 = ORIENTED_EDGE ( 'NONE', *, *, #5032, .F. ) ;
#4202 = EDGE_LOOP ( 'NONE', ( #1640, #1614, #2627, #2286 ) ) ;
#4203 = CARTESIAN_POINT ( 'NONE',  ( 9.999999999999939604, 5.000000000000000000, -12.84999999999999964 ) ) ;
#4204 = CYLINDRICAL_SURFACE ( 'NONE', #5265, 2.149999999999999911 ) ;
#4205 = CYLINDRICAL_SURFACE ( 'NONE', #901, 2.149999999999999023 ) ;
#4206 = EDGE_CURVE ( 'NONE', #760, #1298, #3709, .T. ) ;
#4207 = EDGE_CURVE ( 'NONE', #2969, #2043, #6032, .T. ) ;
#4208 = ORIENTED_EDGE ( 'NONE', *, *, #1442, .F. ) ;
#4209 = CYLINDRICAL_SURFACE ( 'NONE', #1294, 2.049999999999999822 ) ;
#4210 = CARTESIAN_POINT ( 'NONE',  ( 45.00000000000007105, 7.000000000000000000, 16.79999999999999361 ) ) ;
#4211 = DIRECTION ( 'NONE',  ( 0.000000000000000000, 0.000000000000000000, 1.000000000000000000 ) ) ;
#4212 = ORIENTED_EDGE ( 'NONE', *, *, #4317, .T. ) ;
#4213 = ORIENTED_EDGE ( 'NONE', *, *, #1154, .F. ) ;
#4214 = LINE ( 'NONE', #776, #2267 ) ;
#4215 = EDGE_CURVE ( 'NONE', #4093, #3573, #1836, .T. ) ;
#4216 = LINE ( 'NONE', #1362, #809 ) ;
#4217 = CARTESIAN_POINT ( 'NONE',  ( 54.90000000000001279, 0.000000000000000000, -14.99999999999998757 ) ) ;
#4218 = CARTESIAN_POINT ( 'NONE',  ( -39.99999999999998579, 5.000000000000000000, 5.000000000000000888 ) ) ;
#4219 = ORIENTED_EDGE ( 'NONE', *, *, #5087, .T. ) ;
#4220 = CARTESIAN_POINT ( 'NONE',  ( 0.000000000000000000, 0.000000000000000000, 0.000000000000000000 ) ) ;
#4221 = VERTEX_POINT ( 'NONE', #4225 ) ;
#4222 = FACE_BOUND ( 'NONE', #5197, .T. ) ;
#4223 = EDGE_CURVE ( 'NONE', #2164, #4588, #4258, .T. ) ;
#4224 = DIRECTION ( 'NONE',  ( 0.000000000000000000, 0.000000000000000000, 1.000000000000000000 ) ) ;
#4225 = CARTESIAN_POINT ( 'NONE',  ( -30.00000000000008882, 7.000000000000000000, -22.85000000000000142 ) ) ;
#4226 = DIRECTION ( 'NONE',  ( 0.000000000000000000, 0.000000000000000000, -1.000000000000000000 ) ) ;
#4227 = CARTESIAN_POINT ( 'NONE',  ( -49.99999999999995737, -3.000000000000000000, 17.15000000000000213 ) ) ;
#4228 = ORIENTED_EDGE ( 'NONE', *, *, #3702, .T. ) ;
#4229 = ORIENTED_EDGE ( 'NONE', *, *, #3621, .T. ) ;
#4230 = ORIENTED_EDGE ( 'NONE', *, *, #5009, .F. ) ;
#4231 = CARTESIAN_POINT ( 'NONE',  ( 49.99999999999995026, 5.000000000000000000, -17.14999999999999858 ) ) ;
#4232 = DIRECTION ( 'NONE',  ( -0.000000000000000000, 1.000000000000000000, -0.000000000000000000 ) ) ;
#4233 = DIRECTION ( 'NONE',  ( 0.000000000000000000, 0.000000000000000000, -1.000000000000000000 ) ) ;
#4234 = AXIS2_PLACEMENT_3D ( 'NONE', #4259, #2335, #4226 ) ;
#4235 = EDGE_LOOP ( 'NONE', ( #484, #4949 ) ) ;
#4236 = EDGE_LOOP ( 'NONE', ( #4779, #2756, #246, #3036 ) ) ;
#4237 = CARTESIAN_POINT ( 'NONE',  ( -19.99999999999998934, 7.000000000000000000, 7.149999999999998579 ) ) ;
#4238 = EDGE_CURVE ( 'NONE', #1509, #3738, #915, .T. ) ;
#4239 = DIRECTION ( 'NONE',  ( -0.000000000000000000, 1.000000000000000000, -0.000000000000000000 ) ) ;
#4240 = DIRECTION ( 'NONE',  ( 0.000000000000000000, 1.000000000000000000, 0.000000000000000000 ) ) ;
#4241 = ORIENTED_EDGE ( 'NONE', *, *, #4111, .F. ) ;
#4242 = VECTOR ( 'NONE', #5301, 1000.000000000000000 ) ;
#4243 = ORIENTED_EDGE ( 'NONE', *, *, #331, .F. ) ;
#4244 = CIRCLE ( 'NONE', #5033, 2.149999999999997691 ) ;
#4245 = CARTESIAN_POINT ( 'NONE',  ( 50.00000000000001421, 7.000000000000000000, 2.849999999999999645 ) ) ;
#4246 = ADVANCED_FACE ( 'NONE', ( #5214 ), #481, .F. ) ;
#4247 = CARTESIAN_POINT ( 'NONE',  ( 39.99999999999997868, 5.000000000000000000, -7.149999999999998579 ) ) ;
#4248 = VECTOR ( 'NONE', #731, 1000.000000000000000 ) ;
#4249 = DIRECTION ( 'NONE',  ( 0.000000000000000000, 0.000000000000000000, -1.000000000000000000 ) ) ;
#4250 = FACE_BOUND ( 'NONE', #2093, .T. ) ;
#4251 = ADVANCED_FACE ( 'NONE', ( #4657 ), #3734, .F. ) ;
#4252 = VERTEX_POINT ( 'NONE', #3238 ) ;
#4253 = AXIS2_PLACEMENT_3D ( 'NONE', #1472, #2413, #488 ) ;
#4254 = FACE_OUTER_BOUND ( 'NONE', #2793, .T. ) ;
#4255 = EDGE_CURVE ( 'NONE', #2910, #2456, #877, .T. ) ;
#4256 = CIRCLE ( 'NONE', #3266, 2.149999999999999023 ) ;
#4257 = ORIENTED_EDGE ( 'NONE', *, *, #2541, .F. ) ;
#4258 = LINE ( 'NONE', #5156, #5443 ) ;
#4259 = CARTESIAN_POINT ( 'NONE',  ( -5.551115123125782702E-14, 5.000000000000000000, -15.00000000000000000 ) ) ;
#4260 = CARTESIAN_POINT ( 'NONE',  ( 19.99999999999994671, 7.000000000000000000, -12.85000000000000142 ) ) ;
#4261 = AXIS2_PLACEMENT_3D ( 'NONE', #2367, #22, #4787 ) ;
#4262 = CIRCLE ( 'NONE', #5831, 2.149999999999997247 ) ;
#4263 = EDGE_LOOP ( 'NONE', ( #5115, #284, #2593, #2193 ) ) ;
#4264 = ORIENTED_EDGE ( 'NONE', *, *, #4399, .T. ) ;
#4265 = CIRCLE ( 'NONE', #4853, 2.149999999999999911 ) ;
#4266 = ORIENTED_EDGE ( 'NONE', *, *, #5332, .F. ) ;
#4267 = CARTESIAN_POINT ( 'NONE',  ( 39.99999999999990763, -3.000000000000000000, -25.00000000000000000 ) ) ;
#4268 = CARTESIAN_POINT ( 'NONE',  ( 9.999999999999904077, 7.000000000000000000, -22.85000000000000142 ) ) ;
#4269 = AXIS2_PLACEMENT_3D ( 'NONE', #3668, #5557, #1308 ) ;
#4270 =( NAMED_UNIT ( * ) PLANE_ANGLE_UNIT ( ) SI_UNIT ( $, .RADIAN. ) );
#4271 = AXIS2_PLACEMENT_3D ( 'NONE', #5555, #3204, #329 ) ;
#4272 = VECTOR ( 'NONE', #5130, 1000.000000000000000 ) ;
#4273 = ORIENTED_EDGE ( 'NONE', *, *, #1888, .F. ) ;
#4274 = AXIS2_PLACEMENT_3D ( 'NONE', #5447, #1732, #5385 ) ;
#4275 = VERTEX_POINT ( 'NONE', #3269 ) ;
#4276 = LINE ( 'NONE', #6130, #410 ) ;
#4277 = CARTESIAN_POINT ( 'NONE',  ( -20.00000000000009237, 5.000000000000000000, -25.00000000000000000 ) ) ;
#4278 = DIRECTION ( 'NONE',  ( 0.000000000000000000, 0.000000000000000000, 1.000000000000000000 ) ) ;
#4279 = AXIS2_PLACEMENT_3D ( 'NONE', #2935, #4299, #1072 ) ;
#4280 = EDGE_LOOP ( 'NONE', ( #1923, #5256, #4105, #3609 ) ) ;
#4281 = EDGE_CURVE ( 'NONE', #3674, #1120, #5885, .T. ) ;
#4282 = EDGE_LOOP ( 'NONE', ( #5287, #5611 ) ) ;
#4283 = LINE ( 'NONE', #5704, #5935 ) ;
#4284 = CARTESIAN_POINT ( 'NONE',  ( 62.89999999999999858, -7.000000000000000000, 15.00000000000001599 ) ) ;
#4285 = CARTESIAN_POINT ( 'NONE',  ( 70.00000000000001421, -3.500000000000000000, 22.05000000000000071 ) ) ;
#4286 = FACE_BOUND ( 'NONE', #2720, .T. ) ;
#4287 = ORIENTED_EDGE ( 'NONE', *, *, #2441, .T. ) ;
#4288 = DIRECTION ( 'NONE',  ( -1.000000000000000000, -0.000000000000000000, -0.000000000000000000 ) ) ;
#4289 = CARTESIAN_POINT ( 'NONE',  ( -50.00000000000009237, 7.000000000000000000, -22.85000000000000142 ) ) ;
#4290 = DIRECTION ( 'NONE',  ( 1.000000000000000000, 0.000000000000000000, 0.000000000000000000 ) ) ;
#4291 = DIRECTION ( 'NONE',  ( -0.000000000000000000, 1.000000000000000000, -0.000000000000000000 ) ) ;
#4292 = CARTESIAN_POINT ( 'NONE',  ( -30.00000000000008882, -3.000000000000000000, -25.00000000000000000 ) ) ;
#4293 = EDGE_CURVE ( 'NONE', #5433, #4641, #1642, .T. ) ;
#4294 = VERTEX_POINT ( 'NONE', #4466 ) ;
#4295 = ORIENTED_EDGE ( 'NONE', *, *, #2762, .T. ) ;
#4296 = ORIENTED_EDGE ( 'NONE', *, *, #4123, .F. ) ;
#4297 = CARTESIAN_POINT ( 'NONE',  ( -10.00000000000009237, 5.000000000000000000, -25.00000000000000000 ) ) ;
#4298 = EDGE_CURVE ( 'NONE', #2892, #3691, #4809, .T. ) ;
#4299 = DIRECTION ( 'NONE',  ( 0.000000000000000000, 1.000000000000000000, 0.000000000000000000 ) ) ;
#4300 = CARTESIAN_POINT ( 'NONE',  ( 30.00000000000001421, 5.000000000000000000, 5.000000000000000888 ) ) ;
#4301 = VERTEX_POINT ( 'NONE', #4431 ) ;
#4302 = ORIENTED_EDGE ( 'NONE', *, *, #3656, .T. ) ;
#4303 = DIRECTION ( 'NONE',  ( 0.000000000000000000, -1.000000000000000000, 0.000000000000000000 ) ) ;
#4304 = CYLINDRICAL_SURFACE ( 'NONE', #5349, 2.149999999999999023 ) ;
#4305 = ORIENTED_EDGE ( 'NONE', *, *, #2156, .F. ) ;
#4306 = CARTESIAN_POINT ( 'NONE',  ( 0.000000000000000000, -7.000000000000000000, 0.000000000000000000 ) ) ;
#4307 = ORIENTED_EDGE ( 'NONE', *, *, #4822, .F. ) ;
#4308 = ORIENTED_EDGE ( 'NONE', *, *, #6019, .F. ) ;
#4309 = DIRECTION ( 'NONE',  ( 0.000000000000000000, 1.000000000000000000, 0.000000000000000000 ) ) ;
#4310 = ORIENTED_EDGE ( 'NONE', *, *, #2604, .T. ) ;
#4311 = FACE_OUTER_BOUND ( 'NONE', #1973, .T. ) ;
#4312 = DIRECTION ( 'NONE',  ( 0.000000000000000000, 0.000000000000000000, 1.000000000000000000 ) ) ;
#4313 = ORIENTED_EDGE ( 'NONE', *, *, #4818, .F. ) ;
#4314 = LINE ( 'NONE', #1499, #1190 ) ;
#4315 = ORIENTED_EDGE ( 'NONE', *, *, #5999, .T. ) ;
#4316 = FACE_OUTER_BOUND ( 'NONE', #1070, .T. ) ;
#4317 = EDGE_CURVE ( 'NONE', #2932, #3104, #401, .T. ) ;
#4318 = DIRECTION ( 'NONE',  ( -0.000000000000000000, 1.000000000000000000, -0.000000000000000000 ) ) ;
#4319 = DIRECTION ( 'NONE',  ( -1.000000000000000000, -0.000000000000000000, -0.000000000000000000 ) ) ;
#4320 = VERTEX_POINT ( 'NONE', #1212 ) ;
#4321 = VERTEX_POINT ( 'NONE', #3540 ) ;
#4322 = ORIENTED_EDGE ( 'NONE', *, *, #1216, .F. ) ;
#4323 = CARTESIAN_POINT ( 'NONE',  ( -19.99999999999995381, 5.000000000000000000, 12.85000000000000320 ) ) ;
#4324 = CARTESIAN_POINT ( 'NONE',  ( -67.99999999999998579, 2.000000000000000000, 40.00000000000000000 ) ) ;
#4325 = CARTESIAN_POINT ( 'NONE',  ( 39.99999999999990763, 5.000000000000000000, -22.85000000000000142 ) ) ;
#4326 = VERTEX_POINT ( 'NONE', #4028 ) ;
#4327 = EDGE_CURVE ( 'NONE', #4577, #3437, #192, .T. ) ;
#4328 = ORIENTED_EDGE ( 'NONE', *, *, #3495, .T. ) ;
#4329 = FACE_OUTER_BOUND ( 'NONE', #701, .T. ) ;
#4330 = EDGE_CURVE ( 'NONE', #6084, #2421, #4496, .T. ) ;
#4331 = CARTESIAN_POINT ( 'NONE',  ( 62.90000000000001279, -3.500000000000000000, -20.00000000000000000 ) ) ;
#4332 = ORIENTED_EDGE ( 'NONE', *, *, #2478, .T. ) ;
#4333 = VECTOR ( 'NONE', #3080, 1000.000000000000000 ) ;
#4334 = EDGE_CURVE ( 'NONE', #535, #3944, #682, .T. ) ;
#4335 = VERTEX_POINT ( 'NONE', #3038 ) ;
#4336 = CARTESIAN_POINT ( 'NONE',  ( -19.99999999999998934, -3.000000000000000000, 5.000000000000000888 ) ) ;
#4337 = DIRECTION ( 'NONE',  ( 0.000000000000000000, 0.000000000000000000, -1.000000000000000000 ) ) ;
#4338 = DIRECTION ( 'NONE',  ( 0.000000000000000000, 0.000000000000000000, 1.000000000000000000 ) ) ;
#4339 = CIRCLE ( 'NONE', #5131, 2.149999999999999023 ) ;
#4340 = DIRECTION ( 'NONE',  ( -0.000000000000000000, 1.000000000000000000, -0.000000000000000000 ) ) ;
#4341 = ORIENTED_EDGE ( 'NONE', *, *, #1606, .F. ) ;
#4342 = ORIENTED_EDGE ( 'NONE', *, *, #1677, .T. ) ;
#4343 = CARTESIAN_POINT ( 'NONE',  ( 62.99999999999998579, 7.000000000000000000, -33.00000000000000000 ) ) ;
#4344 = CARTESIAN_POINT ( 'NONE',  ( -62.89999999999999858, -7.000000000000000000, 15.00000000000000178 ) ) ;
#4345 = CIRCLE ( 'NONE', #4941, 2.150000000000001243 ) ;
#4346 = VECTOR ( 'NONE', #2214, 1000.000000000000000 ) ;
#4347 = EDGE_CURVE ( 'NONE', #3118, #976, #5420, .T. ) ;
#4348 = EDGE_LOOP ( 'NONE', ( #1739, #3523, #948, #5171 ) ) ;
#4349 = EDGE_CURVE ( 'NONE', #1928, #960, #1175, .T. ) ;
#4350 = AXIS2_PLACEMENT_3D ( 'NONE', #4867, #4464, #744 ) ;
#4351 = ORIENTED_EDGE ( 'NONE', *, *, #3910, .F. ) ;
#4352 = VERTEX_POINT ( 'NONE', #4523 ) ;
#4354 = DIRECTION ( 'NONE',  ( -0.000000000000000000, 1.000000000000000000, -0.000000000000000000 ) ) ;
#4353 = AXIS2_PLACEMENT_3D ( 'NONE', #4018, #5407, #182 ) ;
#4355 = AXIS2_PLACEMENT_3D ( 'NONE', #3632, #1327, #3746 ) ;
#4356 = CARTESIAN_POINT ( 'NONE',  ( -62.89999999999999858, -3.499999999999999556, 17.94999999999999929 ) ) ;
#4357 = DIRECTION ( 'NONE',  ( -1.000000000000000000, -0.000000000000000000, -0.000000000000000000 ) ) ;
#4358 = CIRCLE ( 'NONE', #3178, 2.150000000000000799 ) ;
#4359 = AXIS2_PLACEMENT_3D ( 'NONE', #4713, #1009, #1929 ) ;
#4360 = AXIS2_PLACEMENT_3D ( 'NONE', #2119, #2586, #243 ) ;
#4361 = EDGE_LOOP ( 'NONE', ( #5402, #550 ) ) ;
#4362 = CIRCLE ( 'NONE', #1099, 2.149999999999999467 ) ;
#4363 = CYLINDRICAL_SURFACE ( 'NONE', #2664, 2.149999999999999023 ) ;
#4364 = AXIS2_PLACEMENT_3D ( 'NONE', #2021, #659, #4009 ) ;
#4365 = ORIENTED_EDGE ( 'NONE', *, *, #215, .T. ) ;
#4366 = CIRCLE ( 'NONE', #218, 2.149999999999997247 ) ;
#4367 = DIRECTION ( 'NONE',  ( -0.000000000000000000, 1.000000000000000000, -0.000000000000000000 ) ) ;
#4368 = CARTESIAN_POINT ( 'NONE',  ( 20.00000000000001776, 5.000000000000000000, 5.000000000000000888 ) ) ;
#4369 = AXIS2_PLACEMENT_3D ( 'NONE', #3974, #3932, #1494 ) ;
#4370 = CIRCLE ( 'NONE', #4465, 2.150000000000001243 ) ;
#4371 = AXIS2_PLACEMENT_3D ( 'NONE', #3628, #763, #2657 ) ;
#4372 = ADVANCED_FACE ( 'NONE', ( #1040, #5859 ), #5914, .F. ) ;
#4373 = AXIS2_PLACEMENT_3D ( 'NONE', #2597, #4944, #3920 ) ;
#4374 = EDGE_LOOP ( 'NONE', ( #1811, #118, #2304, #1751 ) ) ;
#4375 = DIRECTION ( 'NONE',  ( -0.000000000000000000, 1.000000000000000000, -0.000000000000000000 ) ) ;
#4376 = AXIS2_PLACEMENT_3D ( 'NONE', #4089, #312, #5010 ) ;
#4377 = ORIENTED_EDGE ( 'NONE', *, *, #2441, .F. ) ;
#4378 = LINE ( 'NONE', #4404, #2956 ) ;
#4379 = ADVANCED_FACE ( 'NONE', ( #1616 ), #4060, .F. ) ;
#4380 = DIRECTION ( 'NONE',  ( -0.000000000000000000, 1.000000000000000000, -0.000000000000000000 ) ) ;
#4381 = DIRECTION ( 'NONE',  ( 0.000000000000000000, -1.000000000000000000, 0.000000000000000000 ) ) ;
#4382 = CARTESIAN_POINT ( 'NONE',  ( 62.90000000000002700, -7.000000000000000000, -24.99999999999998579 ) ) ;
#4383 = VERTEX_POINT ( 'NONE', #2110 ) ;
#4384 = FACE_OUTER_BOUND ( 'NONE', #4374, .T. ) ;
#4385 = DIRECTION ( 'NONE',  ( 0.000000000000000000, -1.000000000000000000, 0.000000000000000000 ) ) ;
#4386 = ORIENTED_EDGE ( 'NONE', *, *, #4413, .T. ) ;
#4387 = ORIENTED_EDGE ( 'NONE', *, *, #1174, .T. ) ;
#4388 = ORIENTED_EDGE ( 'NONE', *, *, #4174, .F. ) ;
#4389 = CARTESIAN_POINT ( 'NONE',  ( -10.00000000000005684, -3.000000000000000000, -17.14999999999999858 ) ) ;
#4390 = DIRECTION ( 'NONE',  ( -0.000000000000000000, 1.000000000000000000, -0.000000000000000000 ) ) ;
#4391 = CARTESIAN_POINT ( 'NONE',  ( -19.99999999999998934, 7.000000000000000000, 2.850000000000003197 ) ) ;
#4392 = ORIENTED_EDGE ( 'NONE', *, *, #2202, .F. ) ;
#4393 = CYLINDRICAL_SURFACE ( 'NONE', #2067, 2.149999999999999023 ) ;
#4394 = VERTEX_POINT ( 'NONE', #4960 ) ;
#4395 = CARTESIAN_POINT ( 'NONE',  ( 39.99999999999997868, -3.000000000000000000, -4.999999999999997335 ) ) ;
#4396 = CARTESIAN_POINT ( 'NONE',  ( -2.081668171172168513E-14, 7.000000000000000000, -2.849999999999997424 ) ) ;
#4397 = EDGE_CURVE ( 'NONE', #730, #4618, #1982, .T. ) ;
#4398 = DIRECTION ( 'NONE',  ( 0.000000000000000000, -1.000000000000000000, 0.000000000000000000 ) ) ;
#4399 = EDGE_CURVE ( 'NONE', #4775, #3796, #1583, .T. ) ;
#4400 = ORIENTED_EDGE ( 'NONE', *, *, #5274, .F. ) ;
#4401 = ORIENTED_EDGE ( 'NONE', *, *, #4334, .T. ) ;
#4402 = FACE_OUTER_BOUND ( 'NONE', #4982, .T. ) ;
#4403 = ORIENTED_EDGE ( 'NONE', *, *, #4054, .F. ) ;
#4404 = CARTESIAN_POINT ( 'NONE',  ( -67.99999999999998579, 2.000000000000000000, -40.00000000000000000 ) ) ;
#4405 = DIRECTION ( 'NONE',  ( -0.000000000000000000, 1.000000000000000000, -0.000000000000000000 ) ) ;
#4406 = EDGE_CURVE ( 'NONE', #4252, #6035, #745, .T. ) ;
#4407 = DIRECTION ( 'NONE',  ( 0.000000000000000000, 0.000000000000000000, 1.000000000000000000 ) ) ;
#4408 = CARTESIAN_POINT ( 'NONE',  ( -10.00000000000005684, -3.000000000000000000, -12.84999999999999964 ) ) ;
#4409 = ORIENTED_EDGE ( 'NONE', *, *, #1007, .F. ) ;
#4410 = CARTESIAN_POINT ( 'NONE',  ( -50.00000000000009237, -3.000000000000000000, -22.85000000000000142 ) ) ;
#4411 = DIRECTION ( 'NONE',  ( -0.000000000000000000, 1.000000000000000000, -0.000000000000000000 ) ) ;
#4412 = VERTEX_POINT ( 'NONE', #1712 ) ;
#4413 = EDGE_CURVE ( 'NONE', #1729, #62, #106, .T. ) ;
#4414 = ORIENTED_EDGE ( 'NONE', *, *, #5981, .F. ) ;
#4415 = ORIENTED_EDGE ( 'NONE', *, *, #2522, .F. ) ;
#4416 = VERTEX_POINT ( 'NONE', #545 ) ;
#4417 = DIRECTION ( 'NONE',  ( 0.000000000000000000, 0.000000000000000000, 1.000000000000000000 ) ) ;
#4418 = DIRECTION ( 'NONE',  ( -0.000000000000000000, 1.000000000000000000, -0.000000000000000000 ) ) ;
#4419 = FACE_OUTER_BOUND ( 'NONE', #186, .T. ) ;
#4420 = ORIENTED_EDGE ( 'NONE', *, *, #4062, .F. ) ;
#4421 = DIRECTION ( 'NONE',  ( 0.000000000000000000, 0.000000000000000000, 1.000000000000000000 ) ) ;
#4422 = ORIENTED_EDGE ( 'NONE', *, *, #160, .T. ) ;
#4423 = CARTESIAN_POINT ( 'NONE',  ( 9.999999999999973355, -3.000000000000000000, -4.999999999999997335 ) ) ;
#4424 = CARTESIAN_POINT ( 'NONE',  ( 62.89999999999999858, -7.000000000000000000, 15.00000000000001599 ) ) ;
#4425 = LINE ( 'NONE', #4953, #317 ) ;
#4426 = ADVANCED_FACE ( 'NONE', ( #4316 ), #1504, .F. ) ;
#4427 = EDGE_CURVE ( 'NONE', #2217, #5989, #5642, .T. ) ;
#4428 = ORIENTED_EDGE ( 'NONE', *, *, #888, .T. ) ;
#4429 = DIRECTION ( 'NONE',  ( -0.000000000000000000, 1.000000000000000000, -0.000000000000000000 ) ) ;
#4430 = EDGE_LOOP ( 'NONE', ( #5387, #3539 ) ) ;
#4431 = CARTESIAN_POINT ( 'NONE',  ( -10.00000000000002309, 5.000000000000000000, -7.149999999999996803 ) ) ;
#4432 = LINE ( 'NONE', #4962, #4242 ) ;
#4433 = DIRECTION ( 'NONE',  ( -0.000000000000000000, 1.000000000000000000, -0.000000000000000000 ) ) ;
#4434 = CIRCLE ( 'NONE', #4135, 2.149999999999999023 ) ;
#4435 = EDGE_CURVE ( 'NONE', #2306, #4321, #374, .T. ) ;
#4436 = DIRECTION ( 'NONE',  ( 0.000000000000000000, 1.000000000000000000, 0.000000000000000000 ) ) ;
#4437 = DIRECTION ( 'NONE',  ( 0.000000000000000000, 0.000000000000000000, 1.000000000000000000 ) ) ;
#4438 = CARTESIAN_POINT ( 'NONE',  ( 4.883555638916728174E-14, -3.000000000000000000, 12.84999999999999964 ) ) ;
#4439 = DIRECTION ( 'NONE',  ( 0.000000000000000000, 0.000000000000000000, -1.000000000000000000 ) ) ;
#4440 = VECTOR ( 'NONE', #1643, 1000.000000000000000 ) ;
#4441 = VERTEX_POINT ( 'NONE', #5105 ) ;
#4442 = ORIENTED_EDGE ( 'NONE', *, *, #1154, .T. ) ;
#4443 = EDGE_LOOP ( 'NONE', ( #5404, #395, #3494, #755 ) ) ;
#4444 = AXIS2_PLACEMENT_3D ( 'NONE', #4306, #6103, #3812 ) ;
#4445 = DIRECTION ( 'NONE',  ( -0.000000000000000000, 1.000000000000000000, -0.000000000000000000 ) ) ;
#4446 = CARTESIAN_POINT ( 'NONE',  ( -19.99999999999992184, -3.000000000000000000, 27.15000000000000213 ) ) ;
#4447 = LINE ( 'NONE', #217, #3975 ) ;
#4448 = VECTOR ( 'NONE', #3644, 1000.000000000000000 ) ;
#4449 = EDGE_CURVE ( 'NONE', #833, #4441, #1092, .T. ) ;
#4450 = AXIS2_PLACEMENT_3D ( 'NONE', #5607, #445, #903 ) ;
#4451 = ORIENTED_EDGE ( 'NONE', *, *, #961, .F. ) ;
#4452 = CARTESIAN_POINT ( 'NONE',  ( 30.00000000000005329, 5.000000000000000000, 15.00000000000000178 ) ) ;
#4453 = ORIENTED_EDGE ( 'NONE', *, *, #1860, .F. ) ;
#4454 = DIRECTION ( 'NONE',  ( 0.000000000000000000, 0.000000000000000000, -1.000000000000000000 ) ) ;
#4455 = DIRECTION ( 'NONE',  ( 0.000000000000000000, 1.000000000000000000, 0.000000000000000000 ) ) ;
#4456 = VECTOR ( 'NONE', #3068, 1000.000000000000000 ) ;
#4457 = FACE_OUTER_BOUND ( 'NONE', #2895, .T. ) ;
#4458 = AXIS2_PLACEMENT_3D ( 'NONE', #686, #3515, #4338 ) ;
#4459 = CIRCLE ( 'NONE', #4068, 2.150000000000000799 ) ;
#4460 = VECTOR ( 'NONE', #5200, 1000.000000000000000 ) ;
#4461 = CIRCLE ( 'NONE', #1791, 2.150000000000000799 ) ;
#4462 = VERTEX_POINT ( 'NONE', #5577 ) ;
#4463 = VECTOR ( 'NONE', #4433, 1000.000000000000000 ) ;
#4464 = DIRECTION ( 'NONE',  ( 0.000000000000000000, 0.8137334712067350040, 0.5812381937190963521 ) ) ;
#4465 = AXIS2_PLACEMENT_3D ( 'NONE', #1941, #5629, #2878 ) ;
#4466 = CARTESIAN_POINT ( 'NONE',  ( 45.00000000000007105, 7.000000000000000000, 23.20000000000000284 ) ) ;
#4467 = VERTEX_POINT ( 'NONE', #6004 ) ;
#4468 = CARTESIAN_POINT ( 'NONE',  ( 20.00000000000008882, -3.000000000000000000, 22.85000000000000142 ) ) ;
#4469 = CIRCLE ( 'NONE', #2485, 2.149999999999999023 ) ;
#4470 = DIRECTION ( 'NONE',  ( 0.000000000000000000, 1.000000000000000000, 0.000000000000000000 ) ) ;
#4471 = EDGE_CURVE ( 'NONE', #3630, #3146, #1685, .T. ) ;
#4472 = AXIS2_PLACEMENT_3D ( 'NONE', #5530, #5028, #1283 ) ;
#4473 = CIRCLE ( 'NONE', #1602, 2.149999999999999023 ) ;
#4474 = DIRECTION ( 'NONE',  ( 2.775557561562900029E-15, 0.000000000000000000, 1.000000000000000000 ) ) ;
#4475 = CARTESIAN_POINT ( 'NONE',  ( -54.89999999999999858, -7.000000000000000000, -15.00000000000000178 ) ) ;
#4476 = DIRECTION ( 'NONE',  ( 0.000000000000000000, 0.000000000000000000, 1.000000000000000000 ) ) ;
#4477 = DIRECTION ( 'NONE',  ( 0.000000000000000000, -1.000000000000000000, 0.000000000000000000 ) ) ;
#4478 = EDGE_CURVE ( 'NONE', #2122, #3730, #4674, .T. ) ;
#4479 = EDGE_LOOP ( 'NONE', ( #4107, #1661, #541, #2528 ) ) ;
#4480 = EDGE_LOOP ( 'NONE', ( #4692, #4229, #1654, #4914 ) ) ;
#4481 = VERTEX_POINT ( 'NONE', #3199 ) ;
#4482 = CARTESIAN_POINT ( 'NONE',  ( -9.999999999999918288, 7.000000000000000000, 27.15000000000000213 ) ) ;
#4483 = CARTESIAN_POINT ( 'NONE',  ( -67.99999999999998579, 0.000000000000000000, -40.00000000000000000 ) ) ;
#4484 = CYLINDRICAL_SURFACE ( 'NONE', #3087, 2.150000000000001243 ) ;
#4485 = EDGE_CURVE ( 'NONE', #5903, #5871, #7, .T. ) ;
#4486 = VERTEX_POINT ( 'NONE', #5604 ) ;
#4487 = FACE_BOUND ( 'NONE', #3966, .T. ) ;
#4488 = EDGE_CURVE ( 'NONE', #5928, #392, #2293, .T. ) ;
#4489 = VERTEX_POINT ( 'NONE', #2753 ) ;
#4490 = DIRECTION ( 'NONE',  ( 0.000000000000000000, 0.000000000000000000, 1.000000000000000000 ) ) ;
#4491 = DIRECTION ( 'NONE',  ( -0.000000000000000000, 1.000000000000000000, -0.000000000000000000 ) ) ;
#4492 = CYLINDRICAL_SURFACE ( 'NONE', #6044, 2.149999999999999467 ) ;
#4493 = ORIENTED_EDGE ( 'NONE', *, *, #3978, .F. ) ;
#4494 = DIRECTION ( 'NONE',  ( 0.000000000000000000, 0.000000000000000000, 1.000000000000000000 ) ) ;
#4495 = EDGE_CURVE ( 'NONE', #5747, #6065, #4744, .T. ) ;
#4496 = LINE ( 'NONE', #3851, #3955 ) ;
#4497 = EDGE_LOOP ( 'NONE', ( #4836, #1917, #220, #688 ) ) ;
#4498 = AXIS2_PLACEMENT_3D ( 'NONE', #2692, #1754, #4578 ) ;
#4499 = DIRECTION ( 'NONE',  ( -0.000000000000000000, 1.000000000000000000, -0.000000000000000000 ) ) ;
#4500 = DIRECTION ( 'NONE',  ( 0.000000000000000000, -1.000000000000000000, 0.000000000000000000 ) ) ;
#4501 = ORIENTED_EDGE ( 'NONE', *, *, #774, .F. ) ;
#4502 = DIRECTION ( 'NONE',  ( 0.000000000000000000, 1.000000000000000000, 0.000000000000000000 ) ) ;
#4503 = CARTESIAN_POINT ( 'NONE',  ( 10.00000000000007816, 5.000000000000000000, 25.00000000000000000 ) ) ;
#4504 = CYLINDRICAL_SURFACE ( 'NONE', #3447, 2.150000000000000799 ) ;
#4505 = DIRECTION ( 'NONE',  ( 0.000000000000000000, 0.000000000000000000, -1.000000000000000000 ) ) ;
#4506 = VERTEX_POINT ( 'NONE', #4210 ) ;
#4507 = EDGE_CURVE ( 'NONE', #2349, #5353, #6072, .T. ) ;
#4508 = EDGE_CURVE ( 'NONE', #2018, #2035, #4147, .T. ) ;
#4509 = VERTEX_POINT ( 'NONE', #1266 ) ;
#4510 = ORIENTED_EDGE ( 'NONE', *, *, #143, .F. ) ;
#4511 = DIRECTION ( 'NONE',  ( 0.000000000000000000, 0.000000000000000000, 1.000000000000000000 ) ) ;
#4512 = DIRECTION ( 'NONE',  ( 0.000000000000000000, 0.000000000000000000, -1.000000000000000000 ) ) ;
#4513 = DIRECTION ( 'NONE',  ( 1.000000000000000000, -0.000000000000000000, 3.686287386450721387E-15 ) ) ;
#4514 = VERTEX_POINT ( 'NONE', #1849 ) ;
#4515 = DIRECTION ( 'NONE',  ( 0.000000000000000000, -1.000000000000000000, 0.000000000000000000 ) ) ;
#4516 = EDGE_LOOP ( 'NONE', ( #4727, #3917, #1936, #1191 ) ) ;
#4517 = CARTESIAN_POINT ( 'NONE',  ( -39.99999999999991473, -3.000000000000000000, 22.85000000000000142 ) ) ;
#4518 = FACE_OUTER_BOUND ( 'NONE', #914, .T. ) ;
#4519 = CARTESIAN_POINT ( 'NONE',  ( 62.89999999999999858, -7.000000000000000000, -15.00000000000001599 ) ) ;
#4520 = EDGE_CURVE ( 'NONE', #5897, #3146, #5632, .T. ) ;
#4521 = VERTEX_POINT ( 'NONE', #4610 ) ;
#4522 = DIRECTION ( 'NONE',  ( 0.000000000000000000, 1.000000000000000000, 0.000000000000000000 ) ) ;
#4523 = CARTESIAN_POINT ( 'NONE',  ( -49.99999999999995737, 7.000000000000000000, 12.84999999999999964 ) ) ;
#4524 = LINE ( 'NONE', #1737, #4047 ) ;
#4525 = DIRECTION ( 'NONE',  ( 0.000000000000000000, 0.000000000000000000, -1.000000000000000000 ) ) ;
#4526 = EDGE_LOOP ( 'NONE', ( #253, #4720 ) ) ;
#4527 = EDGE_CURVE ( 'NONE', #2043, #2969, #4362, .T. ) ;
#4528 = DIRECTION ( 'NONE',  ( 0.000000000000000000, 0.000000000000000000, 1.000000000000000000 ) ) ;
#4529 = DIRECTION ( 'NONE',  ( 0.000000000000000000, 1.000000000000000000, 0.000000000000000000 ) ) ;
#4530 = AXIS2_PLACEMENT_3D ( 'NONE', #5095, #916, #825 ) ;
#4531 = CARTESIAN_POINT ( 'NONE',  ( -29.99999999999998934, -3.000000000000000000, 5.000000000000000888 ) ) ;
#4532 = CARTESIAN_POINT ( 'NONE',  ( -53.89999999999998437, 132.3668217671645380, -32.00000000000000000 ) ) ;
#4533 = VECTOR ( 'NONE', #2734, 1000.000000000000000 ) ;
#4534 = ORIENTED_EDGE ( 'NONE', *, *, #1422, .T. ) ;
#4535 = EDGE_LOOP ( 'NONE', ( #1904, #1599, #3676, #5817 ) ) ;
#4536 = DIRECTION ( 'NONE',  ( 0.000000000000000000, 0.000000000000000000, 1.000000000000000000 ) ) ;
#4537 = DIRECTION ( 'NONE',  ( 0.000000000000000000, -1.000000000000000000, 0.000000000000000000 ) ) ;
#4538 = CARTESIAN_POINT ( 'NONE',  ( 62.89999999999999858, 0.000000000000000000, 15.00000000000001599 ) ) ;
#4539 = AXIS2_PLACEMENT_3D ( 'NONE', #3541, #3479, #2484 ) ;
#4540 = EDGE_CURVE ( 'NONE', #1920, #1909, #4183, .T. ) ;
#4541 = EDGE_CURVE ( 'NONE', #5623, #6111, #999, .T. ) ;
#4542 = VERTEX_POINT ( 'NONE', #3160 ) ;
#4543 = ORIENTED_EDGE ( 'NONE', *, *, #5350, .T. ) ;
#4544 = ORIENTED_EDGE ( 'NONE', *, *, #5981, .T. ) ;
#4545 = LINE ( 'NONE', #4983, #48 ) ;
#4546 = CARTESIAN_POINT ( 'NONE',  ( 62.89999999999999858, -7.000000000000000000, 15.00000000000001599 ) ) ;
#4547 = CYLINDRICAL_SURFACE ( 'NONE', #5060, 2.150000000000000799 ) ;
#4548 = CIRCLE ( 'NONE', #4552, 2.149999999999999023 ) ;
#4549 = AXIS2_PLACEMENT_3D ( 'NONE', #2438, #2373, #5693 ) ;
#4550 = AXIS2_PLACEMENT_3D ( 'NONE', #4776, #5273, #934 ) ;
#4551 = ORIENTED_EDGE ( 'NONE', *, *, #3593, .F. ) ;
#4552 = AXIS2_PLACEMENT_3D ( 'NONE', #2158, #5092, #1037 ) ;
#4553 = DIRECTION ( 'NONE',  ( 0.000000000000000000, 1.000000000000000000, 0.000000000000000000 ) ) ;
#4554 = CARTESIAN_POINT ( 'NONE',  ( -29.99999999999998934, -3.000000000000000000, 7.149999999999998579 ) ) ;
#4555 = AXIS2_PLACEMENT_3D ( 'NONE', #1300, #5134, #1354 ) ;
#4556 = CARTESIAN_POINT ( 'NONE',  ( -20.00000000000002487, 5.000000000000000000, -4.999999999999997335 ) ) ;
#4557 = LINE ( 'NONE', #1714, #707 ) ;
#4558 = EDGE_CURVE ( 'NONE', #968, #2164, #5045, .T. ) ;
#4559 = CIRCLE ( 'NONE', #117, 2.149999999999997247 ) ;
#4560 = CIRCLE ( 'NONE', #2185, 2.049999999999999822 ) ;
#4561 = FACE_OUTER_BOUND ( 'NONE', #2993, .T. ) ;
#4562 = ADVANCED_FACE ( 'NONE', ( #4585 ), #2225, .F. ) ;
#4563 = AXIS2_PLACEMENT_3D ( 'NONE', #3638, #818, #4996 ) ;
#4564 = FACE_OUTER_BOUND ( 'NONE', #4516, .T. ) ;
#4565 = DIRECTION ( 'NONE',  ( 0.000000000000000000, -1.000000000000000000, 0.000000000000000000 ) ) ;
#4566 = FACE_BOUND ( 'NONE', #768, .T. ) ;
#4567 = VECTOR ( 'NONE', #3951, 1000.000000000000000 ) ;
#4568 = ORIENTED_EDGE ( 'NONE', *, *, #5356, .F. ) ;
#4569 = AXIS2_PLACEMENT_3D ( 'NONE', #2058, #154, #2031 ) ;
#4570 = VERTEX_POINT ( 'NONE', #3694 ) ;
#4571 = CARTESIAN_POINT ( 'NONE',  ( -10.00000000000009237, 7.000000000000000000, -22.85000000000000142 ) ) ;
#4572 = FACE_BOUND ( 'NONE', #1510, .T. ) ;
#4573 = CIRCLE ( 'NONE', #766, 2.150000000000000799 ) ;
#4574 = CARTESIAN_POINT ( 'NONE',  ( 49.99999999999992184, 7.000000000000000000, -25.00000000000000000 ) ) ;
#4575 = VERTEX_POINT ( 'NONE', #5699 ) ;
#4576 = ORIENTED_EDGE ( 'NONE', *, *, #2907, .T. ) ;
#4577 = VERTEX_POINT ( 'NONE', #4769 ) ;
#4578 = DIRECTION ( 'NONE',  ( 0.000000000000000000, 0.000000000000000000, 1.000000000000000000 ) ) ;
#4579 = CYLINDRICAL_SURFACE ( 'NONE', #4973, 2.149999999999999023 ) ;
#4580 = DIRECTION ( 'NONE',  ( -0.000000000000000000, 1.000000000000000000, -0.000000000000000000 ) ) ;
#4581 = EDGE_CURVE ( 'NONE', #4514, #5928, #4265, .T. ) ;
#4582 = ORIENTED_EDGE ( 'NONE', *, *, #1908, .T. ) ;
#4583 = FACE_OUTER_BOUND ( 'NONE', #3312, .T. ) ;
#4584 = EDGE_CURVE ( 'NONE', #271, #3800, #2013, .T. ) ;
#4585 = FACE_OUTER_BOUND ( 'NONE', #1938, .T. ) ;
#4586 = DIRECTION ( 'NONE',  ( 0.000000000000000000, 0.000000000000000000, 1.000000000000000000 ) ) ;
#4587 = CARTESIAN_POINT ( 'NONE',  ( -49.99999999999995737, 5.000000000000000000, 15.00000000000000178 ) ) ;
#4588 = VERTEX_POINT ( 'NONE', #466 ) ;
#4589 = ORIENTED_EDGE ( 'NONE', *, *, #6027, .F. ) ;
#4590 = ORIENTED_EDGE ( 'NONE', *, *, #288, .T. ) ;
#4591 = DIRECTION ( 'NONE',  ( 0.000000000000000000, 1.000000000000000000, 0.000000000000000000 ) ) ;
#4592 = CARTESIAN_POINT ( 'NONE',  ( 4.857225732735059864E-14, 5.000000000000000000, 17.15000000000000213 ) ) ;
#4593 = CARTESIAN_POINT ( 'NONE',  ( 49.99999999999992184, 5.000000000000000000, -27.15000000000000213 ) ) ;
#4594 = FACE_BOUND ( 'NONE', #2805, .T. ) ;
#4595 = EDGE_CURVE ( 'NONE', #4010, #5547, #1451, .T. ) ;
#4596 = ORIENTED_EDGE ( 'NONE', *, *, #3683, .T. ) ;
#4597 = VERTEX_POINT ( 'NONE', #2823 ) ;
#4598 = DIRECTION ( 'NONE',  ( -0.000000000000000000, 1.000000000000000000, -0.000000000000000000 ) ) ;
#4599 = DIRECTION ( 'NONE',  ( -0.6311687442671971571, -0.4508348173337187181, -0.6311687442672061499 ) ) ;
#4600 = DIRECTION ( 'NONE',  ( 0.000000000000000000, 1.000000000000000000, 0.000000000000000000 ) ) ;
#4601 = EDGE_CURVE ( 'NONE', #1115, #5272, #1884, .T. ) ;
#4602 = ORIENTED_EDGE ( 'NONE', *, *, #3433, .F. ) ;
#4603 = VERTEX_POINT ( 'NONE', #1425 ) ;
#4604 = ORIENTED_EDGE ( 'NONE', *, *, #1727, .T. ) ;
#4605 = DIRECTION ( 'NONE',  ( 0.000000000000000000, 0.000000000000000000, -1.000000000000000000 ) ) ;
#4606 = DIRECTION ( 'NONE',  ( -1.000000000000000000, -0.000000000000000000, -0.000000000000000000 ) ) ;
#4607 = LINE ( 'NONE', #3220, #2396 ) ;
#4608 = ORIENTED_EDGE ( 'NONE', *, *, #3508, .F. ) ;
#4609 = DIRECTION ( 'NONE',  ( 0.000000000000000000, 0.000000000000000000, 1.000000000000000000 ) ) ;
#4610 = CARTESIAN_POINT ( 'NONE',  ( -10.00000000000002309, 5.000000000000000000, -2.849999999999997868 ) ) ;
#4611 = DIRECTION ( 'NONE',  ( 0.000000000000000000, 0.000000000000000000, 1.000000000000000000 ) ) ;
#4612 = EDGE_CURVE ( 'NONE', #1223, #2892, #4560, .T. ) ;
#4613 = ORIENTED_EDGE ( 'NONE', *, *, #728, .F. ) ;
#4614 = DIRECTION ( 'NONE',  ( 0.000000000000000000, 0.000000000000000000, 1.000000000000000000 ) ) ;
#4615 = PLANE ( 'NONE',  #3185 ) ;
#4616 = DIRECTION ( 'NONE',  ( 0.000000000000000000, -1.000000000000000000, 0.000000000000000000 ) ) ;
#4617 = FACE_BOUND ( 'NONE', #5590, .T. ) ;
#4618 = VERTEX_POINT ( 'NONE', #5230 ) ;
#4619 = PLANE ( 'NONE',  #3758 ) ;
#4620 = EDGE_LOOP ( 'NONE', ( #3435, #4428, #3399, #953 ) ) ;
#4621 = DIRECTION ( 'NONE',  ( 0.000000000000000000, -1.000000000000000000, 0.000000000000000000 ) ) ;
#4622 = CARTESIAN_POINT ( 'NONE',  ( -20.00000000000002487, 7.000000000000000000, -4.999999999999997335 ) ) ;
#4623 = CARTESIAN_POINT ( 'NONE',  ( -29.99999999999995381, -3.000000000000000000, 15.00000000000000178 ) ) ;
#4624 = VECTOR ( 'NONE', #2496, 1000.000000000000000 ) ;
#4625 = ADVANCED_FACE ( 'NONE', ( #3811 ), #4304, .F. ) ;
#4626 = ORIENTED_EDGE ( 'NONE', *, *, #6012, .T. ) ;
#4627 = VERTEX_POINT ( 'NONE', #3904 ) ;
#4628 = EDGE_LOOP ( 'NONE', ( #1542, #573 ) ) ;
#4629 = DIRECTION ( 'NONE',  ( 0.000000000000000000, -1.000000000000000000, 0.000000000000000000 ) ) ;
#4630 = EDGE_CURVE ( 'NONE', #644, #4252, #5252, .T. ) ;
#4631 = CARTESIAN_POINT ( 'NONE',  ( -9.999999999999987566, 5.000000000000000000, 7.150000000000000355 ) ) ;
#4632 = LINE ( 'NONE', #315, #3189 ) ;
#4633 = VECTOR ( 'NONE', #5366, 1000.000000000000000 ) ;
#4634 = ORIENTED_EDGE ( 'NONE', *, *, #3866, .F. ) ;
#4635 = CARTESIAN_POINT ( 'NONE',  ( 30.00000000000008171, 5.000000000000000000, 27.15000000000000213 ) ) ;
#4636 = DIRECTION ( 'NONE',  ( 0.000000000000000000, 0.000000000000000000, 1.000000000000000000 ) ) ;
#4637 = CIRCLE ( 'NONE', #100, 2.149999999999999023 ) ;
#4638 = DIRECTION ( 'NONE',  ( 0.000000000000000000, 1.000000000000000000, 0.000000000000000000 ) ) ;
#4639 = AXIS2_PLACEMENT_3D ( 'NONE', #5931, #756, #5026 ) ;
#4640 = AXIS2_PLACEMENT_3D ( 'NONE', #5085, #841, #3754 ) ;
#4641 = VERTEX_POINT ( 'NONE', #6131 ) ;
#4642 = CARTESIAN_POINT ( 'NONE',  ( -49.99999999999995737, -3.000000000000000000, 15.00000000000000178 ) ) ;
#4643 = AXIS2_PLACEMENT_3D ( 'NONE', #5392, #2573, #3069 ) ;
#4644 = CARTESIAN_POINT ( 'NONE',  ( 24.59459459459444375, 34.43243243243239249, 0.000000000000000000 ) ) ;
#4645 = EDGE_CURVE ( 'NONE', #6121, #4665, #801, .T. ) ;
#4646 = CARTESIAN_POINT ( 'NONE',  ( 19.99999999999998934, -3.000000000000000000, -4.999999999999997335 ) ) ;
#4647 = VECTOR ( 'NONE', #4429, 1000.000000000000000 ) ;
#4648 = FACE_BOUND ( 'NONE', #3203, .T. ) ;
#4649 = AXIS2_PLACEMENT_3D ( 'NONE', #3891, #4411, #3520 ) ;
#4650 = AXIS2_PLACEMENT_3D ( 'NONE', #837, #6037, #1798 ) ;
#4651 = EDGE_LOOP ( 'NONE', ( #911, #635 ) ) ;
#4652 = AXIS2_PLACEMENT_3D ( 'NONE', #2251, #2794, #4673 ) ;
#4654 = ORIENTED_EDGE ( 'NONE', *, *, #4977, .T. ) ;
#4653 = FACE_BOUND ( 'NONE', #5316, .T. ) ;
#4655 = ORIENTED_EDGE ( 'NONE', *, *, #4937, .T. ) ;
#4657 = FACE_OUTER_BOUND ( 'NONE', #5338, .T. ) ;
#4656 = MECHANICAL_DESIGN_GEOMETRIC_PRESENTATION_REPRESENTATION (  '', ( #5552 ), #1004 ) ;
#4658 = ADVANCED_FACE ( 'NONE', ( #2942 ), #5201, .F. ) ;
#4659 = CIRCLE ( 'NONE', #412, 2.049999999999999822 ) ;
#4660 = CARTESIAN_POINT ( 'NONE',  ( 57.82113821138243281, 10.69918699186965938, -50.17886178861773061 ) ) ;
#4661 = CARTESIAN_POINT ( 'NONE',  ( 8.326672684688674053E-14, 5.000000000000000000, 25.00000000000000000 ) ) ;
#4662 = CIRCLE ( 'NONE', #1993, 2.150000000000001243 ) ;
#4663 = ORIENTED_EDGE ( 'NONE', *, *, #4584, .F. ) ;
#4664 = AXIS2_PLACEMENT_3D ( 'NONE', #4623, #5566, #3184 ) ;
#4665 = VERTEX_POINT ( 'NONE', #134 ) ;
#4666 = AXIS2_PLACEMENT_3D ( 'NONE', #2162, #1234, #4023 ) ;
#4667 = ORIENTED_EDGE ( 'NONE', *, *, #1933, .T. ) ;
#4668 = DIRECTION ( 'NONE',  ( 0.000000000000000000, -1.000000000000000000, 0.000000000000000000 ) ) ;
#4669 = CARTESIAN_POINT ( 'NONE',  ( 68.00000000000001421, 0.000000000000000000, 40.00000000000000000 ) ) ;
#4670 = DIRECTION ( 'NONE',  ( 0.000000000000000000, 0.000000000000000000, -1.000000000000000000 ) ) ;
#4671 = EDGE_CURVE ( 'NONE', #1038, #5309, #586, .T. ) ;
#4672 = ORIENTED_EDGE ( 'NONE', *, *, #4863, .T. ) ;
#4673 = DIRECTION ( 'NONE',  ( 0.000000000000000000, 0.000000000000000000, 1.000000000000000000 ) ) ;
#4674 = LINE ( 'NONE', #3224, #5342 ) ;
#4675 = CARTESIAN_POINT ( 'NONE',  ( -40.00000000000002132, 7.000000000000000000, -7.149999999999998579 ) ) ;
#4676 = ORIENTED_EDGE ( 'NONE', *, *, #1613, .F. ) ;
#4677 = EDGE_CURVE ( 'NONE', #5310, #4627, #4459, .T. ) ;
#4678 = ORIENTED_EDGE ( 'NONE', *, *, #125, .T. ) ;
#4679 = PLANE ( 'NONE',  #2589 ) ;
#4680 = DIRECTION ( 'NONE',  ( 0.000000000000000000, 1.000000000000000000, 0.000000000000000000 ) ) ;
#4681 = CARTESIAN_POINT ( 'NONE',  ( -62.89999999999999858, -7.000000000000000000, -15.00000000000000178 ) ) ;
#4682 = FACE_BOUND ( 'NONE', #1977, .T. ) ;
#4683 = ORIENTED_EDGE ( 'NONE', *, *, #5902, .F. ) ;
#4684 = FACE_BOUND ( 'NONE', #72, .T. ) ;
#4685 = EDGE_LOOP ( 'NONE', ( #6086, #2501 ) ) ;
#4686 = DIRECTION ( 'NONE',  ( -0.000000000000000000, 1.000000000000000000, -0.000000000000000000 ) ) ;
#4687 = DIRECTION ( 'NONE',  ( 0.000000000000000000, -1.000000000000000000, 0.000000000000000000 ) ) ;
#4688 = DIRECTION ( 'NONE',  ( -0.000000000000000000, 1.000000000000000000, -0.000000000000000000 ) ) ;
#4689 = EDGE_CURVE ( 'NONE', #2814, #2312, #2388, .T. ) ;
#4690 = ORIENTED_EDGE ( 'NONE', *, *, #4485, .T. ) ;
#4691 = EDGE_CURVE ( 'NONE', #4320, #2690, #3477, .T. ) ;
#4692 = ORIENTED_EDGE ( 'NONE', *, *, #6027, .T. ) ;
#4693 = ORIENTED_EDGE ( 'NONE', *, *, #2516, .F. ) ;
#4694 = CARTESIAN_POINT ( 'NONE',  ( 19.99999999999992184, 7.000000000000000000, -25.00000000000000000 ) ) ;
#4695 = DIRECTION ( 'NONE',  ( 0.000000000000000000, 0.000000000000000000, 1.000000000000000000 ) ) ;
#4696 = CARTESIAN_POINT ( 'NONE',  ( 30.00000000000001421, -3.000000000000000000, 7.150000000000002132 ) ) ;
#4697 = ORIENTED_EDGE ( 'NONE', *, *, #2845, .T. ) ;
#4698 = EDGE_CURVE ( 'NONE', #1893, #5298, #5846, .T. ) ;
#4699 = ORIENTED_EDGE ( 'NONE', *, *, #2846, .T. ) ;
#4700 = DIRECTION ( 'NONE',  ( 0.000000000000000000, 0.000000000000000000, -1.000000000000000000 ) ) ;
#4701 = DIRECTION ( 'NONE',  ( 0.000000000000000000, 0.000000000000000000, -1.000000000000000000 ) ) ;
#4702 = FACE_OUTER_BOUND ( 'NONE', #1210, .T. ) ;
#4703 = ADVANCED_FACE ( 'NONE', ( #533 ), #5270, .F. ) ;
#4704 = EDGE_LOOP ( 'NONE', ( #1159, #5194, #2635, #2180 ) ) ;
#4705 = EDGE_CURVE ( 'NONE', #1100, #4026, #2483, .T. ) ;
#4706 = EDGE_LOOP ( 'NONE', ( #3947, #4878 ) ) ;
#4707 = DIRECTION ( 'NONE',  ( 0.000000000000000000, -1.000000000000000000, 0.000000000000000000 ) ) ;
#4708 = LINE ( 'NONE', #6107, #2798 ) ;
#4709 = CARTESIAN_POINT ( 'NONE',  ( -62.89999999999999858, 0.000000000000000000, 15.00000000000000178 ) ) ;
#4710 = EDGE_CURVE ( 'NONE', #3573, #3738, #3576, .T. ) ;
#4711 = DIRECTION ( 'NONE',  ( 0.000000000000000000, -1.000000000000000000, 0.000000000000000000 ) ) ;
#4712 = VERTEX_POINT ( 'NONE', #3997 ) ;
#4713 = CARTESIAN_POINT ( 'NONE',  ( -29.99999999999991829, 5.000000000000000000, 25.00000000000000000 ) ) ;
#4714 = LINE ( 'NONE', #5246, #4070 ) ;
#4715 = DIRECTION ( 'NONE',  ( -0.000000000000000000, 1.000000000000000000, -0.000000000000000000 ) ) ;
#4716 = DIRECTION ( 'NONE',  ( -1.000000000000000000, 0.000000000000000000, 3.686287386450722175E-15 ) ) ;
#4717 = CYLINDRICAL_SURFACE ( 'NONE', #3867, 2.149999999999999023 ) ;
#4718 = ORIENTED_EDGE ( 'NONE', *, *, #4630, .T. ) ;
#4719 = ORIENTED_EDGE ( 'NONE', *, *, #5717, .F. ) ;
#4720 = ORIENTED_EDGE ( 'NONE', *, *, #1644, .F. ) ;
#4721 = CARTESIAN_POINT ( 'NONE',  ( -39.99999999999995026, 7.000000000000000000, 12.84999999999999964 ) ) ;
#4722 = CYLINDRICAL_SURFACE ( 'NONE', #2101, 2.150000000000000799 ) ;
#4723 = DIRECTION ( 'NONE',  ( 0.000000000000000000, -1.000000000000000000, 0.000000000000000000 ) ) ;
#4724 = AXIS2_PLACEMENT_3D ( 'NONE', #2868, #546, #6118 ) ;
#4725 = ORIENTED_EDGE ( 'NONE', *, *, #4896, .F. ) ;
#4726 = CIRCLE ( 'NONE', #1074, 2.149999999999999023 ) ;
#4727 = ORIENTED_EDGE ( 'NONE', *, *, #4406, .F. ) ;
#4728 = DIRECTION ( 'NONE',  ( 0.000000000000000000, -0.000000000000000000, 1.000000000000000000 ) ) ;
#4729 = CARTESIAN_POINT ( 'NONE',  ( -56.27642276422805878, -6.373983739837226103, 51.72357723577210464 ) ) ;
#4730 = EDGE_CURVE ( 'NONE', #5594, #1760, #5415, .T. ) ;
#4731 = CARTESIAN_POINT ( 'NONE',  ( 69.00000000000001421, 2.714285714285710860, 39.00000000000000711 ) ) ;
#4732 = ORIENTED_EDGE ( 'NONE', *, *, #1233, .T. ) ;
#4733 = CIRCLE ( 'NONE', #292, 2.149999999999999911 ) ;
#4734 = ORIENTED_EDGE ( 'NONE', *, *, #1062, .T. ) ;
#4735 = VECTOR ( 'NONE', #2168, 1000.000000000000000 ) ;
#4736 = CARTESIAN_POINT ( 'NONE',  ( 49.99999999999998579, 5.000000000000000000, -7.149999999999998579 ) ) ;
#4737 = CARTESIAN_POINT ( 'NONE',  ( -10.00000000000002309, -3.000000000000000000, -4.999999999999997335 ) ) ;
#4738 = EDGE_CURVE ( 'NONE', #177, #3894, #741, .T. ) ;
#4739 = AXIS2_PLACEMENT_3D ( 'NONE', #4297, #459, #2340 ) ;
#4740 = DIRECTION ( 'NONE',  ( 0.000000000000000000, 1.000000000000000000, 0.000000000000000000 ) ) ;
#4741 = DIRECTION ( 'NONE',  ( -0.000000000000000000, 1.000000000000000000, -0.000000000000000000 ) ) ;
#4742 = AXIS2_PLACEMENT_3D ( 'NONE', #1181, #4502, #3610 ) ;
#4743 = VERTEX_POINT ( 'NONE', #677 ) ;
#4744 = CIRCLE ( 'NONE', #2073, 2.149999999999999023 ) ;
#4745 = EDGE_CURVE ( 'NONE', #3147, #2678, #228, .T. ) ;
#4746 = CARTESIAN_POINT ( 'NONE',  ( -50.00000000000005684, 5.000000000000000000, -12.84999999999999787 ) ) ;
#4747 = AXIS2_PLACEMENT_3D ( 'NONE', #3538, #2636, #4494 ) ;
#4748 = DIRECTION ( 'NONE',  ( -0.000000000000000000, 1.000000000000000000, -0.000000000000000000 ) ) ;
#4749 = CARTESIAN_POINT ( 'NONE',  ( 54.90000000000001279, -7.000000000000000000, -14.99999999999998757 ) ) ;
#4750 = CARTESIAN_POINT ( 'NONE',  ( -20.00000000000006040, -3.000000000000000000, -12.85000000000000142 ) ) ;
#4751 = FACE_OUTER_BOUND ( 'NONE', #854, .T. ) ;
#4752 = AXIS2_PLACEMENT_3D ( 'NONE', #3232, #871, #2763 ) ;
#4753 = AXIS2_PLACEMENT_3D ( 'NONE', #1736, #1823, #2203 ) ;
#4754 = VERTEX_POINT ( 'NONE', #4519 ) ;
#4755 = CIRCLE ( 'NONE', #4957, 2.149999999999999023 ) ;
#4756 = VERTEX_POINT ( 'NONE', #257 ) ;
#4757 = CIRCLE ( 'NONE', #2089, 2.049999999999999822 ) ;
#4758 = ORIENTED_EDGE ( 'NONE', *, *, #2764, .T. ) ;
#4759 = DIRECTION ( 'NONE',  ( 0.000000000000000000, 0.000000000000000000, 1.000000000000000000 ) ) ;
#4760 = CARTESIAN_POINT ( 'NONE',  ( 9.999999999999904077, 5.000000000000000000, -25.00000000000000000 ) ) ;
#4761 = AXIS2_PLACEMENT_3D ( 'NONE', #1554, #3518, #4437 ) ;
#4762 = PLANE ( 'NONE',  #5458 ) ;
#4763 = AXIS2_PLACEMENT_3D ( 'NONE', #1804, #5053, #3699 ) ;
#4764 = AXIS2_PLACEMENT_3D ( 'NONE', #2685, #1254, #826 ) ;
#4765 = EDGE_LOOP ( 'NONE', ( #5463, #40 ) ) ;
#4766 = AXIS2_PLACEMENT_3D ( 'NONE', #1350, #1380, #6068 ) ;
#4767 = EDGE_LOOP ( 'NONE', ( #3324, #1558 ) ) ;
#4768 = DIRECTION ( 'NONE',  ( 0.000000000000000000, 0.000000000000000000, 1.000000000000000000 ) ) ;
#4769 = CARTESIAN_POINT ( 'NONE',  ( 62.90000000000002700, -7.000000000000000000, 24.99999999999998579 ) ) ;
#4770 = ORIENTED_EDGE ( 'NONE', *, *, #461, .F. ) ;
#4771 = DIRECTION ( 'NONE',  ( 0.000000000000000000, 1.000000000000000000, 0.000000000000000000 ) ) ;
#4772 = ORIENTED_EDGE ( 'NONE', *, *, #567, .T. ) ;
#4773 = EDGE_CURVE ( 'NONE', #5485, #3733, #3377, .T. ) ;
#4774 = ADVANCED_FACE ( 'NONE', ( #4457 ), #2038, .F. ) ;
#4775 = VERTEX_POINT ( 'NONE', #1638 ) ;
#4776 = CARTESIAN_POINT ( 'NONE',  ( 9.999999999999904077, -3.000000000000000000, -25.00000000000000000 ) ) ;
#4777 = ORIENTED_EDGE ( 'NONE', *, *, #198, .F. ) ;
#4778 = DIRECTION ( 'NONE',  ( 0.000000000000000000, 0.000000000000000000, -1.000000000000000000 ) ) ;
#4779 = ORIENTED_EDGE ( 'NONE', *, *, #1334, .T. ) ;
#4780 = LINE ( 'NONE', #6051, #2179 ) ;
#4781 = ORIENTED_EDGE ( 'NONE', *, *, #5285, .T. ) ;
#4783 = ORIENTED_EDGE ( 'NONE', *, *, #3841, .F. ) ;
#4782 = FACE_OUTER_BOUND ( 'NONE', #2827, .T. ) ;
#4784 = ORIENTED_EDGE ( 'NONE', *, *, #1373, .T. ) ;
#4785 = CARTESIAN_POINT ( 'NONE',  ( -69.99999999999998579, 2.000000000000000000, 37.99999999999997158 ) ) ;
#4786 = CARTESIAN_POINT ( 'NONE',  ( 29.99999999999991473, -3.000000000000000000, -25.00000000000000000 ) ) ;
#4787 = DIRECTION ( 'NONE',  ( 0.000000000000000000, 0.000000000000000000, 1.000000000000000000 ) ) ;
#4788 = ORIENTED_EDGE ( 'NONE', *, *, #1400, .T. ) ;
#4789 = EDGE_CURVE ( 'NONE', #5140, #1911, #4053, .T. ) ;
#4790 = ORIENTED_EDGE ( 'NONE', *, *, #1625, .F. ) ;
#4791 = ORIENTED_EDGE ( 'NONE', *, *, #5187, .F. ) ;
#4792 = DIRECTION ( 'NONE',  ( 0.000000000000000000, 0.000000000000000000, 1.000000000000000000 ) ) ;
#4793 = DIRECTION ( 'NONE',  ( 0.000000000000000000, 1.000000000000000000, 0.000000000000000000 ) ) ;
#4794 = DIRECTION ( 'NONE',  ( 0.000000000000000000, -1.000000000000000000, 0.000000000000000000 ) ) ;
#4795 = EDGE_CURVE ( 'NONE', #2383, #3800, #2882, .T. ) ;
#4796 = ORIENTED_EDGE ( 'NONE', *, *, #2951, .F. ) ;
#4797 = ORIENTED_EDGE ( 'NONE', *, *, #4495, .T. ) ;
#4798 = LINE ( 'NONE', #3810, #5549 ) ;
#4799 = DIRECTION ( 'NONE',  ( 0.000000000000000000, 0.000000000000000000, 1.000000000000000000 ) ) ;
#4800 = VERTEX_POINT ( 'NONE', #1207 ) ;
#4801 = ORIENTED_EDGE ( 'NONE', *, *, #3187, .F. ) ;
#4802 = CARTESIAN_POINT ( 'NONE',  ( 19.99999999999992184, 7.000000000000000000, -25.00000000000000000 ) ) ;
#4803 = DIRECTION ( 'NONE',  ( 0.000000000000000000, 0.000000000000000000, -1.000000000000000000 ) ) ;
#4804 = EDGE_CURVE ( 'NONE', #91, #2122, #2381, .T. ) ;
#4805 = CARTESIAN_POINT ( 'NONE',  ( -10.00000000000002309, 7.000000000000000000, -7.149999999999996803 ) ) ;
#4806 = EDGE_CURVE ( 'NONE', #5166, #3474, #715, .T. ) ;
#4807 = DIRECTION ( 'NONE',  ( 0.000000000000000000, 0.000000000000000000, 1.000000000000000000 ) ) ;
#4808 = ORIENTED_EDGE ( 'NONE', *, *, #2170, .T. ) ;
#4809 = LINE ( 'NONE', #2542, #309 ) ;
#4810 = CARTESIAN_POINT ( 'NONE',  ( -5.551115123125782702E-14, -3.000000000000000000, -15.00000000000000000 ) ) ;
#4811 = DIRECTION ( 'NONE',  ( 0.000000000000000000, 0.000000000000000000, 1.000000000000000000 ) ) ;
#4812 = ORIENTED_EDGE ( 'NONE', *, *, #3653, .T. ) ;
#4813 = ORIENTED_EDGE ( 'NONE', *, *, #5969, .F. ) ;
#4814 = EDGE_LOOP ( 'NONE', ( #1949, #6122, #1519, #729 ) ) ;
#4815 = FACE_OUTER_BOUND ( 'NONE', #6024, .T. ) ;
#4816 = CYLINDRICAL_SURFACE ( 'NONE', #5066, 2.149999999999997691 ) ;
#4817 = DIRECTION ( 'NONE',  ( -0.000000000000000000, 1.000000000000000000, -0.000000000000000000 ) ) ;
#4818 = EDGE_CURVE ( 'NONE', #4010, #5575, #1290, .T. ) ;
#4819 = DIRECTION ( 'NONE',  ( 0.000000000000000000, 0.000000000000000000, 1.000000000000000000 ) ) ;
#4820 = ORIENTED_EDGE ( 'NONE', *, *, #1007, .T. ) ;
#4821 = CARTESIAN_POINT ( 'NONE',  ( -20.00000000000009237, -3.000000000000000000, -25.00000000000000000 ) ) ;
#4822 = EDGE_CURVE ( 'NONE', #1377, #1237, #5649, .T. ) ;
#4823 = ORIENTED_EDGE ( 'NONE', *, *, #5541, .T. ) ;
#4824 = AXIS2_PLACEMENT_3D ( 'NONE', #5967, #3270, #6020 ) ;
#4825 = DIRECTION ( 'NONE',  ( 0.000000000000000000, 1.000000000000000000, 0.000000000000000000 ) ) ;
#4826 = CARTESIAN_POINT ( 'NONE',  ( 30.00000000000005329, 5.000000000000000000, 15.00000000000000178 ) ) ;
#4827 = AXIS2_PLACEMENT_3D ( 'NONE', #4646, #6050, #3172 ) ;
#4828 = ORIENTED_EDGE ( 'NONE', *, *, #5511, .T. ) ;
#4829 = LINE ( 'NONE', #1489, #3565 ) ;
#4830 = AXIS2_PLACEMENT_3D ( 'NONE', #234, #3071, #685 ) ;
#4831 = CARTESIAN_POINT ( 'NONE',  ( -69.99999999999998579, 0.000000000000000000, -38.00000000000001421 ) ) ;
#4832 = CARTESIAN_POINT ( 'NONE',  ( 49.99999999999998579, 7.000000000000000000, -7.149999999999998579 ) ) ;
#4833 = AXIS2_PLACEMENT_3D ( 'NONE', #409, #3605, #6006 ) ;
#4834 = LINE ( 'NONE', #1527, #2078 ) ;
#4835 = CARTESIAN_POINT ( 'NONE',  ( -50.00000000000002132, 5.000000000000000000, -4.999999999999997335 ) ) ;
#4836 = ORIENTED_EDGE ( 'NONE', *, *, #3608, .F. ) ;
#4837 = DIRECTION ( 'NONE',  ( 0.000000000000000000, 0.000000000000000000, 1.000000000000000000 ) ) ;
#4838 = CARTESIAN_POINT ( 'NONE',  ( 0.000000000000000000, 1.999999999999991340, 40.00000000000000000 ) ) ;
#4839 = AXIS2_PLACEMENT_3D ( 'NONE', #5872, #5405, #5804 ) ;
#4840 = ORIENTED_EDGE ( 'NONE', *, *, #139, .F. ) ;
#4841 = EDGE_CURVE ( 'NONE', #2943, #1306, #3869, .T. ) ;
#4842 = ORIENTED_EDGE ( 'NONE', *, *, #3836, .T. ) ;
#4843 = EDGE_CURVE ( 'NONE', #2268, #4987, #1986, .T. ) ;
#4844 = ORIENTED_EDGE ( 'NONE', *, *, #5659, .T. ) ;
#4846 = CARTESIAN_POINT ( 'NONE',  ( 54.90000000000001279, -7.000000000000000000, -14.99999999999998757 ) ) ;
#4845 = AXIS2_PLACEMENT_3D ( 'NONE', #5610, #5862, #1124 ) ;
#4847 = AXIS2_PLACEMENT_3D ( 'NONE', #2365, #6117, #5712 ) ;
#4848 = DIRECTION ( 'NONE',  ( 0.000000000000000000, 0.000000000000000000, 1.000000000000000000 ) ) ;
#4849 = LINE ( 'NONE', #669, #128 ) ;
#4850 = CARTESIAN_POINT ( 'NONE',  ( -9.020562075079396891E-14, -3.000000000000000000, -25.00000000000000000 ) ) ;
#4851 = AXIS2_PLACEMENT_3D ( 'NONE', #3757, #1432, #2302 ) ;
#4852 = ORIENTED_EDGE ( 'NONE', *, *, #679, .F. ) ;
#4853 = AXIS2_PLACEMENT_3D ( 'NONE', #2889, #3839, #4701 ) ;
#4854 = EDGE_CURVE ( 'NONE', #1893, #2092, #4425, .T. ) ;
#4855 = FACE_BOUND ( 'NONE', #687, .T. ) ;
#4856 = VECTOR ( 'NONE', #2047, 1000.000000000000000 ) ;
#4857 = ORIENTED_EDGE ( 'NONE', *, *, #5789, .T. ) ;
#4858 = FACE_OUTER_BOUND ( 'NONE', #4136, .T. ) ;
#4859 = CARTESIAN_POINT ( 'NONE',  ( -39.99999999999998579, -3.000000000000000000, 5.000000000000000888 ) ) ;
#4860 = DIRECTION ( 'NONE',  ( 0.000000000000000000, -1.000000000000000000, 0.000000000000000000 ) ) ;
#4861 = VECTOR ( 'NONE', #2007, 1000.000000000000000 ) ;
#4862 = VECTOR ( 'NONE', #4580, 1000.000000000000000 ) ;
#4863 = EDGE_CURVE ( 'NONE', #5936, #4118, #5452, .T. ) ;
#4864 = AXIS2_PLACEMENT_3D ( 'NONE', #4220, #449, #1832 ) ;
#4865 = VECTOR ( 'NONE', #2336, 1000.000000000000000 ) ;
#4866 = ORIENTED_EDGE ( 'NONE', *, *, #690, .F. ) ;
#4867 = CARTESIAN_POINT ( 'NONE',  ( 0.000000000000000000, 20.24324324324323854, 14.45945945945945610 ) ) ;
#4868 = AXIS2_PLACEMENT_3D ( 'NONE', #1473, #3919, #4848 ) ;
#4869 = EDGE_LOOP ( 'NONE', ( #2331, #230, #2052, #2352, #4676 ) ) ;
#4870 = DIRECTION ( 'NONE',  ( 0.000000000000000000, 0.000000000000000000, -1.000000000000000000 ) ) ;
#4871 = FACE_OUTER_BOUND ( 'NONE', #2428, .T. ) ;
#4872 = ADVANCED_FACE ( 'NONE', ( #5853 ), #4492, .F. ) ;
#4873 = DIRECTION ( 'NONE',  ( -1.000000000000000000, 0.000000000000000000, 0.000000000000000000 ) ) ;
#4874 = DIRECTION ( 'NONE',  ( -0.000000000000000000, -0.000000000000000000, 1.000000000000000000 ) ) ;
#4875 = FACE_OUTER_BOUND ( 'NONE', #4869, .T. ) ;
#4876 = CARTESIAN_POINT ( 'NONE',  ( -50.00000000000009237, 5.000000000000000000, -25.00000000000000000 ) ) ;
#4877 = ORIENTED_EDGE ( 'NONE', *, *, #2992, .F. ) ;
#4878 = ORIENTED_EDGE ( 'NONE', *, *, #865, .F. ) ;
#4879 = ORIENTED_EDGE ( 'NONE', *, *, #2329, .F. ) ;
#4880 = CARTESIAN_POINT ( 'NONE',  ( -29.99999999999995381, 7.000000000000000000, 12.85000000000000320 ) ) ;
#4881 = DIRECTION ( 'NONE',  ( -0.000000000000000000, 1.000000000000000000, -0.000000000000000000 ) ) ;
#4882 = CYLINDRICAL_SURFACE ( 'NONE', #4373, 2.149999999999997691 ) ;
#4883 = ADVANCED_FACE ( 'NONE', ( #2538 ), #1612, .F. ) ;
#4884 = PRESENTATION_STYLE_ASSIGNMENT (( #3921 ) ) ;
#4885 = EDGE_CURVE ( 'NONE', #5894, #34, #5553, .T. ) ;
#4886 = ORIENTED_EDGE ( 'NONE', *, *, #3936, .F. ) ;
#4887 = CARTESIAN_POINT ( 'NONE',  ( -53.89999999999998437, 132.3668217671645380, -32.00000000000000000 ) ) ;
#4888 = EDGE_LOOP ( 'NONE', ( #2839, #2298, #5295, #1840 ) ) ;
#4889 = CARTESIAN_POINT ( 'NONE',  ( -19.99999999999998934, 5.000000000000000000, 5.000000000000000888 ) ) ;
#4890 = CYLINDRICAL_SURFACE ( 'NONE', #3976, 2.149999999999999023 ) ;
#4891 = DIRECTION ( 'NONE',  ( 0.000000000000000000, 0.000000000000000000, -1.000000000000000000 ) ) ;
#4892 = ORIENTED_EDGE ( 'NONE', *, *, #1420, .T. ) ;
#4893 = EDGE_CURVE ( 'NONE', #2610, #4294, #4607, .T. ) ;
#4894 = ORIENTED_EDGE ( 'NONE', *, *, #1495, .F. ) ;
#4895 = FACE_OUTER_BOUND ( 'NONE', #3320, .T. ) ;
#4896 = EDGE_CURVE ( 'NONE', #3642, #4462, #5573, .T. ) ;
#4897 = VERTEX_POINT ( 'NONE', #6069 ) ;
#4898 = CARTESIAN_POINT ( 'NONE',  ( 19.99999999999994671, -3.000000000000000000, -15.00000000000000000 ) ) ;
#4899 = CARTESIAN_POINT ( 'NONE',  ( 53.90000000000001279, 132.3668217671645380, 32.00000000000000000 ) ) ;
#4900 = EDGE_CURVE ( 'NONE', #5791, #525, #2222, .T. ) ;
#4901 = CARTESIAN_POINT ( 'NONE',  ( 4.857225732735059864E-14, 5.000000000000000000, 15.00000000000000178 ) ) ;
#4902 = EDGE_CURVE ( 'NONE', #4618, #6065, #5039, .T. ) ;
#4903 = DIRECTION ( 'NONE',  ( 0.000000000000000000, 0.000000000000000000, -1.000000000000000000 ) ) ;
#4904 = LINE ( 'NONE', #5797, #5920 ) ;
#4905 = CARTESIAN_POINT ( 'NONE',  ( -5.524785216944114393E-14, -3.000000000000000000, -17.14999999999999858 ) ) ;
#4906 = VERTEX_POINT ( 'NONE', #4090 ) ;
#4907 = ORIENTED_EDGE ( 'NONE', *, *, #1233, .F. ) ;
#4908 = ORIENTED_EDGE ( 'NONE', *, *, #3008, .T. ) ;
#4909 = ORIENTED_EDGE ( 'NONE', *, *, #327, .F. ) ;
#4910 = CARTESIAN_POINT ( 'NONE',  ( -40.00000000000009237, -3.000000000000000000, -27.15000000000000213 ) ) ;
#4911 = CYLINDRICAL_SURFACE ( 'NONE', #5812, 2.150000000000000799 ) ;
#4912 = LINE ( 'NONE', #5782, #4567 ) ;
#4913 = CARTESIAN_POINT ( 'NONE',  ( 39.99999999999990763, -3.000000000000000000, -25.00000000000000000 ) ) ;
#4914 = ORIENTED_EDGE ( 'NONE', *, *, #3949, .F. ) ;
#4915 = CARTESIAN_POINT ( 'NONE',  ( -50.00000000000005684, -3.000000000000000000, -15.00000000000000000 ) ) ;
#4916 = ORIENTED_EDGE ( 'NONE', *, *, #4710, .F. ) ;
#4917 = CARTESIAN_POINT ( 'NONE',  ( -69.99999999999998579, 2.000000000000000000, -38.00000000000001421 ) ) ;
#4918 = EDGE_CURVE ( 'NONE', #464, #5930, #5854, .T. ) ;
#4919 = CARTESIAN_POINT ( 'NONE',  ( 10.00000000000004441, 7.000000000000000000, 17.15000000000000213 ) ) ;
#4920 = CARTESIAN_POINT ( 'NONE',  ( -39.99999999999995026, 5.000000000000000000, 15.00000000000000178 ) ) ;
#4921 = VERTEX_POINT ( 'NONE', #5484 ) ;
#4922 = CARTESIAN_POINT ( 'NONE',  ( -40.00000000000005684, 5.000000000000000000, -15.00000000000000000 ) ) ;
#4923 = EDGE_CURVE ( 'NONE', #4486, #3708, #2288, .T. ) ;
#4924 = DIRECTION ( 'NONE',  ( 1.000000000000000000, 0.000000000000000000, 0.000000000000000000 ) ) ;
#4925 = EDGE_LOOP ( 'NONE', ( #2858, #279, #5971, #431, #3780 ) ) ;
#4926 = LINE ( 'NONE', #1549, #581 ) ;
#4927 = DIRECTION ( 'NONE',  ( 0.000000000000000000, 0.000000000000000000, 1.000000000000000000 ) ) ;
#4928 = ORIENTED_EDGE ( 'NONE', *, *, #3914, .T. ) ;
#4929 = VECTOR ( 'NONE', #4083, 1000.000000000000000 ) ;
#4930 = AXIS2_PLACEMENT_3D ( 'NONE', #5088, #4998, #5021 ) ;
#4931 = FACE_OUTER_BOUND ( 'NONE', #1044, .T. ) ;
#4932 = EDGE_CURVE ( 'NONE', #804, #4597, #890, .T. ) ;
#4933 = DIRECTION ( 'NONE',  ( -0.000000000000000000, 1.000000000000000000, -0.000000000000000000 ) ) ;
#4934 = DIRECTION ( 'NONE',  ( -0.000000000000000000, 1.000000000000000000, -0.000000000000000000 ) ) ;
#4935 = CARTESIAN_POINT ( 'NONE',  ( 29.99999999999998579, 7.000000000000000000, -7.149999999999998579 ) ) ;
#4936 = AXIS2_PLACEMENT_3D ( 'NONE', #3845, #5644, #1034 ) ;
#4937 = EDGE_CURVE ( 'NONE', #4509, #828, #4757, .T. ) ;
#4938 = ORIENTED_EDGE ( 'NONE', *, *, #1105, .F. ) ;
#4939 = EDGE_LOOP ( 'NONE', ( #2654, #5634 ) ) ;
#4940 = VERTEX_POINT ( 'NONE', #3655 ) ;
#4941 = AXIS2_PLACEMENT_3D ( 'NONE', #1426, #4184, #4211 ) ;
#4942 = CARTESIAN_POINT ( 'NONE',  ( -67.99999999999998579, 0.000000000000000000, 40.00000000000000000 ) ) ;
#4943 = CARTESIAN_POINT ( 'NONE',  ( -39.99999999999998579, -3.000000000000000000, 2.849999999999999645 ) ) ;
#4944 = DIRECTION ( 'NONE',  ( -0.000000000000000000, 1.000000000000000000, -0.000000000000000000 ) ) ;
#4945 = VECTOR ( 'NONE', #4445, 1000.000000000000000 ) ;
#4946 = EDGE_LOOP ( 'NONE', ( #3971, #5660, #6077, #544 ) ) ;
#4947 = VECTOR ( 'NONE', #2904, 1000.000000000000000 ) ;
#4948 = CARTESIAN_POINT ( 'NONE',  ( -39.99999999999995026, 5.000000000000000000, 15.00000000000000178 ) ) ;
#4949 = ORIENTED_EDGE ( 'NONE', *, *, #2806, .F. ) ;
#4950 = FACE_OUTER_BOUND ( 'NONE', #5710, .T. ) ;
#4951 = CYLINDRICAL_SURFACE ( 'NONE', #1303, 2.149999999999999023 ) ;
#4952 = AXIS2_PLACEMENT_3D ( 'NONE', #505, #4522, #1615 ) ;
#4953 = CARTESIAN_POINT ( 'NONE',  ( -20.00000000000009237, -3.000000000000000000, -22.85000000000000142 ) ) ;
#4954 = CIRCLE ( 'NONE', #5451, 2.150000000000000799 ) ;
#4955 = VECTOR ( 'NONE', #3784, 1000.000000000000000 ) ;
#4956 = EDGE_LOOP ( 'NONE', ( #2280, #4257 ) ) ;
#4957 = AXIS2_PLACEMENT_3D ( 'NONE', #1645, #772, #4964 ) ;
#4958 = FACE_OUTER_BOUND ( 'NONE', #3905, .T. ) ;
#4959 = PRODUCT ( 'v1_hhi_marker_top', 'v1_hhi_marker_top', '', ( #845 ) ) ;
#4960 = CARTESIAN_POINT ( 'NONE',  ( -54.89999999999999858, 0.000000000000000000, 25.00000000000000000 ) ) ;
#4961 = ORIENTED_EDGE ( 'NONE', *, *, #5636, .F. ) ;
#4962 = CARTESIAN_POINT ( 'NONE',  ( -9.999999999999918288, -3.000000000000000000, 22.85000000000000142 ) ) ;
#4963 = VECTOR ( 'NONE', #1587, 1000.000000000000000 ) ;
#4964 = DIRECTION ( 'NONE',  ( 0.000000000000000000, 0.000000000000000000, -1.000000000000000000 ) ) ;
#4965 = ADVANCED_FACE ( 'NONE', ( #5975 ), #4547, .F. ) ;
#4966 = EDGE_CURVE ( 'NONE', #3691, #6054, #4659, .T. ) ;
#4967 = VECTOR ( 'NONE', #275, 1000.000000000000000 ) ;
#4968 = AXIS2_PLACEMENT_3D ( 'NONE', #622, #1896, #5207 ) ;
#4969 = DIRECTION ( 'NONE',  ( 1.000000000000000000, 0.000000000000000000, 0.000000000000000000 ) ) ;
#4970 = DIRECTION ( 'NONE',  ( 0.000000000000000000, 1.000000000000000000, 0.000000000000000000 ) ) ;
#4971 = CARTESIAN_POINT ( 'NONE',  ( 10.00000000000004441, -3.000000000000000000, 15.00000000000000178 ) ) ;
#4972 = FACE_BOUND ( 'NONE', #5286, .T. ) ;
#4973 = AXIS2_PLACEMENT_3D ( 'NONE', #923, #5667, #3152 ) ;
#4974 = ORIENTED_EDGE ( 'NONE', *, *, #6012, .F. ) ;
#4975 = EDGE_LOOP ( 'NONE', ( #2660, #4784, #5403, #1870 ) ) ;
#4976 = CARTESIAN_POINT ( 'NONE',  ( 19.99999999999992184, 5.000000000000000000, -22.85000000000000142 ) ) ;
#4977 = EDGE_CURVE ( 'NONE', #2607, #2854, #4632, .T. ) ;
#4978 = DIRECTION ( 'NONE',  ( 0.000000000000000000, 0.000000000000000000, 1.000000000000000000 ) ) ;
#4979 = CYLINDRICAL_SURFACE ( 'NONE', #26, 2.149999999999997247 ) ;
#4980 = EDGE_LOOP ( 'NONE', ( #579, #4171, #4401, #3594 ) ) ;
#4981 = FACE_BOUND ( 'NONE', #1236, .T. ) ;
#4982 = EDGE_LOOP ( 'NONE', ( #2431, #3398, #383, #6041 ) ) ;
#4983 = CARTESIAN_POINT ( 'NONE',  ( -20.00000000000009237, -3.000000000000000000, -27.15000000000000213 ) ) ;
#4984 = EDGE_CURVE ( 'NONE', #2690, #4320, #3876, .T. ) ;
#4985 = DIRECTION ( 'NONE',  ( -0.000000000000000000, 1.000000000000000000, -0.000000000000000000 ) ) ;
#4986 = CARTESIAN_POINT ( 'NONE',  ( 19.99999999999992184, 5.000000000000000000, -25.00000000000000000 ) ) ;
#4987 = VERTEX_POINT ( 'NONE', #3629 ) ;
#4988 = CARTESIAN_POINT ( 'NONE',  ( 20.00000000000001776, -3.000000000000000000, 5.000000000000000888 ) ) ;
#4989 = CARTESIAN_POINT ( 'NONE',  ( 54.90000000000001279, -7.000000000000000000, -14.99999999999998757 ) ) ;
#4990 = AXIS2_PLACEMENT_3D ( 'NONE', #2721, #2161, #3098 ) ;
#4991 = DIRECTION ( 'NONE',  ( 0.000000000000000000, 0.000000000000000000, 1.000000000000000000 ) ) ;
#4992 = CARTESIAN_POINT ( 'NONE',  ( -54.00000000000046896, -0.000000000000000000, 53.99999999999971578 ) ) ;
#4993 = VERTEX_POINT ( 'NONE', #1705 ) ;
#4994 = CARTESIAN_POINT ( 'NONE',  ( 50.00000000000001421, 7.000000000000000000, 5.000000000000000888 ) ) ;
#4995 = EDGE_CURVE ( 'NONE', #6111, #5623, #3583, .T. ) ;
#4996 = DIRECTION ( 'NONE',  ( 0.000000000000000000, 0.000000000000000000, 1.000000000000000000 ) ) ;
#4997 = EDGE_CURVE ( 'NONE', #5264, #3730, #806, .T. ) ;
#4998 = DIRECTION ( 'NONE',  ( 0.000000000000000000, -1.000000000000000000, 0.000000000000000000 ) ) ;
#4999 = FACE_BOUND ( 'NONE', #2746, .T. ) ;
#5000 = EDGE_LOOP ( 'NONE', ( #4916, #342 ) ) ;
#5001 = VERTEX_POINT ( 'NONE', #2658 ) ;
#5002 = LINE ( 'NONE', #1812, #3170 ) ;
#5003 = DIRECTION ( 'NONE',  ( 0.000000000000000000, 0.000000000000000000, -1.000000000000000000 ) ) ;
#5004 = CYLINDRICAL_SURFACE ( 'NONE', #4664, 2.149999999999997247 ) ;
#5005 = ORIENTED_EDGE ( 'NONE', *, *, #425, .F. ) ;
#5006 = VERTEX_POINT ( 'NONE', #3247 ) ;
#5007 = ORIENTED_EDGE ( 'NONE', *, *, #4923, .F. ) ;
#5008 = DIRECTION ( 'NONE',  ( 0.000000000000000000, 1.000000000000000000, 0.000000000000000000 ) ) ;
#5009 = EDGE_CURVE ( 'NONE', #4275, #5228, #511, .T. ) ;
#5010 = DIRECTION ( 'NONE',  ( 0.000000000000000000, 0.000000000000000000, -1.000000000000000000 ) ) ;
#5011 = CARTESIAN_POINT ( 'NONE',  ( -49.99999999999998579, 5.000000000000000000, 5.000000000000000888 ) ) ;
#5012 = EDGE_CURVE ( 'NONE', #1306, #2943, #119, .T. ) ;
#5013 = ORIENTED_EDGE ( 'NONE', *, *, #3584, .T. ) ;
#5014 = CARTESIAN_POINT ( 'NONE',  ( 49.99999999999998579, 5.000000000000000000, -2.849999999999996092 ) ) ;
#5015 = CARTESIAN_POINT ( 'NONE',  ( 10.00000000000000888, 5.000000000000000000, 5.000000000000000888 ) ) ;
#5016 = ORIENTED_EDGE ( 'NONE', *, *, #2143, .F. ) ;
#5017 = CARTESIAN_POINT ( 'NONE',  ( -49.99999999999998579, -3.000000000000000000, 5.000000000000000888 ) ) ;
#5018 = LINE ( 'NONE', #4992, #1496 ) ;
#5019 = CARTESIAN_POINT ( 'NONE',  ( -19.99999999999995381, -3.000000000000000000, 15.00000000000000178 ) ) ;
#5020 = DIRECTION ( 'NONE',  ( -0.000000000000000000, 1.000000000000000000, -0.000000000000000000 ) ) ;
#5021 = DIRECTION ( 'NONE',  ( 0.000000000000000000, 0.000000000000000000, -1.000000000000000000 ) ) ;
#5022 = FACE_BOUND ( 'NONE', #4139, .T. ) ;
#5023 = CIRCLE ( 'NONE', #3150, 2.150000000000000799 ) ;
#5024 = ORIENTED_EDGE ( 'NONE', *, *, #3886, .T. ) ;
#5025 = EDGE_LOOP ( 'NONE', ( #4718, #2736, #3127, #1122 ) ) ;
#5026 = DIRECTION ( 'NONE',  ( 0.000000000000000000, 0.000000000000000000, 1.000000000000000000 ) ) ;
#5027 = CARTESIAN_POINT ( 'NONE',  ( -29.99999999999991829, -3.000000000000000000, 25.00000000000000000 ) ) ;
#5028 = DIRECTION ( 'NONE',  ( 0.000000000000000000, -1.000000000000000000, 0.000000000000000000 ) ) ;
#5029 = AXIS2_PLACEMENT_3D ( 'NONE', #3013, #1089, #4870 ) ;
#5030 = EDGE_CURVE ( 'NONE', #2607, #5701, #2790, .T. ) ;
#5031 = EDGE_LOOP ( 'NONE', ( #4310, #5711, #2303, #1358 ) ) ;
#5032 = EDGE_CURVE ( 'NONE', #5639, #137, #2376, .T. ) ;
#5033 = AXIS2_PLACEMENT_3D ( 'NONE', #1607, #5294, #710 ) ;
#5034 = ORIENTED_EDGE ( 'NONE', *, *, #4900, .T. ) ;
#5035 = ORIENTED_EDGE ( 'NONE', *, *, #728, .T. ) ;
#5036 = LINE ( 'NONE', #794, #4003 ) ;
#5037 = AXIS2_PLACEMENT_3D ( 'NONE', #5720, #3370, #5167 ) ;
#5038 = CARTESIAN_POINT ( 'NONE',  ( 29.99999999999994316, 7.000000000000000000, -15.00000000000000000 ) ) ;
#5039 = LINE ( 'NONE', #6001, #4862 ) ;
#5040 = AXIS2_PLACEMENT_3D ( 'NONE', #1960, #2072, #4001 ) ;
#5041 = MANIFOLD_SOLID_BREP ( 'Schnitt-Linear austragen4', #904 ) ;
#5042 = AXIS2_PLACEMENT_3D ( 'NONE', #963, #4309, #1456 ) ;
#5043 = EDGE_LOOP ( 'NONE', ( #4568, #2645 ) ) ;
#5044 = DIRECTION ( 'NONE',  ( -0.000000000000000000, 1.000000000000000000, -0.000000000000000000 ) ) ;
#5045 = LINE ( 'NONE', #3722, #1490 ) ;
#5046 = AXIS2_PLACEMENT_3D ( 'NONE', #2955, #4385, #1157 ) ;
#5047 = AXIS2_PLACEMENT_3D ( 'NONE', #3400, #5459, #262 ) ;
#5048 = LINE ( 'NONE', #1214, #393 ) ;
#5049 = ADVANCED_FACE ( 'NONE', ( #5722 ), #4762, .T. ) ;
#5050 = LINE ( 'NONE', #3634, #2489 ) ;
#5051 = VECTOR ( 'NONE', #5078, 1000.000000000000000 ) ;
#5052 = VERTEX_POINT ( 'NONE', #1876 ) ;
#5053 = DIRECTION ( 'NONE',  ( 0.000000000000000000, -1.000000000000000000, 0.000000000000000000 ) ) ;
#5054 = VECTOR ( 'NONE', #172, 1000.000000000000000 ) ;
#5055 = DIRECTION ( 'NONE',  ( -0.000000000000000000, 1.000000000000000000, -0.000000000000000000 ) ) ;
#5056 = AXIS2_PLACEMENT_3D ( 'NONE', #2615, #1678, #2171 ) ;
#5057 = CYLINDRICAL_SURFACE ( 'NONE', #4827, 2.149999999999997691 ) ;
#5058 = ADVANCED_FACE ( 'NONE', ( #578 ), #4205, .F. ) ;
#5059 = FACE_BOUND ( 'NONE', #4181, .T. ) ;
#5060 = AXIS2_PLACEMENT_3D ( 'NONE', #2749, #4179, #5599 ) ;
#5061 = AXIS2_PLACEMENT_3D ( 'NONE', #2802, #4680, #3328 ) ;
#5062 = ORIENTED_EDGE ( 'NONE', *, *, #765, .F. ) ;
#5063 = ORIENTED_EDGE ( 'NONE', *, *, #6064, .T. ) ;
#5064 = LINE ( 'NONE', #5094, #304 ) ;
#5065 = CARTESIAN_POINT ( 'NONE',  ( -40.00000000000002132, 5.000000000000000000, -2.849999999999996092 ) ) ;
#5066 = AXIS2_PLACEMENT_3D ( 'NONE', #3372, #612, #2504 ) ;
#5067 = FACE_OUTER_BOUND ( 'NONE', #957, .T. ) ;
#5068 = EDGE_LOOP ( 'NONE', ( #574, #4302 ) ) ;
#5069 = ORIENTED_EDGE ( 'NONE', *, *, #3049, .T. ) ;
#5070 = EDGE_LOOP ( 'NONE', ( #2918, #3880 ) ) ;
#5071 = LINE ( 'NONE', #280, #1036 ) ;
#5072 = DIRECTION ( 'NONE',  ( -0.000000000000000000, -0.000000000000000000, -1.000000000000000000 ) ) ;
#5073 = EDGE_CURVE ( 'NONE', #3714, #3712, #3678, .T. ) ;
#5074 = DIRECTION ( 'NONE',  ( 0.000000000000000000, 0.000000000000000000, -1.000000000000000000 ) ) ;
#5075 = ADVANCED_FACE ( 'NONE', ( #1971 ), #6098, .F. ) ;
#5076 = EDGE_LOOP ( 'NONE', ( #4857, #4160, #70, #4840 ) ) ;
#5077 = LINE ( 'NONE', #3631, #1881 ) ;
#5078 = DIRECTION ( 'NONE',  ( -0.000000000000000000, 1.000000000000000000, -0.000000000000000000 ) ) ;
#5079 = ORIENTED_EDGE ( 'NONE', *, *, #1420, .F. ) ;
#5080 = EDGE_CURVE ( 'NONE', #4665, #6121, #5359, .T. ) ;
#5081 = CARTESIAN_POINT ( 'NONE',  ( -10.00000000000005684, 7.000000000000000000, -15.00000000000000000 ) ) ;
#5082 = VERTEX_POINT ( 'NONE', #1446 ) ;
#5083 = ORIENTED_EDGE ( 'NONE', *, *, #3325, .T. ) ;
#5084 = ORIENTED_EDGE ( 'NONE', *, *, #4601, .T. ) ;
#5085 = CARTESIAN_POINT ( 'NONE',  ( -20.00000000000009237, 7.000000000000000000, -25.00000000000000000 ) ) ;
#5086 = DIRECTION ( 'NONE',  ( 0.000000000000000000, 0.000000000000000000, 1.000000000000000000 ) ) ;
#5087 = EDGE_CURVE ( 'NONE', #5532, #5639, #5257, .T. ) ;
#5088 = CARTESIAN_POINT ( 'NONE',  ( -40.00000000000009237, 5.000000000000000000, -25.00000000000000000 ) ) ;
#5089 = FACE_BOUND ( 'NONE', #463, .T. ) ;
#5090 = ORIENTED_EDGE ( 'NONE', *, *, #6108, .T. ) ;
#5091 = EDGE_CURVE ( 'NONE', #2128, #2784, #4370, .T. ) ;
#5092 = DIRECTION ( 'NONE',  ( 0.000000000000000000, -1.000000000000000000, 0.000000000000000000 ) ) ;
#5093 = ORIENTED_EDGE ( 'NONE', *, *, #3415, .F. ) ;
#5094 = CARTESIAN_POINT ( 'NONE',  ( 62.89999999999999858, 0.000000000000000000, -15.00000000000001599 ) ) ;
#5095 = CARTESIAN_POINT ( 'NONE',  ( 20.00000000000006040, 5.000000000000000000, 15.00000000000000178 ) ) ;
#5096 = DIRECTION ( 'NONE',  ( 1.000000000000000000, 0.000000000000000000, 0.000000000000000000 ) ) ;
#5097 = EDGE_LOOP ( 'NONE', ( #664, #4014, #789, #2390 ) ) ;
#5098 = EDGE_LOOP ( 'NONE', ( #1057, #1130, #6002, #3158 ) ) ;
#5099 = ORIENTED_EDGE ( 'NONE', *, *, #913, .F. ) ;
#5100 = DIRECTION ( 'NONE',  ( -0.000000000000000000, 1.000000000000000000, -0.000000000000000000 ) ) ;
#5101 = CARTESIAN_POINT ( 'NONE',  ( -2.081668171172168513E-14, -3.000000000000000000, -4.999999999999997335 ) ) ;
#5102 = DIRECTION ( 'NONE',  ( 0.000000000000000000, 1.000000000000000000, 0.000000000000000000 ) ) ;
#5103 = EDGE_LOOP ( 'NONE', ( #2415, #2339, #5271, #605 ) ) ;
#5104 = DIRECTION ( 'NONE',  ( 0.000000000000000000, 0.000000000000000000, 1.000000000000000000 ) ) ;
#5105 = CARTESIAN_POINT ( 'NONE',  ( -49.99999999999995737, 5.000000000000000000, 17.15000000000000213 ) ) ;
#5106 = DIRECTION ( 'NONE',  ( 0.000000000000000000, 0.000000000000000000, -1.000000000000000000 ) ) ;
#5107 = ORIENTED_EDGE ( 'NONE', *, *, #5123, .F. ) ;
#5108 = ORIENTED_EDGE ( 'NONE', *, *, #5637, .F. ) ;
#5109 = EDGE_CURVE ( 'NONE', #6054, #3691, #709, .T. ) ;
#5110 = ORIENTED_EDGE ( 'NONE', *, *, #4507, .F. ) ;
#5111 = CYLINDRICAL_SURFACE ( 'NONE', #803, 2.150000000000000799 ) ;
#5112 = CARTESIAN_POINT ( 'NONE',  ( 20.00000000000006040, -3.000000000000000000, 12.85000000000000320 ) ) ;
#5113 = CARTESIAN_POINT ( 'NONE',  ( 62.90000000000001279, -3.499999999999999556, 17.94999999999999929 ) ) ;
#5114 = DIRECTION ( 'NONE',  ( -0.000000000000000000, 0.000000000000000000, -1.000000000000000000 ) ) ;
#5115 = ORIENTED_EDGE ( 'NONE', *, *, #657, .T. ) ;
#5116 = ADVANCED_FACE ( 'NONE', ( #1419 ), #5169, .F. ) ;
#5117 = CIRCLE ( 'NONE', #4530, 2.149999999999997247 ) ;
#5118 = FACE_BOUND ( 'NONE', #2915, .T. ) ;
#5119 = VERTEX_POINT ( 'NONE', #4325 ) ;
#5120 = DIRECTION ( 'NONE',  ( 0.000000000000000000, 0.000000000000000000, 1.000000000000000000 ) ) ;
#5121 = DIRECTION ( 'NONE',  ( -1.000000000000000000, 0.000000000000000000, -2.775557561562900029E-15 ) ) ;
#5122 = CYLINDRICAL_SURFACE ( 'NONE', #5755, 2.150000000000000799 ) ;
#5123 = EDGE_CURVE ( 'NONE', #156, #5690, #4167, .T. ) ;
#5124 = AXIS2_PLACEMENT_3D ( 'NONE', #1225, #3457, #4512 ) ;
#5125 = ORIENTED_EDGE ( 'NONE', *, *, #4841, .T. ) ;
#5126 = EDGE_LOOP ( 'NONE', ( #308, #6104, #2848, #1659 ) ) ;
#5127 = ORIENTED_EDGE ( 'NONE', *, *, #5790, .T. ) ;
#5128 = DIRECTION ( 'NONE',  ( -1.000000000000000000, 0.000000000000000000, 0.000000000000000000 ) ) ;
#5129 = CARTESIAN_POINT ( 'NONE',  ( 30.00000000000005329, 5.000000000000000000, 17.15000000000000213 ) ) ;
#5130 = DIRECTION ( 'NONE',  ( 0.000000000000000000, 0.000000000000000000, -1.000000000000000000 ) ) ;
#5131 = AXIS2_PLACEMENT_3D ( 'NONE', #539, #2859, #2451 ) ;
#5132 = ORIENTED_EDGE ( 'NONE', *, *, #1334, .F. ) ;
#5133 = DIRECTION ( 'NONE',  ( 0.000000000000000000, 0.000000000000000000, -1.000000000000000000 ) ) ;
#5134 = DIRECTION ( 'NONE',  ( 0.000000000000000000, -1.000000000000000000, 0.000000000000000000 ) ) ;
#5135 = AXIS2_PLACEMENT_3D ( 'NONE', #3105, #1240, #3131 ) ;
#5136 = CARTESIAN_POINT ( 'NONE',  ( -29.99999999999991829, 5.000000000000000000, 22.85000000000000142 ) ) ;
#5137 = ORIENTED_EDGE ( 'NONE', *, *, #2929, .F. ) ;
#5138 = CIRCLE ( 'NONE', #5934, 2.150000000000000799 ) ;
#5139 = CIRCLE ( 'NONE', #5448, 2.149999999999997247 ) ;
#5140 = VERTEX_POINT ( 'NONE', #1515 ) ;
#5141 = VECTOR ( 'NONE', #4319, 1000.000000000000000 ) ;
#5142 = DIRECTION ( 'NONE',  ( 0.000000000000000000, 0.000000000000000000, -1.000000000000000000 ) ) ;
#5143 = VECTOR ( 'NONE', #4290, 1000.000000000000000 ) ;
#5144 = DIRECTION ( 'NONE',  ( 0.000000000000000000, 1.000000000000000000, 0.000000000000000000 ) ) ;
#5145 = DIRECTION ( 'NONE',  ( 0.000000000000000000, 0.000000000000000000, -1.000000000000000000 ) ) ;
#5146 = ADVANCED_FACE ( 'NONE', ( #3897 ), #4882, .F. ) ;
#5147 = AXIS2_PLACEMENT_3D ( 'NONE', #4889, #2565, #4454 ) ;
#5148 = DIRECTION ( 'NONE',  ( 0.000000000000000000, -0.000000000000000000, -1.000000000000000000 ) ) ;
#5149 = EDGE_CURVE ( 'NONE', #3118, #1674, #4912, .T. ) ;
#5150 = VECTOR ( 'NONE', #5829, 1000.000000000000000 ) ;
#5151 = ORIENTED_EDGE ( 'NONE', *, *, #4025, .T. ) ;
#5152 = CIRCLE ( 'NONE', #5947, 2.149999999999999023 ) ;
#5153 = FACE_BOUND ( 'NONE', #4685, .T. ) ;
#5154 = CYLINDRICAL_SURFACE ( 'NONE', #3387, 3.200000000000005063 ) ;
#5156 = CARTESIAN_POINT ( 'NONE',  ( 57.82113821138193543, 10.69918699187002353, 50.17886178861801483 ) ) ;
#5155 = CIRCLE ( 'NONE', #6043, 2.149999999999999023 ) ;
#5157 = LINE ( 'NONE', #2240, #3648 ) ;
#5158 = CARTESIAN_POINT ( 'NONE',  ( -49.99999999999995737, -3.000000000000000000, 12.84999999999999964 ) ) ;
#5159 = ADVANCED_FACE ( 'NONE', ( #2964 ), #4979, .F. ) ;
#5160 = VECTOR ( 'NONE', #5598, 1000.000000000000000 ) ;
#5161 = EDGE_LOOP ( 'NONE', ( #99, #3802 ) ) ;
#5162 = VECTOR ( 'NONE', #521, 1000.000000000000000 ) ;
#5163 = EDGE_LOOP ( 'NONE', ( #993, #14, #1346, #4732 ) ) ;
#5164 = ADVANCED_FACE ( 'NONE', ( #2006 ), #1539, .F. ) ;
#5165 = VECTOR ( 'NONE', #1563, 1000.000000000000000 ) ;
#5166 = VERTEX_POINT ( 'NONE', #2466 ) ;
#5167 = DIRECTION ( 'NONE',  ( 0.000000000000000000, 0.000000000000000000, 1.000000000000000000 ) ) ;
#5168 = CARTESIAN_POINT ( 'NONE',  ( -54.89999999999999858, -7.000000000000000000, -25.00000000000000000 ) ) ;
#5169 = CYLINDRICAL_SURFACE ( 'NONE', #321, 2.149999999999999023 ) ;
#5170 = EDGE_CURVE ( 'NONE', #4394, #5353, #1164, .T. ) ;
#5171 = ORIENTED_EDGE ( 'NONE', *, *, #4540, .F. ) ;
#5172 = ADVANCED_FACE ( 'NONE', ( #124 ), #4484, .F. ) ;
#5173 = ORIENTED_EDGE ( 'NONE', *, *, #1860, .T. ) ;
#5174 = DIRECTION ( 'NONE',  ( 0.000000000000000000, 0.000000000000000000, -1.000000000000000000 ) ) ;
#5175 = DIRECTION ( 'NONE',  ( 0.000000000000000000, 0.000000000000000000, -1.000000000000000000 ) ) ;
#5176 = FACE_OUTER_BOUND ( 'NONE', #491, .T. ) ;
#5177 = ORIENTED_EDGE ( 'NONE', *, *, #3621, .F. ) ;
#5178 = EDGE_LOOP ( 'NONE', ( #5601, #616 ) ) ;
#5179 = CARTESIAN_POINT ( 'NONE',  ( 10.00000000000000888, -3.000000000000000000, 5.000000000000000888 ) ) ;
#5180 = DIRECTION ( 'NONE',  ( 0.000000000000000000, 0.000000000000000000, 1.000000000000000000 ) ) ;
#5181 = DIRECTION ( 'NONE',  ( 0.000000000000000000, -1.000000000000000000, 0.000000000000000000 ) ) ;
#5182 = CARTESIAN_POINT ( 'NONE',  ( -40.00000000000005684, 7.000000000000000000, -12.84999999999999787 ) ) ;
#5183 = ORIENTED_EDGE ( 'NONE', *, *, #92, .T. ) ;
#5184 = EDGE_CURVE ( 'NONE', #3303, #5518, #5314, .T. ) ;
#5186 = ORIENTED_EDGE ( 'NONE', *, *, #5622, .F. ) ;
#5185 = FACE_BOUND ( 'NONE', #4185, .T. ) ;
#5187 = EDGE_CURVE ( 'NONE', #976, #2349, #1073, .T. ) ;
#5188 = DIRECTION ( 'NONE',  ( -0.000000000000000000, 1.000000000000000000, -0.000000000000000000 ) ) ;
#5189 = DIRECTION ( 'NONE',  ( 0.000000000000000000, -1.000000000000000000, 0.000000000000000000 ) ) ;
#5190 = DIRECTION ( 'NONE',  ( -3.686287386450722175E-15, 0.000000000000000000, -1.000000000000000000 ) ) ;
#5191 = DIRECTION ( 'NONE',  ( -0.000000000000000000, 1.000000000000000000, -0.000000000000000000 ) ) ;
#5192 = EDGE_LOOP ( 'NONE', ( #2688, #4974 ) ) ;
#5193 = VERTEX_POINT ( 'NONE', #3092 ) ;
#5194 = ORIENTED_EDGE ( 'NONE', *, *, #4143, .T. ) ;
#5195 = CYLINDRICAL_SURFACE ( 'NONE', #4253, 2.150000000000000799 ) ;
#5196 = CARTESIAN_POINT ( 'NONE',  ( 10.00000000000000888, 7.000000000000000000, 2.850000000000001421 ) ) ;
#5197 = EDGE_LOOP ( 'NONE', ( #2771, #6129 ) ) ;
#5198 = EDGE_CURVE ( 'NONE', #6075, #4078, #4849, .T. ) ;
#5199 = VERTEX_POINT ( 'NONE', #2999 ) ;
#5200 = DIRECTION ( 'NONE',  ( -0.000000000000000000, 1.000000000000000000, -0.000000000000000000 ) ) ;
#5201 = CYLINDRICAL_SURFACE ( 'NONE', #3176, 2.149999999999999023 ) ;
#5202 = DIRECTION ( 'NONE',  ( -0.000000000000000000, -0.000000000000000000, 1.000000000000000000 ) ) ;
#5203 = EDGE_LOOP ( 'NONE', ( #4796, #2412 ) ) ;
#5204 = ADVANCED_FACE ( 'NONE', ( #4419 ), #1657, .F. ) ;
#5205 = VERTEX_POINT ( 'NONE', #3990 ) ;
#5206 = CARTESIAN_POINT ( 'NONE',  ( 19.99999999999998934, 7.000000000000000000, -7.149999999999995026 ) ) ;
#5207 = DIRECTION ( 'NONE',  ( 0.000000000000000000, 0.000000000000000000, 1.000000000000000000 ) ) ;
#5208 = EDGE_LOOP ( 'NONE', ( #5417, #1204, #5374, #5762 ) ) ;
#5209 = CARTESIAN_POINT ( 'NONE',  ( -54.89999999999999858, 0.000000000000000000, 15.00000000000000178 ) ) ;
#5210 = CYLINDRICAL_SURFACE ( 'NONE', #2880, 2.150000000000001243 ) ;
#5211 = VERTEX_POINT ( 'NONE', #250 ) ;
#5212 = DIRECTION ( 'NONE',  ( -0.000000000000000000, 1.000000000000000000, -0.000000000000000000 ) ) ;
#5213 = ORIENTED_EDGE ( 'NONE', *, *, #4520, .F. ) ;
#5214 = FACE_OUTER_BOUND ( 'NONE', #1416, .T. ) ;
#5215 = DIRECTION ( 'NONE',  ( -0.000000000000000000, 1.000000000000000000, -0.000000000000000000 ) ) ;
#5216 = CARTESIAN_POINT ( 'NONE',  ( 30.00000000000001421, 5.000000000000000000, 2.849999999999999645 ) ) ;
#5217 = VERTEX_POINT ( 'NONE', #4391 ) ;
#5218 = EDGE_LOOP ( 'NONE', ( #1006, #58 ) ) ;
#5219 = ORIENTED_EDGE ( 'NONE', *, *, #3645, .F. ) ;
#5220 = FACE_OUTER_BOUND ( 'NONE', #3682, .T. ) ;
#5221 = CYLINDRICAL_SURFACE ( 'NONE', #1404, 2.149999999999997247 ) ;
#5222 = FILL_AREA_STYLE_COLOUR ( '', #1699 ) ;
#5223 = VECTOR ( 'NONE', #973, 1000.000000000000000 ) ;
#5224 = ADVANCED_FACE ( 'NONE', ( #1135 ), #5806, .F. ) ;
#5225 = EDGE_CURVE ( 'NONE', #954, #2372, #4172, .T. ) ;
#5226 = ORIENTED_EDGE ( 'NONE', *, *, #4138, .T. ) ;
#5227 = VECTOR ( 'NONE', #4011, 1000.000000000000000 ) ;
#5228 = VERTEX_POINT ( 'NONE', #1564 ) ;
#5229 = DIRECTION ( 'NONE',  ( -0.000000000000000000, 1.000000000000000000, -0.000000000000000000 ) ) ;
#5230 = CARTESIAN_POINT ( 'NONE',  ( -9.999999999999987566, 5.000000000000000000, 2.850000000000001421 ) ) ;
#5231 = CARTESIAN_POINT ( 'NONE',  ( 50.00000000000001421, 7.000000000000000000, 7.150000000000002132 ) ) ;
#5232 = AXIS2_PLACEMENT_3D ( 'NONE', #1431, #73, #3329 ) ;
#5233 = ORIENTED_EDGE ( 'NONE', *, *, #567, .F. ) ;
#5234 = AXIS2_PLACEMENT_3D ( 'NONE', #4452, #5351, #5847 ) ;
#5235 = CARTESIAN_POINT ( 'NONE',  ( -67.99999999999998579, 2.000000000000000000, 40.00000000000000000 ) ) ;
#5236 = EDGE_CURVE ( 'NONE', #5499, #3474, #1384, .T. ) ;
#5237 = CYLINDRICAL_SURFACE ( 'NONE', #2399, 2.149999999999999467 ) ;
#5238 = AXIS2_PLACEMENT_3D ( 'NONE', #2029, #2096, #5376 ) ;
#5239 = LINE ( 'NONE', #654, #97 ) ;
#5240 = FACE_BOUND ( 'NONE', #5308, .T. ) ;
#5241 = CIRCLE ( 'NONE', #4742, 2.150000000000000799 ) ;
#5242 = ORIENTED_EDGE ( 'NONE', *, *, #1562, .F. ) ;
#5243 = VECTOR ( 'NONE', #518, 1000.000000000000000 ) ;
#5244 = DIRECTION ( 'NONE',  ( -0.000000000000000000, 1.000000000000000000, -0.000000000000000000 ) ) ;
#5245 = EDGE_CURVE ( 'NONE', #5948, #2128, #4447, .T. ) ;
#5246 = CARTESIAN_POINT ( 'NONE',  ( -57.82113821138243992, 10.69918699186967181, 50.17886178861769508 ) ) ;
#5247 = VECTOR ( 'NONE', #970, 1000.000000000000000 ) ;
#5248 = CARTESIAN_POINT ( 'NONE',  ( -9.999999999999953815, -3.000000000000000000, 12.84999999999999964 ) ) ;
#5249 = LINE ( 'NONE', #1906, #1557 ) ;
#5250 = DIRECTION ( 'NONE',  ( -0.000000000000000000, 1.000000000000000000, -0.000000000000000000 ) ) ;
#5251 = CIRCLE ( 'NONE', #4360, 2.049999999999999822 ) ;
#5252 = CIRCLE ( 'NONE', #5839, 2.150000000000000799 ) ;
#5253 = CIRCLE ( 'NONE', #2583, 2.149999999999997247 ) ;
#5254 = CIRCLE ( 'NONE', #5262, 2.150000000000001243 ) ;
#5255 = ORIENTED_EDGE ( 'NONE', *, *, #4795, .F. ) ;
#5256 = ORIENTED_EDGE ( 'NONE', *, *, #2808, .F. ) ;
#5257 = CIRCLE ( 'NONE', #5656, 2.150000000000001243 ) ;
#5258 = EDGE_LOOP ( 'NONE', ( #5570, #6116, #4690, #3552 ) ) ;
#5259 = DIRECTION ( 'NONE',  ( -1.000000000000000000, 0.000000000000000000, 2.775557561562899634E-15 ) ) ;
#5260 = LINE ( 'NONE', #1022, #814 ) ;
#5261 = CARTESIAN_POINT ( 'NONE',  ( -9.999999999999987566, -3.000000000000000000, 5.000000000000000888 ) ) ;
#5262 = AXIS2_PLACEMENT_3D ( 'NONE', #2582, #4436, #170 ) ;
#5263 = CIRCLE ( 'NONE', #1996, 2.149999999999999023 ) ;
#5264 = VERTEX_POINT ( 'NONE', #3526 ) ;
#5265 = AXIS2_PLACEMENT_3D ( 'NONE', #5101, #3282, #435 ) ;
#5266 = EDGE_CURVE ( 'NONE', #3642, #6023, #2795, .T. ) ;
#5267 = ORIENTED_EDGE ( 'NONE', *, *, #3093, .T. ) ;
#5268 = LINE ( 'NONE', #1847, #1989 ) ;
#5269 = EDGE_CURVE ( 'NONE', #6007, #5140, #3240, .T. ) ;
#5270 = CYLINDRICAL_SURFACE ( 'NONE', #4159, 2.149999999999997691 ) ;
#5271 = ORIENTED_EDGE ( 'NONE', *, *, #2443, .T. ) ;
#5272 = VERTEX_POINT ( 'NONE', #2272 ) ;
#5273 = DIRECTION ( 'NONE',  ( -0.000000000000000000, 1.000000000000000000, -0.000000000000000000 ) ) ;
#5274 = EDGE_CURVE ( 'NONE', #1342, #4321, #364, .T. ) ;
#5275 = ORIENTED_EDGE ( 'NONE', *, *, #3187, .T. ) ;
#5276 = CARTESIAN_POINT ( 'NONE',  ( -62.89999999999999858, -7.000000000000000000, -15.00000000000000178 ) ) ;
#5277 = CARTESIAN_POINT ( 'NONE',  ( 20.00000000000006040, 5.000000000000000000, 17.14999999999999858 ) ) ;
#5279 = VERTEX_POINT ( 'NONE', #3144 ) ;
#5278 = CARTESIAN_POINT ( 'NONE',  ( 1.414108686963113827E-14, 7.000000000000000000, 2.850000000000000977 ) ) ;
#5280 = ADVANCED_FACE ( 'NONE', ( #5503 ), #1695, .F. ) ;
#5281 = ORIENTED_EDGE ( 'NONE', *, *, #5416, .F. ) ;
#5282 = CARTESIAN_POINT ( 'NONE',  ( -30.00000000000005684, -3.000000000000000000, -15.00000000000000000 ) ) ;
#5283 = DIRECTION ( 'NONE',  ( 0.000000000000000000, 1.000000000000000000, 0.000000000000000000 ) ) ;
#5284 = CARTESIAN_POINT ( 'NONE',  ( 10.00000000000007816, -3.000000000000000000, 25.00000000000000000 ) ) ;
#5285 = EDGE_CURVE ( 'NONE', #3733, #5485, #909, .T. ) ;
#5286 = EDGE_LOOP ( 'NONE', ( #366, #1165 ) ) ;
#5287 = ORIENTED_EDGE ( 'NONE', *, *, #2520, .F. ) ;
#5288 = ORIENTED_EDGE ( 'NONE', *, *, #3750, .F. ) ;
#5289 = CARTESIAN_POINT ( 'NONE',  ( 62.89999999999999858, -7.000000000000000000, 15.00000000000001599 ) ) ;
#5290 = CARTESIAN_POINT ( 'NONE',  ( -30.00000000000002487, 5.000000000000000000, -4.999999999999997335 ) ) ;
#5291 = DIRECTION ( 'NONE',  ( 1.000000000000000000, 0.000000000000000000, 0.000000000000000000 ) ) ;
#5292 = CARTESIAN_POINT ( 'NONE',  ( 20.00000000000001776, 7.000000000000000000, 7.149999999999998579 ) ) ;
#5293 = ORIENTED_EDGE ( 'NONE', *, *, #1043, .F. ) ;
#5294 = DIRECTION ( 'NONE',  ( 0.000000000000000000, -1.000000000000000000, 0.000000000000000000 ) ) ;
#5295 = ORIENTED_EDGE ( 'NONE', *, *, #753, .T. ) ;
#5296 = DIRECTION ( 'NONE',  ( -1.000000000000000000, -0.000000000000000000, -0.000000000000000000 ) ) ;
#5297 = CARTESIAN_POINT ( 'NONE',  ( -49.99999999999992184, -3.000000000000000000, 25.00000000000000000 ) ) ;
#5298 = VERTEX_POINT ( 'NONE', #1779 ) ;
#5299 = DIRECTION ( 'NONE',  ( 0.000000000000000000, -1.000000000000000000, 0.000000000000000000 ) ) ;
#5300 = EDGE_LOOP ( 'NONE', ( #2159, #860 ) ) ;
#5301 = DIRECTION ( 'NONE',  ( -0.000000000000000000, 1.000000000000000000, -0.000000000000000000 ) ) ;
#5302 = CARTESIAN_POINT ( 'NONE',  ( 49.99999999999998579, 7.000000000000000000, -2.849999999999996092 ) ) ;
#5303 = EDGE_CURVE ( 'NONE', #6023, #4221, #5993, .T. ) ;
#5304 = DIRECTION ( 'NONE',  ( 0.000000000000000000, 0.000000000000000000, 1.000000000000000000 ) ) ;
#5305 = LINE ( 'NONE', #1649, #4963 ) ;
#5306 = CARTESIAN_POINT ( 'NONE',  ( -10.00000000000005684, 5.000000000000000000, -12.84999999999999964 ) ) ;
#5307 = DIRECTION ( 'NONE',  ( 0.000000000000000000, 0.000000000000000000, -1.000000000000000000 ) ) ;
#5308 = EDGE_LOOP ( 'NONE', ( #5606, #5673, #718, #1944 ) ) ;
#5309 = VERTEX_POINT ( 'NONE', #4169 ) ;
#5310 = VERTEX_POINT ( 'NONE', #6061 ) ;
#5311 = LINE ( 'NONE', #4846, #3366 ) ;
#5312 = EDGE_CURVE ( 'NONE', #1338, #4416, #6052, .T. ) ;
#5313 = CARTESIAN_POINT ( 'NONE',  ( 70.00000000000001421, 2.000000000000000000, 38.00000000000001421 ) ) ;
#5314 = LINE ( 'NONE', #1197, #1797 ) ;
#5315 = CARTESIAN_POINT ( 'NONE',  ( 70.00000000000001421, -3.500000000000000000, -20.00000000000000000 ) ) ;
#5316 = EDGE_LOOP ( 'NONE', ( #3056, #680 ) ) ;
#5317 = FACE_OUTER_BOUND ( 'NONE', #4480, .T. ) ;
#5318 = ORIENTED_EDGE ( 'NONE', *, *, #4399, .F. ) ;
#5319 = VECTOR ( 'NONE', #1014, 1000.000000000000000 ) ;
#5320 = LINE ( 'NONE', #3902, #1789 ) ;
#5321 = EDGE_CURVE ( 'NONE', #3428, #2745, #4080, .T. ) ;
#5322 = CARTESIAN_POINT ( 'NONE',  ( -54.89999999999999147, -3.500000000000000000, 20.00000000000000000 ) ) ;
#5323 = EDGE_LOOP ( 'NONE', ( #5630, #4770 ) ) ;
#5324 = ORIENTED_EDGE ( 'NONE', *, *, #4281, .T. ) ;
#5325 = DIRECTION ( 'NONE',  ( 0.000000000000000000, 0.000000000000000000, 1.000000000000000000 ) ) ;
#5326 = VECTOR ( 'NONE', #1492, 1000.000000000000114 ) ;
#5327 = DIRECTION ( 'NONE',  ( 0.000000000000000000, 0.000000000000000000, 1.000000000000000000 ) ) ;
#5328 = DIRECTION ( 'NONE',  ( -0.8137334712067352260, -0.5812381937190961301, 0.000000000000000000 ) ) ;
#5329 = DIRECTION ( 'NONE',  ( 0.000000000000000000, -1.000000000000000000, 0.000000000000000000 ) ) ;
#5330 = ADVANCED_FACE ( 'NONE', ( #2153 ), #5004, .F. ) ;
#5331 = CARTESIAN_POINT ( 'NONE',  ( -30.00000000000005684, 5.000000000000000000, -12.85000000000000142 ) ) ;
#5332 = EDGE_CURVE ( 'NONE', #4940, #5279, #2198, .T. ) ;
#5333 = DIRECTION ( 'NONE',  ( -0.000000000000000000, 1.000000000000000000, -0.000000000000000000 ) ) ;
#5334 = PLANE ( 'NONE',  #1691 ) ;
#5335 = CIRCLE ( 'NONE', #3268, 2.150000000000000799 ) ;
#5336 = ORIENTED_EDGE ( 'NONE', *, *, #4052, .T. ) ;
#5337 = AXIS2_PLACEMENT_3D ( 'NONE', #3249, #4182, #5133 ) ;
#5338 = EDGE_LOOP ( 'NONE', ( #3001, #1560, #1771, #4852 ) ) ;
#5339 = ORIENTED_EDGE ( 'NONE', *, *, #2053, .T. ) ;
#5341 = DIRECTION ( 'NONE',  ( 0.000000000000000000, 1.000000000000000000, 0.000000000000000000 ) ) ;
#5340 = AXIS2_PLACEMENT_3D ( 'NONE', #1899, #4711, #5148 ) ;
#5342 = VECTOR ( 'NONE', #5514, 1000.000000000000000 ) ;
#5343 = CARTESIAN_POINT ( 'NONE',  ( -54.89999999999999858, -7.000000000000000000, 25.00000000000000000 ) ) ;
#5344 = DIRECTION ( 'NONE',  ( 0.000000000000000000, 0.000000000000000000, 1.000000000000000000 ) ) ;
#5345 = AXIS2_PLACEMENT_3D ( 'NONE', #2385, #4303, #439 ) ;
#5346 = DIRECTION ( 'NONE',  ( 0.000000000000000000, -1.000000000000000000, 0.000000000000000000 ) ) ;
#5347 = CIRCLE ( 'NONE', #2587, 2.149999999999999023 ) ;
#5348 = VERTEX_POINT ( 'NONE', #2626 ) ;
#5349 = AXIS2_PLACEMENT_3D ( 'NONE', #5297, #2386, #990 ) ;
#5350 = EDGE_CURVE ( 'NONE', #5930, #464, #5263, .T. ) ;
#5351 = DIRECTION ( 'NONE',  ( 0.000000000000000000, -1.000000000000000000, 0.000000000000000000 ) ) ;
#5352 = CIRCLE ( 'NONE', #4269, 2.150000000000001243 ) ;
#5353 = VERTEX_POINT ( 'NONE', #2241 ) ;
#5354 = AXIS2_PLACEMENT_3D ( 'NONE', #3977, #5863, #4474 ) ;
#5355 = DIRECTION ( 'NONE',  ( 0.000000000000000000, 0.000000000000000000, 1.000000000000000000 ) ) ;
#5356 = EDGE_CURVE ( 'NONE', #4087, #2832, #813, .T. ) ;
#5357 = DIRECTION ( 'NONE',  ( 0.000000000000000000, 0.000000000000000000, 1.000000000000000000 ) ) ;
#5358 = DIRECTION ( 'NONE',  ( -0.000000000000000000, 1.000000000000000000, -0.000000000000000000 ) ) ;
#5359 = CIRCLE ( 'NONE', #1005, 2.149999999999997691 ) ;
#5360 = VECTOR ( 'NONE', #2341, 1000.000000000000000 ) ;
#5361 = EDGE_CURVE ( 'NONE', #4641, #620, #3680, .T. ) ;
#5362 = AXIS2_PLACEMENT_3D ( 'NONE', #1935, #1439, #483 ) ;
#5363 = ORIENTED_EDGE ( 'NONE', *, *, #2506, .F. ) ;
#5364 = DIRECTION ( 'NONE',  ( 0.000000000000000000, 0.000000000000000000, 1.000000000000000000 ) ) ;
#5365 = CIRCLE ( 'NONE', #4279, 2.150000000000000799 ) ;
#5366 = DIRECTION ( 'NONE',  ( -1.000000000000000000, -0.000000000000000000, -0.000000000000000000 ) ) ;
#5367 = CARTESIAN_POINT ( 'NONE',  ( -29.99999999999991829, 7.000000000000000000, 25.00000000000000000 ) ) ;
#5368 = CARTESIAN_POINT ( 'NONE',  ( 49.99999999999998579, -3.000000000000000000, -2.849999999999996092 ) ) ;
#5369 = DIRECTION ( 'NONE',  ( 0.000000000000000000, 1.000000000000000000, 0.000000000000000000 ) ) ;
#5370 = CARTESIAN_POINT ( 'NONE',  ( -20.00000000000006040, -3.000000000000000000, -15.00000000000000000 ) ) ;
#5371 = CARTESIAN_POINT ( 'NONE',  ( -20.00000000000002487, -3.000000000000000000, -4.999999999999997335 ) ) ;
#5372 = ORIENTED_EDGE ( 'NONE', *, *, #3139, .T. ) ;
#5373 = ADVANCED_FACE ( 'NONE', ( #4134, #5067 ), #852, .F. ) ;
#5374 = ORIENTED_EDGE ( 'NONE', *, *, #3639, .F. ) ;
#5375 = ORIENTED_EDGE ( 'NONE', *, *, #1856, .T. ) ;
#5376 = DIRECTION ( 'NONE',  ( 0.000000000000000000, 0.000000000000000000, 1.000000000000000000 ) ) ;
#5377 = CARTESIAN_POINT ( 'NONE',  ( 40.00000000000000711, 7.000000000000000000, 2.849999999999999645 ) ) ;
#5378 = CARTESIAN_POINT ( 'NONE',  ( -62.89999999999999858, -7.000000000000000000, 25.00000000000000000 ) ) ;
#5379 = CARTESIAN_POINT ( 'NONE',  ( 1.414108686963113827E-14, 5.000000000000000000, 2.850000000000000977 ) ) ;
#5380 = EDGE_LOOP ( 'NONE', ( #2691, #1423, #2622, #1337 ) ) ;
#5381 = EDGE_CURVE ( 'NONE', #2854, #5193, #2476, .T. ) ;
#5382 = LINE ( 'NONE', #2102, #1981 ) ;
#5383 = ORIENTED_EDGE ( 'NONE', *, *, #1435, .T. ) ;
#5384 = DIRECTION ( 'NONE',  ( 0.000000000000000000, 0.000000000000000000, 1.000000000000000000 ) ) ;
#5385 = DIRECTION ( 'NONE',  ( 0.000000000000000000, 0.000000000000000000, 1.000000000000000000 ) ) ;
#5386 = DIRECTION ( 'NONE',  ( 0.000000000000000000, 0.000000000000000000, 1.000000000000000000 ) ) ;
#5387 = ORIENTED_EDGE ( 'NONE', *, *, #966, .F. ) ;
#5388 = EDGE_CURVE ( 'NONE', #4321, #2018, #2742, .T. ) ;
#5389 = ORIENTED_EDGE ( 'NONE', *, *, #5030, .T. ) ;
#5390 = DIRECTION ( 'NONE',  ( -0.000000000000000000, 0.000000000000000000, 1.000000000000000000 ) ) ;
#5391 = ORIENTED_EDGE ( 'NONE', *, *, #817, .F. ) ;
#5392 = CARTESIAN_POINT ( 'NONE',  ( 70.00000000000001421, 2.000000000000000000, 40.00000000000000000 ) ) ;
#5393 = VERTEX_POINT ( 'NONE', #303 ) ;
#5394 = DIRECTION ( 'NONE',  ( -0.000000000000000000, 1.000000000000000000, -0.000000000000000000 ) ) ;
#5395 = EDGE_CURVE ( 'NONE', #3894, #2397, #5560, .T. ) ;
#5396 = DIRECTION ( 'NONE',  ( 1.000000000000000000, -0.000000000000000000, -0.000000000000000000 ) ) ;
#5397 = DIRECTION ( 'NONE',  ( 0.000000000000000000, -1.000000000000000000, 0.000000000000000000 ) ) ;
#5398 = DIRECTION ( 'NONE',  ( -1.000000000000000000, -0.000000000000000000, -0.000000000000000000 ) ) ;
#5399 = FACE_OUTER_BOUND ( 'NONE', #4443, .T. ) ;
#5400 = FACE_OUTER_BOUND ( 'NONE', #1540, .T. ) ;
#5401 = ORIENTED_EDGE ( 'NONE', *, *, #1262, .F. ) ;
#5402 = ORIENTED_EDGE ( 'NONE', *, *, #2696, .F. ) ;
#5403 = ORIENTED_EDGE ( 'NONE', *, *, #5361, .T. ) ;
#5404 = ORIENTED_EDGE ( 'NONE', *, *, #4478, .F. ) ;
#5405 = DIRECTION ( 'NONE',  ( 0.000000000000000000, 1.000000000000000000, 0.000000000000000000 ) ) ;
#5406 = DIRECTION ( 'NONE',  ( 0.000000000000000000, 1.000000000000000000, 0.000000000000000000 ) ) ;
#5407 = DIRECTION ( 'NONE',  ( -0.000000000000000000, 1.000000000000000000, -0.000000000000000000 ) ) ;
#5408 = DIRECTION ( 'NONE',  ( 0.000000000000000000, 0.000000000000000000, 1.000000000000000000 ) ) ;
#5409 = EDGE_LOOP ( 'NONE', ( #4213, #2909 ) ) ;
#5410 = CARTESIAN_POINT ( 'NONE',  ( 70.00000000000001421, -3.500000000000000000, 22.05000000000000071 ) ) ;
#5411 = VERTEX_POINT ( 'NONE', #53 ) ;
#5412 = CARTESIAN_POINT ( 'NONE',  ( -49.99999999999992184, 7.000000000000000000, 25.00000000000000000 ) ) ;
#5413 = FACE_OUTER_BOUND ( 'NONE', #2527, .T. ) ;
#5414 = EDGE_CURVE ( 'NONE', #4441, #2480, #1962, .T. ) ;
#5415 = LINE ( 'NONE', #1544, #1785 ) ;
#5416 = EDGE_CURVE ( 'NONE', #1115, #5393, #547, .T. ) ;
#5417 = ORIENTED_EDGE ( 'NONE', *, *, #5616, .T. ) ;
#5418 = ORIENTED_EDGE ( 'NONE', *, *, #1188, .F. ) ;
#5419 = DIRECTION ( 'NONE',  ( 1.000000000000000000, 0.000000000000000000, 0.000000000000000000 ) ) ;
#5420 = LINE ( 'NONE', #2139, #792 ) ;
#5421 = DIRECTION ( 'NONE',  ( 0.000000000000000000, 0.000000000000000000, 1.000000000000000000 ) ) ;
#5422 = DIRECTION ( 'NONE',  ( 0.000000000000000000, -1.000000000000000000, 0.000000000000000000 ) ) ;
#5423 = AXIS2_PLACEMENT_3D ( 'NONE', #4810, #1997, #1465 ) ;
#5424 = ORIENTED_EDGE ( 'NONE', *, *, #4773, .F. ) ;
#5425 = EDGE_CURVE ( 'NONE', #4921, #5433, #429, .T. ) ;
#5426 = AXIS2_PLACEMENT_3D ( 'NONE', #3519, #5333, #3940 ) ;
#5427 = CARTESIAN_POINT ( 'NONE',  ( 45.00000000000007105, 5.000000000000000000, 23.20000000000000284 ) ) ;
#5428 = CARTESIAN_POINT ( 'NONE',  ( 8.326672684688674053E-14, 5.000000000000000000, 25.00000000000000000 ) ) ;
#5429 = EDGE_CURVE ( 'NONE', #348, #3303, #1403, .T. ) ;
#5430 = DIRECTION ( 'NONE',  ( 0.000000000000000000, 0.000000000000000000, -1.000000000000000000 ) ) ;
#5431 = FACE_BOUND ( 'NONE', #5905, .T. ) ;
#5432 = AXIS2_PLACEMENT_3D ( 'NONE', #2611, #4499, #263 ) ;
#5433 = VERTEX_POINT ( 'NONE', #5714 ) ;
#5434 = ADVANCED_FACE ( 'NONE', ( #1371 ), #455, .F. ) ;
#5435 = ORIENTED_EDGE ( 'NONE', *, *, #6062, .F. ) ;
#5436 = CIRCLE ( 'NONE', #3063, 2.149999999999999023 ) ;
#5437 = LINE ( 'NONE', #3142, #492 ) ;
#5438 = CYLINDRICAL_SURFACE ( 'NONE', #2991, 2.150000000000000799 ) ;
#5439 = DIRECTION ( 'NONE',  ( -0.000000000000000000, 1.000000000000000000, -0.000000000000000000 ) ) ;
#5440 = AXIS2_PLACEMENT_3D ( 'NONE', #1969, #3341, #4792 ) ;
#5441 = CIRCLE ( 'NONE', #403, 2.049999999999999822 ) ;
#5442 = ORIENTED_EDGE ( 'NONE', *, *, #1946, .T. ) ;
#5443 = VECTOR ( 'NONE', #3362, 1000.000000000000000 ) ;
#5444 = FACE_BOUND ( 'NONE', #4767, .T. ) ;
#5445 = ORIENTED_EDGE ( 'NONE', *, *, #1495, .T. ) ;
#5446 = DIRECTION ( 'NONE',  ( 0.000000000000000000, 0.000000000000000000, 1.000000000000000000 ) ) ;
#5447 = CARTESIAN_POINT ( 'NONE',  ( 50.00000000000001421, 7.000000000000000000, 5.000000000000000888 ) ) ;
#5448 = AXIS2_PLACEMENT_3D ( 'NONE', #1577, #3476, #3010 ) ;
#5449 = DIRECTION ( 'NONE',  ( -0.000000000000000000, 1.000000000000000000, -0.000000000000000000 ) ) ;
#5450 = ORIENTED_EDGE ( 'NONE', *, *, #4995, .F. ) ;
#5451 = AXIS2_PLACEMENT_3D ( 'NONE', #3395, #5736, #1990 ) ;
#5452 = CIRCLE ( 'NONE', #3773, 2.149999999999999023 ) ;
#5453 = CIRCLE ( 'NONE', #1094, 2.150000000000000799 ) ;
#5454 = ADVANCED_FACE ( 'NONE', ( #3765 ), #2837, .F. ) ;
#5455 = ORIENTED_EDGE ( 'NONE', *, *, #663, .T. ) ;
#5456 = AXIS2_PLACEMENT_3D ( 'NONE', #4913, #1566, #5408 ) ;
#5457 = CARTESIAN_POINT ( 'NONE',  ( 10.00000000000004441, -3.000000000000000000, 17.15000000000000213 ) ) ;
#5458 = AXIS2_PLACEMENT_3D ( 'NONE', #1844, #1915, #1474 ) ;
#5459 = DIRECTION ( 'NONE',  ( 0.000000000000000000, 1.000000000000000000, 0.000000000000000000 ) ) ;
#5460 = DIRECTION ( 'NONE',  ( 0.000000000000000000, -1.000000000000000000, 0.000000000000000000 ) ) ;
#5461 = CIRCLE ( 'NONE', #802, 2.149999999999999023 ) ;
#5462 = CARTESIAN_POINT ( 'NONE',  ( -50.00000000000005684, 5.000000000000000000, -15.00000000000000000 ) ) ;
#5463 = ORIENTED_EDGE ( 'NONE', *, *, #2846, .F. ) ;
#5464 = EDGE_LOOP ( 'NONE', ( #2532, #5972, #4315, #4328 ) ) ;
#5465 = EDGE_CURVE ( 'NONE', #5393, #2027, #2775, .T. ) ;
#5466 = CIRCLE ( 'NONE', #5061, 2.150000000000000799 ) ;
#5467 = CARTESIAN_POINT ( 'NONE',  ( 20.00000000000006040, 5.000000000000000000, 15.00000000000000178 ) ) ;
#5468 = DIRECTION ( 'NONE',  ( 0.000000000000000000, 1.000000000000000000, 0.000000000000000000 ) ) ;
#5469 = DIRECTION ( 'NONE',  ( 0.000000000000000000, -1.000000000000000000, 0.000000000000000000 ) ) ;
#5470 = DIRECTION ( 'NONE',  ( 0.000000000000000000, 0.000000000000000000, -1.000000000000000000 ) ) ;
#5471 = EDGE_LOOP ( 'NONE', ( #367, #5997, #4678, #3848 ) ) ;
#5472 = ADVANCED_FACE ( 'NONE', ( #1507 ), #5122, .F. ) ;
#5473 = ORIENTED_EDGE ( 'NONE', *, *, #5425, .T. ) ;
#5474 = CARTESIAN_POINT ( 'NONE',  ( -29.99999999999995381, 5.000000000000000000, 15.00000000000000178 ) ) ;
#5475 = DIRECTION ( 'NONE',  ( -0.000000000000000000, 1.000000000000000000, -0.000000000000000000 ) ) ;
#5476 = DIRECTION ( 'NONE',  ( 0.000000000000000000, 0.000000000000000000, 1.000000000000000000 ) ) ;
#5477 = ADVANCED_FACE ( 'NONE', ( #4751 ), #879, .F. ) ;
#5478 = ORIENTED_EDGE ( 'NONE', *, *, #5187, .T. ) ;
#5479 = ORIENTED_EDGE ( 'NONE', *, *, #1245, .T. ) ;
#5480 = FACE_BOUND ( 'NONE', #361, .T. ) ;
#5481 = ORIENTED_EDGE ( 'NONE', *, *, #913, .T. ) ;
#5482 = CARTESIAN_POINT ( 'NONE',  ( 19.99999999999994671, 5.000000000000000000, -15.00000000000000000 ) ) ;
#5483 = DIRECTION ( 'NONE',  ( 2.775557561562900029E-15, 0.000000000000000000, 1.000000000000000000 ) ) ;
#5484 = CARTESIAN_POINT ( 'NONE',  ( 53.90000000000001279, 0.000000000000000000, 32.00000000000000000 ) ) ;
#5485 = VERTEX_POINT ( 'NONE', #3827 ) ;
#5486 = CARTESIAN_POINT ( 'NONE',  ( -19.99999999999995381, 5.000000000000000000, 15.00000000000000178 ) ) ;
#5487 = DIRECTION ( 'NONE',  ( 0.000000000000000000, -1.000000000000000000, 0.000000000000000000 ) ) ;
#5488 = EDGE_LOOP ( 'NONE', ( #3707, #4266 ) ) ;
#5489 = FACE_OUTER_BOUND ( 'NONE', #2821, .T. ) ;
#5490 = PRODUCT_DEFINITION ( 'UNKNOWN', '', #2495, #3154 ) ;
#5491 = DIRECTION ( 'NONE',  ( 0.000000000000000000, 0.000000000000000000, -1.000000000000000000 ) ) ;
#5492 = EDGE_LOOP ( 'NONE', ( #1931, #3177, #5024, #4797 ) ) ;
#5493 = CARTESIAN_POINT ( 'NONE',  ( -49.99999999999998579, 5.000000000000000000, 7.150000000000002132 ) ) ;
#5494 = CYLINDRICAL_SURFACE ( 'NONE', #2791, 2.149999999999999911 ) ;
#5495 = DIRECTION ( 'NONE',  ( 0.000000000000000000, 1.000000000000000000, 0.000000000000000000 ) ) ;
#5496 = EDGE_CURVE ( 'NONE', #4665, #6111, #1015, .T. ) ;
#5497 = FACE_BOUND ( 'NONE', #1862, .T. ) ;
#5498 = ADVANCED_FACE ( 'NONE', ( #2906 ), #6119, .F. ) ;
#5499 = VERTEX_POINT ( 'NONE', #4260 ) ;
#5500 = ORIENTED_EDGE ( 'NONE', *, *, #4449, .F. ) ;
#5501 = CARTESIAN_POINT ( 'NONE',  ( 30.00000000000005329, 7.000000000000000000, 15.00000000000000178 ) ) ;
#5502 = FACE_OUTER_BOUND ( 'NONE', #636, .T. ) ;
#5503 = FACE_OUTER_BOUND ( 'NONE', #3560, .T. ) ;
#5504 = ORIENTED_EDGE ( 'NONE', *, *, #46, .F. ) ;
#5505 = ORIENTED_EDGE ( 'NONE', *, *, #836, .F. ) ;
#5506 = ADVANCED_FACE ( 'NONE', ( #1838 ), #4717, .F. ) ;
#5507 = ORIENTED_EDGE ( 'NONE', *, *, #145, .F. ) ;
#5508 = DIRECTION ( 'NONE',  ( 1.000000000000000000, 0.000000000000000000, -0.000000000000000000 ) ) ;
#5509 = FACE_OUTER_BOUND ( 'NONE', #5103, .T. ) ;
#5510 = CARTESIAN_POINT ( 'NONE',  ( -39.99999999999995026, 7.000000000000000000, 15.00000000000000178 ) ) ;
#5511 = EDGE_CURVE ( 'NONE', #3877, #433, #307, .T. ) ;
#5512 = EDGE_LOOP ( 'NONE', ( #2945, #5883, #5822, #5013 ) ) ;
#5513 = LINE ( 'NONE', #3159, #6042 ) ;
#5514 = DIRECTION ( 'NONE',  ( -0.000000000000000000, 1.000000000000000000, -0.000000000000000000 ) ) ;
#5515 = ORIENTED_EDGE ( 'NONE', *, *, #92, .F. ) ;
#5516 = CARTESIAN_POINT ( 'NONE',  ( 49.99999999999998579, 5.000000000000000000, -4.999999999999997335 ) ) ;
#5517 = DIRECTION ( 'NONE',  ( 0.000000000000000000, 0.000000000000000000, 1.000000000000000000 ) ) ;
#5518 = VERTEX_POINT ( 'NONE', #5620 ) ;
#5519 = DIRECTION ( 'NONE',  ( -0.7071067811865451302, -0.000000000000000000, -0.7071067811865500152 ) ) ;
#5520 = DIRECTION ( 'NONE',  ( 0.000000000000000000, 0.000000000000000000, 1.000000000000000000 ) ) ;
#5521 = AXIS2_PLACEMENT_3D ( 'NONE', #5657, #5190, #4716 ) ;
#5522 = CARTESIAN_POINT ( 'NONE',  ( -20.00000000000006040, 7.000000000000000000, -17.14999999999999858 ) ) ;
#5523 = FACE_BOUND ( 'NONE', #4235, .T. ) ;
#5524 = ORIENTED_EDGE ( 'NONE', *, *, #5963, .T. ) ;
#5525 = EDGE_CURVE ( 'NONE', #833, #4352, #3271, .T. ) ;
#5526 = EDGE_CURVE ( 'NONE', #3018, #4467, #4158, .T. ) ;
#5527 = ORIENTED_EDGE ( 'NONE', *, *, #1571, .T. ) ;
#5528 = CARTESIAN_POINT ( 'NONE',  ( -40.00000000000009237, 7.000000000000000000, -22.85000000000000142 ) ) ;
#5529 = CARTESIAN_POINT ( 'NONE',  ( 1.387778780781445676E-14, 5.000000000000000000, 7.150000000000001243 ) ) ;
#5530 = CARTESIAN_POINT ( 'NONE',  ( 39.99999999999993605, 5.000000000000000000, -15.00000000000000000 ) ) ;
#5531 = AXIS2_PLACEMENT_3D ( 'NONE', #1987, #5734, #3394 ) ;
#5532 = VERTEX_POINT ( 'NONE', #5216 ) ;
#5533 = AXIS2_PLACEMENT_3D ( 'NONE', #4887, #3003, #5877 ) ;
#5534 = ORIENTED_EDGE ( 'NONE', *, *, #5266, .F. ) ;
#5535 = VERTEX_POINT ( 'NONE', #2869 ) ;
#5536 = CARTESIAN_POINT ( 'NONE',  ( 62.89999999999999858, -7.000000000000000000, -15.00000000000001599 ) ) ;
#5537 = CIRCLE ( 'NONE', #201, 2.149999999999999023 ) ;
#5538 = LINE ( 'NONE', #1843, #6053 ) ;
#5539 = CARTESIAN_POINT ( 'NONE',  ( 54.90000000000001279, -3.500000000000000000, -20.00000000000000000 ) ) ;
#5540 = VECTOR ( 'NONE', #2796, 1000.000000000000000 ) ;
#5541 = EDGE_CURVE ( 'NONE', #4514, #3226, #1097, .T. ) ;
#5542 = ORIENTED_EDGE ( 'NONE', *, *, #5149, .F. ) ;
#5543 = CARTESIAN_POINT ( 'NONE',  ( -54.89999999999999858, -7.000000000000000000, 15.00000000000000178 ) ) ;
#5544 = CARTESIAN_POINT ( 'NONE',  ( 20.00000000000006040, -3.000000000000000000, 17.14999999999999858 ) ) ;
#5545 = VECTOR ( 'NONE', #11, 1000.000000000000000 ) ;
#5546 = DIRECTION ( 'NONE',  ( 0.000000000000000000, -1.000000000000000000, 0.000000000000000000 ) ) ;
#5547 = VERTEX_POINT ( 'NONE', #5867 ) ;
#5548 = EDGE_CURVE ( 'NONE', #5052, #5889, #897, .T. ) ;
#5549 = VECTOR ( 'NONE', #5229, 1000.000000000000000 ) ;
#5550 = AXIS2_PLACEMENT_3D ( 'NONE', #691, #293, #3486 ) ;
#5551 = EDGE_LOOP ( 'NONE', ( #3417, #1835 ) ) ;
#5552 = STYLED_ITEM ( 'NONE', ( #4884 ), #3227 ) ;
#5553 = CIRCLE ( 'NONE', #3484, 2.149999999999997247 ) ;
#5554 = ORIENTED_EDGE ( 'NONE', *, *, #4843, .F. ) ;
#5555 = CARTESIAN_POINT ( 'NONE',  ( 9.999999999999904077, 7.000000000000000000, -25.00000000000000000 ) ) ;
#5556 = AXIS2_PLACEMENT_3D ( 'NONE', #3079, #4970, #2116 ) ;
#5557 = DIRECTION ( 'NONE',  ( 0.000000000000000000, 1.000000000000000000, 0.000000000000000000 ) ) ;
#5558 = DIRECTION ( 'NONE',  ( -0.000000000000000000, 1.000000000000000000, -0.000000000000000000 ) ) ;
#5559 = CARTESIAN_POINT ( 'NONE',  ( -30.00000000000005684, 5.000000000000000000, -17.14999999999999858 ) ) ;
#5560 = CIRCLE ( 'NONE', #3684, 2.149999999999999023 ) ;
#5561 = ORIENTED_EDGE ( 'NONE', *, *, #360, .F. ) ;
#5562 = EDGE_LOOP ( 'NONE', ( #4907, #2437 ) ) ;
#5563 = DIRECTION ( 'NONE',  ( 0.000000000000000000, 1.000000000000000000, 0.000000000000000000 ) ) ;
#5564 = DIRECTION ( 'NONE',  ( 0.000000000000000000, 0.000000000000000000, -1.000000000000000000 ) ) ;
#5565 = VECTOR ( 'NONE', #2097, 1000.000000000000000 ) ;
#5566 = DIRECTION ( 'NONE',  ( -0.000000000000000000, 1.000000000000000000, -0.000000000000000000 ) ) ;
#5567 = EDGE_CURVE ( 'NONE', #5309, #1530, #1042, .T. ) ;
#5568 = ORIENTED_EDGE ( 'NONE', *, *, #2343, .T. ) ;
#5569 = EDGE_LOOP ( 'NONE', ( #3461, #5339, #3190, #5708 ) ) ;
#5570 = ORIENTED_EDGE ( 'NONE', *, *, #2039, .T. ) ;
#5571 = CARTESIAN_POINT ( 'NONE',  ( -20.00000000000009237, 5.000000000000000000, -25.00000000000000000 ) ) ;
#5572 = CARTESIAN_POINT ( 'NONE',  ( 53.90000000000001279, 0.000000000000000000, -32.00000000000000000 ) ) ;
#5573 = LINE ( 'NONE', #2285, #3385 ) ;
#5574 = EDGE_CURVE ( 'NONE', #1548, #2469, #3046, .T. ) ;
#5575 = VERTEX_POINT ( 'NONE', #2023 ) ;
#5576 = DIRECTION ( 'NONE',  ( 0.000000000000000000, 0.000000000000000000, -1.000000000000000000 ) ) ;
#5577 = CARTESIAN_POINT ( 'NONE',  ( -30.00000000000008882, 7.000000000000000000, -27.15000000000000213 ) ) ;
#5578 = DIRECTION ( 'NONE',  ( 0.000000000000000000, 0.000000000000000000, 1.000000000000000000 ) ) ;
#5579 = ORIENTED_EDGE ( 'NONE', *, *, #2478, .F. ) ;
#5580 = ADVANCED_FACE ( 'NONE', ( #3941 ), #3425, .F. ) ;
#5581 = VERTEX_POINT ( 'NONE', #1999 ) ;
#5582 = DIRECTION ( 'NONE',  ( 0.000000000000000000, 1.000000000000000000, 0.000000000000000000 ) ) ;
#5583 = EDGE_CURVE ( 'NONE', #535, #5006, #3375, .T. ) ;
#5584 = CARTESIAN_POINT ( 'NONE',  ( -10.00000000000009237, 7.000000000000000000, -25.00000000000000000 ) ) ;
#5585 = DIRECTION ( 'NONE',  ( 0.000000000000000000, 0.000000000000000000, -1.000000000000000000 ) ) ;
#5586 = PLANE ( 'NONE',  #5340 ) ;
#5587 = ORIENTED_EDGE ( 'NONE', *, *, #2506, .T. ) ;
#5589 = VERTEX_POINT ( 'NONE', #600 ) ;
#5588 = FACE_BOUND ( 'NONE', #2510, .T. ) ;
#5590 = EDGE_LOOP ( 'NONE', ( #164, #3759 ) ) ;
#5591 = CARTESIAN_POINT ( 'NONE',  ( 70.00000000000001421, -3.500000000000000000, -20.00000000000000000 ) ) ;
#5592 = DIRECTION ( 'NONE',  ( 0.000000000000000000, 0.000000000000000000, 1.000000000000000000 ) ) ;
#5593 = DIRECTION ( 'NONE',  ( 0.000000000000000000, 1.000000000000000000, 0.000000000000000000 ) ) ;
#5594 = VERTEX_POINT ( 'NONE', #4344 ) ;
#5595 = EDGE_LOOP ( 'NONE', ( #3704, #4019, #2940, #2212 ) ) ;
#5596 = ORIENTED_EDGE ( 'NONE', *, *, #4932, .F. ) ;
#5597 = DIRECTION ( 'NONE',  ( 0.000000000000000000, 0.000000000000000000, -1.000000000000000000 ) ) ;
#5598 = DIRECTION ( 'NONE',  ( -0.000000000000000000, 1.000000000000000000, -0.000000000000000000 ) ) ;
#5599 = DIRECTION ( 'NONE',  ( 0.000000000000000000, 0.000000000000000000, 1.000000000000000000 ) ) ;
#5600 = EDGE_CURVE ( 'NONE', #3147, #193, #3672, .T. ) ;
#5601 = ORIENTED_EDGE ( 'NONE', *, *, #1908, .F. ) ;
#5602 = DIRECTION ( 'NONE',  ( 0.000000000000000000, 0.000000000000000000, 1.000000000000000000 ) ) ;
#5603 = ADVANCED_FACE ( 'NONE', ( #2458 ), #695, .F. ) ;
#5604 = CARTESIAN_POINT ( 'NONE',  ( -39.99999999999998579, 7.000000000000000000, 2.849999999999999645 ) ) ;
#5605 = CARTESIAN_POINT ( 'NONE',  ( 10.00000000000000888, 7.000000000000000000, 5.000000000000000888 ) ) ;
#5606 = ORIENTED_EDGE ( 'NONE', *, *, #4789, .F. ) ;
#5607 = CARTESIAN_POINT ( 'NONE',  ( -69.99999999999998579, 2.000000000000000000, -40.00000000000000000 ) ) ;
#5608 = DIRECTION ( 'NONE',  ( -0.000000000000000000, 1.000000000000000000, -0.000000000000000000 ) ) ;
#5609 = PLANE ( 'NONE',  #2355 ) ;
#5610 = CARTESIAN_POINT ( 'NONE',  ( 49.99999999999995026, 5.000000000000000000, -15.00000000000000000 ) ) ;
#5611 = ORIENTED_EDGE ( 'NONE', *, *, #982, .F. ) ;
#5612 = ADVANCED_FACE ( 'NONE', ( #5400 ), #2525, .F. ) ;
#5613 = EDGE_LOOP ( 'NONE', ( #4961, #2360, #3521, #5363 ) ) ;
#5614 = CIRCLE ( 'NONE', #1758, 2.149999999999999023 ) ;
#5615 = FACE_BOUND ( 'NONE', #2840, .T. ) ;
#5616 = EDGE_CURVE ( 'NONE', #5737, #3636, #174, .T. ) ;
#5617 = ORIENTED_EDGE ( 'NONE', *, *, #3093, .F. ) ;
#5618 = CARTESIAN_POINT ( 'NONE',  ( -8.994232168897729213E-14, -3.000000000000000000, -27.15000000000000213 ) ) ;
#5619 = LINE ( 'NONE', #5992, #89 ) ;
#5620 = CARTESIAN_POINT ( 'NONE',  ( 8.326672684688674053E-14, 7.000000000000000000, 27.15000000000000213 ) ) ;
#5621 = AXIS2_PLACEMENT_3D ( 'NONE', #5370, #3980, #4476 ) ;
#5622 = EDGE_CURVE ( 'NONE', #5575, #4010, #1878, .T. ) ;
#5623 = VERTEX_POINT ( 'NONE', #3490 ) ;
#5624 = VERTEX_POINT ( 'NONE', #4935 ) ;
#5625 = VERTEX_POINT ( 'NONE', #1556 ) ;
#5626 = AXIS2_PLACEMENT_3D ( 'NONE', #5961, #1309, #1364 ) ;
#5627 = DIRECTION ( 'NONE',  ( -0.000000000000000000, 1.000000000000000000, -0.000000000000000000 ) ) ;
#5628 = CARTESIAN_POINT ( 'NONE',  ( 9.999999999999939604, -3.000000000000000000, -17.14999999999999858 ) ) ;
#5629 = DIRECTION ( 'NONE',  ( 0.000000000000000000, 1.000000000000000000, 0.000000000000000000 ) ) ;
#5630 = ORIENTED_EDGE ( 'NONE', *, *, #248, .F. ) ;
#5631 = DIRECTION ( 'NONE',  ( 0.000000000000000000, 0.000000000000000000, 1.000000000000000000 ) ) ;
#5632 = LINE ( 'NONE', #5544, #114 ) ;
#5633 = FACE_OUTER_BOUND ( 'NONE', #210, .T. ) ;
#5634 = ORIENTED_EDGE ( 'NONE', *, *, #2977, .F. ) ;
#5635 = VECTOR ( 'NONE', #2125, 1000.000000000000000 ) ;
#5636 = EDGE_CURVE ( 'NONE', #2892, #1223, #5251, .T. ) ;
#5637 = EDGE_CURVE ( 'NONE', #5052, #3244, #1128, .T. ) ;
#5638 = AXIS2_PLACEMENT_3D ( 'NONE', #4000, #3930, #3906 ) ;
#5639 = VERTEX_POINT ( 'NONE', #3451 ) ;
#5640 = CIRCLE ( 'NONE', #5837, 2.150000000000001243 ) ;
#5641 = CYLINDRICAL_SURFACE ( 'NONE', #4156, 2.149999999999997247 ) ;
#5642 = CIRCLE ( 'NONE', #4355, 2.149999999999999023 ) ;
#5643 = LINE ( 'NONE', #2196, #3781 ) ;
#5644 = DIRECTION ( 'NONE',  ( 0.000000000000000000, -1.000000000000000000, 0.000000000000000000 ) ) ;
#5645 = AXIS2_PLACEMENT_3D ( 'NONE', #5412, #3958, #5355 ) ;
#5646 = CARTESIAN_POINT ( 'NONE',  ( 62.99999999999998579, 7.000000000000000000, -33.00000000000000000 ) ) ;
#5647 = AXIS2_PLACEMENT_3D ( 'NONE', #5315, #3408, #1632 ) ;
#5648 = ADVANCED_FACE ( 'NONE', ( #2550 ), #3020, .F. ) ;
#5649 = CIRCLE ( 'NONE', #3673, 2.149999999999999023 ) ;
#5650 = ORIENTED_EDGE ( 'NONE', *, *, #3768, .F. ) ;
#5651 = VECTOR ( 'NONE', #4874, 1000.000000000000000 ) ;
#5652 = FACE_BOUND ( 'NONE', #6025, .T. ) ;
#5653 = ORIENTED_EDGE ( 'NONE', *, *, #3584, .F. ) ;
#5655 = CARTESIAN_POINT ( 'NONE',  ( 20.00000000000001776, -3.000000000000000000, 2.850000000000003197 ) ) ;
#5654 = AXIS2_PLACEMENT_3D ( 'NONE', #1241, #235, #3106 ) ;
#5656 = AXIS2_PLACEMENT_3D ( 'NONE', #4300, #3343, #3742 ) ;
#5657 = CARTESIAN_POINT ( 'NONE',  ( 62.89999999999999858, -7.000000000000000000, -15.00000000000001599 ) ) ;
#5658 = DIRECTION ( 'NONE',  ( -0.000000000000000000, 1.000000000000000000, -0.000000000000000000 ) ) ;
#5659 = EDGE_CURVE ( 'NONE', #2623, #2555, #5640, .T. ) ;
#5660 = ORIENTED_EDGE ( 'NONE', *, *, #1528, .T. ) ;
#5661 = AXIS2_PLACEMENT_3D ( 'NONE', #3364, #4688, #1868 ) ;
#5662 = ORIENTED_EDGE ( 'NONE', *, *, #2310, .T. ) ;
#5663 = VECTOR ( 'NONE', #5840, 1000.000000000000000 ) ;
#5664 = ORIENTED_EDGE ( 'NONE', *, *, #3234, .T. ) ;
#5665 = DIRECTION ( 'NONE',  ( -0.000000000000000000, 1.000000000000000000, -0.000000000000000000 ) ) ;
#5666 = ADVANCED_FACE ( 'NONE', ( #2497 ), #5334, .F. ) ;
#5667 = DIRECTION ( 'NONE',  ( -0.000000000000000000, 1.000000000000000000, -0.000000000000000000 ) ) ;
#5668 = CARTESIAN_POINT ( 'NONE',  ( 20.00000000000001776, 5.000000000000000000, 5.000000000000000888 ) ) ;
#5669 = VERTEX_POINT ( 'NONE', #2234 ) ;
#5670 = ORIENTED_EDGE ( 'NONE', *, *, #2050, .T. ) ;
#5671 = LINE ( 'NONE', #495, #4460 ) ;
#5672 = DIRECTION ( 'NONE',  ( 0.000000000000000000, 0.000000000000000000, 1.000000000000000000 ) ) ;
#5673 = ORIENTED_EDGE ( 'NONE', *, *, #3543, .F. ) ;
#5674 = EDGE_CURVE ( 'NONE', #5279, #4940, #4067, .T. ) ;
#5675 = DIRECTION ( 'NONE',  ( 0.000000000000000000, 0.000000000000000000, 1.000000000000000000 ) ) ;
#5676 = ORIENTED_EDGE ( 'NONE', *, *, #853, .F. ) ;
#5677 = ORIENTED_EDGE ( 'NONE', *, *, #3645, .T. ) ;
#5678 = CARTESIAN_POINT ( 'NONE',  ( -40.00000000000002132, -3.000000000000000000, -4.999999999999997335 ) ) ;
#5679 = CARTESIAN_POINT ( 'NONE',  ( -19.99999999999992184, 7.000000000000000000, 25.00000000000000000 ) ) ;
#5680 = ORIENTED_EDGE ( 'NONE', *, *, #1888, .T. ) ;
#5681 = FACE_OUTER_BOUND ( 'NONE', #2872, .T. ) ;
#5682 = FACE_BOUND ( 'NONE', #517, .T. ) ;
#5683 = EDGE_LOOP ( 'NONE', ( #5063, #2602, #2526, #3868 ) ) ;
#5685 = ORIENTED_EDGE ( 'NONE', *, *, #1613, .T. ) ;
#5684 = DIRECTION ( 'NONE',  ( 0.000000000000000000, 0.000000000000000000, 1.000000000000000000 ) ) ;
#5686 = VERTEX_POINT ( 'NONE', #1683 ) ;
#5687 = CARTESIAN_POINT ( 'NONE',  ( 54.90000000000001279, 0.000000000000000000, -14.99999999999998757 ) ) ;
#5688 = CARTESIAN_POINT ( 'NONE',  ( 39.99999999999997868, 5.000000000000000000, -2.849999999999996092 ) ) ;
#5689 = DIRECTION ( 'NONE',  ( 0.000000000000000000, 0.000000000000000000, 1.000000000000000000 ) ) ;
#5690 = VERTEX_POINT ( 'NONE', #5559 ) ;
#5691 = EDGE_LOOP ( 'NONE', ( #4351, #3311 ) ) ;
#5692 = ORIENTED_EDGE ( 'NONE', *, *, #1644, .T. ) ;
#5693 = DIRECTION ( 'NONE',  ( 0.000000000000000000, 0.000000000000000000, -1.000000000000000000 ) ) ;
#5694 = CARTESIAN_POINT ( 'NONE',  ( -20.00000000000006040, -3.000000000000000000, -15.00000000000000000 ) ) ;
#5695 = ORIENTED_EDGE ( 'NONE', *, *, #2962, .F. ) ;
#5696 = ADVANCED_FACE ( 'NONE', ( #5523, #4129, #6014, #1311, #2261, #5059, #3208, #1769, #5431, #1221, #5089, #3136, #4074, #333, #1275, #727, #3582, #2644, #1720, #4617, #1743, #4157, #3081, #820, #2210, #382, #844, #1651, #4594, #5497, #5962, #5925, #2710, #2620, #358, #779, #3549, #1186, #4972, #4104, #2673, #3613, #270, #3641, #2147, #5022, #4038, #3111, #1247, #4999, #751, #297, #2177, #4566, #3174, #4682, #4192, #4286, #5682, #3729, #4648, #510, #2358, #418 ), #3703, .F. ) ;
#5697 = EDGE_LOOP ( 'NONE', ( #1449, #135, #2799, #2200 ) ) ;
#5698 = DIRECTION ( 'NONE',  ( 0.000000000000000000, -1.000000000000000000, 0.000000000000000000 ) ) ;
#5699 = CARTESIAN_POINT ( 'NONE',  ( 19.99999999999998934, 5.000000000000000000, -7.149999999999995026 ) ) ;
#5700 = LINE ( 'NONE', #2348, #2167 ) ;
#5701 = VERTEX_POINT ( 'NONE', #2426 ) ;
#5702 = EDGE_CURVE ( 'NONE', #4588, #4542, #2402, .T. ) ;
#5703 = ORIENTED_EDGE ( 'NONE', *, *, #3167, .T. ) ;
#5704 = CARTESIAN_POINT ( 'NONE',  ( -62.89999999999999858, 0.000000000000000000, 15.00000000000000178 ) ) ;
#5705 = LINE ( 'NONE', #446, #2295 ) ;
#5706 = CARTESIAN_POINT ( 'NONE',  ( 9.999999999999973355, 7.000000000000000000, -2.849999999999997868 ) ) ;
#5707 = FACE_OUTER_BOUND ( 'NONE', #1956, .T. ) ;
#5708 = ORIENTED_EDGE ( 'NONE', *, *, #3139, .F. ) ;
#5710 = EDGE_LOOP ( 'NONE', ( #3382, #5692, #4534, #2313 ) ) ;
#5709 = CARTESIAN_POINT ( 'NONE',  ( 29.99999999999991473, 7.000000000000000000, -22.85000000000000142 ) ) ;
#5711 = ORIENTED_EDGE ( 'NONE', *, *, #5717, .T. ) ;
#5712 = DIRECTION ( 'NONE',  ( 0.000000000000000000, 0.000000000000000000, -1.000000000000000000 ) ) ;
#5713 = LINE ( 'NONE', #1506, #5319 ) ;
#5714 = CARTESIAN_POINT ( 'NONE',  ( -53.89999999999998437, 0.000000000000000000, 32.00000000000000000 ) ) ;
#5715 = ADVANCED_FACE ( 'NONE', ( #6110, #1336, #45, #5240, #4250, #2804 ), #5586, .T. ) ;
#5716 = VERTEX_POINT ( 'NONE', #3330 ) ;
#5717 = EDGE_CURVE ( 'NONE', #2623, #954, #3819, .T. ) ;
#5718 = ORIENTED_EDGE ( 'NONE', *, *, #4893, .T. ) ;
#5719 = ORIENTED_EDGE ( 'NONE', *, *, #5416, .T. ) ;
#5720 = CARTESIAN_POINT ( 'NONE',  ( -50.00000000000005684, 7.000000000000000000, -15.00000000000000000 ) ) ;
#5721 = DIRECTION ( 'NONE',  ( 0.000000000000000000, 0.000000000000000000, -1.000000000000000000 ) ) ;
#5722 = FACE_OUTER_BOUND ( 'NONE', #5471, .T. ) ;
#5723 = VECTOR ( 'NONE', #4291, 1000.000000000000000 ) ;
#5724 = ORIENTED_EDGE ( 'NONE', *, *, #2059, .T. ) ;
#5725 = EDGE_LOOP ( 'NONE', ( #3331, #4501 ) ) ;
#5726 = CARTESIAN_POINT ( 'NONE',  ( -40.00000000000005684, 7.000000000000000000, -15.00000000000000000 ) ) ;
#5727 = CARTESIAN_POINT ( 'NONE',  ( 19.99999999999992184, -3.000000000000000000, -22.85000000000000142 ) ) ;
#5728 = AXIS2_PLACEMENT_3D ( 'NONE', #1525, #2946, #5861 ) ;
#5729 = EDGE_CURVE ( 'NONE', #2784, #2128, #1488, .T. ) ;
#5730 = ORIENTED_EDGE ( 'NONE', *, *, #44, .T. ) ;
#5731 = CIRCLE ( 'NONE', #1477, 2.149999999999999023 ) ;
#5732 = DIRECTION ( 'NONE',  ( -0.000000000000000000, 1.000000000000000000, -0.000000000000000000 ) ) ;
#5733 = AXIS2_PLACEMENT_3D ( 'NONE', #576, #3895, #5779 ) ;
#5734 = DIRECTION ( 'NONE',  ( 0.000000000000000000, -1.000000000000000000, 0.000000000000000000 ) ) ;
#5735 = EDGE_CURVE ( 'NONE', #1120, #3235, #2676, .T. ) ;
#5736 = DIRECTION ( 'NONE',  ( 0.000000000000000000, 1.000000000000000000, 0.000000000000000000 ) ) ;
#5737 = VERTEX_POINT ( 'NONE', #475 ) ;
#5738 = VECTOR ( 'NONE', #79, 1000.000000000000000 ) ;
#5739 = FACE_OUTER_BOUND ( 'NONE', #513, .T. ) ;
#5740 = ORIENTED_EDGE ( 'NONE', *, *, #98, .F. ) ;
#5741 = CIRCLE ( 'NONE', #2378, 2.150000000000000799 ) ;
#5742 = CARTESIAN_POINT ( 'NONE',  ( -10.00000000000009237, -3.000000000000000000, -22.85000000000000142 ) ) ;
#5743 = LINE ( 'NONE', #3798, #5723 ) ;
#5744 = CARTESIAN_POINT ( 'NONE',  ( -56.27642276422744061, -6.373983739837489892, -51.72357723577248123 ) ) ;
#5745 = VECTOR ( 'NONE', #5788, 1000.000000000000000 ) ;
#5746 = AXIS2_PLACEMENT_3D ( 'NONE', #3060, #1609, #584 ) ;
#5747 = VERTEX_POINT ( 'NONE', #540 ) ;
#5748 = ORIENTED_EDGE ( 'NONE', *, *, #4054, .T. ) ;
#5749 = AXIS2_PLACEMENT_3D ( 'NONE', #2723, #3689, #859 ) ;
#5750 = ORIENTED_EDGE ( 'NONE', *, *, #4612, .T. ) ;
#5751 = LINE ( 'NONE', #4910, #5635 ) ;
#5752 = CARTESIAN_POINT ( 'NONE',  ( -54.89999999999999147, -3.499999999999999556, -22.05000000000000071 ) ) ;
#5753 = AXIS2_PLACEMENT_3D ( 'NONE', #2523, #5891, #1126 ) ;
#5754 = DIRECTION ( 'NONE',  ( 0.000000000000000000, 0.000000000000000000, -1.000000000000000000 ) ) ;
#5755 = AXIS2_PLACEMENT_3D ( 'NONE', #917, #5250, #2309 ) ;
#5756 = ORIENTED_EDGE ( 'NONE', *, *, #512, .T. ) ;
#5757 = CIRCLE ( 'NONE', #3485, 2.149999999999999023 ) ;
#5758 = CYLINDRICAL_SURFACE ( 'NONE', #4058, 2.150000000000000799 ) ;
#5759 = VERTEX_POINT ( 'NONE', #5182 ) ;
#5760 = DIRECTION ( 'NONE',  ( -0.000000000000000000, 1.000000000000000000, -0.000000000000000000 ) ) ;
#5761 = CARTESIAN_POINT ( 'NONE',  ( 30.00000000000008171, -3.000000000000000000, 22.85000000000000142 ) ) ;
#5762 = ORIENTED_EDGE ( 'NONE', *, *, #84, .T. ) ;
#5763 = EDGE_CURVE ( 'NONE', #336, #2312, #1831, .T. ) ;
#5764 = AXIS2_PLACEMENT_3D ( 'NONE', #1940, #3833, #2030 ) ;
#5765 = ORIENTED_EDGE ( 'NONE', *, *, #5030, .F. ) ;
#5766 = ORIENTED_EDGE ( 'NONE', *, *, #4710, .T. ) ;
#5767 = DIRECTION ( 'NONE',  ( 0.000000000000000000, 0.000000000000000000, 1.000000000000000000 ) ) ;
#5768 = CARTESIAN_POINT ( 'NONE',  ( 39.99999999999997868, 5.000000000000000000, -4.999999999999997335 ) ) ;
#5769 = CYLINDRICAL_SURFACE ( 'NONE', #900, 2.049999999999999822 ) ;
#5770 = ADVANCED_FACE ( 'NONE', ( #908 ), #1003, .F. ) ;
#5771 = DIRECTION ( 'NONE',  ( -0.000000000000000000, 1.000000000000000000, -0.000000000000000000 ) ) ;
#5772 = CARTESIAN_POINT ( 'NONE',  ( 29.99999999999991473, 5.000000000000000000, -25.00000000000000000 ) ) ;
#5773 = PLANE ( 'NONE',  #3446 ) ;
#5774 = CARTESIAN_POINT ( 'NONE',  ( -50.00000000000009237, -3.000000000000000000, -27.15000000000000213 ) ) ;
#5775 = ORIENTED_EDGE ( 'NONE', *, *, #4488, .F. ) ;
#5776 = ADVANCED_FACE ( 'NONE', ( #5707 ), #5210, .F. ) ;
#5777 = ORIENTED_EDGE ( 'NONE', *, *, #2356, .T. ) ;
#5778 = ORIENTED_EDGE ( 'NONE', *, *, #3823, .F. ) ;
#5779 = DIRECTION ( 'NONE',  ( 0.000000000000000000, 0.000000000000000000, -1.000000000000000000 ) ) ;
#5780 = AXIS2_PLACEMENT_3D ( 'NONE', #3598, #3193, #4605 ) ;
#5781 = DIRECTION ( 'NONE',  ( 0.7071067811865524577, 0.000000000000000000, -0.7071067811865425767 ) ) ;
#5782 = CARTESIAN_POINT ( 'NONE',  ( -54.89999999999999858, -7.000000000000000000, 15.00000000000000178 ) ) ;
#5783 = FACE_OUTER_BOUND ( 'NONE', #5697, .T. ) ;
#5784 = ORIENTED_EDGE ( 'NONE', *, *, #2361, .F. ) ;
#5785 = FACE_OUTER_BOUND ( 'NONE', #697, .T. ) ;
#5786 = ORIENTED_EDGE ( 'NONE', *, *, #2737, .F. ) ;
#5787 = DIRECTION ( 'NONE',  ( -0.000000000000000000, 1.000000000000000000, -0.000000000000000000 ) ) ;
#5788 = DIRECTION ( 'NONE',  ( 0.000000000000000000, -1.000000000000000000, 0.000000000000000000 ) ) ;
#5789 = EDGE_CURVE ( 'NONE', #4412, #4743, #3470, .T. ) ;
#5790 = EDGE_CURVE ( 'NONE', #1352, #2873, #4780, .T. ) ;
#5791 = VERTEX_POINT ( 'NONE', #5646 ) ;
#5792 = LINE ( 'NONE', #3510, #995 ) ;
#5793 = DIRECTION ( 'NONE',  ( 0.000000000000000000, 0.000000000000000000, 1.000000000000000000 ) ) ;
#5794 = CARTESIAN_POINT ( 'NONE',  ( -24.59459459459456454, 34.43243243243242091, 0.000000000000000000 ) ) ;
#5795 = CYLINDRICAL_SURFACE ( 'NONE', #1991, 2.149999999999997247 ) ;
#5796 = FACE_OUTER_BOUND ( 'NONE', #1487, .T. ) ;
#5797 = CARTESIAN_POINT ( 'NONE',  ( 9.999999999999973355, -3.000000000000000000, -2.849999999999997868 ) ) ;
#5798 = DIRECTION ( 'NONE',  ( -0.000000000000000000, 1.000000000000000000, -0.000000000000000000 ) ) ;
#5799 = EDGE_CURVE ( 'NONE', #1909, #782, #1390, .T. ) ;
#5800 = ORIENTED_EDGE ( 'NONE', *, *, #2143, .T. ) ;
#5801 = EDGE_CURVE ( 'NONE', #3762, #2462, #2183, .T. ) ;
#5802 = ORIENTED_EDGE ( 'NONE', *, *, #3254, .T. ) ;
#5803 = EDGE_LOOP ( 'NONE', ( #5016, #3686, #310, #946 ) ) ;
#5804 = DIRECTION ( 'NONE',  ( 0.000000000000000000, 0.000000000000000000, 1.000000000000000000 ) ) ;
#5805 = CARTESIAN_POINT ( 'NONE',  ( -9.999999999999953815, -3.000000000000000000, 15.00000000000000178 ) ) ;
#5806 = CYLINDRICAL_SURFACE ( 'NONE', #4569, 2.149999999999999023 ) ;
#5807 = ADVANCED_FACE ( 'NONE', ( #3040 ), #3481, .F. ) ;
#5808 = DIRECTION ( 'NONE',  ( 0.000000000000000000, 0.000000000000000000, -1.000000000000000000 ) ) ;
#5809 = ORIENTED_EDGE ( 'NONE', *, *, #4645, .T. ) ;
#5810 = DIRECTION ( 'NONE',  ( -1.000000000000000000, -0.000000000000000000, -0.000000000000000000 ) ) ;
#5811 = ORIENTED_EDGE ( 'NONE', *, *, #3841, .T. ) ;
#5812 = AXIS2_PLACEMENT_3D ( 'NONE', #668, #3989, #5873 ) ;
#5813 = CYLINDRICAL_SURFACE ( 'NONE', #2621, 2.149999999999999023 ) ;
#5814 = DIRECTION ( 'NONE',  ( 0.000000000000000000, 0.000000000000000000, -1.000000000000000000 ) ) ;
#5815 = DIRECTION ( 'NONE',  ( 0.000000000000000000, 0.000000000000000000, -1.000000000000000000 ) ) ;
#5816 = CIRCLE ( 'NONE', #773, 2.149999999999999023 ) ;
#5817 = ORIENTED_EDGE ( 'NONE', *, *, #3205, .T. ) ;
#5818 = CYLINDRICAL_SURFACE ( 'NONE', #1286, 2.149999999999997247 ) ;
#5819 = CIRCLE ( 'NONE', #1271, 2.149999999999999023 ) ;
#5820 = CYLINDRICAL_SURFACE ( 'NONE', #3557, 2.150000000000000799 ) ;
#5821 = DIRECTION ( 'NONE',  ( -1.000000000000000000, -0.000000000000000000, -0.000000000000000000 ) ) ;
#5822 = ORIENTED_EDGE ( 'NONE', *, *, #2783, .T. ) ;
#5823 = ADVANCED_FACE ( 'NONE', ( #196 ), #2452, .F. ) ;
#5824 = AXIS2_PLACEMENT_3D ( 'NONE', #3785, #2321, #5675 ) ;
#5825 = DIRECTION ( 'NONE',  ( 0.000000000000000000, 0.000000000000000000, 1.000000000000000000 ) ) ;
#5826 = CIRCLE ( 'NONE', #3064, 2.149999999999999023 ) ;
#5827 = CARTESIAN_POINT ( 'NONE',  ( -10.00000000000002309, 7.000000000000000000, -4.999999999999997335 ) ) ;
#5828 = CYLINDRICAL_SURFACE ( 'NONE', #3354, 2.150000000000000799 ) ;
#5829 = DIRECTION ( 'NONE',  ( -0.000000000000000000, 1.000000000000000000, -0.000000000000000000 ) ) ;
#5830 = EDGE_CURVE ( 'NONE', #2043, #1447, #104, .T. ) ;
#5831 = AXIS2_PLACEMENT_3D ( 'NONE', #5474, #1224, #3115 ) ;
#5832 = ORIENTED_EDGE ( 'NONE', *, *, #5170, .T. ) ;
#5833 = AXIS2_PLACEMENT_3D ( 'NONE', #4922, #2071, #1547 ) ;
#5834 = ORIENTED_EDGE ( 'NONE', *, *, #4527, .F. ) ;
#5835 = EDGE_LOOP ( 'NONE', ( #3345, #3084 ) ) ;
#5836 = ORIENTED_EDGE ( 'NONE', *, *, #3546, .T. ) ;
#5838 = CARTESIAN_POINT ( 'NONE',  ( -30.00000000000005684, 7.000000000000000000, -15.00000000000000000 ) ) ;
#5837 = AXIS2_PLACEMENT_3D ( 'NONE', #3402, #1532, #5307 ) ;
#5839 = AXIS2_PLACEMENT_3D ( 'NONE', #4826, #2850, #956 ) ;
#5840 = DIRECTION ( 'NONE',  ( -0.000000000000000000, 1.000000000000000000, -0.000000000000000000 ) ) ;
#5841 = CARTESIAN_POINT ( 'NONE',  ( 40.00000000000000711, 7.000000000000000000, 5.000000000000000888 ) ) ;
#5842 = EDGE_CURVE ( 'NONE', #4078, #4921, #1090, .T. ) ;
#5843 = CARTESIAN_POINT ( 'NONE',  ( -53.89999999999998437, 5.000000000000004441, 32.00000000000000000 ) ) ;
#5844 = CIRCLE ( 'NONE', #4075, 2.150000000000000799 ) ;
#5845 = EDGE_LOOP ( 'NONE', ( #2218, #4820, #4322, #5093, #3201, #815 ) ) ;
#5846 = CIRCLE ( 'NONE', #1693, 2.149999999999999023 ) ;
#5847 = DIRECTION ( 'NONE',  ( 0.000000000000000000, 0.000000000000000000, -1.000000000000000000 ) ) ;
#5848 = EDGE_CURVE ( 'NONE', #5193, #2854, #4954, .T. ) ;
#5849 = AXIS2_PLACEMENT_3D ( 'NONE', #2232, #4529, #2733 ) ;
#5850 = ORIENTED_EDGE ( 'NONE', *, *, #4238, .T. ) ;
#5851 = LINE ( 'NONE', #4917, #108 ) ;
#5852 = FACE_BOUND ( 'NONE', #3295, .T. ) ;
#5853 = FACE_OUTER_BOUND ( 'NONE', #4085, .T. ) ;
#5854 = CIRCLE ( 'NONE', #1497, 2.149999999999999023 ) ;
#5855 = AXIS2_PLACEMENT_3D ( 'NONE', #2537, #2605, #281 ) ;
#5856 = EDGE_LOOP ( 'NONE', ( #1167, #1427 ) ) ;
#5857 = CARTESIAN_POINT ( 'NONE',  ( -62.89999999999999858, -7.000000000000000000, 15.00000000000000178 ) ) ;
#5858 = CIRCLE ( 'NONE', #6060, 2.150000000000000799 ) ;
#5859 = FACE_OUTER_BOUND ( 'NONE', #2996, .T. ) ;
#5860 = VERTEX_POINT ( 'NONE', #1955 ) ;
#5861 = DIRECTION ( 'NONE',  ( 0.000000000000000000, 0.000000000000000000, -1.000000000000000000 ) ) ;
#5862 = DIRECTION ( 'NONE',  ( 0.000000000000000000, -1.000000000000000000, 0.000000000000000000 ) ) ;
#5863 = DIRECTION ( 'NONE',  ( -1.000000000000000000, 0.000000000000000000, 2.775557561562900029E-15 ) ) ;
#5864 = EDGE_CURVE ( 'NONE', #2397, #3894, #5347, .T. ) ;
#5865 = LINE ( 'NONE', #4382, #222 ) ;
#5866 = CARTESIAN_POINT ( 'NONE',  ( 1.387778780781445676E-14, 5.000000000000000000, 5.000000000000000888 ) ) ;
#5867 = CARTESIAN_POINT ( 'NONE',  ( 19.99999999999992184, 7.000000000000000000, -22.85000000000000142 ) ) ;
#5868 = VERTEX_POINT ( 'NONE', #1550 ) ;
#5869 = VERTEX_POINT ( 'NONE', #4805 ) ;
#5870 = EDGE_CURVE ( 'NONE', #5989, #4416, #655, .T. ) ;
#5871 = VERTEX_POINT ( 'NONE', #5302 ) ;
#5872 = CARTESIAN_POINT ( 'NONE',  ( -30.00000000000002487, 7.000000000000000000, -4.999999999999997335 ) ) ;
#5873 = DIRECTION ( 'NONE',  ( 0.000000000000000000, 0.000000000000000000, 1.000000000000000000 ) ) ;
#5874 = DIRECTION ( 'NONE',  ( -1.000000000000000000, -0.000000000000000000, -0.000000000000000000 ) ) ;
#5875 = EDGE_LOOP ( 'NONE', ( #5507, #3685 ) ) ;
#5876 = VECTOR ( 'NONE', #5998, 1000.000000000000000 ) ;
#5877 = DIRECTION ( 'NONE',  ( 0.000000000000000000, 0.000000000000000000, 1.000000000000000000 ) ) ;
#5878 = ORIENTED_EDGE ( 'NONE', *, *, #5073, .F. ) ;
#5879 = CARTESIAN_POINT ( 'NONE',  ( 8.326672684688674053E-14, 7.000000000000000000, 25.00000000000000000 ) ) ;
#5880 = CARTESIAN_POINT ( 'NONE',  ( -30.00000000000005684, 7.000000000000000000, -17.14999999999999858 ) ) ;
#5881 = DIRECTION ( 'NONE',  ( -0.000000000000000000, 1.000000000000000000, -0.000000000000000000 ) ) ;
#5882 = EDGE_CURVE ( 'NONE', #4603, #5737, #3846, .T. ) ;
#5883 = ORIENTED_EDGE ( 'NONE', *, *, #3935, .T. ) ;
#5884 = DIRECTION ( 'NONE',  ( 0.000000000000000000, 0.000000000000000000, 1.000000000000000000 ) ) ;
#5885 = LINE ( 'NONE', #1239, #5738 ) ;
#5886 = CARTESIAN_POINT ( 'NONE',  ( 39.99999999999997868, -3.000000000000000000, -2.849999999999996092 ) ) ;
#5887 = CARTESIAN_POINT ( 'NONE',  ( -39.99999999999991473, 5.000000000000000000, 27.15000000000000213 ) ) ;
#5888 = ADVANCED_FACE ( 'NONE', ( #565 ), #5769, .F. ) ;
#5889 = VERTEX_POINT ( 'NONE', #2545 ) ;
#5890 = CARTESIAN_POINT ( 'NONE',  ( -54.89999999999999147, -3.500000000000000000, 20.00000000000000000 ) ) ;
#5891 = DIRECTION ( 'NONE',  ( -0.000000000000000000, 1.000000000000000000, -0.000000000000000000 ) ) ;
#5892 = CARTESIAN_POINT ( 'NONE',  ( -40.00000000000005684, -3.000000000000000000, -15.00000000000000000 ) ) ;
#5893 = DIRECTION ( 'NONE',  ( -0.000000000000000000, 1.000000000000000000, -0.000000000000000000 ) ) ;
#5894 = VERTEX_POINT ( 'NONE', #1526 ) ;
#5895 = ORIENTED_EDGE ( 'NONE', *, *, #2050, .F. ) ;
#5896 = ORIENTED_EDGE ( 'NONE', *, *, #5511, .F. ) ;
#5897 = VERTEX_POINT ( 'NONE', #5277 ) ;
#5898 = CARTESIAN_POINT ( 'NONE',  ( 29.99999999999998579, -3.000000000000000000, -7.149999999999998579 ) ) ;
#5899 = DIRECTION ( 'NONE',  ( 0.000000000000000000, 0.000000000000000000, -1.000000000000000000 ) ) ;
#5900 = DIRECTION ( 'NONE',  ( 0.000000000000000000, 1.000000000000000000, 0.000000000000000000 ) ) ;
#5901 = EDGE_CURVE ( 'NONE', #1920, #5625, #2087, .T. ) ;
#5902 = EDGE_CURVE ( 'NONE', #2629, #2766, #2922, .T. ) ;
#5903 = VERTEX_POINT ( 'NONE', #4832 ) ;
#5904 = FACE_BOUND ( 'NONE', #653, .T. ) ;
#5905 = EDGE_LOOP ( 'NONE', ( #3465, #894 ) ) ;
#5906 = CARTESIAN_POINT ( 'NONE',  ( 9.999999999999973355, 5.000000000000000000, -7.149999999999996803 ) ) ;
#5907 = CARTESIAN_POINT ( 'NONE',  ( -62.99999999999998579, 7.000000000000000000, 33.00000000000000000 ) ) ;
#5908 = DIRECTION ( 'NONE',  ( -0.000000000000000000, 1.000000000000000000, -0.000000000000000000 ) ) ;
#5909 = ORIENTED_EDGE ( 'NONE', *, *, #3855, .T. ) ;
#5910 = EDGE_CURVE ( 'NONE', #711, #1237, #593, .T. ) ;
#5911 = CIRCLE ( 'NONE', #1662, 2.149999999999997247 ) ;
#5912 = ORIENTED_EDGE ( 'NONE', *, *, #2099, .T. ) ;
#5913 = CARTESIAN_POINT ( 'NONE',  ( 50.00000000000001421, 5.000000000000000000, 5.000000000000000888 ) ) ;
#5914 = PLANE ( 'NONE',  #3861 ) ;
#5915 = DIRECTION ( 'NONE',  ( 0.000000000000000000, 1.000000000000000000, 0.000000000000000000 ) ) ;
#5916 = CYLINDRICAL_SURFACE ( 'NONE', #2387, 2.149999999999997247 ) ;
#5917 = CIRCLE ( 'NONE', #6015, 2.149999999999999023 ) ;
#5918 = ADVANCED_FACE ( 'NONE', ( #142 ), #3908, .T. ) ;
#5919 = VERTEX_POINT ( 'NONE', #2984 ) ;
#5920 = VECTOR ( 'NONE', #3450, 1000.000000000000000 ) ;
#5921 = FACE_OUTER_BOUND ( 'NONE', #2191, .T. ) ;
#5922 = ADVANCED_FACE ( 'NONE', ( #4871 ), #629, .F. ) ;
#5923 = CARTESIAN_POINT ( 'NONE',  ( 10.00000000000004441, 7.000000000000000000, 15.00000000000000178 ) ) ;
#5924 = DIRECTION ( 'NONE',  ( -0.000000000000000000, -1.000000000000000000, 0.000000000000000000 ) ) ;
#5925 = FACE_BOUND ( 'NONE', #2276, .T. ) ;
#5926 = VECTOR ( 'NONE', #3907, 1000.000000000000000 ) ;
#5927 = EDGE_LOOP ( 'NONE', ( #625, #5034, #340, #986 ) ) ;
#5928 = VERTEX_POINT ( 'NONE', #2045 ) ;
#5929 = AXIS2_PLACEMENT_3D ( 'NONE', #4556, #351, #2226 ) ;
#5930 = VERTEX_POINT ( 'NONE', #2205 ) ;
#5931 = CARTESIAN_POINT ( 'NONE',  ( -30.00000000000008882, 7.000000000000000000, -25.00000000000000000 ) ) ;
#5932 = CARTESIAN_POINT ( 'NONE',  ( -62.99999999999998579, 7.000000000000000000, 33.00000000000000000 ) ) ;
#5933 = DIRECTION ( 'NONE',  ( 0.000000000000000000, 0.000000000000000000, 1.000000000000000000 ) ) ;
#5934 = AXIS2_PLACEMENT_3D ( 'NONE', #5501, #1747, #1724 ) ;
#5935 = VECTOR ( 'NONE', #3390, 1000.000000000000000 ) ;
#5936 = VERTEX_POINT ( 'NONE', #3164 ) ;
#5937 = VECTOR ( 'NONE', #5874, 1000.000000000000000 ) ;
#5938 = VECTOR ( 'NONE', #2334, 1000.000000000000000 ) ;
#5939 = FACE_BOUND ( 'NONE', #3404, .T. ) ;
#5940 = ORIENTED_EDGE ( 'NONE', *, *, #569, .T. ) ;
#5941 = PLANE ( 'NONE',  #3012 ) ;
#5942 = PLANE ( 'NONE',  #2596 ) ;
#5943 = AXIS2_PLACEMENT_3D ( 'NONE', #2319, #1978, #4728 ) ;
#5944 = DIRECTION ( 'NONE',  ( 0.000000000000000000, 0.000000000000000000, 1.000000000000000000 ) ) ;
#5945 = AXIS2_PLACEMENT_3D ( 'NONE', #1459, #2860, #448 ) ;
#5946 = CIRCLE ( 'NONE', #1203, 2.149999999999999023 ) ;
#5947 = AXIS2_PLACEMENT_3D ( 'NONE', #238, #3517, #5825 ) ;
#5948 = VERTEX_POINT ( 'NONE', #3606 ) ;
#5949 = CIRCLE ( 'NONE', #2188, 2.150000000000000799 ) ;
#5950 = DIRECTION ( 'NONE',  ( 0.000000000000000000, -1.000000000000000000, 0.000000000000000000 ) ) ;
#5951 = ADVANCED_FACE ( 'NONE', ( #747 ), #5916, .F. ) ;
#5952 = AXIS2_PLACEMENT_3D ( 'NONE', #2788, #6030, #4670 ) ;
#5953 = DIRECTION ( 'NONE',  ( -0.000000000000000000, 1.000000000000000000, -0.000000000000000000 ) ) ;
#5954 = CARTESIAN_POINT ( 'NONE',  ( 62.89999999999999858, 0.000000000000000000, 15.00000000000001599 ) ) ;
#5955 = AXIS2_PLACEMENT_3D ( 'NONE', #1572, #161, #5814 ) ;
#5956 = CARTESIAN_POINT ( 'NONE',  ( -30.00000000000008882, 5.000000000000000000, -22.85000000000000142 ) ) ;
#5957 = EDGE_LOOP ( 'NONE', ( #2364, #5219 ) ) ;
#5958 = AXIS2_PLACEMENT_3D ( 'NONE', #4760, #1445, #5721 ) ;
#5959 = CARTESIAN_POINT ( 'NONE',  ( 10.00000000000007816, 5.000000000000000000, 27.15000000000000213 ) ) ;
#5960 = CARTESIAN_POINT ( 'NONE',  ( 9.999999999999904077, 7.000000000000000000, -27.15000000000000213 ) ) ;
#5961 = CARTESIAN_POINT ( 'NONE',  ( -50.00000000000002132, 5.000000000000000000, -4.999999999999997335 ) ) ;
#5962 = FACE_BOUND ( 'NONE', #5323, .T. ) ;
#5963 = EDGE_CURVE ( 'NONE', #2469, #1608, #3771, .T. ) ;
#5964 = ORIENTED_EDGE ( 'NONE', *, *, #3866, .T. ) ;
#5965 = ORIENTED_EDGE ( 'NONE', *, *, #2228, .F. ) ;
#5966 = DIRECTION ( 'NONE',  ( 0.000000000000000000, 0.000000000000000000, -1.000000000000000000 ) ) ;
#5967 = CARTESIAN_POINT ( 'NONE',  ( -9.020562075079396891E-14, 7.000000000000000000, -25.00000000000000000 ) ) ;
#5968 = CARTESIAN_POINT ( 'NONE',  ( -29.99999999999991829, 7.000000000000000000, 25.00000000000000000 ) ) ;
#5969 = EDGE_CURVE ( 'NONE', #829, #265, #5155, .T. ) ;
#5970 = ORIENTED_EDGE ( 'NONE', *, *, #5991, .T. ) ;
#5971 = ORIENTED_EDGE ( 'NONE', *, *, #5987, .F. ) ;
#5972 = ORIENTED_EDGE ( 'NONE', *, *, #3433, .T. ) ;
#5973 = CARTESIAN_POINT ( 'NONE',  ( 20.00000000000008882, -3.000000000000000000, 25.00000000000000000 ) ) ;
#5974 = LINE ( 'NONE', #3061, #229 ) ;
#5975 = FACE_OUTER_BOUND ( 'NONE', #5076, .T. ) ;
#5976 = ORIENTED_EDGE ( 'NONE', *, *, #3140, .T. ) ;
#5977 = CARTESIAN_POINT ( 'NONE',  ( -50.00000000000005684, 7.000000000000000000, -15.00000000000000000 ) ) ;
#5978 = DIRECTION ( 'NONE',  ( 0.000000000000000000, 0.000000000000000000, 1.000000000000000000 ) ) ;
#5979 = DIRECTION ( 'NONE',  ( -0.000000000000000000, 1.000000000000000000, -0.000000000000000000 ) ) ;
#5980 = CARTESIAN_POINT ( 'NONE',  ( 45.00000000000007105, 5.000000000000000000, 19.99999999999999645 ) ) ;
#5981 = EDGE_CURVE ( 'NONE', #711, #5119, #3383, .T. ) ;
#5982 = EDGE_CURVE ( 'NONE', #3277, #4489, #2640, .T. ) ;
#5983 = CARTESIAN_POINT ( 'NONE',  ( -40.00000000000002132, 7.000000000000000000, -2.849999999999996092 ) ) ;
#5984 = LINE ( 'NONE', #868, #2588 ) ;
#5985 = CYLINDRICAL_SURFACE ( 'NONE', #2160, 2.149999999999999023 ) ;
#5986 = DIRECTION ( 'NONE',  ( 0.000000000000000000, -1.000000000000000000, 0.000000000000000000 ) ) ;
#5987 = EDGE_CURVE ( 'NONE', #3837, #760, #5018, .T. ) ;
#5988 = ORIENTED_EDGE ( 'NONE', *, *, #5091, .F. ) ;
#5989 = VERTEX_POINT ( 'NONE', #5887 ) ;
#5990 = DIRECTION ( 'NONE',  ( -0.000000000000000000, 1.000000000000000000, -0.000000000000000000 ) ) ;
#5991 = EDGE_CURVE ( 'NONE', #3256, #2610, #1098, .T. ) ;
#5992 = CARTESIAN_POINT ( 'NONE',  ( -62.99999999999998579, 7.000000000000000000, -33.00000000000000000 ) ) ;
#5993 = LINE ( 'NONE', #1345, #4967 ) ;
#5994 = EDGE_CURVE ( 'NONE', #3713, #1887, #4755, .T. ) ;
#5995 = ORIENTED_EDGE ( 'NONE', *, *, #523, .T. ) ;
#5996 = ORIENTED_EDGE ( 'NONE', *, *, #462, .F. ) ;
#5997 = ORIENTED_EDGE ( 'NONE', *, *, #2923, .T. ) ;
#5998 = DIRECTION ( 'NONE',  ( -0.000000000000000000, 1.000000000000000000, -0.000000000000000000 ) ) ;
#5999 = EDGE_CURVE ( 'NONE', #4275, #3233, #5050, .T. ) ;
#6000 = CARTESIAN_POINT ( 'NONE',  ( 1.387778780781445676E-14, -3.000000000000000000, 5.000000000000000888 ) ) ;
#6001 = CARTESIAN_POINT ( 'NONE',  ( -9.999999999999987566, -3.000000000000000000, 2.850000000000001421 ) ) ;
#6002 = ORIENTED_EDGE ( 'NONE', *, *, #3779, .T. ) ;
#6003 = DIRECTION ( 'NONE',  ( 1.000000000000000000, 0.000000000000000000, -0.000000000000000000 ) ) ;
#6004 = CARTESIAN_POINT ( 'NONE',  ( -49.99999999999992184, 5.000000000000000000, 22.85000000000000142 ) ) ;
#6005 = ORIENTED_EDGE ( 'NONE', *, *, #3033, .T. ) ;
#6006 = DIRECTION ( 'NONE',  ( 0.000000000000000000, 0.000000000000000000, -1.000000000000000000 ) ) ;
#6007 = VERTEX_POINT ( 'NONE', #2612 ) ;
#6008 = ORIENTED_EDGE ( 'NONE', *, *, #4540, .T. ) ;
#6009 = FACE_OUTER_BOUND ( 'NONE', #1721, .T. ) ;
#6010 = CARTESIAN_POINT ( 'NONE',  ( 30.00000000000005329, -3.000000000000000000, 15.00000000000000178 ) ) ;
#6011 = AXIS2_PLACEMENT_3D ( 'NONE', #1438, #3335, #2022 ) ;
#6012 = EDGE_CURVE ( 'NONE', #4481, #3720, #4559, .T. ) ;
#6013 = FACE_OUTER_BOUND ( 'NONE', #5126, .T. ) ;
#6014 = FACE_BOUND ( 'NONE', #3822, .T. ) ;
#6015 = AXIS2_PLACEMENT_3D ( 'NONE', #269, #599, #1621 ) ;
#6016 = EDGE_LOOP ( 'NONE', ( #4510, #6017 ) ) ;
#6017 = ORIENTED_EDGE ( 'NONE', *, *, #5429, .F. ) ;
#6018 = CARTESIAN_POINT ( 'NONE',  ( -9.999999999999918288, 5.000000000000000000, 22.85000000000000142 ) ) ;
#6019 = EDGE_CURVE ( 'NONE', #4441, #833, #5949, .T. ) ;
#6020 = DIRECTION ( 'NONE',  ( 0.000000000000000000, 0.000000000000000000, 1.000000000000000000 ) ) ;
#6021 = CARTESIAN_POINT ( 'NONE',  ( -20.00000000000009237, -3.000000000000000000, -25.00000000000000000 ) ) ;
#6022 = CIRCLE ( 'NONE', #5531, 2.150000000000000799 ) ;
#6023 = VERTEX_POINT ( 'NONE', #5956 ) ;
#6024 = EDGE_LOOP ( 'NONE', ( #1231, #4086, #5372, #1816 ) ) ;
#6025 = EDGE_LOOP ( 'NONE', ( #75, #4894 ) ) ;
#6026 = CYLINDRICAL_SURFACE ( 'NONE', #4498, 2.150000000000000799 ) ;
#6027 = EDGE_CURVE ( 'NONE', #2500, #498, #2681, .T. ) ;
#6028 = CIRCLE ( 'NONE', #5733, 2.149999999999999911 ) ;
#6029 = CARTESIAN_POINT ( 'NONE',  ( 19.99999999999998934, -3.000000000000000000, -4.999999999999997335 ) ) ;
#6030 = DIRECTION ( 'NONE',  ( 0.000000000000000000, -1.000000000000000000, 0.000000000000000000 ) ) ;
#6031 = CIRCLE ( 'NONE', #1279, 2.150000000000001243 ) ;
#6032 = CIRCLE ( 'NONE', #501, 2.149999999999999467 ) ;
#6033 = EDGE_CURVE ( 'NONE', #5936, #265, #4557, .T. ) ;
#6034 = CIRCLE ( 'NONE', #2077, 2.149999999999999911 ) ;
#6035 = VERTEX_POINT ( 'NONE', #2575 ) ;
#6036 = CARTESIAN_POINT ( 'NONE',  ( -30.00000000000005684, 7.000000000000000000, -12.85000000000000142 ) ) ;
#6037 = DIRECTION ( 'NONE',  ( -0.000000000000000000, 1.000000000000000000, -0.000000000000000000 ) ) ;
#6038 = VECTOR ( 'NONE', #1907, 1000.000000000000000 ) ;
#6039 = VECTOR ( 'NONE', #1522, 1000.000000000000000 ) ;
#6040 = PLANE ( 'NONE',  #2765 ) ;
#6041 = ORIENTED_EDGE ( 'NONE', *, *, #3836, .F. ) ;
#6042 = VECTOR ( 'NONE', #5044, 1000.000000000000000 ) ;
#6043 = AXIS2_PLACEMENT_3D ( 'NONE', #289, #4470, #5517 ) ;
#6044 = AXIS2_PLACEMENT_3D ( 'NONE', #1573, #5358, #1118 ) ;
#6045 = ORIENTED_EDGE ( 'NONE', *, *, #5414, .F. ) ;
#6046 = DIRECTION ( 'NONE',  ( 0.000000000000000000, -1.000000000000000000, 0.000000000000000000 ) ) ;
#6047 = VECTOR ( 'NONE', #5020, 1000.000000000000000 ) ;
#6048 = DIRECTION ( 'NONE',  ( -0.000000000000000000, 1.000000000000000000, -0.000000000000000000 ) ) ;
#6049 = CIRCLE ( 'NONE', #5056, 2.149999999999999023 ) ;
#6050 = DIRECTION ( 'NONE',  ( -0.000000000000000000, 1.000000000000000000, -0.000000000000000000 ) ) ;
#6051 = CARTESIAN_POINT ( 'NONE',  ( 50.00000000000001421, -3.000000000000000000, 2.849999999999999645 ) ) ;
#6052 = CIRCLE ( 'NONE', #3488, 2.149999999999999023 ) ;
#6053 = VECTOR ( 'NONE', #5072, 1000.000000000000000 ) ;
#6054 = VERTEX_POINT ( 'NONE', #4005 ) ;
#6056 = EDGE_LOOP ( 'NONE', ( #4021, #1387, #3386, #27 ) ) ;
#6055 = FACE_BOUND ( 'NONE', #3829, .T. ) ;
#6057 = ORIENTED_EDGE ( 'NONE', *, *, #3325, .F. ) ;
#6058 = DIRECTION ( 'NONE',  ( -0.000000000000000000, 1.000000000000000000, -0.000000000000000000 ) ) ;
#6059 = DIRECTION ( 'NONE',  ( 0.000000000000000000, 0.000000000000000000, -1.000000000000000000 ) ) ;
#6060 = AXIS2_PLACEMENT_3D ( 'NONE', #5038, #2818, #4695 ) ;
#6061 = CARTESIAN_POINT ( 'NONE',  ( 10.00000000000004441, 5.000000000000000000, 12.84999999999999964 ) ) ;
#6062 = EDGE_CURVE ( 'NONE', #2910, #179, #1394, .T. ) ;
#6063 = EDGE_LOOP ( 'NONE', ( #4909, #2493 ) ) ;
#6064 = EDGE_CURVE ( 'NONE', #2462, #3762, #1992, .T. ) ;
#6065 = VERTEX_POINT ( 'NONE', #183 ) ;
#6066 = ORIENTED_EDGE ( 'NONE', *, *, #1722, .F. ) ;
#6067 = CARTESIAN_POINT ( 'NONE',  ( 62.90000000000002700, -7.000000000000000000, -24.99999999999998579 ) ) ;
#6068 = DIRECTION ( 'NONE',  ( 0.000000000000000000, 0.000000000000000000, 1.000000000000000000 ) ) ;
#6069 = CARTESIAN_POINT ( 'NONE',  ( 53.90000000000001279, 5.000000000000004441, -32.00000000000000000 ) ) ;
#6070 = VERTEX_POINT ( 'NONE', #3460 ) ;
#6071 = FACE_OUTER_BOUND ( 'NONE', #206, .T. ) ;
#6072 = LINE ( 'NONE', #896, #5540 ) ;
#6073 = CARTESIAN_POINT ( 'NONE',  ( -50.00000000000002132, 5.000000000000000000, -2.849999999999996092 ) ) ;
#6074 = EDGE_CURVE ( 'NONE', #4352, #2480, #5844, .T. ) ;
#6075 = VERTEX_POINT ( 'NONE', #5843 ) ;
#6076 = EDGE_CURVE ( 'NONE', #4026, #1100, #3180, .T. ) ;
#6077 = ORIENTED_EDGE ( 'NONE', *, *, #2929, .T. ) ;
#6078 = DIRECTION ( 'NONE',  ( 0.000000000000000000, 0.000000000000000000, 1.000000000000000000 ) ) ;
#6079 = VECTOR ( 'NONE', #1292, 1000.000000000000000 ) ;
#6080 = DIRECTION ( 'NONE',  ( 0.000000000000000000, 1.000000000000000000, 0.000000000000000000 ) ) ;
#6081 = FACE_OUTER_BOUND ( 'NONE', #2914, .T. ) ;
#6082 = EDGE_CURVE ( 'NONE', #2311, #5199, #2937, .T. ) ;
#6083 = DIRECTION ( 'NONE',  ( 0.000000000000000000, 0.000000000000000000, 1.000000000000000000 ) ) ;
#6084 = VERTEX_POINT ( 'NONE', #5379 ) ;
#6085 = APPLICATION_PROTOCOL_DEFINITION ( 'draft international standard', 'automotive_design', 1998, #113 ) ;
#6086 = ORIENTED_EDGE ( 'NONE', *, *, #4804, .F. ) ;
#6087 = FACE_BOUND ( 'NONE', #3643, .T. ) ;
#6088 = EDGE_LOOP ( 'NONE', ( #3216, #93, #5275, #1025 ) ) ;
#6089 = CARTESIAN_POINT ( 'NONE',  ( -62.89999999999999858, -7.000000000000000000, 15.00000000000000178 ) ) ;
#6090 = DIRECTION ( 'NONE',  ( 0.000000000000000000, 0.000000000000000000, -1.000000000000000000 ) ) ;
#6091 = CARTESIAN_POINT ( 'NONE',  ( 20.00000000000001776, -3.000000000000000000, 7.149999999999998579 ) ) ;
#6092 = ORIENTED_EDGE ( 'NONE', *, *, #1801, .T. ) ;
#6093 = EDGE_LOOP ( 'NONE', ( #5108, #642, #4892, #1376 ) ) ;
#6094 = EDGE_LOOP ( 'NONE', ( #2442, #1626 ) ) ;
#6095 = FACE_OUTER_BOUND ( 'NONE', #3351, .T. ) ;
#6096 = LINE ( 'NONE', #3688, #1800 ) ;
#6097 = ADVANCED_FACE ( 'NONE', ( #615 ), #2060, .F. ) ;
#6098 = CYLINDRICAL_SURFACE ( 'NONE', #609, 2.149999999999999023 ) ;
#6099 = ADVANCED_FACE ( 'NONE', ( #5783 ), #2467, .F. ) ;
#6100 = ORIENTED_EDGE ( 'NONE', *, *, #706, .F. ) ;
#6101 = DIRECTION ( 'NONE',  ( -1.000000000000000000, -0.000000000000000000, -0.000000000000000000 ) ) ;
#6102 = DIRECTION ( 'NONE',  ( -0.000000000000000000, 1.000000000000000000, -0.000000000000000000 ) ) ;
#6103 = DIRECTION ( 'NONE',  ( 0.000000000000000000, 1.000000000000000000, 0.000000000000000000 ) ) ;
#6104 = ORIENTED_EDGE ( 'NONE', *, *, #1359, .T. ) ;
#6105 = ORIENTED_EDGE ( 'NONE', *, *, #2329, .T. ) ;
#6106 = DIRECTION ( 'NONE',  ( 0.000000000000000000, -1.000000000000000000, 0.000000000000000000 ) ) ;
#6107 = CARTESIAN_POINT ( 'NONE',  ( -29.99999999999995381, -3.000000000000000000, 17.14999999999999858 ) ) ;
#6108 = EDGE_CURVE ( 'NONE', #1160, #2784, #1111, .T. ) ;
#6109 = CARTESIAN_POINT ( 'NONE',  ( -62.89999999999999858, -7.000000000000000000, -15.00000000000000178 ) ) ;
#6110 = FACE_BOUND ( 'NONE', #3915, .T. ) ;
#6111 = VERTEX_POINT ( 'NONE', #5292 ) ;
#6112 = ORIENTED_EDGE ( 'NONE', *, *, #166, .F. ) ;
#6113 = ADVANCED_FACE ( 'NONE', ( #670 ), #1076, .F. ) ;
#6114 = VECTOR ( 'NONE', #5283, 1000.000000000000000 ) ;
#6115 = FACE_BOUND ( 'NONE', #3622, .T. ) ;
#6116 = ORIENTED_EDGE ( 'NONE', *, *, #2953, .T. ) ;
#6117 = DIRECTION ( 'NONE',  ( 0.000000000000000000, -1.000000000000000000, 0.000000000000000000 ) ) ;
#6118 = DIRECTION ( 'NONE',  ( 0.000000000000000000, 0.000000000000000000, -1.000000000000000000 ) ) ;
#6119 = CYLINDRICAL_SURFACE ( 'NONE', #2481, 2.149999999999999023 ) ;
#6120 = ORIENTED_EDGE ( 'NONE', *, *, #4025, .F. ) ;
#6121 = VERTEX_POINT ( 'NONE', #2560 ) ;
#6122 = ORIENTED_EDGE ( 'NONE', *, *, #5429, .T. ) ;
#6123 = VECTOR ( 'NONE', #3884, 1000.000000000000000 ) ;
#6124 = CARTESIAN_POINT ( 'NONE',  ( -10.00000000000002309, 5.000000000000000000, -4.999999999999997335 ) ) ;
#6125 = LINE ( 'NONE', #2315, #5360 ) ;
#6126 = FILL_AREA_STYLE ('',( #5222 ) ) ;
#6127 = CIRCLE ( 'NONE', #589, 2.149999999999999023 ) ;
#6128 = ORIENTED_EDGE ( 'NONE', *, *, #2547, .T. ) ;
#6129 = ORIENTED_EDGE ( 'NONE', *, *, #1528, .F. ) ;
#6130 = CARTESIAN_POINT ( 'NONE',  ( 53.90000000000001279, 0.000000000000000000, -32.00000000000000000 ) ) ;
#6131 = CARTESIAN_POINT ( 'NONE',  ( -53.89999999999998437, 0.000000000000000000, -32.00000000000000000 ) ) ;
#6132 = LINE ( 'NONE', #1886, #4055 ) ;
#6133 = ORIENTED_EDGE ( 'NONE', *, *, #5583, .F. ) ;
#6134 = CIRCLE ( 'NONE', #5238, 2.150000000000000799 ) ;
ENDSEC;
END-ISO-10303-21;
