:04000005080023F1DB
:020000040800F2
:1000000000000824F1230008951F00089D1F000828
:10001000A51F0008AD1F0008B51F00080000000064
:10002000000000000000000000000000215C01084A
:10003000BD1F000800000000715E01084121010899
:1000400041240008412400084124000841240008FC
:1000500041240008412400084124000841240008EC
:10006000CB1F00084124000841240008D91F0008C4
:10007000ED1F0008012000081520000829200008B5
:100080003D20000851200008412400086520000898
:100090004124000879200008412400084124000878
:1000A000412400084124000841240008412400089C
:1000B000412400084124000841240008412400088C
:1000C0004124000841240008412400088D20000834
:1000D00041240008A1200008B520000841240008A0
:1000E00041240008412400080000000041240008C9
:1000F000412400084124000841240008C9200008C8
:10010000412400084124000841240008412400083B
:100110004124000841240008DD2000084124000893
:10012000F1200008052100084124000841240008AE
:10013000412400084124000841240008412400080B
:1001400000000000000000000000000000000000AF
:1001500041240008412400084124000841240008EB
:10016000192100082D21000841240008412400081D
:100170004124000841240008412400080000000038
:1001800041240008412400084124000841210008BE
:1001900041240008412400084124000841240008AB
:1001A000412400084124000841240008412400089B
:1001B000412400084124000841240008412400088B
:1001C000412400084124000841240008412400087B
:1001D000412400084124000841240008412400086B
:1001E000412400084124000841240008412400085B
:1001F000412400084124000841240008412400084B
:10020000412400084124000841240008412400083A
:10021000412400084124000841240008412400082A
:100220004124000841240008412400080000000087
:100230004124000841240008000000004124000877
:1002400041240008412400084124000841240008FA
:1002500041240008412400084124000841240008EA
:1002600041240008412400084124000841240008DA
:100270004124000841240008412400080000000037
:100280004124000841240008412400080000000027
:080290000000000041240008F9
:1002A00010B5054C237833B9044B13B10448AFF3B0
:1002B00000800123237010BDF00100240000000025
:1002C00078D3030808B5034B1BB103490348AFF3C8
:1002D000008008BD00000000F401002478D303086A
:1002E00001F0FF01102A2BDB10F0070F08D010F8E7
:1002F000013B013A8B422DD010F0070F42B3F6D1EB
:10030000F0B441EA012141EA014122F007047FF003
:1003100000070023F0E80256083C85EA010586EA5A
:10032000010685FA47F5A3FA87F586FA47F6A5FA96
:1003300087F68EB9EED1F0BC01F0FF0102F00702A2
:1003400032B110F8013B013A83EA010313B1F8D14D
:100350000020704701387047002D06BF354603382E
:10036000073815F0010F07D1013015F4807F02BF67
:10037000013015F4C03F0130F0BC0138704700BFB8
:10038000034613F8012B002AFBD1181A01387047D5
:1003900081F0004102E000BF83F0004330B54FEA36
:1003A00041044FEA430594EA050F08BF90EA020FA3
:1003B0001FBF54EA000C55EA020C7FEA645C7FEA36
:1003C000655C00F0E2804FEA5454D4EB5555B8BF59
:1003D0006D420CDD2C4480EA020281EA030382EACA
:1003E000000083EA010180EA020281EA0303362D5C
:1003F00088BF30BD11F0004F4FEA01314FF4801C2F
:100400004CEA113102D0404261EB410113F0004F40
:100410004FEA03334CEA133302D0524263EB4303F7
:1004200094EA050F00F0A780A4F10104D5F1200E95
:100430000DDB02FA0EFC22FA05F2801841F10001F0
:1004400003FA0EF2801843FA05F359410EE0A5F1C4
:1004500020050EF1200E012A03FA0EFC28BF4CF0F5
:10046000020C43FA05F3C01851EBE37101F00045AB
:1004700007D54FF0000EDCF1000C7EEB00006EEBB8
:100480000101B1F5801F1BD3B1F5001F0CD3490842
:100490005FEA30004FEA3C0C04F101044FEA445299
:1004A00012F5800F80F09A80BCF1004F08BF5FEA20
:1004B000500C50F1000041EB045141EA050130BD00
:1004C0005FEA4C0C404141EB0101013C28BFB1F512
:1004D000801FE9D291F0000F04BF01460020B1FA5D
:1004E00081F308BF2033A3F10B03B3F120020CDA30
:1004F0000C3208DD02F1140CC2F10C0201FA0CF00E
:1005000021FA02F10CE002F11402D8BFC2F1200C72
:1005100001FA02F120FA0CFCDCBF41EA0C01904028
:10052000E41AA2BF01EB0451294330BD6FEA040471
:100530001F3C1CDA0C340EDC04F11404C4F120025C
:1005400020FA04F001FA02F340EA030021FA04F36E
:1005500045EA030130BDC4F10C04C4F1200220FAC5
:1005600002F001FA04F340EA0300294630BD21FA03
:1005700004F0294630BD94F0000F83F4801306BFC9
:1005800081F480110134013D4EE77FEA645C18BFBD
:100590007FEA655C29D094EA050F08BF90EA020F54
:1005A00005D054EA000C04BF1946104630BD91EA4C
:1005B000030F1EBF0021002030BD5FEA545C05D14F
:1005C0004000494128BF41F0004130BD14F580048E
:1005D0003CBF01F5801130BD01F0004545F0FE4102
:1005E00041F470014FF0000030BD7FEA645C1ABF37
:1005F000194610467FEA655C1CBF0B46024650EA6E
:10060000013406BF52EA033591EA030F41F4002199
:1006100030BD00BF90F0000F04BF0021704730B51F
:100620004FF4806404F132044FF000054FF00001F4
:1006300050E700BF90F0000F04BF0021704730B5B5
:100640004FF4806404F1320410F0004548BF40428A
:100650004FF000013EE700BF42004FEAE2014FEADF
:1006600031014FEA02701FBF12F07F4393F07F4FBA
:1006700081F06051704732F07F4208BF704793F0BD
:100680007F4F04BF41F40021704730B54FF46074D0
:1006900001F0004521F000411CE700BF50EA0102D3
:1006A00008BF704730B54FF000050AE050EA01027C
:1006B00008BF704730B511F0004502D5404261EBEC
:1006C00041014FF4806404F132045FEA915C3FF42D
:1006D000D8AE4FF003025FEADC0C18BF03325FEACA
:1006E000DC0C18BF033202EBDC02C2F1200300FA7B
:1006F00003FC20FA02F001FA03FE40EA0E0021FAA0
:1007000002F11444BDE600BF53B94AB9002908BF3D
:1007100000281CBF4FF0FF314FF0FF3000F088B9C8
:10072000ADF1080C6DE904CE00F006F8DDF804E048
:10073000DDE9022304B070472DE9F047089D8E469D
:1007400004468846002B4AD18A42174662D9B2FA3B
:1007500082F64EB1C6F1200301FA06F820FA03F33F
:10076000B74043EA0808B4404FEA174E1FFA87FC27
:10077000B8FBFEF1230C0EFB118843EA084301FB92
:100780000CF29A4209D9FB1801F1FF3080F0EA809F
:100790009A4240F2E78002393B449A1AA3B2B2FB74
:1007A000FEF00EFB102243EA024300FB0CFC9C45CA
:1007B00009D9FB1800F1FF3280F0D6809C4540F249
:1007C000D3803B44023840EA0140A3EB0C030021F4
:1007D0001DB1F3400022C5E90032BDE8F0878B422D
:1007E00005D90DB1C5E9000100210846F5E7B3FAC6
:1007F00083F1002946D1734502D3824200F205817C
:10080000841A6EEB030201209046002DE5D0C5E965
:100810000048E2E7002A00F09080B2FA82F6002E4B
:1008200040F0A4808A1A030C4FEA174E80B2BCB283
:100830000121B2FBFEFC0EFB1C2243EA024304FB37
:100840000CF29A4207D9FB180CF1FF3802D29A42F7
:1008500000F2E080C4469B1AB3FBFEF20EFB12339B
:1008600040EA034302FB04F49C4207D9FB1802F15F
:10087000FF3002D29C4200F2CA8002461B1B42EAB1
:100880000C40A5E7C1F120068B4022FA06F71F4372
:100890000EFA01F420FA06F32EFA06FE4FEA174983
:1008A000234300FA01F81FFA87FCBEFBF9F01C0C89
:1008B00009FB10EE44EA0E4400FB0CFEA64502FACA
:1008C00001F209D93C1900F1FF3A80F09C80A6455D
:1008D00040F2998002383C44A4EB0E041FFA83FED8
:1008E000B4FBF9F309FB13444EEA044403FB0CFC8C
:1008F000A44508D93C1903F1FF3E80F08280A4454D
:100900007FD9023B3C4443EA0040A4EB0C04A0FB2B
:1009100002EC64457346E14662D35FD05DB1B8EB4B
:10092000030264EB090404FA06F622FA01F31E43FB
:10093000CC40C5E9006400214FE7B1FBF2FC010C9B
:1009400041EA0E4180B240EA01423B4638463C460D
:10095000B846BE462026B1FBF7F1A2EB080241EAF9
:100960000C4166E7014618E710462CE7C6F1200265
:100970002EFA02F3B740B14020FA02F24FEA174EC6
:100980000A43B3FBFEF8BCB20EFB1833110C41EA6C
:10099000034108FB04F9B04089454FEA104380B297
:1009A0003ED9791808F1FF3C01D289451FD8A1EB47
:1009B0000901B1FBFEF909FB04F80EFB191192B213
:1009C00042EA0142424529D2BA1809F1FF31C4D2A4
:1009D0004245C2D2A9F102013A44BEE7F0459DD298
:1009E000BEEB02036CEB070C0138E14696E7A7EB80
:1009F00009094944A8F1020CB1FBFEF909FB04F80E
:100A0000DBE773467FE7504666E70846FDE63B4472
:100A1000023A33E7ACF1020C3B441CE749469CE741
:100A2000A1EB0901C446B1FBFEF909FB04F8C4E7D8
:100A3000704700BF80B500AF01F004FD00F03AF848
:100A400000F016FC00F030FB00F094FA00F0A0F982
:100A500000F042FA00F0DAFA00F0F0F900F048F99C
:100A600000F006F900F0A0F811F084FB0B4B002217
:100A700001210B4811F0FAFC03460A4A136023F0E7
:100A80001FF8094A0021094811F0F5FB0346084AFE
:100A9000136011F0B5FB00BFFDE700BF9CE0030849
:100AA000BF140008CC0B002478E00308AD14000844
:100AB000C80B002480B59CB000AF07F124034C2282
:100AC000002118463AF05AFC3B1D2022002118460E
:100AD0003AF054FC022008F0E5FA00233B60304B6A
:100AE0009B692F4A43F4404393612D4B9B6903F468
:100AF00040433B602B4BDB6A2A4A43F00103D3623D
:100B0000284BDB6A03F001033B603B6800BF244BCA
:100B10009B6903F40053B3F5005FF8D101237B62B6
:100B20004FF48033BB620223BB640223FB640223C5
:100B30003B6540237B650223BB650423FB650223E1
:100B40003B660C237B660023BB660023FB6607F134
:100B50002403184608F0E0FA0346002B01D000F009
:100B6000CBFC3F237B600323BB600023FB60082397
:100B70003B6140237B614023BB614FF48063FB6199
:100B800040233B623B1D0221184608F01FFF03462D
:100B9000002B01D000F0B0FC00BF7037BD4680BD17
:100BA000004802580004005880B500AF2E4B2F4A71
:100BB0001A602D4B00229A602B4B0022DA602A4BE0
:100BC00000221A74284B00225A74274B00229A7470
:100BD000254B0A225A61244B01229A61224B07229B
:100BE000DA61214B02221A621F4B01225A621E4B0C
:100BF00001229A621C4B0122DA621B4B01221A630A
:100C0000194B00225A63184B00229A63164B00229C
:100C1000DA63154B04221A64134B04225A64124BF4
:100C200004229A64104B0422DA640F4B00221A65E6
:100C30000D4B04225A650C4B00229A650A4B1C226C
:100C4000DA65094B04221A66074B00225A66064BE6
:100C500004229A66044804F027FC0346002B01D0C6
:100C600000F04AFC00BF80BD0C02002400A0004040
:100C700080B500AF1B4B1C4A1A601A4B1B4A5A60C6
:100C8000184B00229A60174B0122DA60154B0022A4
:100C90001A61144B00225A61124B00229A61114BC7
:100CA0000022DA610F4B00221A620E4805F0FCFEAA
:100CB0000346002B01D000F01FFC0021094808F07A
:100CC00059F90346002B01D000F016FC002105481D
:100CD00008F09BF90346002B01D000F00DFC00BF8B
:100CE00080BD00BFAC020024005C0040FFECC010DF
:100CF00080B500AF244B254A1A60234B00225A606E
:100D0000214B00229A60204B0722DA601E4B002202
:100D10001A611D4B00225A611B4B00229A611A4B2B
:100D200000221A62184B00225A62174B00229A6264
:100D3000154B0022DA62144B00225A63124B002238
:100D40009A63114B0022DA630F4B00221A640E4B98
:100D500000225A640C4B00229A640B4B0022DA6486
:100D6000094B00221A65084B00225A65064B0022E7
:100D70009A6505480BF024F80346002B01D000F0DB
:100D8000BBFB00BF80BD00BF00030024003001405A
:100D900080B500AF274B284A1A60264B4FF48002DB
:100DA0005A60244B00229A60224B0722DA60214BC2
:100DB00000221A611F4B00225A611E4B4FF08062C5
:100DC0009A611C4B4FF0A042DA611A4B00221A6262
:100DD000184B00225A62174B00229A62154B0022D0
:100DE000DA62144B4FF080425A63124B00229A632E
:100DF000104B0022DA630F4B00221A640D4B0022C5
:100E00005A640C4B00229A640A4B0022DA64094BA4
:100E100000221A65074B00225A65064B00229A658C
:100E200004480AF0CDFF0346002B01D000F064FB1C
:100E300000BF80BDB40300240038004080B588B0F6
:100E400000AF07F1100300221A605A609A60DA605E
:100E50003B1D00221A605A609A601E4B4FF0804280
:100E60001A601C4B00225A601A4B00229A60194BE0
:100E70004FF0FF32DA60174B00221A61154B002247
:100E80009A6114480CF03DFE0346002B01D000F09F
:100E900033FB4FF480533B6107F1100319460D48B3
:100EA0000DF006F80346002B01D000F025FB0023CF
:100EB0007B600023FB603B1D194606480DF056FA87
:100EC0000346002B01D000F017FB00BF2037BD46C2
:100ED00080BD00BF5805002480B500AF234B244AD5
:100EE0001A60224B4FF4E1325A60204B4FF480528B
:100EF0009A601E4B0022DA601C4B4FF480621A612C
:100F00001A4B0C225A61194B00229A61174B00228E
:100F1000DA61164B00221A62144B00225A62134BFC
:100F200000229A6211480DF0CDFA0346002B01D041
:100F300000F0E2FA00210D4810F0B9FF0346002B43
:100F400001D000F0D9FA0021084810F0EEFF034666
:100F5000002B01D000F0D0FA044810F06FFF0346D8
:100F6000002B01D000F0C8FA00BF80BDA40500240A
:100F7000007C004080B500AF224B234A1A60214B11
:100F80004FF4E1325A601F4B00229A601D4B002241
:100F9000DA601C4B00221A611A4B0C225A61194B61
:100FA00000229A61174B0022DA61164B00221A6266
:100FB000144B00225A62134B00229A6211480DF022
:100FC00081FA0346002B01D000F096FA00210D486B
:100FD00010F06DFF0346002B01D000F08DFA0021C8
:100FE000084810F0A2FF0346002B01D000F084FA5D
:100FF000044810F023FF0346002B01D000F07CFAD8
:1010000000BF80BD700600240010014080B500AF15
:10101000224B234A1A60214B224A5A601F4B00225E
:101020009A601E4B0022DA601C4B00221A611B4B97
:101030000C225A61194B00229A61184B0022DA6186
:10104000164B00221A62154B00225A62134B0022E3
:101050009A6212480DF036FA0346002B01D000F0D8
:101060004BFA00210D4810F022FF0346002B01D05F
:1010700000F042FA0021094810F057FF0346002B08
:1010800001D000F039FA054810F0D8FE0346002BD5
:1010900001D000F031FA00BF80BD00BF3C07002442
:1010A0000044004040420F0080B582B000AF6B4B5F
:1010B000D3F8D830694A43F00103C2F8D830674BFF
:1010C000D3F8D83003F001037B607B68634BD3F81F
:1010D000D830624A43F00203C2F8D8305F4BD3F8ED
:1010E000D83003F002033B603B685D4B5D4A1A60F9
:1010F0005B4B00225A605A4B80229A60584B4FF447
:101100000072DA60564B4FF480621A61544B002231
:101110005A61534B00229A61514B0022DA61504BC5
:101120004FF440321A624E4B04225A624C4B032257
:101130009A624B4B0022DA62494B00221A634848FC
:1011400001F002FB0346002B01D000F0D5F9464B1D
:10115000464A1A60444B00225A60434B80229A60F0
:10116000414B4FF40072DA603F4B4FF480621A61DA
:101170003D4B00225A613C4B00229A613A4B0022BF
:10118000DA61394B4FF400321A62374B04225A624B
:10119000354B03229A62344B0022DA62324B002232
:1011A0001A63314801F0D0FA0346002B01D000F059
:1011B000A3F9002205210B2001F09EFA0B2001F07B
:1011C000B5FA002205210C2001F096FA0C2001F05E
:1011D000ADFA002205210D2001F08EFA0D2001F05C
:1011E000A5FA002205210E2001F086FA0E2001F05A
:1011F0009DFA002205210F2001F07EFA0F2001F058
:1012000095FA00220521102001F076FA102001F055
:101210008DFA00220521112001F06EFA112001F053
:1012200085FA002205212F2001F066FA2F2001F017
:101230007DFA00220521382001F05EFA382001F005
:1012400075FA00220521392001F056FA392001F003
:101250006DFA00BF0837BD4680BD00BF004402588C
:10126000D80A002410040240500B00242804024035
:1012700080B58CB000AF07F11C0300221A605A60E1
:101280009A60DA601A61834BD3F8E030814A43F008
:101290001003C2F8E0307F4BD3F8E03003F01003C6
:1012A000BB61BB697B4BD3F8E0307A4A43F08003E3
:1012B000C2F8E030774BD3F8E03003F080037B6175
:1012C0007B69744BD3F8E030724A43F00403C2F8F0
:1012D000E030704BD3F8E03003F004033B613B692E
:1012E0006C4BD3F8E0306B4A43F00103C2F8E030B6
:1012F000684BD3F8E03003F00103FB60FB68654BFB
:10130000D3F8E030634A43F00203C2F8E030614BA7
:10131000D3F8E03003F00203BB60BB685D4BD3F849
:10132000E0305C4A43F00803C2F8E030594BD3F890
:10133000E03003F008037B607B68002248F208314C
:10134000554805F063FB00220C21544805F05EFB74
:1013500000220321524805F059FB00224FF480512E
:10136000504805F053FB00224FF400414E4805F071
:101370004DFB48F20813FB6101233B6200237B62B3
:101380000023BB6207F11C031946434805F076F9B8
:101390000323FB6100233B6201237B6207F11C03F3
:1013A00019463E4805F06AF90C23FB6101233B62B4
:1013B00000237B620023BB6207F11C0319463748F8
:1013C00005F05CF90323FB6101233B6200237B6290
:1013D0000023BB6207F11C031946314805F04EF9A2
:1013E0000423FB614FF444133B6202237B6207F149
:1013F0001C0319462B4805F041F94FF40073FB61BB
:1014000001233B6202237B620023BB6207F11C03C2
:101410001946214805F032F94FF48053FB6101234E
:101420003B6200237B620023BB6207F11C03194669
:101430001C4805F023F94FF40043FB6101233B6294
:1014400000237B620023BB6207F11C031946164888
:1014500005F014F900214FF0806001F07FF80021C1
:101460004FF0006001F07AF800214FF0807001F039
:1014700075F800214FF0007001F070F8002205218E
:10148000082001F039F9082001F050F900BF303789
:10149000BD4680BD004402580010025800080258A2
:1014A0000000025800040258000C025880B582B0B7
:1014B00000AF78604FF47A7010F07AFFFAE780B4EA
:1014C00083B000AF786000BF0C37BD465DF8047B89
:1014D0007047000080B582B000AF78607B681B6801
:1014E000044A934201D100F0E9FF00BF0837BD462E
:1014F00080BD00BF0010004080B400AF72B600BFD6
:1015000000BFFDE780B582B000AF0C4BD3F8F430DC
:101510000A4A43F00203C2F8F430084BD3F8F4301F
:1015200003F002037B607B6800220F216FF0010053
:1015300001F0E2F800BF0837BD4680BD0044025804
:1015400080B5BAB000AF786007F1D40300221A600A
:101550005A609A60DA601A6107F11003C022002114
:10156000184639F00BFF7B681B68374A934266D1F7
:101570004FF400424FF00003C7E904230223BB618C
:101580004023FB6108233B6208237B620223BB628A
:10159000C023FB6200233B6300237B634FF00053B7
:1015A000C7F8803007F11003184608F0DDFD034648
:1015B000002B01D0FFF7A0FF244BD3F8EC30234AD7
:1015C00043F48073C2F8EC30204BD3F8EC3003F4D2
:1015D0008073FB60FB681D4BD3F8E0301B4A43F07F
:1015E0000803C2F8E030194BD3F8E03003F00803E9
:1015F000BB60BB680323C7F8D4300223C7F8D830D8
:101600000023C7F8DC300023C7F8E0300923C7F80F
:10161000E43007F1D40319460D4805F02FF80022F5
:101620000521132001F068F8132001F07FF8002253
:101630000521152001F060F8152001F077F800BFB2
:10164000E837BD4680BD00BF00A0004000440258FE
:10165000000C025880B5BCB000AF786007F1DC0325
:1016600000221A605A609A60DA601A6107F1180362
:10167000C0220021184639F081FE7B681B68414A70
:1016800093427BD14FF008024FF00003C7E90623D5
:101690000023C7F89C3007F11803184608F064FDD2
:1016A0000346002B01D0FFF727FF374BD3F8E0307C
:1016B000354A43F00403C2F8E030334BD3F8E0304E
:1016C00003F004037B617B692F4BD3F8E0302E4A93
:1016D00043F00103C2F8E0302B4BD3F8E03003F0C5
:1016E00001033B613B694FF40073C7F8DC30122300
:1016F000C7F8E0300023C7F8E4300023C7F8E8302B
:101700000423C7F8EC3007F1DC0319461F4804F046
:10171000B5FF4FF48073C7F8DC301223C7F8E03010
:101720000023C7F8E4300023C7F8E8300423C7F8E3
:10173000EC3007F1DC031946154804F09FFF124B0B
:10174000D3F8E830104A43F40003C2F8E8300E4BF7
:10175000D3F8E83003F40003FB60FB6800220521A6
:10176000482000F0C9FF482000F0E0FF00220521DA
:10177000492000F0C1FF492000F0D8FF00BFF0373A
:10178000BD4680BD005C004000440258000802587D
:101790000000025880B5BCB000AF786007F1DC03F0
:1017A00000221A605A609A60DA601A6107F1180321
:1017B000C0220021184639F0E1FD7B681B687D4A94
:1017C000934240F0A8804FF480524FF00003C7E9E5
:1017D00006230023BB6707F11803184608F0C4FC72
:1017E0000346002B01D0FFF787FE734BD3F8F03090
:1017F000714A43F48053C2F8F0306F4BD3F8F030A5
:1018000003F480537B617B696B4BD3F8E0306A4A09
:1018100043F00103C2F8E030674BD3F8E03003F047
:1018200001033B613B69F023C7F8DC300223C7F8B2
:10183000E0300023C7F8E4300323C7F8E83005237D
:10184000C7F8EC3007F1DC0319465C4804F016FFDA
:101850005B4B5C4A1A605A4B25225A60584B002257
:101860009A60574B0022DA60554B4FF480621A6140
:10187000534B00225A61524B00229A61504B002276
:10188000DA614F4B00221A624D4B00225A624C48DB
:1018900000F05AFF0346002B01D0FFF72DFE7B68B6
:1018A000474ADA67464A7B689363474B474A1A6060
:1018B000454B26225A60444B40229A60424B0022FC
:1018C000DA60414B4FF480621A613F4B00225A614B
:1018D0003D4B00229A613C4B0022DA613A4B0022D8
:1018E0001A62394B00225A62374800F02DFF034636
:1018F000002B01D0FFF700FE7B68334A9A67324A1B
:101900007B68936300220521232000F0F5FE23204D
:1019100000F00CFF4AE07B681B682D4A934245D1DA
:101920004FF480524FF00003C7E906230023BB6742
:1019300007F11803184608F017FC0346002B01D0E6
:10194000FFF7DAFD1C4BD3F8E8301B4A43F4804321
:10195000C2F8E830184BD3F8E83003F48043FB605A
:10196000FB68154BD3F8E030134A43F00203C2F88A
:10197000E030114BD3F8E03003F00203BB60BB68EA
:101980004FF46043C7F8DC300223C7F8E03000238F
:10199000C7F8E4300023C7F8E8300523C7F8EC3077
:1019A00007F1DC0319460B4804F068FE00BFF0376E
:1019B000BD4680BD0030014000440258000002587E
:1019C00068040024A0000240E0040024B8000240A3
:1019D000003800400004025880B485B000AF786041
:1019E0007B681B68B3F1804F0ED10A4BD3F8E83007
:1019F000084A43F00103C2F8E830064BD3F8E83058
:101A000003F00103FB60FB6800BF1437BD465DF8BF
:101A1000047B70470044025880B5BEB000AF7860C8
:101A200007F1E40300221A605A609A60DA601A61D2
:101A300007F12003C0220021184639F09FFC7B6883
:101A40001B68B04A934240F0AB804FF002024FF067
:101A50000003C7E908230023C7F8983007F12003E3
:101A6000184608F081FB0346002B01D0FFF744FD28
:101A7000A54BD3F8E830A44A43F00043C2F8E8305D
:101A8000A14BD3F8E83003F00043FB61FB699E4BA8
:101A9000D3F8E0309C4A43F01003C2F8E0309A4B90
:101AA000D3F8E03003F01003BB61BB690323C7F830
:101AB000E4300223C7F8E8300023C7F8EC300023F5
:101AC000C7F8F0300823C7F8F43007F1E4031946EB
:101AD0008E4804F0D3FD8E4B8E4A1A608C4B5122F7
:101AE0005A608B4B00229A60894B0022DA60884B47
:101AF0004FF480621A61864B00225A61844B0022A7
:101B00009A61834B0022DA61814B4FF400321A62F2
:101B10007F4B00225A627E4800F016FE0346002BDF
:101B200001D0FFF7E9FC7B68794AC3F88020784A46
:101B30007B689363784B794A1A60774B52225A60DC
:101B4000754B40229A60744B0022DA60724B4FF45E
:101B500080621A61704B00225A616F4B00229A61B9
:101B60006D4B0022DA616C4B00221A626A4B002234
:101B70005A62694800F0E8FD0346002B01D0FFF7E8
:101B8000BBFC7B68644ADA67634A7B689363002224
:101B90000521532000F0B0FD532000F0C7FD7AE18D
:101BA0007B681B685E4A934240F0C6804FF001029A
:101BB0004FF00003C7E908230023C7F89C3007F162
:101BC0002003184608F0D0FA0346002B01D0FFF797
:101BD00093FC4D4BD3F8F0304B4A43F01003C2F85E
:101BE000F030494BD3F8F03003F010037B617B6990
:101BF000454BD3F8E030444A43F00103C2F8E030EB
:101C0000414BD3F8E03003F001033B613B694FF4F3
:101C1000C063C7F8E4300223C7F8E8300023C7F8F0
:101C2000EC300023C7F8F0300723C7F8F43007F191
:101C3000E40319463B4804F021FD3B4B3B4A1A6044
:101C4000394B29225A60384B00229A60364B0022C9
:101C5000DA60354B4FF480621A61334B00225A61CF
:101C6000314B00229A61304B0022DA612E4B002268
:101C70001A622D4B00225A622B4800F065FD034684
:101C8000002B01D0FFF738FC7B68274AC3F880207F
:101C9000254A7B689363264B264A1A60244B2A22E6
:101CA0005A60234B40229A60214B0022DA60204B7D
:101CB0004FF480621A611E4B00225A611C4B0022B5
:101CC0009A611B4B0022DA61194B00221A62184BF1
:101CD00000225A62164800F037FD0346002B01D05F
:101CE000FFF70AFC7B68124ADA67114A7B68936344
:101CF00000220521252000F0FFFC252000F016FD24
:101D0000C9E000BF007C00400044025800100258A7
:101D100008080024400002408008002458000240C7
:101D20000010014000000258F80800241000024092
:101D300070090024280002407B681B68584A9342BF
:101D400040F0A9804FF002024FF00003C7E90823DA
:101D50000023C7F8983007F12003184608F004FA6A
:101D60000346002B01D0FFF7C7FB4E4BD3F8E830FA
:101D70004C4A43F40033C2F8E8304A4BD3F8E83019
:101D800003F40033FB60FB68464BD3F8E030454A70
:101D900043F00103C2F8E030424BD3F8E03003F0E7
:101DA0000103BB60BB680C23C7F8E4300223C7F80B
:101DB000E8300023C7F8EC300023C7F8F0300723E1
:101DC000C7F8F43007F1E4031946374804F056FC2D
:101DD000364B374A1A60354B2B225A60334B002260
:101DE0009A60324B0022DA60304B4FF480621A6105
:101DF0002E4B00225A612D4B00229A612B4B002260
:101E0000DA612A4B00221A62284B00225A622748C4
:101E100000F09AFC0346002B01D0FFF76DFB7B68B6
:101E2000224AC3F88020214A7B689363214B224ACF
:101E30001A60204B2C225A601E4B40229A601D4B88
:101E40000022DA601B4B4FF480621A61194B0022AA
:101E50005A61184B00229A61164B0022DA61154B29
:101E600000221A62134B00225A62124800F06CFCE6
:101E70000346002B01D0FFF73FFB7B680D4ADA6772
:101E80000C4A7B68936300220521262000F034FC75
:101E9000262000F04BFC00BFF837BD4680BD00BFD8
:101EA000004400400044025800000258E8090024A1
:101EB00070000240600A00248800024080B590B0A3
:101EC00000AF78607B680F2B27D800227968362016
:101ED00000F012FC362000F029FC294A7B681360D0
:101EE000284BD3F8E830274A43F01003C2F8E83013
:101EF000244BD3F8E83003F01003FB60FB6807F1D4
:101F0000100207F114031146184608F0EBF8BB6AFB
:101F1000BB63BB6B002B06D101E001232BE008F073
:101F2000B5F8F86304E008F0B1F803465B00FB6322
:101F3000FB6B154AA2FB03239B0C013B7B63134BFA
:101F4000134A1A60114B40F2E732DA600F4A7B6B9A
:101F500053600E4B00221A610C4B00229A600B4812
:101F60000BF0CFFD0346002B04D108480BF020FEF8
:101F7000034600E0012318464037BD4680BD00BF40
:101F8000080000240044025883DE1B43D00B0024C9
:101F90000010004080B400AF00BFFDE780B400AF88
:101FA00000BFFDE780B400AF00BFFDE780B400AF25
:101FB00000BFFDE780B400AF00BFFDE780B400AF15
:101FC00000BFBD465DF8047B704780B500AF0420BC
:101FD00004F04FFD00BF80BD80B500AF024801F0A6
:101FE000DDFE00BF80BD00BFF808002480B500AF53
:101FF000024801F0D3FE00BF80BD00BF700900247D
:1020000080B500AF024801F0C9FE00BF80BD00BF2F
:102010000808002480B500AF024801F0BFFE00BFF1
:1020200080BD00BF8008002480B500AF024801F0E9
:10203000B5FE00BF80BD00BFE809002480B500AF39
:10204000024801F0ABFE00BF80BD00BF600A002463
:1020500080B500AF024801F0A1FE00BF80BD00BF07
:102060006804002480B500AF024803F083FE00BF7F
:1020700080BD00BF0C02002480B500AF024803F011
:1020800079FE00BF80BD00BF0C02002480B500AF08
:1020900002480BF009F900BF80BD00BF0003002417
:1020A00080B500AF02480CF02DFF00BF80BD00BF1F
:1020B0007006002480B500AF02480CF023FF00BF7B
:1020C00080BD00BF3C07002480B500AF024801F08E
:1020D00065FE00BF80BD00BFE004002480B500AFF6
:1020E00002480BF0DDFD00BF80BD00BFD00B002417
:1020F00080B500AF024801F051FE00BF80BD00BFB7
:10210000D80A002480B500AF024801F047FE00BFA6
:1021100080BD00BF500B002480B500AF024804F022
:10212000FDFE00BF80BD00BFAC02002480B500AF43
:10213000024804F00DFF00BF80BD00BFAC020024C8
:1021400080B500AF02480CF0DDFE00BF80BD00BFCF
:10215000A405002480B400AF01231846BD465DF8F5
:10216000047B704780B582B000AF7860396039F089
:102170001DF9034616221A604FF0FF331846083740
:10218000BD4680BD80B582B000AF78604FF0FF31B2
:102190007868FFF7E7FF00BFFDE780B586B000AFC6
:1021A000F860B9607A6000237B610AE0AFF30080D9
:1021B0000146BB685A1CBA60CAB21A707B69013307
:1021C0007B617A697B689A42F0DB7B681846183736
:1021D000BD4680BD80B586B000AFF860B9607A605A
:1021E00000237B6109E0BB685A1CBA601B78184663
:1021F000AFF300807B6901337B617A697B689A4227
:10220000F1DB7B6818461837BD4680BD80B483B0CB
:1022100000AF78604FF0FF3318460C37BD465DF8CD
:10222000047B704780B483B000AF786039603B684E
:102230004FF400525A60002318460C37BD465DF833
:10224000047B704780B483B000AF786001231846E8
:102250000C37BD465DF8047B704780B485B000AF95
:10226000F860B9607A60002318461437BD465DF8FF
:10227000047B704780B586B000AF7860144A154B78
:10228000D31A7B617B693B61134B1B68002B02D126
:10229000114B124A1A60104B1A687B6813443A6952
:1022A0009A4207D239F082F803460C221A604FF0A6
:1022B000FF3309E0084B1B68FB60074B1A687B681B
:1022C0001344054A1360FB6818461837BD4680BDA5
:1022D00000000824000400001C0C002428900224A4
:1022E00080B400AF374BD3F88830364A43F47003DC
:1022F000C2F88830344B1B6803F00F03062B07D855
:10230000314B1B6823F00F032F4A43F00703136080
:102310002E4B1B682D4A43F0010313602B4B002208
:102320001A612A4B1A682949294B13400B60264B26
:102330001B6803F00803002B07D0234B1B6823F016
:102340000F03214A43F007031360204B00229A61D8
:102350001E4B0022DA611D4B00221A621B4B1D4AE4
:102360009A621A4B1C4ADA62184B1C4A1A63174BC2
:1023700000225A63154B194A9A63144B0022DA6300
:10238000124B164A1A64114B00225A640F4B1B68F9
:102390000E4A23F4802313600C4B00221A66104B64
:1023A0001A68104B1340B3F1005F02D20E4B0122AA
:1023B0001A600E4B43F2D2021A6000BFBD465DF8B0
:1023C000047B704700ED00E00020005200440258FA
:1023D0007FEDF6EA000202020000FF018002010127
:1023E0000010005C0000FFFF088100510040005217
:1023F000DFF834D0FFF774FF0C480D490D4A002375
:1024000002E0D458C4500433C4188C42F9D30A4AA9
:102410000A4C002301E013600432A242FBD338F0DF
:10242000CBFFFEF707FB70470000082400000024E4
:10243000F0010024C4FE0308F001002428900224C7
:10244000FEE7000080B582B000AF032000F049F93C
:1024500007F072FC0246154B9B691B0A03F00F0341
:102460001349CB5C03F01F0322FA03F37B600F4B8D
:102470009B6903F00F030E4AD35C03F01F037A68D5
:1024800022FA03F30B4A13600B4A7B6813600F2098
:10249000FFF714FD0346002B01D0012302E0FFF7F4
:1024A00031F8002318460837BD4680BD0044025865
:1024B000ACE00308040000240000002480B400AF56
:1024C000064B1B781A46064B1B681344044A1360DC
:1024D00000BFBD465DF8047B704700BF0C000024C0
:1024E000200C002480B400AF034B1B681846BD4687
:1024F0005DF8047B704700BF200C002480B584B0D9
:1025000000AF7860FFF7EEFFB8607B68FB60FB68A8
:10251000B3F1FF3F05D00A4B1B781A46FB68134402
:10252000FB6000BFFFF7DEFF0246BB68D31AFA6804
:102530009A42F7D800BF00BF1037BD4680BD00BF2C
:102540000C00002480B400AF034B1B681B0C184622
:10255000BD465DF8047B70470010005C80B483B01A
:1025600000AF78603960074B5A687B68DB431A40DC
:1025700004493B6813434B6000BF0C37BD465DF810
:10258000047B70470004005880B485B000AF7860C9
:102590007B6803F00703FB600B4BDB68BB60BA682A
:1025A0004FF6FF031340BB60FB681A02BB681A4377
:1025B000064B1343BB60044ABB68D36000BF1437AB
:1025C000BD465DF8047B704700ED00E00000FA05B1
:1025D00080B400AF044BDB681B0A03F00703184606
:1025E000BD465DF8047B704700ED00E080B483B029
:1025F00000AF0346FB80B7F90630002B0BDBFB88EE
:1026000003F01F020749B7F906305B09012000FA01
:1026100002F241F8232000BF0C37BD465DF8047B71
:10262000704700BF00E100E080B483B000AF034614
:102630003960FB80B7F90630002B0ADB3B68DAB261
:102640000C49B7F906301201D2B20B4483F80023CB
:102650000AE03B68DAB20849FB8803F00F03043B49
:102660001201D2B20B441A7600BF0C37BD465DF89A
:10267000047B704700E100E000ED00E080B489B029
:1026800000AFF860B9607A60FB6803F00703FB6194
:10269000FB69C3F10703042B28BF0423BB61FB695B
:1026A0000433062B02D9FB69033B00E000237B6166
:1026B0004FF0FF32BB6902FA03F3DA43BB681A40FA
:1026C0007B699A404FF0FF317B6901FA03F3D943EC
:1026D0007B680B40134318462437BD465DF8047BE6
:1026E000704780B582B000AF78607868FFF74CFF24
:1026F00000BF0837BD4680BD80B586B000AF034639
:10270000B9607A60FB81FFF763FF78617A68B96826
:102710007869FFF7B3FF0246B7F90E301146184645
:10272000FFF782FF00BF1837BD4680BD80B582B07D
:1027300000AF0346FB80B7F906301846FFF756FF97
:1027400000BF0837BD4680BD80B586B000AF786059
:10275000FFF7C8FE38617B68002B01D1012316E327
:102760007B681B68664A93424AD07B681B68654A4F
:10277000934245D07B681B68634A934240D07B6894
:102780001B68624A93423BD07B681B68604A934255
:1027900036D07B681B685F4A934231D07B681B68E8
:1027A0005D4A93422CD07B681B685C4A934227D0D9
:1027B0007B681B685A4A934222D07B681B68594A3F
:1027C00093421DD07B681B68574A934218D07B68A0
:1027D0001B68564A934213D07B681B68544A934245
:1027E0000ED07B681B68534A934209D07B681B68F4
:1027F000514A934204D07B681B68504A934201D1EE
:10280000012300E00023002B00F03B817B680222C3
:1028100083F835207B68002283F834207B681B68AE
:10282000374A93424AD07B681B68364A934245D068
:102830007B681B68344A934240D07B681B68334AEC
:1028400093423BD07B681B68314A934236D07B6809
:102850001B68304A934231D07B681B682E4A9342F2
:102860002CD07B681B682D4A934227D07B681B685D
:102870002B4A934222D07B681B682A4A93421DD080
:102880007B681B68284A934218D07B681B68274ADC
:10289000934213D07B681B68254A93420ED07B6815
:1028A0001B68244A934209D07B681B68224A9342E2
:1028B00004D07B681B68214A934208D17B681B685F
:1028C0001A687B681B6822F001021A6007E07B68C7
:1028D0001B681A687B681B6822F001021A602FE0EF
:1028E000FFF700FE02463B69D31A052B28D97B6807
:1028F00020225A657B68032283F83520012346E2B3
:1029000010000240280002404000024058000240EF
:102910007000024088000240A0000240B80002405F
:1029200010040240280402404004024058040240BF
:102930007004024088040240A0040240B80402402F
:102940007B681B681B6803F00103002BC8D17B6800
:102950001B681B687B617A69834B13407B617B68D2
:102960009A687B68DB681A437B681B691A437B683B
:102970005B691A437B689B691A437B68DB691A436E
:102980007B681B6A13437A6913437B617B685B6ACC
:10299000042B07D17B68DA6A7B681B6B13437A6967
:1029A00013437B61714B1A68714B1340B3F1005FA5
:1029B00028D37B685B68282B03D97B685B682E2B48
:1029C00017D97B685B683E2B03D97B685B68422B19
:1029D0000FD97B685B68462B03D97B685B68482B03
:1029E00007D97B685B684E2B05D97B685B68522BE7
:1029F00001D8012300E00023002B03D07B6943F4BE
:102A000080137B617B681B687A691A607B681B682E
:102A10005B697B617B6923F007037B617B685B6A91
:102A20007A6913437B617B685B6A042B17D17B68EF
:102A30009B6A7A6913437B617B68DB6A002B0ED04B
:102A4000786802F0A7FB0346002B08D07B68402281
:102A50005A657B68012283F83520012397E17B6862
:102A60001B687A695A61786802F0E2FA0346BB6033
:102A70007B68DB6D03F01F033F229A40BB689A60BE
:102A8000CDE07B681B683B4A934222D07B681B6881
:102A9000394A93421DD07B681B68384A934218D04C
:102AA0007B681B68364A934213D07B681B68354AA3
:102AB00093420ED07B681B68334A934209D07B68EF
:102AC0001B68324A934204D07B681B68304A9342A9
:102AD00001D1012300E00023002B00F097807B68E8
:102AE0001B68244A934221D07B681B68224A934288
:102AF0001CD07B681B68214A934217D07B681B68F7
:102B00001F4A934212D07B681B681E4A93420DD025
:102B10007B681B681C4A934208D07B681B681B4A71
:102B2000934203D07B681B68194A93427B68022258
:102B300083F835207B68002283F834207B681B688B
:102B40001B687B617A69134B13407B617B689B68D0
:102B5000402B21D07B689B68802B02D14FF48043AF
:102B60001BE0002319E000BF3F8010FE0010005C56
:102B70000000FFFF085402581C54025830540258F9
:102B800044540258585402586C5402588054025805
:102B9000945402580F00FEFF10237A68D268D208BE
:102BA0001A437B681B69DB081A437B685B69DB0897
:102BB0001A437B689B69DB081A437B68DB69DB0887
:102BC0001A437B681B6A1B0913437A6913437B61B1
:102BD0007B681B687A691A607B681B681A466E4BB3
:102BE00013446E4AA2FB03231B099A007B68DA6533
:102BF000786802F01DFA0346FB607B68DB6D03F02A
:102C00001F0301229A40FB685A6008E07B6840225B
:102C10005A657B68032283F835200123B7E07B687F
:102C20001B685F4A934272D07B681B685D4A93427F
:102C30006DD07B681B685C4A934268D07B681B68D8
:102C40005A4A934263D07B681B68594A93425ED0CC
:102C50007B681B68574A934259D07B681B68564A69
:102C6000934254D07B681B68544A93424FD07B6890
:102C70001B68534A93424AD07B681B68514A93426F
:102C800045D07B681B68504A934240D07B681B68E4
:102C90004E4A93423BD07B681B684D4A934236D0E4
:102CA0007B681B684B4A934231D07B681B684A4A59
:102CB00093422CD07B681B68484A934227D07B689C
:102CC0001B68474A934222D07B681B68454A93425F
:102CD0001DD07B681B68444A934218D07B681B68F0
:102CE000424A934213D07B681B68414A93420ED0FC
:102CF0007B681B683F4A934209D07B681B683E4A49
:102D0000934204D07B681B683C4A934201D1012363
:102D100000E00023002B32D0786802F0B7FA7B681D
:102D20009B68802B02D17B6800225A607B685A68BE
:102D30007B681B6ED2B21A607B685B6E7A68926E9B
:102D40005A607B685B68002B10D07B685B68082B3F
:102D50000CD8786802F034FB7B68DB6E00221A60C6
:102D60007B681B6F7A68526F5A6008E07B680022AC
:102D7000DA667B6800221A677B6800225A677B68E4
:102D800000225A657B68012283F83520002318460B
:102D90001837BD4680BD00BFF8ABFDA7CDCCCCCC6D
:102DA000100002402800024040000240580002404B
:102DB0007000024088000240A0000240B8000240BB
:102DC000100402402804024040040240580402401B
:102DD0007004024088040240A0040240B80402408B
:102DE000085402581C540258305402584454025893
:102DF000585402586C540258805402589454025843
:102E000080B586B000AFF860B9607A603B6000239F
:102E1000FB75FB68002B01D1012326E2FB6893F8C8
:102E20003430012B01D102231FE2FB68012283F819
:102E30003420FB6893F83530DBB2012B40F00A8276
:102E4000FB68022283F83520FB6800225A65FB6884
:102E50001B68684A93424AD0FB681B68664A9342E3
:102E600045D0FB681B68654A934240D0FB681B68ED
:102E7000634A93423BD0FB681B68624A934236D058
:102E8000FB681B68604A934231D0FB681B685F4A4D
:102E900093422CD0FB681B685D4A934227D0FB68A5
:102EA0001B685C4A934222D0FB681B685A4A9342D3
:102EB0001DD0FB681B68594A934218D0FB681B68F9
:102EC000574A934213D0FB681B68564A93420ED070
:102ED000FB681B68544A934209D0FB681B68534A3D
:102EE000934204D0FB681B68514A934208D1FB68A7
:102EF0001B681A68FB681B6822F001021A6007E071
:102F0000FB681B681A68FB681B6822F001021A60E4
:102F10003B687A68B968F86801F0DEFEFB681B68F8
:102F2000344A93424AD0FB681B68334A934245D0E7
:102F3000FB681B68314A934240D0FB681B68304AEB
:102F400093423BD0FB681B682E4A934236D0FB6805
:102F50001B682D4A934231D0FB681B682B4A934271
:102F60002CD0FB681B682A4A934227D0FB681B6859
:102F7000284A934222D0FB681B68274A93421DD0FF
:102F8000FB681B68254A934218D0FB681B68244ADB
:102F9000934213D0FB681B68224A93420ED0FB6811
:102FA0001B68214A934209D0FB681B681F4A934261
:102FB00004D0FB681B681E4A934201D1012300E044
:102FC0000023002B36D0FB681B681B6823F01E0211
:102FD000FB681B6842F016021A60FB681B6C002B32
:102FE0003ED0FB681B681A68FB681B6842F0080249
:102FF0001A6035E010000240280002404000024004
:10300000580002407000024088000240A0000240C8
:10301000B80002401004024028040240400402406C
:10302000580402407004024088040240A004024098
:10303000B8040240FB681B681B6823F00E02FB68A3
:103040001B6842F00A021A60FB681B6C002B07D059
:10305000FB681B681A68FB681B6842F004021A6070
:10306000FB681B68834A934272D0FB681B68824AE4
:1030700093426DD0FB681B68804A934268D0FB681E
:103080001B687F4A934263D0FB681B687D4A93426A
:103090005ED0FB681B687C4A934259D0FB681B6872
:1030A0007A4A934254D0FB681B68794A93424FD0C6
:1030B000FB681B68774A93424AD0FB681B68764AD4
:1030C000934245D0FB681B68744A934240D0FB682A
:1030D0001B68734A93423BD0FB681B68714A93425A
:1030E00036D0FB681B68704A934231D0FB681B687E
:1030F0006E4A93422CD0FB681B686D4A934227D0DE
:10310000FB681B686B4A934222D0FB681B686A4AC3
:1031100093421DD0FB681B68684A934218D0FB6835
:103120001B68674A934213D0FB681B68654A934249
:103130000ED0FB681B68644A934209D0FB681B6889
:10314000624A934204D0FB681B68614A934201D1F2
:10315000012300E00023002B1AD0FB681B6E1B68C4
:1031600003F48033002B07D0FB681B6E1A68FB68E2
:103170001B6E42F480721A60FB68DB6E002B07D076
:10318000FB68DB6E1A68FB68DB6E42F480721A60C3
:10319000FB681B68374A93424AD0FB681B68364A73
:1031A000934245D0FB681B68344A934240D0FB6889
:1031B0001B68334A93423BD0FB681B68314A9342F9
:1031C00036D0FB681B68304A934231D0FB681B68DD
:1031D0002E4A93422CD0FB681B682D4A934227D07D
:1031E000FB681B682B4A934222D0FB681B682A4A63
:1031F00093421DD0FB681B68284A934218D0FB6895
:103200001B68274A934213D0FB681B68254A9342E8
:103210000ED0FB681B68244A934209D0FB681B68E8
:10322000224A934204D0FB681B68214A934208D18A
:10323000FB681B681A68FB681B6842F001021A6091
:1032400012E0FB681B681A68FB681B6842F0010209
:103250001A6009E0FB684FF400625A65FB680022BF
:1032600083F834200123FB75FB7D18461837BD46D3
:1032700080BD00BF10000240280002404000024014
:10328000580002407000024088000240A000024046
:10329000B8000240100402402804024040040240EA
:1032A000580402407004024088040240A004024016
:1032B000B8040240085402581C54025830540258B2
:1032C00044540258585402586C54025880540258BE
:1032D0009454025880B586B000AF7860FFF702F9C9
:1032E00038617B68002B01D10123DCE27B6893F815
:1032F0003530DBB2022B08D07B6880225A657B68B0
:10330000002283F834200123CDE27B681B68764AD3
:1033100093424AD07B681B68744A934245D07B68CD
:103320001B68734A934240D07B681B68714A934282
:103330003BD07B681B68704A934236D07B681B6821
:103340006E4A934231D07B681B686D4A93422CD001
:103350007B681B686B4A934227D07B681B686A4A6C
:10336000934222D07B681B68684A93421DD07B68D9
:103370001B68674A934218D07B681B68654A934272
:1033800013D07B681B68644A93420ED07B681B682D
:10339000624A934209D07B681B68614A934204D019
:1033A0007B681B685F4A934201D1012300E0002340
:1033B000002B13D07B681B681A687B681B6822F09F
:1033C0001E021A607B681B685A697B681B6822F0C2
:1033D00080025A617B681B687B610AE07B681B681E
:1033E0001A687B681B6822F00E021A607B681B68F3
:1033F0007B617B681B683C4A934272D07B681B6888
:103400003A4A93426DD07B681B68394A934268D030
:103410007B681B68374A934263D07B681B68364AD7
:1034200093425ED07B681B68344A934259D07B68D4
:103430001B68334A934254D07B681B68314A9342DD
:103440004FD07B681B68304A93424AD07B681B6828
:103450002E4A934245D07B681B682D4A934240D048
:103460007B681B682B4A93423BD07B681B682A4AC7
:10347000934236D07B681B68284A934231D07B68E0
:103480001B68274A93422CD07B681B68254A9342CD
:1034900027D07B681B68244A934222D07B681B6834
:1034A000224A93421DD07B681B68214A934218D060
:1034B0007B681B681F4A934213D07B681B681E4AB7
:1034C00093420ED07B681B681C4A934209D07B68EC
:1034D0001B681B4A934204D07B681B68194A9342BD
:1034E00032D1012331E000BF100002402800024029
:1034F0004000024058000240700002408800024034
:10350000A0000240B800024010040240280402401B
:103510004004024058040240700402408804024003
:10352000A0040240B8040240085402581C54025837
:103530003054025844540258585402586C5402589B
:1035400080540258945402580023002B07D07B6803
:103550001B6E1A687B681B6E22F480721A607B688F
:103560001B686D4A93424AD07B681B686B4A934242
:1035700045D07B681B686A4A934240D07B681B68D1
:10358000684A93423BD07B681B68674A934236D0B7
:103590007B681B68654A934231D07B681B68644A2C
:1035A00093422CD07B681B68624A934227D07B6889
:1035B0001B68614A934222D07B681B685F4A934232
:1035C0001DD07B681B685E4A934218D07B681B68DD
:1035D0005C4A934213D07B681B685B4A93420ED0CF
:1035E0007B681B68594A934209D07B681B68584A1C
:1035F000934204D07B681B68564A934208D17B688B
:103600001B681A687B681B6822F001021A6007E0D9
:103610007B681B681A687B681B6822F001021A60CD
:1036200013E0FEF75FFF02463B69D31A052B0CD966
:103630007B6820225A657B68032283F835207B68EB
:10364000002283F8342001232DE17B691B6803F0FD
:103650000103002BE5D17B681B682F4A93424AD0B7
:103660007B681B682D4A934245D07B681B682C4AB7
:10367000934240D07B681B682A4A93423BD07B68C8
:103680001B68294A934236D07B681B68274A9342BD
:1036900031D07B681B68264A93422CD07B681B681C
:1036A000244A934227D07B681B68234A934222D046
:1036B0007B681B68214A93421DD07B681B68204AA7
:1036C000934218D07B681B681E4A934213D07B68D4
:1036D0001B681D4A93420ED07B681B681B4A9342AD
:1036E00009D07B681B681A4A934204D07B681B6828
:1036F000184A934201D1012300E00023002B2BD074
:103700007B689B6DBB607B68DB6D03F01F033F2212
:103710009A40BB689A602AE01000024028000240EC
:103720004000024058000240700002408800024001
:10373000A0000240B80002401004024028040240E9
:1037400040040240580402407004024088040240D1
:10375000A0040240B80402407B689B6DFB607B685C
:10376000DB6D03F01F0301229A40FB685A607B68FF
:103770001B684F4A934272D07B681B684D4A934244
:103780006DD07B681B684C4A934268D07B681B688D
:103790004A4A934263D07B681B68494A93425ED091
:1037A0007B681B68474A934259D07B681B68464A2E
:1037B000934254D07B681B68444A93424FD07B6845
:1037C0001B68434A93424AD07B681B68414A934234
:1037D00045D07B681B68404A934240D07B681B6899
:1037E0003E4A93423BD07B681B683D4A934236D0A9
:1037F0007B681B683B4A934231D07B681B683A4A1E
:1038000093422CD07B681B68384A934227D07B6850
:103810001B68374A934222D07B681B68354A934223
:103820001DD07B681B68344A934218D07B681B68A4
:10383000324A934213D07B681B68314A93420ED0C0
:103840007B681B682F4A934209D07B681B682E4A0D
:10385000934204D07B681B682C4A934201D1012318
:1038600000E00023002B15D07B685B6E7A68926EB7
:103870005A607B68DB6E002B0CD07B68DB6E1A68AD
:103880007B68DB6E22F480721A607B681B6F7A683B
:10389000526F5A607B68012283F835207B680022D2
:1038A00083F83420002318461837BD4680BD00BF7A
:1038B0001000024028000240400002405800024030
:1038C0007000024088000240A0000240B8000240A0
:1038D0001004024028040240400402405804024000
:1038E0007004024088040240A0040240B804024070
:1038F000085402581C540258305402584454025878
:10390000585402586C540258805402589454025827
:1039100080B584B000AF78607B68002B01D10123B3
:1039200037E27B6893F83530DBB2022B04D07B683A
:1039300080225A6501232CE27B681B685C4A934213
:103940004AD07B681B685B4A934245D07B681B6802
:10395000594A934240D07B681B68584A93423BD0F7
:103960007B681B68564A934236D07B681B68554A71
:10397000934231D07B681B68534A93422CD07B68BA
:103980001B68524A934227D07B681B68504A934277
:1039900022D07B681B684F4A93421DD07B681B680E
:1039A0004D4A934218D07B681B684C4A934213D00F
:1039B0007B681B684A4A93420ED07B681B68494A61
:1039C000934209D07B681B68474A934204D07B68C6
:1039D0001B68464A934201D1012300E00023002BDB
:1039E00000F086807B68042283F835207B681B68A2
:1039F0002F4A93424AD07B681B682E4A934245D097
:103A00007B681B682C4A934240D07B681B682B4A1A
:103A100093423BD07B681B68294A934236D07B682F
:103A20001B68284A934231D07B681B68264A934220
:103A30002CD07B681B68254A934227D07B681B6883
:103A4000234A934222D07B681B68224A93421DD0AE
:103A50007B681B68204A934218D07B681B681F4A0A
:103A6000934213D07B681B681D4A93420ED07B683B
:103A70001B681C4A934209D07B681B681A4A934210
:103A800004D07B681B68194A934208D17B681B6885
:103A90001A687B681B6822F001021A6078E17B6873
:103AA0001B681A687B681B6822F001021A606FE1CC
:103AB000100002402800024040000240580002402E
:103AC0007000024088000240A0000240B80002409E
:103AD00010040240280402404004024058040240FE
:103AE0007004024088040240A0040240B80402406E
:103AF0007B681B681A687B681B6822F00E021A60DC
:103B00007B681B686C4A93424AD07B681B686B4A8F
:103B1000934245D07B681B68694A934240D07B68DA
:103B20001B68684A93423BD07B681B68664A934295
:103B300036D07B681B68654A934231D07B681B682E
:103B4000634A93422CD07B681B68624A934227D019
:103B50007B681B68604A934222D07B681B685F4A7F
:103B600093421DD07B681B685D4A934218D07B68E6
:103B70001B685C4A934213D07B681B685A4A934285
:103B80000ED07B681B68594A934209D07B681B683A
:103B9000574A934204D07B681B68564A934208D127
:103BA0007B681B681A687B681B6822F001021A6038
:103BB00007E07B681B681A687B681B6822F00102BB
:103BC0001A607B681B683C4A934272D07B681B6812
:103BD0003A4A93426DD07B681B68394A934268D059
:103BE0007B681B68374A934263D07B681B68364A00
:103BF00093425ED07B681B68344A934259D07B68FD
:103C00001B68334A934254D07B681B68314A934205
:103C10004FD07B681B68304A93424AD07B681B6850
:103C20002E4A934245D07B681B682D4A934240D070
:103C30007B681B682B4A93423BD07B681B682A4AEF
:103C4000934236D07B681B68284A934231D07B6808
:103C50001B68274A93422CD07B681B68254A9342F5
:103C600027D07B681B68244A934222D07B681B685C
:103C7000224A93421DD07B681B68214A934218D088
:103C80007B681B681F4A934213D07B681B681E4ADF
:103C900093420ED07B681B681C4A934209D07B6814
:103CA0001B681B4A934204D07B681B68194A9342E5
:103CB00032D1012331E000BF100002402800024051
:103CC000400002405800024070000240880002405C
:103CD000A0000240B8000240100402402804024044
:103CE000400402405804024070040240880402402C
:103CF000A0040240B8040240085402581C54025860
:103D00003054025844540258585402586C540258C3
:103D100080540258945402580023002B28D07B680A
:103D20001B6E1A687B681B6E22F480721A607B68B7
:103D30009B6DFB607B68DB6D03F01F0301229A40E3
:103D4000FB685A607B685B6E7A68926E5A607B682B
:103D5000DB6E002B0CD07B68DB6E1A687B68DB6E39
:103D600022F480721A607B681B6F7A68526F5A6007
:103D70007B68012283F835207B68002283F8342099
:103D80007B681B6D002B03D07B681B6D78689847A0
:103D9000002318461037BD4680BD00BF80B58AB0ED
:103DA00000AF78600023FB60674B1B68674AA2FB8B
:103DB00003239B0A7B627B689B6D3B627B689B6DE8
:103DC000FB613B6A1B68BB61FB691B687B617B68AD
:103DD0001B685F4A93424AD07B681B685D4A9342E6
:103DE00045D07B681B685C4A934240D07B681B6867
:103DF0005A4A93423BD07B681B68594A934236D05B
:103E00007B681B68574A934231D07B681B68564ACF
:103E100093422CD07B681B68544A934227D07B681E
:103E20001B68534A934222D07B681B68514A9342D5
:103E30001DD07B681B68504A934218D07B681B6872
:103E40004E4A934213D07B681B684D4A93420ED072
:103E50007B681B684B4A934209D07B681B684A4ABF
:103E6000934204D07B681B68484A934201D10123E6
:103E700000E00023002B00F02B847B68DB6D03F057
:103E80001F0308229A40BB691340002B00F0A28058
:103E90007B681B682E4A93424AD07B681B682D4A78
:103EA000934245D07B681B682B4A934240D07B6885
:103EB0001B682A4A93423BD07B681B68284A93427E
:103EC00036D07B681B68274A934231D07B681B68D9
:103ED000254A93422CD07B681B68244A934227D002
:103EE0007B681B68224A934222D07B681B68214A68
:103EF00093421DD07B681B681F4A934218D07B6891
:103F00001B681E4A934213D07B681B681C4A93426D
:103F10000ED07B681B681B4A934209D07B681B68E4
:103F2000194A934204D07B681B68184A93422FD1E8
:103F30007B681B681B6803F00403002B14BF01237C
:103F40000023DBB22EE000BF00000024B5814E1B31
:103F50001000024028000240400002405800024089
:103F60007000024088000240A0000240B8000240F9
:103F70001004024028040240400402405804024059
:103F80007004024088040240A0040240B8040240C9
:103F90007B681B681B6803F00803002B14BF012318
:103FA0000023DBB2002B15D07B681B681A687B6886
:103FB0001B6822F004021A607B68DB6D03F01F03AC
:103FC00008229A403B6A9A607B685B6D43F001026D
:103FD0007B685A657B68DB6D03F01F03BA6922FAC0
:103FE00003F303F00103002B6ED07B681B68694A62
:103FF00093424AD07B681B68674A934245D07B68EE
:104000001B68664A934240D07B681B68644A9342AF
:104010003BD07B681B68634A934236D07B681B6841
:10402000614A934231D07B681B68604A93422CD02E
:104030007B681B685E4A934227D07B681B685D4A99
:10404000934222D07B681B685B4A93421DD07B68F9
:104050001B685A4A934218D07B681B68584A93429F
:1040600013D07B681B68574A93420ED07B681B684D
:10407000554A934209D07B681B68544A934204D046
:104080007B681B68524A93420AD17B681B685B6954
:1040900003F08003002B14BF01230023DBB203E0F5
:1040A0007B681B681B680023002B0DD07B68DB6DD1
:1040B00003F01F0301229A403B6A9A607B685B6DA4
:1040C00043F002027B685A657B68DB6D03F01F03D7
:1040D00004229A40BB691340002B00F08F807B685C
:1040E0001B682C4A93424AD07B681B682A4A934239
:1040F00045D07B681B68294A934240D07B681B6887
:10410000274A93423BD07B681B68264A934236D0AD
:104110007B681B68244A934231D07B681B68234A22
:1041200093422CD07B681B68214A934227D07B683E
:104130001B68204A934222D07B681B681E4A934228
:104140001DD07B681B681D4A934218D07B681B6892
:104150001B4A934213D07B681B681A4A93420ED0C5
:104160007B681B68184A934209D07B681B68174A12
:10417000934204D07B681B68154A93422AD17B681E
:104180001B681B6803F00203002B14BF01230023EC
:10419000DBB223E010000240280002404000024051
:1041A000580002407000024088000240A000024017
:1041B000B8000240100402402804024040040240BB
:1041C000580402407004024088040240A0040240E7
:1041D000B80402407B681B681B680023002B0DD0CD
:1041E0007B68DB6D03F01F0304229A403B6A9A60F0
:1041F0007B685B6D43F004027B685A657B68DB6D0E
:1042000003F01F0310229A40BB691340002B00F0FB
:10421000A6807B681B68854A93424AD07B681B68EE
:10422000834A934245D07B681B68824A934240D0C0
:104230007B681B68804A93423BD07B681B687F4A3F
:10424000934236D07B681B687D4A934231D07B68AD
:104250001B687C4A93422CD07B681B687A4A934245
:1042600027D07B681B68794A934222D07B681B6801
:10427000774A93421DD07B681B68764A934218D0D8
:104280007B681B68744A934213D07B681B68734A2F
:1042900093420ED07B681B68714A934209D07B68B9
:1042A0001B68704A934204D07B681B686E4A934235
:1042B0000AD17B681B681B6803F00803002B14BF3E
:1042C00001230023DBB209E07B681B681B6803F055
:1042D0000403002B14BF01230023DBB2002B3ED0CC
:1042E0007B68DB6D03F01F0310229A403B6A9A60E3
:1042F0007B681B681B6803F48023002B18D07B6845
:104300001B681B6803F40023002B08D17B681B6C1F
:10431000002B24D07B681B6C786898471FE07B6873
:104320009B6C002B1BD07B689B6C7868984716E0D1
:104330007B681B681B6803F48073002B07D17B68C4
:104340001B681A687B681B6822F008021A607B6889
:104350001B6C002B03D07B681B6C786898477B68CC
:10436000DB6D03F01F0320229A40BB691340002B32
:1043700000F010817B681B682C4A93424AD07B680E
:104380001B682B4A934245D07B681B68294A93429D
:1043900040D07B681B68284A93423BD07B681B68EF
:1043A000264A934236D07B681B68254A934231D017
:1043B0007B681B68234A93422CD07B681B68224A87
:1043C000934227D07B681B68204A934222D07B68A7
:1043D0001B681F4A93421DD07B681B681D4A93428D
:1043E00018D07B681B681C4A934213D07B681B68FB
:1043F0001A4A93420ED07B681B68194A934209D02F
:104400007B681B68174A934204D07B681B68164A76
:1044100093422BD17B681B681B6803F01003002BB1
:1044200014BF01230023DBB22AE000BF10000240CA
:104430002800024040000240580002407000024044
:1044400088000240A0000240B80002401004024070
:104450002804024040040240580402407004024014
:1044600088040240A0040240B80402407B681B6834
:104470001B6803F00203002B14BF01230023DBB2EF
:10448000002B00F087807B68DB6D03F01F03202288
:104490009A403B6A9A607B6893F83530DBB2042B14
:1044A00039D17B681B681A687B681B6822F016028A
:1044B0001A607B681B685A697B681B6822F080025F
:1044C0005A617B681B6C002B03D17B689B6C002BB3
:1044D00007D07B681B681A687B681B6822F008029B
:1044E0001A607B68DB6D03F01F033F229A403B6A32
:1044F0009A607B68012283F835207B68002283F86C
:1045000034207B681B6D002B00F04A837B681B6D99
:104510007868984744E37B681B681B6803F4802332
:10452000002B18D07B681B681B6803F40023002B4A
:1045300008D17B685B6C002B2CD07B685B6C786847
:10454000984727E07B68DB6B002B23D07B68DB6B15
:10455000786898471EE07B681B681B6803F48073CB
:10456000002B0FD17B681B681A687B681B6822F0E0
:1045700010021A607B68012283F835207B680022D4
:1045800083F834207B68DB6B002B03D07B68DB6B0C
:10459000786898477B685B6D002B00F006837B682A
:1045A0005B6D03F00103002B00F088807B68042220
:1045B00083F835207B681B687A4A93424AD07B682F
:1045C0001B68794A934245D07B681B68774A9342BF
:1045D00040D07B681B68764A93423BD07B681B685F
:1045E000744A934236D07B681B68734A934231D039
:1045F0007B681B68714A93422CD07B681B68704AA9
:10460000934227D07B681B686E4A934222D07B6816
:104610001B686D4A93421DD07B681B686B4A9342AE
:1046200018D07B681B686A4A934213D07B681B686A
:10463000684A93420ED07B681B68674A934209D050
:104640007B681B68654A934204D07B681B68644A98
:10465000934208D17B681B681A687B681B6822F04C
:1046600001021A6007E07B681B681A687B681B6898
:1046700022F001021A60FB680133FB607A6A9A42F9
:1046800007D37B681B681B6803F00103002BF2D182
:1046900000E000BF7B681B681B6803F00103002B70
:1046A00004D07B68032283F8352003E07B68012275
:1046B00083F835207B68002283F834207B68DB6C2C
:1046C000002B00F072827B68DB6C786898476CE2A4
:1046D0007B681B68434A934222D07B681B68424A2E
:1046E00093421DD07B681B68404A934218D07B6878
:1046F0001B683F4A934213D07B681B683D4A934234
:104700000ED07B681B683C4A934209D07B681B68CB
:104710003A4A934204D07B681B68394A934201D1DC
:10472000012300E00023002B00F03F827B681B6820
:104730001B683B617B68DB6D03F01F0304229A401A
:104740007B691340002B00F0CD803B6903F004032C
:10475000002B00F0C7807B68DB6D03F01F03042291
:104760009A40FB695A603B6903F40043002B49D02F
:104770003B6903F48033002B09D17B689B6C002BD1
:1047800000F010827B689B6C786898470AE27B682F
:104790001B6C002B00F006827B681B6C78689847C6
:1047A00000E200BF1000024028000240400002402A
:1047B000580002407000024088000240A000024001
:1047C000B8000240100402402804024040040240A5
:1047D000580402407004024088040240A0040240D1
:1047E000B8040240085402581C540258305402586D
:1047F00044540258585402586C5402588054025879
:10480000945402583B6903F02003002B60D17B686D
:104810001B687F4A93424AD07B681B687D4A93425B
:1048200045D07B681B687C4A934240D07B681B68FC
:104830007A4A93423BD07B681B68794A934236D0D0
:104840007B681B68774A934231D07B681B68764A45
:1048500093422CD07B681B68744A934227D07B68B4
:104860001B68734A934222D07B681B68714A93424B
:104870001DD07B681B68704A934218D07B681B6808
:104880006E4A934213D07B681B686D4A93420ED0E8
:104890007B681B686B4A934209D07B681B686A4A35
:1048A000934204D07B681B68684A934208D17B68B6
:1048B0001B681A687B681B6822F008021A6007E010
:1048C0007B681B681A687B681B6822F004021A6008
:1048D0007B681B6C002B00F065817B681B6C786823
:1048E00098475FE17B68DB6D03F01F0302229A406B
:1048F0007B691340002B00F0C5803B6903F0020385
:10490000002B00F0BF807B68DB6D03F01F030222E9
:104910009A40FB695A603B6903F40043002B18D0AE
:104920003B6903F48033002B09D17B685B6C002B5F
:1049300000F03A817B685B6C7868984734E17B686B
:10494000DB6B002B00F030817B68DB6B786898476D
:104950002AE13B6903F02003002B40F089807B684B
:104960001B682B4A93424AD07B681B68294A9342B2
:1049700045D07B681B68284A934240D07B681B68FF
:10498000264A93423BD07B681B68254A934236D027
:104990007B681B68234A934231D07B681B68224A9C
:1049A00093422CD07B681B68204A934227D07B68B7
:1049B0001B681F4A934222D07B681B681D4A9342A2
:1049C0001DD07B681B681C4A934218D07B681B680B
:1049D0001A4A934213D07B681B68194A93420ED03F
:1049E0007B681B68174A934209D07B681B68164A8C
:1049F000934204D07B681B68144A934228D17B6899
:104A00001B681A687B681B6822F014021A6027E092
:104A100010000240280002404000024058000240BE
:104A20007000024088000240A0000240B80002402E
:104A3000100402402804024040040240580402408E
:104A40007004024088040240A0040240B8040240FE
:104A50007B681B681A687B681B6822F00A021A6070
:104A60007B68012283F835207B68002283F834209C
:104A70007B68DB6B002B00F097807B68DB6B7868D2
:104A8000984791E07B68DB6D03F01F0308229A4092
:104A90007B691340002B00F088803B6903F008031A
:104AA000002B00F082807B681B68414A93424AD009
:104AB0007B681B683F4A934245D07B681B683E4A2F
:104AC000934240D07B681B683C4A93423BD07B6852
:104AD0001B683B4A934236D07B681B68394A934235
:104AE00031D07B681B68384A93422CD07B681B68A6
:104AF000364A934227D07B681B68354A934222D0BE
:104B00007B681B68334A93421DD07B681B68324A1E
:104B1000934218D07B681B68304A934213D07B685D
:104B20001B682F4A93420ED07B681B682D4A934224
:104B300009D07B681B682C4A934204D07B681B68B1
:104B40002A4A934208D17B681B681A687B681B68F5
:104B500022F01C021A6007E07B681B681A687B68F9
:104B60001B6822F00E021A607B68DB6D03F01F03E6
:104B700001229A40FB695A607B6801225A657B6872
:104B8000012283F835207B68002283F834207B687B
:104B9000DB6C002B09D07B68DB6C7868984704E0FD
:104BA00000BF02E000BF00E000BF2837BD4680BD67
:104BB000100002402800024040000240580002401D
:104BC0007000024088000240A0000240B80002408D
:104BD00010040240280402404004024058040240ED
:104BE0007004024088040240A0040240B80402405D
:104BF00080B487B000AFF8600B467A60FB72002388
:104C0000FB75FB68002B01D1012345E0FB6893F89D
:104C10003430012B01D102233EE0FB68012283F8EE
:104C20003420FB6893F83530DBB2012B2DD1FB7AB1
:104C3000052B27D801A252F823F000BF554C0008DD
:104C40005D4C0008654C00086D4C0008754C000870
:104C50007D4C0008FB687A68DA6318E0FB687A68C4
:104C60001A6414E0FB687A685A6410E0FB687A689A
:104C70009A640CE0FB687A68DA6408E0FB687A689A
:104C80001A6504E00123FB7501E00123FB75FB6855
:104C9000002283F83420FB7D18461C37BD465DF8A2
:104CA000047B704780B483B000AF78607B6893F872
:104CB0003530DBB218460C37BD465DF8047B7047D3
:104CC00080B483B000AF78607B685B6D18460C37AA
:104CD000BD465DF8047B704780B487B000AFF860D4
:104CE000B9607A603B60FB689B6D7B61FB689B6D84
:104CF0003B61FB681B687F4A934272D0FB681B686C
:104D00007D4A93426DD0FB681B687C4A934268D011
:104D1000FB681B687A4A934263D0FB681B68794A38
:104D200093425ED0FB681B68774A934259D0FB6878
:104D30001B68764A934254D0FB681B68744A9342BE
:104D40004FD0FB681B68734A93424AD0FB681B68CC
:104D5000714A934245D0FB681B68704A934240D029
:104D6000FB681B686E4A93423BD0FB681B686D4A28
:104D7000934236D0FB681B686B4A934231D0FB6884
:104D80001B686A4A93422CD0FB681B68684A9342AE
:104D900027D0FB681B68674A934222D0FB681B68D8
:104DA000654A93421DD0FB681B68644A934218D041
:104DB000FB681B68624A934213D0FB681B68614A18
:104DC00093420ED0FB681B685F4A934209D0FB6890
:104DD0001B685E4A934204D0FB681B685C4A93429E
:104DE00001D1012300E00023002B0DD0FB685B6E96
:104DF000FA68926E5A60FB68DB6E002B04D0FB6889
:104E00001B6FFA68526F5A60FB681B68394A9342FD
:104E10004AD0FB681B68384A934245D0FB681B6840
:104E2000364A934240D0FB681B68354A93423BD0D8
:104E3000FB681B68334A934236D0FB681B68324AD2
:104E4000934231D0FB681B68304A93422CD0FB68F8
:104E50001B682F4A934227D0FB681B682D4A934258
:104E600022D0FB681B682C4A93421DD0FB681B684C
:104E70002A4A934218D0FB681B68294A934213D0F0
:104E8000FB681B68274A93420ED0FB681B68264AC2
:104E9000934209D0FB681B68244A934204D0FB6804
:104EA0001B68234A934201D1012300E00023002B19
:104EB00059D0FB68DB6D03F01F033F229A407B69EA
:104EC0009A60FB681B681A68FB681B6822F48022E2
:104ED0001A60FB681B683A685A60FB689B68402B45
:104EE00038D1FB681B687A689A60FB681B68BA68EF
:104EF000DA6086E0100002402800024040000240D4
:104F0000580002407000024088000240A0000240A9
:104F1000B80002401004024028040240400402404D
:104F2000580402407004024088040240A004024079
:104F3000B8040240085402581C5402583054025815
:104F400044540258585402586C5402588054025821
:104F500094540258FB681B68BA689A60FB681B6827
:104F60007A68DA604DE0FB681B68294A934222D0D8
:104F7000FB681B68274A93421DD0FB681B68264AC2
:104F8000934218D0FB681B68244A934213D0FB68F5
:104F90001B68234A93420ED0FB681B68214A934248
:104FA00009D0FB681B68204A934204D0FB681B6849
:104FB0001E4A934201D1012300E00023002B20D0A0
:104FC000FB68DB6D03F01F0301229A403B695A60C6
:104FD000FB681B683A685A60FB689B68402B08D1E5
:104FE000FB681B687A689A60FB681B68BA68DA60BD
:104FF00007E0FB681B68BA689A60FB681B687A6800
:10500000DA6000BF1C37BD465DF8047B704700BF07
:10501000085402581C540258305402584454025840
:10502000585402586C5402588054025894540258F0
:1050300080B485B000AF78607B681B68424A9342B9
:105040004AD07B681B68414A934245D07B681B6805
:105050003F4A934240D07B681B683E4A93423BD014
:105060007B681B683C4A934236D07B681B683B4A8E
:10507000934231D07B681B68394A93422CD07B68BD
:105080001B68384A934227D07B681B68364A934294
:1050900022D07B681B68354A93421DD07B681B6811
:1050A000334A934218D07B681B68324A934213D02C
:1050B0007B681B68304A93420ED07B681B682F4A7E
:1050C000934209D07B681B682D4A934204D07B68C9
:1050D0001B682C4A934201D1012300E00023002BDE
:1050E00024D07B681B68DBB2103B274AA2FB03235A
:1050F0001B09FB60FB6803F00703244AD35C1A46D4
:105100007B68DA65FB68032B08D97B681B681A4645
:105110001F4B13401A1D7B689A650DE07B681B6866
:105120001A461B4B13407A68936505E07B681B6841
:1051300023F0FF027B689A657B689B6D18461437E5
:10514000BD465DF8047B7047100002402800024015
:1051500040000240580002407000024088000240B7
:10516000A0000240B800024010040240280402409F
:105170004004024058040240700402408804024087
:10518000A0040240B8040240ABAAAAAABCE00308EB
:1051900000FCFFFF80B485B000AF78600023FB7394
:1051A0007B689B69002B20D17B689B6A032B58D8B6
:1051B00001A252F823F000BFC9510008DB510008DA
:1051C000C9510008635200087B68DB6A03F08073F2
:1051D000002B48D00123FB7345E07B68DB6AB3F109
:1051E000C07F42D10123FB733FE07B689B69B3F52D
:1051F000005F23D17B689B6A032B38D801A252F849
:1052000023F000BF155200081B5200081552000879
:105210002D5200080123FB7330E07B68DB6A03F04A
:105220008073002B25D00123FB7322E07B68DB6AAF
:10523000B3F1C07F1FD10123FB731CE07B689B6A25
:10524000022B02D9032B03D018E00123FB7315E0D6
:105250007B68DB6A03F08073002B0ED00123FB73A5
:105260000BE000BF0AE000BF08E000BF06E000BF9F
:1052700004E000BF02E000BF00E000BFFB7B184677
:105280001437BD465DF8047B704700BF80B485B01D
:1052900000AF78607B681B68BB607B681B68384A1E
:1052A000934222D07B681B68364A93421DD07B68AC
:1052B0001B68354A934218D07B681B68334A934277
:1052C00013D07B681B68324A93420ED07B681B6800
:1052D000304A934209D07B681B682F4A934204D01E
:1052E0007B681B682D4A934201D1012300E0002313
:1052F000002B1AD07B681B68DBB2083B284AA2FB54
:1053000003231B09FB60FA68264B13449B001A46D3
:105310007B681A667B68244A5A66FB6803F01F03A1
:1053200001229A407B689A6624E07B681B68DBB2A6
:10533000103B1E4AA2FB03231B09FB60BB681C4AEF
:10534000934206D8BB681B4A934202D9FB680833D4
:10535000FB60FA68184B13449B001A467B681A6678
:105360007B68164A5A66FB6803F01F0301229A40C5
:105370007B689A6600BF1437BD465DF8047B7047B2
:10538000085402581C5402583054025844540258CD
:10539000585402586C54025880540258945402587D
:1053A000CDCCCCCC0096001680580258ABAAAAAA45
:1053B000B80402400F04024000820010800802403E
:1053C00080B485B000AF78607B685B68DBB2FB605F
:1053D000FB68002B4AD0FB68082B47D87B681B680A
:1053E000254A934222D07B681B68244A93421DD0F1
:1053F0007B681B68224A934218D07B681B68214A4D
:10540000934213D07B681B681F4A93420ED07B687F
:105410001B681E4A934209D07B681B681C4A934252
:1054200004D07B681B681B4A934201D1012300E032
:105430000023002B0AD0FA68174B13449B001A462E
:105440007B68DA667B68154A1A6709E0FA68144BCC
:1054500013449B001A467B68DA667B68114A1A6718
:10546000FB68013B01229A407B685A6700BF1437F2
:10547000BD465DF8047B7047085402581C5402581E
:105480003054025844540258585402586C5402582C
:1054900080540258945402583F96001640590258BE
:1054A0003F8200104009024080B598B000AF78609C
:1054B000844A07F10C0311464C22184636F006F8D0
:1054C0007B68002B01D10123C6E17B681B687E4A03
:1054D000934206D17B681B6803F580731A467B688C
:1054E0005A607B6893F89830DBB2002B06D17B685A
:1054F000002283F899207868FCF722F87B681B6803
:105500009A697B681B6822F010029A61FCF7EAFF37
:10551000F86514E0FCF7E6FF0246FB6DD31A0A2B90
:105520000DD97B68D3F89C3043F001027B68C3F847
:105530009C207B68032283F8982001238CE17B6800
:105540001B689B6903F00803082BE3D07B681B688A
:105550009A697B681B6842F001029A61FCF7C2FFFE
:10556000F86514E0FCF7BEFF0246FB6DD31A0A2B68
:105570000DD97B68D3F89C3043F001027B68C3F8F7
:105580009C207B68032283F89820012364E17B68D8
:105590001B689B6903F00103002BE3D07B681B6849
:1055A0009A697B681B6842F002029A617B681B7CE7
:1055B000012B08D17B681B689A697B681B6822F005
:1055C00040029A6107E07B681B689A697B681B68E8
:1055D00042F040029A617B685B7C012B08D17B68BA
:1055E0001B689A697B681B6842F480429A6107E0F5
:1055F0007B681B689A697B681B6822F480429A6109
:105600007B689B7C012B08D17B681B689A697B684F
:105610001B6822F480529A6107E07B681B689A69D4
:105620007B681B6842F480529A617B681B689B69A7
:1056300023F440717B689A687B681B680A439A610F
:105640007B681B689A697B681B6822F0A4029A61D8
:105650007B681B681A697B681B6822F010021A615C
:105660007B68DB68012B08D17B681B689A697B68C3
:105670001B6842F004029A6130E07B68DB68002B13
:105680002CD07B68DB68022B20D07B681B689A6972
:105690007B681B6842F080029A617B681B681A690C
:1056A0007B681B6842F010021A617B68DB68032B81
:1056B00014D17B681B689A697B681B6842F02002E2
:1056C0009A610BE0A8D3030800A000407B681B6828
:1056D0009A697B681B6842F020029A617B689B692B
:1056E000013B5A067B68DB69013B1B021A437B685E
:1056F0001B6A013B42EA03017B685B69013B1A04B8
:105700007B681B680A43DA617B689B68B3F5407F5E
:1057100015D17B689B6A5A1E7B68DB6A013B1B02C2
:105720001A437B681B6B013B1B0142EA03017B6848
:105730005B6A013B1A047B681B680A43DA607B687A
:105740001B6E002B0AD07B681B68D3F8C0107B68E7
:105750005A6E7B681B680A43C3F8C0207B68DA6D09
:105760007B681B6E1344002B11D07B681B68D3F839
:10577000C83023F007017B689B6E9B0060333B447D
:1057800053F8542C7B681B680A43C3F8C8207B6815
:105790001B6C002B11D07B681B68D3F8BC3023F046
:1057A00007017B685B6C9B0060333B4453F8542CCF
:1057B0007B681B680A43C3F8BC207B689B6C002B8A
:1057C00012D07B681B68D3F8BC3023F070017B6873
:1057D000DB6C9B0060333B4453F8543C1A017B68FC
:1057E0001B680A43C3F8BC207B681B6D002B12D0DA
:1057F0007B681B68D3F8BC3023F4E0617B685B6D89
:105800009B0060333B4453F8543C1A027B681B688E
:105810000A43C3F8BC207B681B68114A934207D136
:105820007B685B689A687B685B6822F003029A6019
:105830007B680022C3F894207B680022C3F89C2078
:105840007B68012283F89820786800F091FD034678
:1058500087F85B3097F85B3018466037BD4680BDEF
:1058600000A0004080B487B000AF786039607B68EA
:1058700093F89830FB73FB7B012B02D0FB7B022B50
:1058800057D13B681B68002B2BD13B68DB68072B8B
:105890000DD13B681B691A043B68DB691B021A4384
:1058A0003B689B69134343F060537B610EE03B68A8
:1058B0009B689A073B68DB68DB061A433B681B69F9
:1058C0001B041A433B685B6913437B617B68DA6E98
:1058D0003B685B689B001344BB60BB687A691A60D5
:1058E00025E03B68DB685A073B681B6913437B6113
:1058F0003B68DB68072B03D13B689B693B6106E093
:105900003B689B689A073B685B6913433B617B6814
:105910001A6F3B685B68DB001344BB60BB687A6945
:105920001A60BB680433BB60BB683A691A60002325
:1059300008E07B68D3F89C3043F002027B68C3F830
:105940009C20012318461C37BD465DF8047B704738
:1059500080B483B000AF78607B6893F89830DBB296
:10596000012B11D17B68022283F898207B681B6889
:105970009A697B681B6822F001029A617B680022A9
:10598000C3F89C20002308E07B68D3F89C3043F0E8
:1059900004027B68C3F89C20012318460C37BD46DF
:1059A0005DF8047B7047000080B48BB000AFF860F6
:1059B000B9607A603B600023FB61FB6893F8983024
:1059C000FB76FB7E022B40F04981BB68402B4CD11B
:1059D000FB681B68D3F8A03003F4FE03002B09D149
:1059E000FB68D3F89C3043F02002FB68C3F89C208E
:1059F00001233CE1FB681B68D3F8A43003F07F036C
:105A0000002B09D1FB68D3F89C3043F48072FB680B
:105A1000C3F89C2001232AE1FB681B68D3F8A4305B
:105A200003F08073B3F1807F0AD1FB681B68D3F861
:105A3000A03003F00043B3F1004F01D10123FB611B
:105A4000FB681B68D3F8A4301B0A03F03F03FA6914
:105A50001344FB61FB685A6FFB685B6CF96901FBDF
:105A600003F39B0013447B6268E0BB68412B4CD17D
:105A7000FB681B68D3F8B03003F4FE03002B09D198
:105A8000FB68D3F89C3043F02002FB68C3F89C20ED
:105A90000123ECE0FB681B68D3F8B43003F07F030C
:105AA000002B09D1FB68D3F89C3043F48072FB686B
:105AB000C3F89C200123DAE0FB681B68D3F8B430FC
:105AC00003F08073B3F1807F0AD1FB681B68D3F8C1
:105AD000B03003F00043B3F1004F01D10123FB616B
:105AE000FB681B68D3F8B4301B0A03F03F03FA6964
:105AF0001344FB61FB689A6FFB68DB6CF96901FB7F
:105B000003F39B0013447B6218E0FB681B6DBA68CB
:105B10009A4209D3FB68D3F89C3043F02002FB681B
:105B2000C3F89C200123A2E0FB68DA6FFB685B6D81
:105B3000B96801FB03F39B0013447B627B6A1B681B
:105B400003F080427B685A607B685B68002B07D15A
:105B50007B6A1B689B0CC3F30A027B681A6005E032
:105B60007B6A1B6823F060427B681A607B6A1B6853
:105B700003F000527B689A607B6A1B6803F0004266
:105B80007B681A617B6A04337B627B6A1B689AB20A
:105B90007B68DA617B6A1B681B0C03F00F027B6871
:105BA000DA607B6A1B6803F480127B685A617B6A47
:105BB0001B6803F400127B689A617B6A1B681B0EEA
:105BC00003F07F027B681A627B6A1B68DA0F7B68CE
:105BD0005A627B6A04337B627B6A7B6100233B628F
:105BE0000AE07A693B6A1A4439683B6A0B441278C6
:105BF0001A703B6A01333B627B68DB681F4AD35CE7
:105C00001A463B6A9342ECD3BB68402B05D1FB6834
:105C10001B68FA69C3F8A8201EE0BB68412B05D1B8
:105C2000FB681B68FA69C3F8B82015E0BB681F2B36
:105C300008D8FB681B680121BA6801FA02F2C3F8B0
:105C4000982009E0BB6803F01F02FB681B68012174
:105C500001FA02F2C3F89C20002308E0FB68D3F8A5
:105C60009C3043F00802FB68C3F89C2001231846CF
:105C70002C37BD465DF8047B704700BFC4E00308C5
:105C800080B487B000AFF860B9607A60FB6893F8C1
:105C90009830FB75FB7D012B02D0FB7D022B55D18B
:105CA000FB681B689A6DBB681340002B08D1FB682A
:105CB0001B68DA6DFB681B6842F00102DA6514E0CC
:105CC000FB681B689A6DBB681340BA689A4208D19A
:105CD000FB681B68DA6DFB681B6842F00202DA653C
:105CE00003E0FB681B680322DA65BB6803F40073FA
:105CF000002B09D0FB681B68D3F8E010FB681B6819
:105D00007A680A43C3F8E020BB6803F48063002B81
:105D100009D0FB681B68D3F8E410FB681B687A683D
:105D20000A43C3F8E420FB681B68596DBA680F4B3F
:105D30001340FA6812680B4353650D4B5A69BB68F0
:105D40009B0F0B4913434B61002308E0FB68D3F81A
:105D50009C3043F00202FB68C3F89C2001231846E4
:105D60001C37BD465DF8047B704700BFFFFFCF3F87
:105D700000A8004080B596B000AF78609A4B1B69D0
:105D80009B077B65984B5B699B077A6D13407B652E
:105D90007B681B681B6D03F470433B657B681B6865
:105DA0005B6D3A6D13403B657B681B681B6D03F0B0
:105DB0000F03FB647B681B685B6DFA6C1340FB642C
:105DC0007B681B681B6D03F0F003BB647B681B687A
:105DD0005B6DBA6C1340BB647B681B681B6D03F082
:105DE00071537B647B681B685B6D7A6C13407B64CA
:105DF0007B681B681B6D03F060733B647B681B68EA
:105E00005B6D3A6C13403B647B681B685B6DFB63A6
:105E10007B681B681B6DBB63FB6B1B0A03F00103F4
:105E2000002B10D0BB6B1B0A03F00103002B0AD020
:105E30007B681B684FF480721A656B4B00221A61F5
:105E4000786800F049FAFB6B9B0A03F00103002B12
:105E50001DD0BB6B9B0A03F00103002B17D07B689E
:105E60001B68D3F8DC307B637B681B68D3F8E430B5
:105E70007A6B13407B637B681B684FF480621A6502
:105E8000594B00221A61796B786800F0FCF97B6D40
:105E9000002B0DD07B681A68796D544B0B4013654D
:105EA000514A7B6D9B0F1361796D786800F0C0F9E2
:105EB0003B6D002B0DD07B681A68396D4B4B0B4046
:105EC0001365494A3B6D9B0F1361396D786800F08B
:105ED000BAF9FB6C002B0DD07B681A68F96C434B48
:105EE0000B401365404AFB6C9B0F1361F96C78689B
:105EF0002DF01CFDBB6C002B0DD07B681A68B96CB3
:105F00003A4B0B401365384ABB6C9B0F1361B96C5D
:105F100078682DF043FDFB6BDB0A03F00103002BD7
:105F200010D0BB6BDB0A03F00103002B0AD07B68A7
:105F30001B684FF400621A652B4B00221A617868C7
:105F400000F08CF9FB6B5B0A03F00103002B1DD002
:105F5000BB6B5B0A03F00103002B17D07B681B6847
:105F6000D3F8D8303B637B681B68D3F8E0303A6BDA
:105F700013403B637B681B684FF400721A651A4B31
:105F800000221A61396B786800F072F9FB6BDB0C48
:105F900003F00103002B10D0BB6BDB0C03F00103FB
:105FA000002B0AD07B681B684FF400221A650E4B49
:105FB00000221A61786800F071F9FB6B1B0C03F08A
:105FC0000103002B16D0BB6B1B0C03F00103002B4D
:105FD00010D07B681B684FF480321A65024B002298
:105FE0001A61786804E000BF00A80040FFFFCF3FBF
:105FF00000F05EF9FB6B9B0C03F00103002B10D04B
:10600000BB6B9B0C03F00103002B0AD07B681B6861
:106010004FF480221A65834B00221A61786800F0E1
:1060200051F9FB6B5B0C03F00103002B15D0BB6B2C
:106030005B0C03F00103002B0FD07B681B684FF44F
:1060400000321A65774B00221A617B68D3F89C30C6
:1060500043F080027B68C3F89C203B6C002B0DD082
:106060007B681A68396C704B0B4013656D4A3B6C4A
:106070009B0F1361396C786800F042F97B6C002B40
:1060800011D07B681A68796C674B0B401365654AC1
:106090007B6C9B0F13617B68D3F89C207B6C1A434D
:1060A0007B68C3F89C207B681B68604A934240F081
:1060B000AC807B685B689B6803F00303002B00F0F7
:1060C000A4807B685B681B6A03F00F03FB627B683C
:1060D0005B685B6AFA6A1340FB627B685B681B6AF9
:1060E00003F03003BB627B685B685B6ABA6A13408B
:1060F000BB627B685B681B6A03F4C0737B627B686E
:106100005B685B6A7A6A13407B627B685B681B6AC8
:1061100003F4FC433B627B685B685B6A3A6A13404A
:106120003B627B685B681B6A03F4F023FB617B685E
:106130005B685B6AFA691340FB617B685B685B6A5A
:10614000BB617B685B681B6A7B61FB6A002B07D0C5
:106150007B685B68FA6A1A62F96A786800F0DBF8B3
:10616000BB6A002B07D07B685B68BA6A1A62B96A9F
:10617000786800F0DBF8BB699B0903F00103002B92
:106180001AD07B699B0903F00103002B14D07B68B4
:106190005B68DB6B1B0C9BB23B617B685B68DB6BFA
:1061A00003F03F03FB607B685B6840221A62FA6879
:1061B0003969786800F0C5F87B6A002B07D07B68E6
:1061C0005B687A6A1A62796A786800F0C6F83B6A96
:1061D000002B0BD07B685B683A6A1A627B68D3F845
:1061E0009C203B6A1A437B68C3F89C20FB69002B08
:1061F0000BD07B685B68FA691A627B68D3F89C20D5
:10620000FB691A437B68C3F89C207B68D3F89C30F9
:10621000002B02D0786800F069F800BF5837BD46FF
:1062200080BD00BF00A80040FFFFCF3F00A000409E
:1062300080B483B000AF7860396000BF0C37BD46D2
:106240005DF8047B704780B483B000AF786039603C
:1062500000BF0C37BD465DF8047B704780B483B047
:1062600000AF786000BF0C37BD465DF8047B704717
:1062700080B483B000AF7860396000BF0C37BD4692
:106280005DF8047B704780B483B000AF78603960FC
:1062900000BF0C37BD465DF8047B704780B483B007
:1062A00000AF786000BF0C37BD465DF8047B7047D7
:1062B00080B483B000AF786000BF0C37BD465DF896
:1062C000047B704780B483B000AF786000BF0C37A8
:1062D000BD465DF8047B704780B483B000AF786042
:1062E00000BF0C37BD465DF8047B704780B483B0B7
:1062F00000AF786000BF0C37BD465DF8047B704787
:1063000080B483B000AF7860396000BF0C37BD4601
:106310005DF8047B704780B483B000AF786039606B
:1063200000BF0C37BD465DF8047B704780B483B076
:1063300000AF7860396000BF0C37BD465DF8047B64
:10634000704780B485B000AFF860B9607A6000BF74
:106350001437BD465DF8047B704780B483B000AF4E
:106360007860396000BF0C37BD465DF8047B70472C
:1063700080B485B000AF78607B685B6BBB607B6886
:106380001B68D3F88420A74B1340BA6891007A6841
:1063900012680B43C2F884307B681B68D3F88430E2
:1063A00023F47F017B689B6B1A047B681B680A439C
:1063B000C3F884207B689B6BBA681344BB607B681E
:1063C0001B68D3F88820974B1340BA6891007A680D
:1063D00012680B43C2F888307B681B68D3F888309A
:1063E00023F4FE017B68DB6B1A047B681B680A439D
:1063F000C3F888207B68DB6B5B00BA681344BB6022
:106400007B681B68D3F8A020864B1340BA689100C4
:106410007A6812680B43C2F8A0307B681B68D3F817
:10642000A03023F4FE017B681B6C1A047B681B6898
:106430000A43C3F8A0207B681B6C7A68526C02FB8D
:1064400003F3BA681344BB607B681B68D3F8B020C1
:10645000744B1340BA6891007A6812680B43C2F813
:10646000B0307B681B68D3F8B03023F4FE017B6842
:106470009B6C1A047B681B680A43C3F8B0207B68D6
:106480009B6C7A68D26C02FB03F3BA681344BB605E
:106490007B681B68D3F8AC20624B1340BA6891004C
:1064A0007A6812680B43C2F8AC307B681B6D7A685F
:1064B000526D02FB03F3BA681344BB607B681B6830
:1064C000D3F8F020574B1340BA6891007A681268ED
:1064D0000B43C2F8F0307B681B68D3F8F03023F42C
:1064E0007C117B689B6D1A047B681B680A43C3F8A8
:1064F000F0207B689B6D5B00BA681344BB607B68CF
:106500001B68D3F8C020474B1340BA6891007A68E3
:1065100012680B43C2F8C0307B681B68D3F8C030E8
:1065200023F47C117B68DB6D1A047B681B680A43CB
:10653000C3F8C0207B681B68D3F8C03023F07C51BF
:106540007B681B6E1A067B681B680A43C3F8C02071
:106550007B685A6B344B13449A007B68DA667B681D
:10656000DA6E7B689B6B9B001A447B681A677B68BA
:106570001A6F7B68DB6BDB001A447B685A677B68A9
:106580005A6F7B681B6C7968496C01FB03F39B00B5
:106590001A447B689A677B689A6F7B689B6C796802
:1065A000C96C01FB03F39B001A447B68DA677B68C4
:1065B000DA6F7B681B6D7968496D01FB03F39B0003
:1065C0001A447B68C3F880207B68D3F880207B68FE
:1065D0009B6DDB001A447B68C3F884207B68D3F88A
:1065E00084207B68DB6D7968896E01FB03F39B0077
:1065F0001A447B68C3F888207B68D3F888207B68BE
:106600001B6E7968896E01FB03F39B001A447B685B
:10661000C3F890207B68D3F89030044A934215D990
:1066200006E000BF0300FFFF002B0010FCD300407A
:106630007B68D3F89C3043F020027B68C3F89C2031
:106640007B68032283F89820012310E07B68DB6ECF
:10665000FB6005E0FB6800221A60FB680433FB6006
:106660007B68D3F89030FA689A42F3D30023184637
:106670001437BD465DF8047B704700BF80B489B015
:1066800000AF786039600023FB61894B7B6194E146
:106690003B681A680121FB6901FA03F313403B616F
:1066A0003B69002B00F086813B685B6803F00303C5
:1066B000012B05D03B685B6803F00303022B30D14C
:1066C0007B689B68BB61FB695B00032202FA03F3F2
:1066D000DB43BA691340BB613B68DA68FB695B0066
:1066E00002FA03F3BA691343BB617B68BA699A6023
:1066F0007B685B68BB610122FB6902FA03F3DB4341
:10670000BA691340BB613B685B681B0903F0010277
:10671000FB6902FA03F3BA691343BB617B68BA6988
:106720005A603B685B6803F00303032B17D07B6858
:10673000DB68BB61FB695B00032202FA03F3DB4306
:10674000BA691340BB613B689A68FB695B0002FA57
:1067500003F3BA691343BB617B68BA69DA603B68CB
:106760005B6803F00303022B23D1FB69DA087B6823
:10677000083253F82230BB61FB6903F007039B002A
:106780000F2202FA03F3DB43BA691340BB613B6893
:106790001A69FB6903F007039B0002FA03F3BA6965
:1067A0001343BB61FB69DA087B680832B96943F8B7
:1067B00022107B681B68BB61FB695B00032202FA45
:1067C00003F3DB43BA691340BB613B685B6803F0CA
:1067D0000302FB695B0002FA03F3BA691343BB616E
:1067E0007B68BA691A603B685B6803F44033002B2E
:1067F00000F0E0802F4BD3F8F4302E4A43F0020330
:10680000C2F8F4302B4BD3F8F43003F00203FB60F2
:10681000FB68294AFB699B08023352F82330BB61AD
:10682000FB6903F003039B000F2202FA03F3DB432F
:10683000BA691340BB617B68204A934252D07B689F
:106840001F4A934231D07B681E4A93422BD07B680B
:106850001D4A934225D07B681C4A93421FD07B6817
:106860001B4A934219D07B681A4A934213D07B6823
:10687000194A93420DD07B68184A934207D07B682F
:10688000174A934201D109232DE00A232BE0082364
:1068900029E0072327E0062325E0052323E004233E
:1068A00021E003231FE002231DE001231BE000BFC2
:1068B00080000058004402580004005800000258AC
:1068C0000004025800080258000C02580010025838
:1068D0000014025800180258001C025800200258E8
:1068E000002402580023FA6902F003029200934048
:1068F000BA691343BB613849FB699B080233BA6923
:1069000041F823204FF0B0431B68BB613B69DB4378
:10691000BA691340BB613B685B6803F48013002BCA
:1069200003D0BA693B691343BB614FF0B042BB6906
:1069300013604FF0B0435B68BB613B69DB43BA69EE
:106940001340BB613B685B6803F40013002B03D06A
:10695000BA693B691343BB614FF0B042BB695360F6
:106960007B695B68BB613B69DB43BA691340BB6110
:106970003B685B6803F40033002B03D0BA693B69C2
:106980001343BB617B69BA695A607B691B68BB6151
:106990003B69DB43BA691340BB613B685B6803F446
:1069A0008033002B03D0BA693B691343BB617B6919
:1069B000BA691A60FB690133FB613B681A68FB69BD
:1069C00022FA03F3002B7FF463AE00BF00BF24372D
:1069D000BD465DF8047B70470004005880B485B064
:1069E00000AF78600B467B807B681A697B88134018
:1069F000002B02D00123FB7301E00023FB73FB7B20
:106A000018461437BD465DF8047B704780B483B0E8
:106A100000AF78600B467B8013467B707B78002B41
:106A200003D07A887B689A6103E07B881A047B68CC
:106A30009A6100BF0C37BD465DF8047B704780B497
:106A400085B000AF78600B467B807B685B69FB603C
:106A50007A88FB6813401A04FB68D9437B880B4093
:106A60001A437B689A6100BF1437BD465DF8047B0A
:106A7000704780B582B000AF0346FB804FF0B04353
:106A8000D3F88820FB881340002B08D04FF0B04289
:106A9000FB88C2F88830FB88184631F06BFE00BFD7
:106AA0000837BD4680BD000080B582B000AF786079
:106AB0007B68002B01D101238BE07B6893F8413088
:106AC000DBB2002B06D17B68002283F84020786877
:106AD000FAF7C0FD7B68242283F841207B681B689D
:106AE0001A687B681B6822F001021A607B685A688A
:106AF0007B681B6822F070621A617B681B689A6869
:106B00007B681B6822F400429A607B68DB68012B7B
:106B100007D17B689A687B681B6842F400429A60E0
:106B200006E07B689A687B681B6842F404429A60BE
:106B30007B68DB68022B08D17B681B685A687B681E
:106B40001B6842F400625A6007E07B681B685A6861
:106B50007B681B6822F400625A607B681B68596876
:106B60007B681A681D4B0B4353607B681B68DA68AF
:106B70007B681B6822F40042DA607B681A697B68D4
:106B80005B6942EA03017B689B691A027B681B68A8
:106B90000A43DA607B68D9697B681A6A7B681B687C
:106BA0000A431A607B681B681A687B681B6842F09E
:106BB00001021A607B6800225A647B68202283F8F5
:106BC00041207B6800221A637B68002283F8422000
:106BD000002318460837BD4680BD00BF0080000274
:106BE00080B588B002AFF860084611461A460346E1
:106BF0007B810B463B811346FB80FB6893F8413059
:106C0000DBB2202B40F0F9803B6A002B02D0BB8C1A
:106C1000002B05D1FB684FF400725A640123EDE0AC
:106C2000FB6893F84030012B01D10223E6E0FB68BA
:106C3000012283F84020FBF755FC78617B690093C3
:106C4000192301224FF40041F86801F0BCFE03460D
:106C5000002B01D00123D1E0FB68212283F84120E1
:106C6000FB68402283F84220FB6800225A64FB68DC
:106C70003A6A5A62FB68BA8C5A85FB6800225A63EA
:106C8000F8883A8979897B690193BB6A0093034646
:106C9000F86801F051F80346002B05D0FB6800228C
:106CA00083F840200123A9E0FB685B8D9BB2FF2B9A
:106CB0000ED9FB68FF221A85FB681B8DDAB2798931
:106CC000002300934FF08073F86802F03FF80FE064
:106CD000FB685B8D9AB2FB681A85FB681B8DDAB284
:106CE0007989002300934FF00073F86802F02EF8C2
:106CF0007A69B96AF86801F0BFFE0346002B01D03B
:106D000001237BE0FB685B6A1A78FB681B689A6268
:106D1000FB685B6A5A1CFB685A62FB685B8D9BB21E
:106D2000013B9AB2FB685A85FB681B8D013B9AB206
:106D3000FB681A85FB685B8D9BB2002B34D0FB6827
:106D40001B8D002B30D17B690093BB6A0022802110
:106D5000F86801F038FE0346002B01D001234DE016
:106D6000FB685B8D9BB2FF2B0ED9FB68FF221A8557
:106D7000FB681B8DDAB27989002300934FF0807392
:106D8000F86801F0E3FF0FE0FB685B8D9AB2FB68E7
:106D90001A85FB681B8DDAB27989002300934FF0C6
:106DA0000073F86801F0D2FFFB685B8D9BB2002B8B
:106DB0009ED17A69B96AF86801F0A5FE0346002BF6
:106DC00001D001231AE0FB681B682022DA61FB680E
:106DD0001B685968FB681A680A4B0B405360FB68D4
:106DE000202283F84120FB68002283F84220FB68C0
:106DF000002283F84020002300E0022318461837C1
:106E0000BD4680BD00E800FE80B586B002AFF860E8
:106E1000084611461A4603467B810B463B811346C2
:106E2000FB80FB6893F84130DBB2202B6AD1BB6951
:106E3000002B02D0BB8B002B05D1FB684FF40072F6
:106E40005A6401235FE0FB681B689B6903F40043FD
:106E5000B3F5004F01D1022355E0FB6893F84030B1
:106E6000012B01D102234EE0FB68012283F8402070
:106E7000FB68212283F84120FB68402283F84220EE
:106E8000FB6800225A64FB6800221A85FB68BA6915
:106E90005A62FB68BA8B5A85FB681D4ADA62FB6846
:106EA0001C4A5A637A89FB68DA64FB88012B09D192
:106EB0003B89DAB2FB681B689A62FB684FF0FF32CD
:106EC0001A650BE03B891B0A9BB2DAB2FB681B68B0
:106ED0009A623B89DBB21A46FB681A65FB88DAB214
:106EE00079890D4B00934FF08073F86801F02EFF05
:106EF000FB68002283F840200121F86801F058FF68
:106F0000002300E0022318461037BD4680BD00BFB5
:106F10000000FFFFBD7000080020008080B584B035
:106F200000AF78607B681B689B69FB607B681B68AF
:106F30001B68BB607B685B6B002B05D07B685B6B61
:106F4000BA68F9687868984700BF1037BD4680BDB9
:106F500080B586B000AF78607B681B689B697B61F9
:106F60007B681B681B683B617B691B0A03F001039C
:106F7000002B10D03B69DB0903F00103002B0AD082
:106F80007B685B6C43F001027B685A647B681B681A
:106F90004FF48072DA617B699B0A03F00103002BD6
:106FA00010D03B69DB0903F00103002B0AD07B689A
:106FB0005B6C43F008027B685A647B681B684FF483
:106FC0008062DA617B695B0A03F00103002B10D059
:106FD0003B69DB0903F00103002B0AD07B685B6C83
:106FE00043F002027B685A647B681B684FF40072AE
:106FF000DA617B685B6CFB60FB6803F00B03002BC2
:1070000003D0F968786801F085FB00BF1837BD46EA
:1070100080BD80B483B000AF786000BF0C37BD4640
:107020005DF8047B704780B483B000AF786000BF28
:107030000C37BD465DF8047B704780B483B000AF69
:10704000786000BF0C37BD465DF8047B704780B4A4
:1070500083B000AF786000BF0C37BD465DF8047B9D
:10706000704780B483B000AF78600B46FB70134666
:107070003B8000BF0C37BD465DF8047B704780B491
:1070800083B000AF786000BF0C37BD465DF8047B6D
:10709000704780B483B000AF786000BF0C37BD4646
:1070A0005DF8047B704780B483B000AF786000BFA8
:1070B0000C37BD465DF8047B7047000080B588B092
:1070C00002AFF860B9607A60934B7B61BB683B614B
:1070D000FB6893F84030012B01D1022318E1FB68D3
:1070E000012283F840203B691B0903F00103002BB8
:1070F00013D07B681B0903F00103002B0DD0FB6844
:107100001B681022DA61FB685B6C43F00402FB68C9
:107110005A64F86801F015FCE5E03B699B0803F050
:107120000103002B23D07B689B0803F00103002B95
:107130001DD03B6923F004033B61FB681B685A6A5E
:10714000FB685B6AD2B21A70FB685B6A5A1CFB6808
:107150005A62FB681B8D013B9AB2FB681A85FB687B
:107160005B8D9BB2013B9AB2FB685A85BBE03B69E1
:107170005B0803F00103002B2DD07B685B0803F054
:107180000103002B27D0FB681B6DB3F1FF3F18D123
:10719000FB685B6A1A78FB681B689A62FB685B6A2B
:1071A0005A1CFB685A62FB681B8D013B9AB2FB6854
:1071B0001A85FB685B8D9BB2013B9AB2FB685A85CE
:1071C00091E0FB681B68FA68126D9A62FB684FF0E9
:1071D000FF321A6587E03B69DB0903F00103002BEE
:1071E0003DD07B689B0903F00103002B37D0FB687F
:1071F0005B8D9BB2002B2CD0FB681B8D002B28D104
:10720000FB685B8D9BB2FF2B10D9FB68FF221A85B0
:10721000FB68DB6C99B2FB681B8DDAB2002300932C
:107220004FF08073F86801F091FD17E0FB685B8D0B
:107230009AB2FB681A85FB68DB6C99B2FB681B8D00
:10724000DAB2002300934FF00073F86801F07EFD7E
:1072500004E04021F86801F05DFA44E043E03B6956
:107260009B0903F00103002B3DD07B689B0903F0D1
:107270000103002B37D00121F86801F01DFE022127
:10728000F86801F095FDFB6893F84130DBB2222BE2
:1072900001D1224B7B61FB685B8D9BB2FF2B10D928
:1072A000FB68FF221A85FB68DB6C99B2FB681B8DBB
:1072B000DAB27B6900934FF08073F86801F046FD05
:1072C00011E0FB685B8D9AB2FB681A85FB68DB6C8A
:1072D00099B2FB681B8DDAB27B6900934FF00073A3
:1072E000F86801F033FD3B695B0903F00103002BF3
:1072F00009D07B685B0903F00103002B03D03969D7
:10730000F86800F08DFEFB68002283F8402000231F
:1073100018461837BD4680BD00200080002400803C
:1073200080B586B000AFF860B9607A60FB68DB6A50
:107330007B61BB683B61FB6893F84030012B01D156
:107340000223EDE0FB68012283F840203B695B09E2
:1073500003F00103002B0AD07B685B0903F00103F3
:10736000002B04D03969F86800F024FFD3E03B69B2
:107370001B0903F00103002B4DD07B681B0903F0B0
:107380000103002B47D0FB685B8D9BB2002B28D1FB
:10739000FB6893F84130DBB2282B08D17B69B3F14D
:1073A000007F04D13969F86801F05EF932E0FB68CA
:1073B00093F84130DBB2292B0ED17B6913F5803F66
:1073C0000AD0FB681B681022DA61F86801F0B9FA8C
:1073D000F86800F0C6FD1DE0FB681B681022DA614A
:1073E00096E0FB681B681022DA61FB685B6C43F077
:1073F0000402FB685A647B69002B04D07B69B3F1FB
:10740000807F40F08580FB685B6C1946F86801F06E
:1074100081F97DE07CE03B699B0803F00103002BD0
:1074200030D07B689B0803F00103002B2AD0FB6857
:107430005B8D9BB2002B18D0FB681B685A6AFB68F7
:107440005B6AD2B21A70FB685B6A5A1CFB685A62AC
:10745000FB681B8D013B9AB2FB681A85FB685B8D4C
:107460009BB2013B9AB2FB685A85FB685B8D9BB26D
:10747000002B4FD17B6913F5803F4BD0F86800F0AB
:1074800070FD47E03B69DB0803F00103002B0AD0E5
:107490007B68DB0803F00103002B04D03969F8682E
:1074A00000F09EFC37E03B695B0803F00103002B12
:1074B00031D07B685B0803F00103002B2BD0FB6805
:1074C0005B8D9BB2002B18D0FB685B6A1A78FB6857
:1074D0001B689A62FB685B6A5A1CFB685A62FB680D
:1074E0005B8D9BB2013B9AB2FB685A85FB681B8D92
:1074F000013B9AB2FB681A850DE07B69B3F1807F8E
:1075000002D07B69002B06D1F86800F02AFD02E06A
:1075100000BF00E000BFFB68002283F8402000238A
:1075200018461837BD4680BD80B588B002AFF860F8
:10753000B9607A60FB6893F84030012B01D10223D7
:10754000E1E0FB68012283F84020BB681B0903F0DF
:107550000103002B17D07B681B0903F00103002BEC
:1075600011D0FB681B681022DA61FB685B6C43F08A
:107570000402FB685A642021F86801F019FCF868DD
:1075800001F0DFF9BAE0BB68DB0903F00103002B6F
:1075900072D07B689B0903F00103002B6CD0FB6861
:1075A0001B681A68FB681B6822F040021A60FB68BF
:1075B0005B8D9BB2002B4ED0FB681B685B689BB257
:1075C000C3F309037B82FB685B8D9BB2FF2B06D95B
:1075D000FB68FF221A854FF080737B6110E0FB6827
:1075E0005B8D9AB2FB681A85FB68DB6A13F5803FF6
:1075F00003D0FB68DB6A7B6102E04FF000737B61C4
:10760000FB681B8DDAB2798A002300937B69F868E6
:1076100001F09CFBFB685B8D9AB2FB681B8DD31A53
:107620009AB2FB685A85FB6893F84130DBB2222B93
:1076300008D1FB681B681A68FB681B6842F40042AB
:107640001A605BE0FB681B681A68FB681B6842F401
:1076500080421A6052E0FB681B685B6803F00073AD
:10766000B3F1007F03D0F86800F03EFC46E0402113
:10767000F86801F04FF841E0BB689B0903F0010393
:10768000002B29D07B689B0903F00103002B23D03A
:10769000FB685B8D9BB2002B19D1FB681B685B6894
:1076A00003F00073B3F1007F27D0FB68DB6A13F5AA
:1076B000803F08D1FB681B685A68FB681B6842F46E
:1076C00080425A6019E0F86800F00EFC15E0402195
:1076D000F86801F01FF810E0BB685B0903F00103D4
:1076E000002B0BD07B685B0903F00103002B05D056
:1076F000B968F86800F094FC00E000BFFB68002265
:1077000083F84020002318461837BD4680BD00008E
:1077100080B588B002AFF860B9607A60924B7B6147
:10772000FB6893F84030012B01D1022318E1FB687C
:10773000012283F84020BB681B0903F00103002BE2
:1077400017D07B681B0903F00103002B11D0FB68E5
:107750001B681022DA61FB685B6C43F00402FB6873
:107760005A642021F86801F023FBF86801F0E9F879
:10777000F1E0BB685B0803F00103002B0FD07B68CE
:107780005B0803F00103002B09D0FB681B68FA6853
:10779000126D9A62FB684FF0FF321A65DBE0BB683E
:1077A000DB0903F00103002B60D07B689B0903F029
:1077B0000103002B5AD00121F86801F07DFB102154
:1077C000F86801F0F5FAFB685B8D9BB2002B48D09E
:1077D000FB685B8D9BB2FF2B10D9FB68FF221A85DB
:1077E000FB68DB6C99B2FB681B8DDAB20023009357
:1077F0004FF08073F86801F0A9FA11E0FB685B8D27
:107800009AB2FB681A85FB68DB6C99B2FB681B8D2A
:10781000DAB2002300934FF00073F86801F096FA93
:10782000FB685B8D9AB2FB681B8DD31A9AB2FB681A
:107830005A85FB6893F84130DBB2222B08D1FB68F4
:107840001B681A68FB681B6842F400421A6082E0F9
:10785000FB681B681A68FB681B6842F480421A6068
:1078600079E04021F86800F055FF74E0BB689B099F
:1078700003F00103002B5ED07B689B0903F001033A
:10788000002B58D00121F86801F016FB1021F86890
:1078900001F08EFAFB6893F84130DBB2222B01D164
:1078A000324B7B61FB685B8D9BB2FF2B10D9FB6871
:1078B000FF221A85FB68DB6C99B2FB681B8DDAB27C
:1078C0007B6900934FF08073F86801F03FFA11E094
:1078D000FB685B8D9AB2FB681A85FB68DB6C99B21A
:1078E000FB681B8DDAB27B6900934FF00073F86878
:1078F00001F02CFAFB685B8D9AB2FB681B8DD31AE2
:107900009AB2FB685A85FB6893F84130DBB2222BB0
:1079100008D1FB681B681A68FB681B6842F40042C8
:107920001A6018E0FB681B681A68FB681B6842F461
:1079300080421A600FE0BB685B0903F00103002B73
:1079400009D07B685B0903F00103002B03D0B96801
:10795000F86800F065FBFB68002283F840200023F4
:1079600018461837BD4680BD0020008000240080E6
:1079700080B588B000AFF860B9607A60FB68DB6AF8
:10798000BB610023FB61FB6893F84030012B01D100
:107990000223CCE1FB68012283F84020BB685B092D
:1079A00003F00103002B0AD07B685B0903F001039D
:1079B000002B04D0B968F86800F0FCFBB2E1BB68AA
:1079C0001B0903F00103002B00F09C817B681B095D
:1079D00003F00103002B00F095817B689B0B03F003
:1079E0000103002B06D17B68DB0B03F00103002BA6
:1079F00000F08181FB68DB6B002B7CD07B68DB0BAC
:107A000003F00103002B76D0FB68DB6B1B68754A23
:107A1000934259D0FB68DB6B1B68734A934253D087
:107A2000FB68DB6B1B68714A93424DD0FB68DB6BD4
:107A30001B686F4A934247D0FB68DB6B1B686D4A3B
:107A4000934241D0FB68DB6B1B686B4A93423BD08F
:107A5000FB68DB6B1B68694A934235D0FB68DB6BC4
:107A60001B68674A93422FD0FB68DB6B1B68654A33
:107A7000934229D0FB68DB6B1B68634A934223D097
:107A8000FB68DB6B1B68614A93421DD0FB68DB6BB4
:107A90001B685F4A934217D0FB68DB6B1B685D4A2B
:107AA000934211D0FB68DB6B1B685B4A93420BD09F
:107AB000FB68DB6B1B68594A934205D0FB68DB6BA4
:107AC0001B68574A934209D1FB68DB6B1B685B68F4
:107AD000002B0CBF01230023DBB208E0FB68DB6B4B
:107AE0001B685B68002B0CBF01230023DBB2002B5B
:107AF00001D00123FB61FB689B6B002B00F09F8092
:107B00007B689B0B03F00103002B00F09880FB685F
:107B10009B6B1B68334A934259D0FB689B6B1B6875
:107B2000314A934253D0FB689B6B1B682F4A9342A8
:107B30004DD0FB689B6B1B682D4A934247D0FB6876
:107B40009B6B1B682B4A934241D0FB689B6B1B6865
:107B5000294A93423BD0FB689B6B1B68274A9342A0
:107B600035D0FB689B6B1B68254A93422FD0FB687E
:107B70009B6B1B68234A934229D0FB689B6B1B6855
:107B8000214A934223D0FB689B6B1B681F4A934298
:107B90001DD0FB689B6B1B681D4A934217D0FB6886
:107BA0009B6B1B681B4A934211D0FB689B6B1B6845
:107BB000194A93420BD0FB689B6B1B68174A934290
:107BC00005D0FB689B6B1B68154A93422AD1FB6862
:107BD0009B6B1B685B68002B0CBF01230023DBB28F
:107BE00029E000BF1000024028000240400002408F
:107BF000580002407000024088000240A00002408D
:107C0000B800024010040240280402404004024030
:107C1000580402407004024088040240A00402405C
:107C2000B8040240FB689B6B1B685B68002B0CBFB1
:107C300001230023DBB2002B01D00123FB61FB6990
:107C4000012B28D1FB6893F84130DBB2282B08D1F7
:107C5000BB69B3F1007F04D1B968F86800F004FD96
:107C600048E0FB6893F84130DBB2292B0ED1BB69A9
:107C700013F5803F0AD0FB681B681022DA61F868B0
:107C800000F05FFEF86800F06CF933E0FB681B68F9
:107C90001022DA6134E0FB681B681022DA61FB68AD
:107CA0005B6C43F00402FB685A64FB6893F8413054
:107CB000FB75BB69002B03D0BB69B3F1807F1FD17B
:107CC000FB7D212B02D0FB7D292B03D1FB682122D8
:107CD0001A6308E0FB7D222B02D0FB7D2A2B02D108
:107CE000FB6822221A63FB685B6C1946F86800F097
:107CF00011FD05E004E0FB681B681022DA6111E069
:107D000000BF0FE0BB68DB0803F00103002B09D0C4
:107D10007B68DB0803F00103002B03D0B968F86827
:107D200000F05EF8FB68002283F84020002318462C
:107D30002037BD4680BD00BF80B586B002AFF86079
:107D4000084611461A4603467B810B463B81134683
:107D5000FB80FB88DAB27989204B00934FF0807367
:107D6000F86800F0F3FFFA69B969F86800F084FE7A
:107D70000346002B01D001232CE0FB88012B05D109
:107D80003B89DAB2FB681B689A6215E03B891B0AE3
:107D90009BB2DAB2FB681B689A62FA69B969F86843
:107DA00000F06AFE0346002B01D0012312E03B895C
:107DB000DAB2FB681B689A62FB690093BB69002218
:107DC0008021F86800F0FFFD0346002B01D001235D
:107DD00000E0002318461037BD4680BD002000801B
:107DE00080B584B000AF786039607B6893F841302B
:107DF000DBB203F02803282B6AD17B681B689B69E0
:107E00001B0CDBB203F00103FB737B681B689B69EF
:107E10001B0C9BB203F0FE03BB817B681B689B6855
:107E20009BB2C3F309037B817B681B68DB689BB251
:107E300003F0FE033B817B68DB68022B38D17B8932
:107E4000DB099AB2BB8953409BB203F00603002BB7
:107E50001CD17B89BB817B689B6C5A1C7B689A64B4
:107E60007B689B6C022B3BD17B6800229A647B6809
:107E70001B680822DA617B68002283F84020BA89F7
:107E8000FB7B19467868FFF7ECF829E03B89BB815A
:107E90004FF40041786801F00FF87B68002283F806
:107EA0004020BA89FB7B19467868FFF7DAF817E0BB
:107EB0004FF40041786800F0FFFF7B68002283F8F0
:107EC0004020BA89FB7B19467868FFF7CAF807E0BB
:107ED0007B681B680822DA617B68002283F84020F7
:107EE00000BF1037BD4680BD80B582B000AF78605E
:107EF0007B68002283F842207B6893F84130DBB234
:107F0000212B15D17B68202283F841207B68112228
:107F10001A637B6800225A630121786800F0CCFF65
:107F20007B68002283F840207868FFF772F814E03D
:107F30007B68202283F841207B6812221A637B68C9
:107F400000225A630221786800F0B6FF7B680022A5
:107F500083F840207868FFF766F800BF0837BD4611
:107F600080BD80B584B000AF78607B681B681B68FB
:107F7000FB607B68002283F84220FB689B0B03F0C8
:107F80000103002B08D07B681B681A687B681B689C
:107F900022F480421A600DE0FB68DB0B03F0010362
:107FA000002B07D07B681B681A687B681B6822F46B
:107FB00000421A607B6893F84130DBB2292B12D162
:107FC0007B68282283F841207B6821221A630121E3
:107FD000786800F071FF7B68002283F840207868A1
:107FE000FFF72BF817E07B6893F84130DBB22A2BC0
:107FF00011D17B68282283F841207B6822221A63F2
:108000000221786800F058FF7B68002283F8402046
:108010007868FFF71CF800BF1037BD4680BD000030
:1080200080B586B000AF786039603B687B617B6863
:108030001B682022DA617B6893F84130DBB2212B88
:1080400007D10121786800F037FF7B6811221A639D
:108050000CE07B6893F84130DBB2222B06D1022181
:10806000786800F029FF7B6812221A637B681B681E
:1080700059687B681A684D4B0B4053607B6800223F
:108080005A637B684A4ADA627B691B0903F0010381
:10809000002B09D07B681B681022DA617B685B6C5F
:1080A00043F004027B685A647B6893F84130DBB28A
:1080B000602B0BD17B699B0803F00103002B05D0DB
:1080C0007B681B685B6ADBB2FB60FB68786800F06A
:1080D00038FC7B685B6C3B617B6893F84130DBB2BA
:1080E000602B02D03B69002B06D07B685B6C194685
:1080F000786800F00FFB54E07B6893F84130DBB206
:10810000212B24D17B68202283F841207B68002228
:108110001A637B6893F84230DBB2402B0BD17B684B
:10812000002283F842207B68002283F84020786890
:108130002BF03AF835E07B68002283F842207B6818
:10814000002283F840207868FEF763FF29E07B680F
:1081500093F84130DBB2222B23D17B68202283F8B5
:1081600041207B6800221A637B6893F84230DBB2BF
:10817000402B0BD17B68002283F842207B680022D1
:1081800083F840207868FEF784FF0AE07B680022CD
:1081900083F842207B68002283F840207868FEF74D
:1081A00042FF00BF1837BD4680BD00BF00E800FE9B
:1081B0000000FFFF80B586B000AF786039607B6853
:1081C0001B681B683B613B687B617B68DB6AFB600B
:1081D0007B6893F84130FB727B681B682022DA6170
:1081E000FB7A212B02D0FB7A292B08D148F201011E
:1081F000786800F061FE7B6821221A6319E0FB7A3F
:10820000222B02D0FB7A2A2B08D148F2020178688F
:1082100000F052FE7B6822221A630AE0FB7A282BC8
:1082200007D148F20301786800F046FE7B6800221F
:108230001A637B681B685A687B681B6842F40042BB
:108240005A607B681B6859687B681A68804B0B40D2
:108250005360786800F075FB3B699B0B03F00103EA
:10826000002B7AD07B681B681A687B681B6822F435
:1082700080421A607B689B6B002B00F012817B6848
:108280009B6B1B68734A934259D07B689B6B1B683E
:10829000714A934253D07B689B6B1B686F4A934231
:1082A0004DD07B689B6B1B686D4A934247D07B68BF
:1082B0009B6B1B686B4A934241D07B689B6B1B682E
:1082C000694A93423BD07B689B6B1B68674A934229
:1082D00035D07B689B6B1B68654A93422FD07B68C7
:1082E0009B6B1B68634A934229D07B689B6B1B681E
:1082F000614A934223D07B689B6B1B685F4A934221
:108300001DD07B689B6B1B685D4A934217D07B68CE
:108310009B6B1B685B4A934211D07B689B6B1B680D
:10832000594A93420BD07B689B6B1B68574A934218
:1083300005D07B689B6B1B68554A934205D17B68CF
:108340009B6B1B685B689BB204E07B689B6B1B6844
:108350005B689BB27A685385A3E03B69DB0B03F053
:108360000103002B00F09D807B681B681A687B6806
:108370001B6822F400421A607B68DB6B002B00F064
:1083800090807B68DB6B1B68324A934259D07B68D4
:10839000DB6B1B68304A934253D07B68DB6B1B68F6
:1083A0002E4A93424DD07B68DB6B1B682C4A93426C
:1083B00047D07B68DB6B1B682A4A934241D07B68BD
:1083C000DB6B1B68284A93423BD07B68DB6B1B68E6
:1083D000264A934235D07B68DB6B1B68244A934264
:1083E0002FD07B68DB6B1B68224A934229D07B68C5
:1083F000DB6B1B68204A934223D07B68DB6B1B68D6
:108400001E4A93421DD07B68DB6B1B681C4A93425B
:1084100017D07B68DB6B1B681A4A934211D07B68CC
:10842000DB6B1B68184A93420BD07B68DB6B1B68C5
:10843000164A934205D07B68DB6B1B68144A934253
:1084400028D17B68DB6B1B685B689BB227E000BFB1
:1084500000E800FE100002402800024040000240F8
:10846000580002407000024088000240A000024014
:10847000B8000240100402402804024040040240B8
:10848000580402407004024088040240A0040240E4
:10849000B80402407B68DB6B1B685B689BB27A6840
:1084A00053857B699B0803F00103002B20D07B6977
:1084B00023F004037B617B681B685A6A7B685B6AF4
:1084C000D2B21A707B685B6A5A1C7B685A627B68FE
:1084D0001B8D002B0CD07B681B8D013B9AB27B68F7
:1084E0001A857B685B8D9BB2013B9AB27B685A858B
:1084F0007B685B8D9BB2002B05D07B685B6C43F087
:1085000004027B685A647B691B0903F00103002B9A
:108510004AD03B691B0903F00103002B44D07B6860
:108520005B8D9BB2002B28D17B6893F84130DBB286
:10853000282B08D1FB68B3F1007F04D179697868F2
:1085400000F092F830E07B6893F84130DBB2292BE1
:108550000ED1FB6813F5803F0AD07B681B681022A0
:10856000DA61786800F0EDF97868FFF7FAFC1BE053
:108570007B681B681022DA6116E07B681B6810229A
:10858000DA617B685B6C43F004027B685A64FB68C9
:10859000002B03D0FB68B3F1807F05D17B685B6C57
:1085A0001946786800F0B6F87B68002283F842200C
:1085B0007B6800225A637B685B6C002B10D07B6861
:1085C0005B6C1946786800F0A5F87B6893F8413039
:1085D000DBB2282B41D17969786800F045F83CE09E
:1085E0007B68DB6A13F5803F14D07868FFF7B9FC2D
:1085F0007B681C4ADA627B68202283F841207B6812
:1086000000221A637B68002283F840207868FEF716
:1086100036FD22E07B6893F84130DBB2222B0ED18D
:108620007B68202283F841207B6800221A637B68E4
:10863000002283F840207868FEF709FD0DE07B6892
:10864000202283F841207B6800221A637B68002285
:1086500083F840207868FEF7F0FC00BF1837BD466D
:1086600080BD00BF0000FFFF80B582B000AF786022
:1086700039607B68264ADA627B6800221A637B686D
:10868000202283F841207B68002283F842207B6807
:1086900000225A633B689B0803F00103002B22D0A1
:1086A0007B681B685A6A7B685B6AD2B21A707B6807
:1086B0005B6A5A1C7B685A627B681B8D002B12D048
:1086C0007B681B8D013B9AB27B681A857B685B8D4A
:1086D0009BB2013B9AB27B685A857B685B6C43F026
:1086E00004027B685A6448F20301786800F0E4FBF6
:1086F0007B681B681022DA617B68002283F84020C7
:108700007868FEF7BCFC00BF0837BD4680BD00BFDF
:108710000000FFFF80B584B000AF786039607B68EF
:1087200093F84130FB737B68002283F842207B681A
:108730006D4ADA627B6800225A857B685A6C3B6816
:108740001A437B685A64FB7B282B05D0FB7B292BC3
:1087500002D0FB7B2A2B0BD10321786800F0ACFB05
:108760007B68282283F841207B68604A5A6330E0A6
:1087700048F20301786800F09FFB786800F0E1F8A8
:108780007B6893F84130DBB2602B1FD07B682022DE
:1087900083F841207B681B689B6903F02003202B32
:1087A00014D17B681B689B6903F01003102B09D15F
:1087B0007B681B681022DA617B685B6C43F0040203
:1087C0007B685A647B681B682022DA617B68002220
:1087D0005A637B681B6BBB607B689B6B002B39D03B
:1087E000BB68112B02D0BB68212B33D17B681B687F
:1087F0001B6803F48043B3F5804F07D17B681B6887
:108800001A687B681B6822F480421A607B689B6B45
:108810001846FCF747FA0346012B17D07B689B6B81
:10882000334A1A657B68002283F840207B689B6B83
:108830001846FBF76DF80346002B4DD07B689B6B09
:108840001B6D7A68926B1046984745E0786800F097
:1088500051F841E07B68DB6B002B39D0BB68122BF1
:1088600002D0BB68222B33D17B681B681B6803F4E2
:108870000043B3F5004F07D17B681B681A687B681B
:108880001B6822F400421A607B68DB6B1846FCF719
:1088900009FA0346012B17D07B68DB6B144A1A6573
:1088A0007B68002283F840207B68DB6B1846FBF76F
:1088B0002FF80346002B11D07B68DB6B1B6D7A68A9
:1088C000D26B1046984709E0786800F013F805E08D
:1088D000786800F00FF802E000BF00E000BF00BFC2
:1088E0001037BD4680BD00BF0000FFFF21730008A8
:1088F0008B89000880B582B000AF78607B6893F800
:108900004130DBB2602B0ED17B68202283F84120FE
:108910007B6800221A637B68002283F84020786815
:10892000FEF7C1FB09E07B6800221A637B68002226
:1089300083F8402078682AF057FC00BF0837BD460E
:1089400080BD80B483B000AF78607B681B689B6992
:1089500003F00203022B03D17B681B6800229A629A
:108960007B681B689B6903F00103012B07D07B68C0
:108970001B689A697B681B6842F001029A6100BF1C
:108980000C37BD465DF8047B704780B584B000AFFE
:1089900078607B689B6BFB60FB689B6B002B03D054
:1089A000FB689B6B00221A65FB68DB6B002B03D016
:1089B000FB68DB6B00221A65F868FFF79BFF00BFBE
:1089C0001037BD4680BD80B584B000AFF860B96097
:1089D0003B601346FB713BE0BA693968F86800F008
:1089E000D5F80346002B01D0012341E03B68B3F1E9
:1089F000FF3F2DD0F9F776FD0246BB69D31A3A68DE
:108A00009A4202D33B68002B22D1FB681B689A690B
:108A1000BB681340BA689A420CBF01230023DBB243
:108A20001A46FB799A4213D1FB685B6C43F0200233
:108A3000FB685A64FB68202283F84120FB6800220F
:108A400083F84220FB68002283F8402001230FE0D6
:108A5000FB681B689A69BB681340BA689A420CBFEE
:108A600001230023DBB21A46FB799A42B4D00023DB
:108A700018461037BD4680BD80B584B000AFF860A1
:108A8000B9607A6033E07A68B968F86800F07EF817
:108A90000346002B01D0012331E0BB68B3F1FF3F57
:108AA00025D0F9F71FFD02467B68D31ABA689A42AF
:108AB00002D3BB68002B1AD1FB681B689B6903F0CB
:108AC0000203022B13D0FB685B6C43F02002FB68AF
:108AD0005A64FB68202283F84120FB68002283F857
:108AE0004220FB68002283F84020012307E0FB6856
:108AF0001B689B6903F00203022BC4D100231846B4
:108B00001037BD4680BD80B584B000AFF860B96055
:108B10007A602FE07A68B968F86800F037F80346A1
:108B2000002B01D001232DE0F9F7DCFC02467B6825
:108B3000D31ABA689A4202D3BB68002B1AD1FB68D9
:108B40001B689B6903F02003202B13D0FB685B6C30
:108B500043F02002FB685A64FB68202283F841201E
:108B6000FB68002283F84220FB68002283F8402043
:108B7000012307E0FB681B689B6903F02003202B9F
:108B8000C8D1002318461037BD4680BD80B58AB0D5
:108B900000AFF860B9607A60002387F82730FB687F
:108BA0001B689B69BB6100233B627B68FB61BB69FF
:108BB00003F01003002B68D0FB681B681022DA61F9
:108BC00049E0BB68B3F1FF3F45D0F9F78BFC0246A3
:108BD000FB69D31ABA689A4202D3BB68002B3AD118
:108BE000FB681B685B6803F480437B61FB6893F858
:108BF0004230FB74FB681B689B6903F40043B3F5C8
:108C0000004F21D17B69B3F5804F1DD0FB7C202B19
:108C10001AD0FB681B685A68FB681B6842F48042E4
:108C20005A60F9F75FFCF8610EE0F9F75BFC024669
:108C3000FB69D31A192B07D93B6A43F020033B6227
:108C4000012387F8273006E0FB681B689B6903F067
:108C50002003202BE9D1FB681B689B6903F02003EC
:108C6000202B03D097F82730002BAAD097F8273075
:108C7000002B03D1FB681B682022DA613B6A43F0BA
:108C800004033B62012387F82730FB681B689B695C
:108C9000BB61BB6903F48073002B0BD03B6A43F0CC
:108CA00001033B62FB681B684FF48072DA610123A9
:108CB00087F82730BB6903F48063002B0BD03B6A35
:108CC00043F008033B62FB681B684FF48062DA6183
:108CD000012387F82730BB6903F40073002B0BD006
:108CE0003B6A43F002033B62FB681B684FF400726F
:108CF000DA61012387F8273097F82730002B1CD042
:108D0000F868FFF71EFEFB681B685968FB681A6865
:108D10000D4B0B405360FB685A6C3B6A1A43FB686F
:108D20005A64FB68202283F84120FB68002283F804
:108D30004220FB68002283F8402097F8273018462D
:108D40002837BD4680BD00BF00E800FE80B487B074
:108D500000AFF8607B600B467B8113467B727B899A
:108D6000C3F309027B7A1B0403F47F031A437B6875
:108D70001A433B6A134323F000437B61FB681B6883
:108D80005A683B6A5B0D03F48061084B0B43DB437D
:108D900002EA0301FB681B687A690A435A6000BF54
:108DA0001C37BD465DF8047B704700BFFF63FF03BF
:108DB00080B485B000AF78600B467B800023FB60F9
:108DC0007B685B6B394A934232D07B685B6B384A75
:108DD00093422DD07B685B6B364A934228D0B7F91B
:108DE0000230002B03DAFB6843F0B803FB607B889A
:108DF00003F00103002B03D0FB6843F0F203FB6098
:108E00007B8803F00203002B03D0FB6843F0F403DC
:108E1000FB607B88102B03D1FB6843F09003FB6061
:108E20007B88202B33D1FB6843F02003FB602EE0CE
:108E3000B7F90230002B03DAFB6843F0B803FB609C
:108E40007B8803F00103002B03D0FB6843F0F2039F
:108E5000FB607B8803F00203002B03D0FB6843F028
:108E6000F403FB607B88102B03D1FB6843F0900375
:108E7000FB607B88202B03D1FB6843F06003FB6021
:108E80007B88402B03D1FB6843F04003FB607B6889
:108E90001B6819687B681B68FA680A431A6000BF80
:108EA0001437BD465DF8047B704700BF2975000884
:108EB000717900081177000880B485B000AF786040
:108EC0000B467B800023FB607B8803F00103002BB3
:108ED0000FD0FB6843F04203FB607B6893F841309E
:108EE000DBB203F02803282B03D0FB6843F0B00368
:108EF000FB607B8803F00203002B0FD0FB6843F07C
:108F00004403FB607B6893F84130DBB203F0280335
:108F1000282B03D0FB6843F0B003FB60B7F90230A5
:108F2000002B03DAFB6843F0B803FB607B88102B4F
:108F300003D1FB6843F09003FB607B88202B03D1B7
:108F4000FB6843F02003FB607B88402B03D1FB6868
:108F500043F04003FB607B681B681968FB68DA43D9
:108F60007B681B680A401A6000BF1437BD465DF875
:108F7000047B704780B483B000AF786039607B6851
:108F800093F84130DBB2202B38D17B6893F8403026
:108F9000012B01D1022332E07B68012283F84020BB
:108FA0007B68242283F841207B681B681A687B68F1
:108FB0001B6822F001021A607B681B681A687B68D4
:108FC0001B6822F480521A607B681B6819687B68F2
:108FD0001B683A680A431A607B681B681A687B68DA
:108FE0001B6842F001021A607B68202283F841204E
:108FF0007B68002283F84020002300E0022318460B
:109000000C37BD465DF8047B704780B485B000AF77
:10901000786039607B6893F84130DBB2202B39D11E
:109020007B6893F84030012B01D1022333E07B6849
:10903000012283F840207B68242283F841207B684A
:109040001B681A687B681B6822F001021A607B6843
:109050001B681B68FB60FB6823F47063FB603B6864
:109060001B02FA681343FB607B681B68FA681A608E
:109070007B681B681A687B681B6842F001021A60F3
:109080007B68202283F841207B68002283F84020FF
:10909000002300E0022318461437BD465DF8047B28
:1090A0007047000080B584B000AF7860194BDB6872
:1090B00003F00403042B0AD0164BDB6803F007030C
:1090C0007A689A4201D001231FE000231DE0114B72
:1090D000DB6823F007020F497B681343CB60F9F785
:1090E00001FAF86009E0F9F7FDF90246FB68D31AC6
:1090F000B3F57A7F01D9012307E0064B5B6803F4DF
:109100000053B3F5005FEED1002318461037BD467B
:1091100080BD00BF0048025880B58CB000AF7860B9
:109120007B68002B02D1012300F048BC7B681B68E0
:1091300003F00103002B00F08880994B1B6903F0BA
:109140003803FB62964B9B6ABB62FB6A102B07D00D
:10915000FB6A182B11D1BB6A03F00303022B0CD15D
:109160008F4B1B6803F40033002B6DD07B685B686A
:10917000002B69D1012300F021BC7B685B68B3F54B
:10918000803F06D1864B1B68854A43F480331360C9
:109190002EE07B685B68002B0CD1814B1B68804AFA
:1091A00023F4803313607E4B1B687D4A23F48023B5
:1091B00013601DE07B685B68B3F5A02F0CD1784B82
:1091C0001B68774A43F480231360754B1B68744A0D
:1091D00043F4803313600BE0714B1B68704A23F437
:1091E000803313606E4B1B686D4A23F48023136039
:1091F0007B685B68002B13D0F9F774F9786208E09C
:10920000F9F770F902467B6AD31A642B01D903235C
:10921000D4E3634B1B6803F40033002BF0D014E05D
:10922000F9F760F9786208E0F9F75CF902467B6AC1
:10923000D31A642B01D90323C0E3594B1B6803F4F1
:109240000033002BF0D100E000BF7B681B6803F007
:109250000203002B00F0CA80514B1B6903F0380356
:109260003B624F4B9B6AFB613B6A002B07D03B6A1A
:10927000182B56D1FB6903F00303002B51D1484B47
:109280001B6803F00403002B05D07B68DB68002B10
:1092900001D1012392E3424B1B6823F019027B6842
:1092A000DB683F4913430B60F9F71CF9786208E06B
:1092B000F9F718F902467B6AD31A022B01D9032366
:1092C0007CE3374B1B6803F00403002BF0D0F9F765
:1092D00039F9034641F20302934217D87B681B69B0
:1092E000402B08D12E4B5B6823F47C332C4A43F48B
:1092F000003353607AE02A4B5B6823F47C327B684E
:109300001B691B03264913434B606FE0244B5B68CA
:1093100023F0FE427B681B691B06214913434B6007
:1093200064E07B68DB68002B47D01D4B1B6823F093
:1093300019027B68DB681A4913430B60F9F7D2F80E
:10934000786208E0F9F7CEF802467B6AD31A022B5E
:1093500001D9032332E3124B1B6803F00403002BF3
:10936000F0D0F9F7EFF8034641F20302934219D81F
:109370007B681B69402B08D1094B5B6823F47C3365
:10938000074A43F40033536030E0054B5B6823F435
:109390007C327B681B691B03014913434B6025E04A
:1093A000004402589A4B5B6823F0FE427B681B69BD
:1093B0001B06974913434B6018E0954B1B68944A72
:1093C00023F001031360F9F78DF8786208E0F9F7EC
:1093D00089F802467B6AD31A022B01D90323EDE2F6
:1093E0008B4B1B6803F00403002BF0D17B681B68D8
:1093F00003F01003002B00F0A980854B1B6903F0DC
:109400003803BB61824B9B6A7B61BB69082B07D029
:10941000BB69182B3AD17B6903F00303012B35D1CB
:109420007B4B1B6803F48073002B05D07B68DB69E2
:10943000802B01D00123C1E2F9F784F8034641F201
:109440000302934217D87B681B6A202B08D1704B0C
:109450005B6823F0F8436E4A43F08043536075E045
:109460006B4B5B6823F0F8427B681B6A9B0668497C
:1094700013434B606AE0664BDB6823F07C527B68E9
:109480001B6A1B0662491343CB605FE07B68DB69A4
:10949000002B42D05E4B1B685D4A43F08003136093
:1094A000F9F720F8786208E0F9F71CF802467B6AC1
:1094B000D31A022B01D9032380E2554B1B6803F416
:1094C0008073002BF0D0F9F73DF8034641F2030218
:1094D000934217D87B681B6A202B08D14C4B5B68E2
:1094E00023F0F8434A4A43F0804353602EE0484B50
:1094F0005B6823F0F8427B681B6A9B064449134370
:109500004B6023E0424BDB6823F07C527B681B6A94
:109510001B063F491343CB6018E03D4B1B683C4A98
:1095200023F080031360F8F7DDFF786208E0F8F7B6
:10953000D9FF02467B6AD31A022B01D903233DE2ED
:10954000334B1B6803F48073002BF0D17B681B68DE
:1095500003F00803002B36D07B685B69002B19D021
:109560002B4B5B6F2A4A43F001035367F8F7BAFFAE
:10957000786208E0F8F7B6FF02467B6AD31A022B3E
:1095800001D903231AE2224B5B6F03F00203002B85
:10959000F0D018E01E4B5B6F1D4A23F001035367A8
:1095A000F8F7A0FF786208E0F8F79CFF02467B6AB4
:1095B000D31A022B01D9032300E2154B5B6F03F092
:1095C0000203002BF0D17B681B6803F02003002B03
:1095D00039D07B689B69002B1CD00D4B1B680C4A53
:1095E00043F480531360F8F77DFF786208E0F8F7E2
:1095F00079FF02467B6AD31A022B01D90323DDE1EE
:10960000034B1B6803F40053002BF0D01BE000BF9A
:10961000004402589B4B1B689A4A23F48053136002
:10962000F8F760FF786208E0F8F75CFF02467B6AB3
:10963000D31A022B01D90323C0E1924B1B6803F418
:109640000053002BF0D17B681B6803F00403002B50
:1096500000F081808C4B1B688B4A43F4807313604D
:10966000F8F740FF786208E0F8F73CFF02467B6AB3
:10967000D31A642B01D90323A0E1834B1B6803F4A5
:109680008073002BF0D07B689B68012B06D17D4B4B
:109690001B6F7C4A43F0010313672DE07B689B68D6
:1096A000002B0CD1774B1B6F764A23F00103136715
:1096B000744B1B6F734A23F0040313671CE07B6831
:1096C0009B68052B0CD16F4B1B6F6E4A43F0040354
:1096D00013676C4B1B6F6B4A43F0010313670BE07E
:1096E000684B1B6F674A23F001031367654B1B6FC1
:1096F000644A23F0040313677B689B68002B15D032
:10970000F8F7F0FE78620AE0F8F7ECFE02467B6AB2
:10971000D31A41F28832934201D903234EE1594BC7
:109720001B6F03F00203002BEED014E0F8F7DAFE13
:1097300078620AE0F8F7D6FE02467B6AD31A41F255
:109740008832934201D9032338E14E4B1B6F03F05B
:109750000203002BEED17B685B6A002B00F02D81A9
:10976000484B1B6903F03803182B00F0BD807B6861
:109770005B6A022B40F09E80424B1B68414A23F0FB
:1097800080731360F8F7AEFE786208E0F8F7AAFE7F
:1097900002467B6AD31A022B01D903230EE1394B0F
:1097A0001B6803F00073002BF0D1364B9A6A374BDD
:1097B00013407A68916A7A68D26A12010A43314981
:1097C00013438B627B681B6B013BC3F308027B680E
:1097D0005B6B013B5B029BB21A437B689B6B013B5B
:1097E0001B0403F4FE031A437B68DB6B013B1B067F
:1097F00003F0FE43234913430B63224BDB6A214AE8
:1098000023F00103D3621F4B5A6B214B13407A683C
:10981000926CD2001B4913434B631A4BDB6A23F053
:109820000C027B681B6C17491343CB62154BDB6A38
:1098300023F002027B685B6C12491343CB62114B2D
:10984000DB6A104A43F48033D3620E4BDB6A0D4A65
:1098500043F40033D3620B4BDB6A0A4A43F48023A0
:10986000D362084BDB6A074A43F00103D362054B1E
:109870001B68044A43F080731360F8F733FE786284
:1098800011E000BF00440258004802580CFCFFFFE2
:109890000700FFFFF8F726FE02467B6AD31A022B69
:1098A00001D903238AE0474B1B6803F00073002BA8
:1098B000F0D082E0434B1B68424A23F08073136070
:1098C000F8F710FE786208E0F8F70CFE02467B6AB3
:1098D000D31A022B01D9032370E03A4B1B6803F023
:1098E0000073002BF0D168E0364B9B6A3B61354B2F
:1098F0001B6BFB607B685B6A012B31D03B6903F01B
:1099000003027B689B6A9A422AD13B691B0903F0D8
:109910003F027B68DB6A9A4222D1FB68C3F30802EC
:109920007B681B6B013B9A421AD1FB685B0A03F010
:109930007F027B685B6B013B9A4211D1FB681B0C79
:1099400003F07F027B689B6B013B9A4208D1FB6866
:109950001B0E03F07F027B68DB6B013B9A4201D058
:1099600001232BE0174B5B6BDB08C3F30C033B615C
:109970007B689B6C3A699A421FD0124BDB6A114A92
:1099800023F00103D362F8F7ADFD786200BFF8F76A
:10999000A9FD02467B6A9342F9D00A4B5A6B0A4BE7
:1099A00013407A68926CD200064913434B63054B0F
:1099B000DB6A044A43F00103D362002318463037C0
:1099C000BD4680BD004402580700FFFF80B586B049
:1099D00000AF786039607B68002B01D101239CE1E6
:1099E0008A4B1B6803F00F033A689A4210D9874BE1
:1099F0001B6823F00F0285493B6813430B60834BC0
:109A00001B6803F00F033A689A4201D0012384E1F6
:109A10007B681B6803F00403002B10D07B681A6975
:109A20007B4B9B6903F070039A4208D9784B9B6982
:109A300023F070027B681B69754913438B617B6857
:109A40001B6803F00803002B10D07B685A69704B29
:109A5000DB6903F070039A4208D96D4BDB6923F090
:109A600070027B685B696A491343CB617B681B6842
:109A700003F01003002B10D07B689A69644BDB69FC
:109A800003F4E0639A4208D9614BDB6923F4E06296
:109A90007B689B695E491343CB617B681B6803F05D
:109AA0002003002B10D07B68DA69594B1B6A03F046
:109AB00070039A4208D9564B1B6A23F070027B68E8
:109AC000DB69534913430B627B681B6803F0020395
:109AD000002B10D07B68DA684D4B9B6903F00F03B5
:109AE0009A4208D94A4B9B6923F00F027B68DB68D6
:109AF000474913438B617B681B6803F00103002B0C
:109B000055D0434B9B6923F470627B689B68404946
:109B100013438B617B685B68022B07D13C4B1B684E
:109B200003F40033002B21D10123F6E07B685B684E
:109B3000032B07D1364B1B6803F00073002B15D1A4
:109B40000123EAE07B685B68012B07D1304B1B687F
:109B500003F48073002B09D10123DEE02C4B1B683A
:109B600003F00403002B01D10123D6E0284B1B692D
:109B700023F007027B685B68254913430B61F8F704
:109B8000B1FC78610AE0F8F7ADFC02467B69D31AB4
:109B900041F28832934201D90323BEE01C4B1B697A
:109BA00003F038027B685B68DB009A42EBD17B688C
:109BB0001B6803F00203002B10D07B68DA68144B9B
:109BC0009B6903F00F039A4208D2114B9B6923F063
:109BD0000F027B68DB680E4913438B610B4B1B68DC
:109BE00003F00F033A689A4214D2084B1B6823F023
:109BF0000F0206493B6813430B60044B1B6803F0DC
:109C00000F033A689A4205D0012386E000200052F3
:109C1000004402587B681B6803F00403002B10D03B
:109C20007B681A693F4B9B6903F070039A4208D224
:109C30003C4B9B6923F070027B681B6939491343D5
:109C40008B617B681B6803F00803002B10D07B68D6
:109C50005A69344BDB6903F070039A4208D2314BE6
:109C6000DB6923F070027B685B692E491343CB618B
:109C70007B681B6803F01003002B10D07B689A6987
:109C8000284BDB6903F4E0639A4208D2254BDB6979
:109C900023F4E0627B689B6922491343CB617B68B4
:109CA0001B6803F02003002B10D07B68DA691D4B82
:109CB0001B6A03F070039A4208D21A4B1B6A23F006
:109CC00070027B68DB69174913430B6200F034F8BC
:109CD0000246144B9B691B0A03F00F031249CB5C2D
:109CE00003F01F0322FA03F33B610E4B9B6903F061
:109CF0000F030D4AD35C03F01F033A6922FA03F302
:109D00000A4A13600A4A3B6913600A4B1B681846EB
:109D1000F8F7D4F80346FB73FB7B18461837BD46AB
:109D200080BD00BF00440258ACE0030804000024DA
:109D3000000000240800002480B489B000AFB34BB9
:109D40001B6903F03803182B00F2558101A252F869
:109D500023F000BFB99D0008F79F0008F79F000897
:109D6000F79F0008F79F0008F79F0008F79F00087B
:109D7000F79F0008DF9D0008F79F0008F79F000885
:109D8000F79F0008F79F0008F79F0008F79F00085B
:109D9000F79F0008E59D0008F79F0008F79F00085F
:109DA000F79F0008F79F0008F79F0008F79F00083B
:109DB000F79F0008EB9D0008944B1B6803F02003FD
:109DC000002B09D0914B1B68DB0803F00303904A7A
:109DD00022FA03F3BB6111E18D4BBB610EE18D4BA8
:109DE000BB610BE18C4BBB6108E1884B9B6A03F0C4
:109DF00003037B61854B9B6A1B0903F03F033B61B7
:109E0000824BDB6A03F00103FB60804B5B6BDB087A
:109E1000C3F30C03FA6802FB03F307EE903AF8EE83
:109E2000677AC7ED027A3B69002B00F0E1807B691D
:109E3000022B00F083807B69022B00F2A1807B69FA
:109E4000002B03D07B69012B56D099E06F4B1B6828
:109E500003F02003002B2DD06C4B1B68DB0803F0B4
:109E600003036B4A22FA03F37B607B6807EE903AA8
:109E7000F8EE676A3B6907EE903AF8EE677A86EE8D
:109E8000A77A624B1B6BC3F3080307EE903AF8EE18
:109E9000676A97ED026ADFED615AC6EE257A76EEC3
:109EA000A77AF7EE006A77EEA67A67EE277AC7ED13
:109EB000077A87E03B6907EE903AF8EE677ADFEDC4
:109EC000586A86EEA77A514B1B6BC3F3080307EE63
:109ED000903AF8EE676A97ED026ADFED505AC6EEE7
:109EE000257A76EEA77AF7EE006A77EEA67A67EE25
:109EF000277AC7ED077A65E03B6907EE903AF8EEFE
:109F0000677ADFED486A86EEA77A404B1B6BC3F396
:109F1000080307EE903AF8EE676A97ED026ADFED04
:109F20003F5AC6EE257A76EEA77AF7EE006A77EE0C
:109F3000A67A67EE277AC7ED077A43E03B6907EE1A
:109F4000903AF8EE677ADFED386A86EEA77A2F4B03
:109F50001B6BC3F3080307EE903AF8EE676A97EDC0
:109F6000026ADFED2E5AC6EE257A76EEA77AF7EE74
:109F7000006A77EEA67A67EE277AC7ED077A21E0C6
:109F80003B6907EE903AF8EE677ADFED266A86EED7
:109F9000A77A1E4B1B6BC3F3080307EE903AF8EE4B
:109FA000676A97ED026ADFED1D5AC6EE257A76EEF6
:109FB000A77AF7EE006A77EEA67A67EE277AC7ED02
:109FC000077A00BF114B1B6B5B0A03F07F03013361
:109FD0003B603B6807EE903AB8EE677AD7ED076AC8
:109FE000C6EE877AFCEEE77A17EE903ABB6105E0A1
:109FF0000023BB6102E0074BBB6100BFBB69184691
:10A000002437BD465DF8047B704700BF004402580A
:10A010000090D00300093D0040787D01000000461B
:10A020000024744C0024744A20BCBE4B80B582B01E
:10A0300000AFFFF781FE0246104B9B691B0A03F03D
:10A040000F030F49CB5C03F01F0322FA03F37B607D
:10A050000A4B9B6903F00F03094AD35C03F01F030B
:10A060007A6822FA03F3074A1360074A7B68136091
:10A07000044B1B6818460837BD4680BD0044025893
:10A08000ACE00308040000240000002480B500AF09
:10A09000FFF7CCFF0246064BDB691B0903F0070301
:10A0A0000449CB5C03F01F0322FA03F3184680BD7A
:10A0B00000440258ACE0030880B500AFFFF7B6FFDC
:10A0C0000246064BDB691B0A03F007030449CB5C1D
:10A0D00003F01F0322FA03F3184680BD0044025820
:10A0E000ACE0030880B483B000AF786039607B686F
:10A0F0003F221A601A4B1B6903F007027B685A6003
:10A10000174B9B6903F470627B689A60144B9B69E0
:10A1100003F00F027B68DA60114B9B6903F0700259
:10A120007B681A610E4BDB6903F070027B685A6131
:10A130000B4BDB6903F4E0627B689A61084B1B6A96
:10A1400003F070027B68DA61064B1B6803F00F02B4
:10A150003B681A6000BF0C37BD465DF8047B704752
:10A1600000440258002000522DE9B04FCAB000AFA1
:10A17000C7F81401002387F82731002387F8263118
:10A18000D7F81431D3E9002302F00064002554EA23
:10A19000050349D0D7F814319B6EB3F5401F2FD07B
:10A1A000B3F5401F28D8B3F5001F1AD0B3F5001F30
:10A1B00022D8002B03D0B3F5801F07D01CE0B84B8A
:10A1C000DB6AB74A43F40033D3621AE0D7F814319C
:10A1D00008330221184601F08FFC034687F8273127
:10A1E0000FE0D7F8143128330221184601F036FD6C
:10A1F000034687F8273104E0012387F8273100E080
:10A2000000BF97F82731002B0AD1A54B1B6D23F413
:10A210004011D7F814319B6EA14A0B43136503E03C
:10A2200097F8273187F82631D7F81431D3E900237E
:10A2300002F480784FF0000958EA090347D0D7F8B4
:10A2400014319B6D042B2AD801A252F823F000BFD1
:10A2500065A2000873A2000889A20008A7A200084E
:10A26000A7A200088E4BDB6A8D4A43F40033D36209
:10A270001AE0D7F8143108330021184601F03CFCED
:10A28000034687F827310FE0D7F81431283300212F
:10A29000184601F0E3FC034687F8273104E0012368
:10A2A00087F8273100E000BF97F82731002B0AD14B
:10A2B0007B4B1B6D23F00701D7F814319B6D784A57
:10A2C0000B43136503E097F8273187F82631D7F859
:10A2D0001431D3E9002302F4007A4FF0000B5AEA5C
:10A2E0000B034CD0D7F81431DB6DB3F5807F30D041
:10A2F000B3F5807F29D8C02B2DD0C02B25D8802B3B
:10A3000018D0802B21D8002B02D0402B07D01CE086
:10A31000634BDB6A624A43F40033D3621CE0D7F834
:10A32000143108330021184601F0E6FB034687F894
:10A33000273111E0D7F8143128330021184601F0F5
:10A340008DFC034687F8273106E0012387F8273183
:10A3500002E000BF00E000BF97F82731002B0AD1D0
:10A360004F4B1B6D23F4E071D7F81431DB6D4C4A71
:10A370000B43136503E097F8273187F82631D7F8A8
:10A380001431D3E9002302F48063C7F808310023B5
:10A39000C7F80C31D7E942120B46134353D0D7F814
:10A3A0001431D3F8A830B3F5000F35D0B3F5000F52
:10A3B0002ED8B3F5C00F31D0B3F5C00F28D8B3F500
:10A3C000800F1AD0B3F5800F22D8002B03D0B3F53D
:10A3D000001F07D01CE0324BDB6A314A43F40033E4
:10A3E000D3621CE0D7F8143108330021184601F07D
:10A3F00083FB034687F8273111E0D7F8143128335F
:10A400000021184601F02AFC034687F8273106E0B0
:10A41000012387F8273102E000BF00E000BF97F872
:10A420002731002B0BD11E4B9B6D23F46001D7F815
:10A430001431D3F8A8301A4A0B43936503E097F818
:10A44000273187F82631D7F81431D3E9002302F4F5
:10A450000063C7F800310023C7F80431D7E9401280
:10A460000B46134356D0D7F81431D3F8AC30B3F1C0
:10A47000806F38D0B3F1806F31D8B3F1407F34D0E2
:10A48000B3F1407F2BD8B3F1007F1DD0B3F1007F33
:10A4900025D8002B06D0B3F1807F0AD01FE000BF83
:10A4A00000440258A24BDB6AA14A43F40033D36252
:10A4B0001CE0D7F8143108330021184601F01CFBCA
:10A4C000034687F8273111E0D7F8143128330021EB
:10A4D000184601F0C3FB034687F8273106E0012345
:10A4E00087F8273102E000BF00E000BF97F827316E
:10A4F000002B0BD18E4B9B6D23F0E061D7F814310C
:10A50000D3F8AC308A4A0B43936503E097F82731C0
:10A5100087F82631D7F81431D3E9002302F000730D
:10A52000C7F8F8300023C7F8FC30D7E93E120B46D5
:10A5300013433AD0D7F81431DB6C302B1FD0302BBB
:10A5400019D8202B0CD0202B15D8002B19D0102B6C
:10A5500011D1774BDB6A764A43F40033D36211E0C2
:10A56000D7F8143108330221184601F0C5FA034622
:10A5700087F8273106E0012387F8273102E000BF82
:10A5800000E000BF97F82731002B0AD1684BDB6C45
:10A5900023F03001D7F81431DB6C654A0B43D364E8
:10A5A00003E097F8273187F82631D7F81431D3E93B
:10A5B000002302F48053C7F8F0300023C7F8F430CA
:10A5C000D7E93C120B46134351D0D7F814311B6E18
:10A5D000B3F5804F35D0B3F5804F2ED8B3F5405F3B
:10A5E00031D0B3F5405F28D8B3F5005F1AD0B3F58A
:10A5F000005F22D8002B03D0B3F5805F07D01CE0AA
:10A600004B4BDB6A4A4A43F40033D3621CE0D7F871
:10A61000143108330021184601F06EFA034687F81A
:10A62000273111E0D7F8143128330021184601F002
:10A6300015FB034687F8273106E0012387F8273109
:10A6400002E000BF00E000BF97F82731002B0AD1DD
:10A65000374B1B6D23F4E041D7F814311B6E344A9D
:10A660000B43136503E097F8273187F82631D7F8B5
:10A670001431D3E9002302F40053C7F8E830002373
:10A68000C7F8EC30D7E93A120B46134356D0D7F847
:10A6900014315B6EB3F5A02F33D0B3F5A02F2CD8B7
:10A6A000B3F5802F2FD0B3F5802F26D8B3F5403FD8
:10A6B0002BD0B3F5403F20D8B3F5003F12D0B3F50F
:10A6C000003F1AD8002B22D0B3F5803F15D1D7F820
:10A6D000143108330121184601F00EFA034687F8B9
:10A6E000273115E0D7F8143128330121184601F03D
:10A6F000B5FA034687F827310AE0012387F82731A6
:10A7000006E000BF04E000BF02E000BF00E000BFC1
:10A7100097F82731002B0DD1054B1B6D23F4E02159
:10A72000D7F814315B6E024A0B43136506E000BF95
:10A730000044025897F8273187F82631D7F81431AA
:10A74000D3E9002302F48043C7F8E0300023C7F8C0
:10A75000E430D7E938120B46134355D0D7F81431FB
:10A76000D3F8B030B3F1A04F33D0B3F1A04F2CD811
:10A77000B3F1804F2FD0B3F1804F26D8B3F1405FB3
:10A780002BD0B3F1405F20D8B3F1005F12D0B3F10A
:10A79000005F1AD8002B22D0B3F1805F15D1D7F813
:10A7A000143108330121184601F0A6F9034687F851
:10A7B000273115E0D7F8143128330121184601F06C
:10A7C0004DFA034687F827310AE0012387F827313D
:10A7D00006E000BF04E000BF02E000BF00E000BFF1
:10A7E00097F82731002B0BD1A34B9B6D23F0E04151
:10A7F000D7F81431D3F8B0309F4A0B43936503E088
:10A8000097F8273187F82631D7F81431D3E9002398
:10A8100002F40043C7F8D8300023C7F8DC30D7E98A
:10A8200036120B46134337D0D7F814311B6FB3F1F0
:10A83000005F0ED0B3F1005F16D8002B18D0B3F133
:10A84000805F11D18C4BDB6A8B4A43F40033D362B7
:10A850000FE0D7F8143108330121184601F04CF904
:10A86000034687F8273104E0012387F8273100E009
:10A8700000BF97F82731002B0AD17F4B1B6D23F0C7
:10A880004051D7F814311B6F7B4A0B43136503E02B
:10A8900097F8273187F82631D7F81431D3E9002308
:10A8A00002F08073C7F8D0300023C7F8D430D7E95E
:10A8B00034120B46134339D0D7F814319B6C032B59
:10A8C0001CD801A252F823F005A90008D9A8000855
:10A8D000E7A8000805A90008674BDB6A664A43F44D
:10A8E0000033D3620FE0D7F8143108330221184641
:10A8F00001F002F9034687F8273104E0012387F8C5
:10A90000273100E000BF97F82731002B0AD15A4BBE
:10A91000DB6C23F00301D7F814319B6C564A0B43D0
:10A92000D36403E097F8273187F82631D7F814313C
:10A93000D3E9002302F48003C7F8C8300023C7F826
:10A94000CC30D7E932120B46134300F09F804B4BBB
:10A950001B684A4A43F480731360F7F7C3FDC7F8D6
:10A9600020010BE0F7F7BEFD0246D7F82031D31ADD
:10A97000642B03D9032387F8273105E03F4B1B687D
:10A9800003F48073002BEDD097F82731002B79D199
:10A99000394B1A6FD7F81431D3F8B430534003F45D
:10A9A0004073002B15D0344B1B6F23F44073C7F852
:10A9B0001C31314B1B6F304A43F4803313672E4BED
:10A9C0001B6F2D4A23F4803313672B4AD7F81C31B1
:10A9D0001367D7F81431D3F8B430B3F5807F18D1AA
:10A9E000F7F780FDC7F820010DE0F7F77BFD024681
:10A9F000D7F82031D21A41F288339A4203D903237F
:10AA000087F8273105E01C4B1B6F03F00203002B76
:10AA1000EBD097F82731002B29D1D7F81431D3F890
:10AA2000B43003F44073B3F5407F0ED1124B1B6971
:10AA300023F47C51D7F81431D3F8B4301A09104BF1
:10AA400013400D4A0B43136105E00B4B1B690A4A87
:10AA500023F47C531361084B196FD7F81431D3F8E2
:10AA6000B430C3F30B03044A0B4313670EE097F8AB
:10AA7000273187F8263109E000440258004802587F
:10AA8000CFFFFF0097F8273187F82631D7F8143128
:10AA9000D3E9002302F00103C7F8C0300023C7F850
:10AAA000C430D7E930120B46134300F08980D7F841
:10AAB0001431DB6F282B6BD801A252F823F000BFB2
:10AAC00099AB000891AB000891AB000891AB00086E
:10AAD00091AB000891AB000891AB000891AB000866
:10AAE00065AB000891AB000891AB000891AB000882
:10AAF00091AB000891AB000891AB000891AB000846
:10AB00007BAB000891AB000891AB000891AB00084B
:10AB100091AB000891AB000891AB000891AB000825
:10AB200099AB000891AB000891AB000891AB00080D
:10AB300091AB000891AB000891AB000891AB000805
:10AB400099AB000891AB000891AB000891AB0008ED
:10AB500091AB000891AB000891AB000891AB0008E5
:10AB600099AB0008D7F8143108330121184600F0DA
:10AB7000C3FF034687F827310FE0D7F81431283395
:10AB80000121184601F06AF8034687F8273104E0EE
:10AB9000012387F8273100E000BF97F82731002B09
:10ABA0000AD1BF4B5B6D23F03801D7F81431DB6F4E
:10ABB000BB4A0B43536503E097F8273187F82631EA
:10ABC000D7F81431D3E9002302F00203C7F8B830F4
:10ABD0000023C7F8BC30D7E92E120B46134341D0EF
:10ABE000D7F814319B6F052B24D801A252F823F01B
:10ABF0003DAC000809AC00081FAC00083DAC0008E3
:10AC00003DAC00083DAC0008D7F8143108330121F1
:10AC1000184600F071FF034687F827310FE0D7F898
:10AC2000143128330121184601F018F8034687F83B
:10AC3000273104E0012387F8273100E000BF97F8AF
:10AC40002731002B0AD1964B5B6D23F00701D7F813
:10AC500014319B6F924A0B43536503E097F82731F9
:10AC600087F82631D7F81431D3E9002302F0040322
:10AC7000C7F8B0300023C7F8B430D7E92C120B4620
:10AC8000134344D0D7F81431D3F89430052B25D88A
:10AC900001A252F823F000BFE5AC0008B1AC0008F7
:10ACA000C7AC0008E5AC0008E5AC0008E5AC00085E
:10ACB000D7F8143108330121184600F01DFF034670
:10ACC00087F827310FE0D7F81431283301211846CF
:10ACD00000F0C4FF034687F8273104E0012387F81A
:10ACE000273100E000BF97F82731002B0BD16C4BC8
:10ACF0009B6D23F00701D7F81431D3F89430684ADC
:10AD00000B43936503E097F8273187F82631D7F88E
:10AD10001431D3E9002302F02003C7F8A830002340
:10AD2000C7F8AC30D7E92A120B46134355D0D7F8F1
:10AD30001431D3F89030B3F1A04F33D0B3F1A04F1A
:10AD40002CD8B3F1804F2FD0B3F1804F26D8B3F178
:10AD5000405F2BD0B3F1405F20D8B3F1005F12D039
:10AD6000B3F1005F1AD8002B22D0B3F1805F15D168
:10AD7000D7F8143108330021184600F0BDFE034611
:10AD800087F8273115E0D7F8143128330221184607
:10AD900000F064FF034687F827310AE0012387F8B3
:10ADA000273106E000BF04E000BF02E000BF00E082
:10ADB00000BF97F82731002B0BD1394B5B6D23F087
:10ADC000E041D7F81431D3F89030354A0B4353653E
:10ADD00003E097F8273187F82631D7F81431D3E903
:10ADE000002302F04003C7F8A0300023C7F8A430C6
:10ADF000D7E928120B46134358D0D7F81431D3F8AB
:10AE00009C30B3F5A05F33D0B3F5A05F2CD8B3F579
:10AE1000805F2FD0B3F5805F26D8B3F5406F2BD07D
:10AE2000B3F5406F20D8B3F5006F12D0B3F5006FC3
:10AE30001AD8002B22D0B3F5806F15D1D7F8143172
:10AE400008330021184600F057FE034687F82731E3
:10AE500015E0D7F8143128330221184600F0FEFE21
:10AE6000034687F827310AE0012387F8273106E0F7
:10AE700000BF04E000BF02E000BF00E000BF97F8A1
:10AE80002731002B0ED1064B9B6D23F4E051D7F8F0
:10AE90001431D3F89C30024A0B43936506E000BF9F
:10AEA0000044025897F8273187F82631D7F8143133
:10AEB000D3E9002302F08003C7F898300023C7F8D5
:10AEC0009C30D7E926120B46134355D0D7F81431DE
:10AED000D3F8A030B3F5204F33D0B3F5204F2CD8A2
:10AEE000B3F5004F2FD0B3F5004F26D8B3F5C04FC0
:10AEF0002BD0B3F5C04F20D8B3F5804F12D0B3F5A7
:10AF0000804F1AD8002B22D0B3F5005F15D1D7F8A7
:10AF1000143108330021184600F0EEFD034687F88F
:10AF2000273115E0D7F8143128330221184600F0F4
:10AF300095FE034687F827310AE0012387F8273179
:10AF400006E000BF04E000BF02E000BF00E000BF79
:10AF500097F82731002B0BD1A14B9B6D23F4604157
:10AF6000D7F81431D3F8A0309D4A0B43936503E022
:10AF700097F8273187F82631D7F81431D3E9002321
:10AF800002F00803C7F890300023C7F89430D7E9DF
:10AF900024120B4613431ED0D7F81431D3F8843053
:10AFA000B3F5805F0CD1D7F814312833022118464D
:10AFB00000F054FE0346002B02D0012387F826310F
:10AFC000874B5B6D23F44051D7F81431D3F88430AC
:10AFD000834A0B435365D7F81431D3E9002302F0B9
:10AFE0001003C7F888300023C7F88C30D7E9221245
:10AFF0000B4613431ED0D7F81431D3F89830B3F56D
:10B00000807F0CD1D7F8143128330221184600F084
:10B0100025FE0346002B02D0012387F82631704B12
:10B020009B6D23F44071D7F81431D3F898306C4AF3
:10B030000B439365D7F81431D3E9002302F40023BE
:10B04000C7F880300023C7F88430D7E920120B46B8
:10B0500013433ED0D7F81431D3F8A430B3F5003FF2
:10B0600022D0B3F5003F1BD8002B03D0B3F5803FAF
:10B070000BD015E0D7F8143108330021184600F042
:10B080003BFD034687F827310FE0D7F8143128330A
:10B090000221184600F0E2FD034687F8273104E05C
:10B0A000012387F8273100E000BF97F82731002BF4
:10B0B0000BD14B4B9B6D23F44031D7F81431D3F8AF
:10B0C000A430474A0B43936503E097F8273187F88C
:10B0D0002631D7F81431D3E9002302F48023BB676B
:10B0E0000023FB67D7E91E120B4613433BD0D7F86A
:10B0F0001431D3F88830B3F5401F1FD0B3F5401F8B
:10B1000018D8B3F5801F03D0B3F5001F07D011E0A6
:10B11000334BDB6A324A43F40033D3620FE0D7F893
:10B12000143128330121184600F098FD034687F8B2
:10B13000273104E0012387F8273100E000BF97F8AA
:10B140002731002B0BD1264B5B6D23F44011D7F830
:10B150001431D3F88830224A0B43536503E097F843
:10B16000273187F82631D7F81431D3E9002302F4C8
:10B1700080333B6700237B67D7E91C120B461343E0
:10B1800034D0D7F814311B6D002B03D0B3F5803FBA
:10B1900007D011E0124BDB6A114A43F40033D3624B
:10B1A0000EE0D7F8143108330221184600F0A4FC51
:10B1B000034687F8273103E0012387F8273100BFD2
:10B1C00097F82731002B0DD1054BDB6C23F4803130
:10B1D000D7F814311B6D024A0B43D36406E000BF5D
:10B1E0000044025897F8273187F82631D7F81431F0
:10B1F000D3E9002302F00053BB660023FB66D7E9C6
:10B200001A120B4613430CD0D7F8143128330221FD
:10B21000184600F023FD0346002B02D0012387F8D7
:10B220002631D7F81431D3E9002302F400333B660A
:10B2300000237B66D7E918120B46134338D0D7F8A2
:10B240001431D3F88030B3F5407F18D0B3F5407F88
:10B2500011D8B3F5007F14D0B3F5007F0BD8002BC5
:10B2600011D0B3F5807F06D1C34BDB6AC24A43F4E9
:10B270000033D36208E0012387F8273104E000BFE0
:10B2800002E000BF00E000BF97F82731002B0BD190
:10B29000B94B5B6D23F44071D7F81431D3F880308B
:10B2A000B54A0B43536503E097F8273187F82631F9
:10B2B000D7F81431D3E9002302F48013BB650023CF
:10B2C000FB65D7E916120B46134309D0AA4B1B6D39
:10B2D00023F00041D7F814315B6FA74A0B43136585
:10B2E000D7F81431D3E9002302F080533B650023E3
:10B2F0007B65D7E914120B4613430AD09E4B1B699A
:10B3000023F48041D7F81431D3F8B8309A4A0B436C
:10B310001361D7F81431D3E9002302F40013BB649E
:10B320000023FB64D7E912120B46134309D0924B5A
:10B330001B6D23F08071D7F81431DB6E8E4A0B43FE
:10B340001365D7F81431D3E9002302F080433B643E
:10B3500000237B64D7E910120B4613430ED0864BB3
:10B360001B69854A23F400431361834B1969D7F89D
:10B370001431D3F8BC30804A0B431361D7F8143131
:10B38000D3E9002302F00043BB630023FB63D7E94A
:10B390000E120B46134309D0774BDB6C23F0405160
:10B3A000D7F814315B6D744A0B43D364D7F814316A
:10B3B000D3E9002302F400033B6300237B63D7E956
:10B3C0000C120B4613430AD06B4B5B6D23F4400108
:10B3D000D7F81431D3F88C30674A0B435365D7F84C
:10B3E0001431D3E900230021B96203F00103FB62A9
:10B3F000D7E90A120B46134311D0D7F8143108339A
:10B400000021184600F078FB034687F8273197F8AB
:10B410002731002B03D097F8273187F82631D7F84A
:10B420001431D3E900230021396203F002037B6267
:10B43000D7E908120B46134311D0D7F8143108335B
:10B440000121184600F058FB034687F8273197F88A
:10B450002731002B03D097F8273187F82631D7F80A
:10B460001431D3E900230021B96103F00403FB6127
:10B47000D7E906120B46134311D0D7F8143108331D
:10B480000221184600F038FB034687F8273197F869
:10B490002731002B03D097F8273187F82631D7F8CA
:10B4A0001431D3E900230021396103F008037B61E3
:10B4B000D7E904120B46134311D0D7F814312833BF
:10B4C0000021184600F0CAFB034687F8273197F899
:10B4D0002731002B03D097F8273187F82631D7F88A
:10B4E0001431D3E900230021B96003F01003FB609D
:10B4F000D7E902120B46134311D0D7F81431283381
:10B500000121184600F0AAFB034687F8273197F877
:10B510002731002B03D097F8273187F82631D7F849
:10B520001431D3E900230021396003F020037B604C
:10B53000D7E900120B46134311D0D7F81431283342
:10B540000221184600F08AFB034687F8273197F856
:10B550002731002B03D097F8273187F8263197F849
:10B560002631002B01D1002300E00123184607F506
:10B570009477BD46BDE8B08F0044025880B500AF57
:10B58000FEF754FD0246064B1B6A1B0903F0070336
:10B590000449CB5C03F01F0322FA03F3184680BD75
:10B5A00000440258ACE0030880B489B000AF786072
:10B5B000A14B9B6A03F00303BB619F4B9B6A1B0B70
:10B5C00003F03F037B619C4BDB6A1B0903F0010323
:10B5D0003B61994BDB6BDB08C3F30C033A6902FB5D
:10B5E00003F307EE903AF8EE677AC7ED037A7B69CA
:10B5F000002B00F01181BB69022B00F08380BB6936
:10B60000022B00F2A180BB69002B03D0BB69012B88
:10B6100056D099E0884B1B6803F02003002B2DD0F7
:10B62000854B1B68DB0803F00303844A22FA03F30B
:10B63000BB60BB6807EE903AF8EE676A7B6907EE7D
:10B64000903AF8EE677A86EEA77A7B4B9B6BC3F352
:10B65000080307EE903AF8EE676A97ED036ADFEDAC
:10B66000785AC6EE257A76EEA77AF7EE006A77EE7C
:10B67000A67A67EE277AC7ED077A87E07B6907EE3F
:10B68000903AF8EE677ADFED6F6A86EEA77A6A4B3A
:10B690009B6BC3F3080307EE903AF8EE676A97EDE9
:10B6A000036ADFED675AC6EE257A76EEA77AF7EEE3
:10B6B000006A77EEA67A67EE277AC7ED077A65E02B
:10B6C0007B6907EE903AF8EE677ADFED5F6A86EE07
:10B6D000A77A594B9B6BC3F3080307EE903AF8EE39
:10B6E000676A97ED036ADFED565AC6EE257A76EE65
:10B6F000A77AF7EE006A77EEA67A67EE277AC7EDAB
:10B70000077A43E07B6907EE903AF8EE677ADFED5F
:10B710004F6A86EEA77A484B9B6BC3F3080307EE8C
:10B72000903AF8EE676A97ED036ADFED455AC6EE88
:10B73000257A76EEA77AF7EE006A77EEA67A67EEBC
:10B74000277AC7ED077A21E07B6907EE903AF8EE99
:10B75000677ADFED3D6A86EEA77A374B9B6BC3F3C2
:10B76000080307EE903AF8EE676A97ED036ADFED9B
:10B77000345AC6EE257A76EEA77AF7EE006A77EEAF
:10B78000A67A67EE277AC7ED077A00BF2A4B9B6B34
:10B790005B0A03F07F0307EE903AF8EE677AB7EEA4
:10B7A000007A37EE877AD7ED076AC6EE877AFCEE25
:10B7B000E77A17EE902A7B681A601F4B9B6B1B0C75
:10B7C00003F07F0307EE903AF8EE677AB7EE007A5F
:10B7D00037EE877AD7ED076AC6EE877AFCEEE77A0E
:10B7E00017EE902A7B685A60134B9B6B1B0E03F07D
:10B7F0007F0307EE903AF8EE677AB7EE007A37EEFD
:10B80000877AD7ED076AC6EE877AFCEEE77A17EEFD
:10B81000902A7B689A6008E07B6800221A607B6847
:10B8200000225A607B6800229A6000BF2437BD4620
:10B830005DF8047B704700BF004402580090D003BD
:10B84000000000460024744C0024744A20BCBE4B07
:10B8500080B489B000AF7860A14B9B6A03F003030A
:10B86000BB619F4B9B6A1B0D03F03F037B619C4BAD
:10B87000DB6A1B0A03F001033B61994B5B6CDB083D
:10B88000C3F30C033A6902FB03F307EE903AF8EEB8
:10B89000677AC7ED037A7B69002B00F01181BB69E1
:10B8A000022B00F08380BB69022B00F2A180BB69F0
:10B8B000002B03D0BB69012B56D099E0884B1B6845
:10B8C00003F02003002B2DD0854B1B68DB0803F011
:10B8D0000303844A22FA03F3BB60BB6807EE903A85
:10B8E000F8EE676A7B6907EE903AF8EE677A86EEC3
:10B8F000A77A7B4B1B6CC3F3080307EE903AF8EE74
:10B90000676A97ED036ADFED785AC6EE257A76EE20
:10B91000A77AF7EE006A77EEA67A67EE277AC7ED88
:10B92000077A87E07B6907EE903AF8EE677ADFEDF9
:10B930006F6A86EEA77A6A4B1B6CC3F3080307EEA7
:10B94000903AF8EE676A97ED036ADFED675AC6EE44
:10B95000257A76EEA77AF7EE006A77EEA67A67EE9A
:10B96000277AC7ED077A65E07B6907EE903AF8EE33
:10B97000677ADFED5F6A86EEA77A594B1B6CC3F3DB
:10B98000080307EE903AF8EE676A97ED036ADFED79
:10B99000565AC6EE257A76EEA77AF7EE006A77EE6B
:10B9A000A67A67EE277AC7ED077A43E07B6907EE50
:10B9B000903AF8EE677ADFED4F6A86EEA77A484B49
:10B9C0001B6CC3F3080307EE903AF8EE676A97ED35
:10B9D000036ADFED455AC6EE257A76EEA77AF7EED2
:10B9E000006A77EEA67A67EE277AC7ED077A21E03C
:10B9F0007B6907EE903AF8EE677ADFED3D6A86EEF6
:10BA0000A77A374B1B6CC3F3080307EE903AF8EEA6
:10BA1000676A97ED036ADFED345AC6EE257A76EE53
:10BA2000A77AF7EE006A77EEA67A67EE277AC7ED77
:10BA3000077A00BF2A4B1B6C5B0A03F07F0307EEFB
:10BA4000903AF8EE677AB7EE007A37EE877AD7ED5C
:10BA5000076AC6EE877AFCEEE77A17EE902A7B68D3
:10BA60001A601F4B1B6C1B0C03F07F0307EE903A10
:10BA7000F8EE677AB7EE007A37EE877AD7ED076A85
:10BA8000C6EE877AFCEEE77A17EE902A7B685A605A
:10BA9000134B1B6C1B0E03F07F0307EE903AF8EE7E
:10BAA000677AB7EE007A37EE877AD7ED076AC6EE87
:10BAB000877AFCEEE77A17EE902A7B689A6008E0B6
:10BAC0007B6800221A607B6800225A607B68002233
:10BAD0009A6000BF2437BD465DF8047B704700BF05
:10BAE000004402580090D003000000460024744C2B
:10BAF0000024744A20BCBE4B80B584B000AF78608F
:10BB000039600023FB73534B9B6A03F00303032B41
:10BB100001D1012399E04F4B1B684E4A23F080630B
:10BB20001360F6F7DFFCB86008E0F6F7DBFC0246CE
:10BB3000BB68D31A022B01D9032386E0454B1B684F
:10BB400003F00063002BF0D1424B9B6A23F47C325C
:10BB50007B681B681B033F4913438B627B685B68F0
:10BB6000013BC3F308027B689B68013B5B029BB20D
:10BB70001A437B68DB68013B1B0403F4FE031A4392
:10BB80007B681B69013B1B0603F0FE4331491343ED
:10BB90008B63304BDB6A23F0C0027B685B692D4905
:10BBA0001343CB622B4BDB6A23F020027B689B693B
:10BBB00028491343CB62274BDB6A264A23F0100344
:10BBC000D362244BDA6B244B13407A68D269D200DB
:10BBD00020491343CB631F4BDB6A1E4A43F010031B
:10BBE000D3623B68002B06D11A4BDB6A194A43F437
:10BBF0000023D3620FE03B68012B06D1154BDB6AB3
:10BC0000144A43F48013D36205E0124BDB6A114AF5
:10BC100043F40013D3620F4B1B680E4A43F080635A
:10BC20001360F6F75FFCB86008E0F6F75BFC0246CD
:10BC3000BB68D31A022B01D9032306E0054B1B680E
:10BC400003F00063002BF0D0FB7B18461037BD4695
:10BC500080BD00BF004402580700FFFF80B584B0DC
:10BC600000AF786039600023FB73534B9B6A03F08D
:10BC70000303032B01D1012399E04F4B1B684E4A6C
:10BC800023F080531360F6F72DFCB86008E0F6F758
:10BC900029FC0246BB68D31A022B01D9032386E094
:10BCA000454B1B6803F00053002BF0D1424B9B6ABD
:10BCB00023F07C727B681B681B053F4913438B6232
:10BCC0007B685B68013BC3F308027B689B68013BB0
:10BCD0005B029BB21A437B68DB68013B1B0403F4E5
:10BCE000FE031A437B681B69013B1B0603F0FE43FE
:10BCF000314913430B64304BDB6A23F440627B68A9
:10BD00005B692D491343CB622B4BDB6A23F4007232
:10BD10007B689B6928491343CB62274BDB6A264A21
:10BD200023F48073D362244B5A6C244B13407A68FB
:10BD3000D269D200204913434B641F4BDB6A1E4A71
:10BD400043F48073D3623B68002B06D11A4BDB6A45
:10BD5000194A43F48003D3620FE03B68012B06D1FC
:10BD6000154BDB6A144A43F40003D36205E0124B1F
:10BD7000DB6A114A43F08073D3620F4B1B680E4A93
:10BD800043F080531360F6F7ADFBB86008E0F6F7B8
:10BD9000A9FB0246BB68D31A022B01D9032306E094
:10BDA000054B1B6803F00053002BF0D0FB7B1846BB
:10BDB0001037BD4680BD00BF004402580700FFFF9A
:10BDC00080B584B000AF78607B68002B01D101237F
:10BDD00058E17B6800229A627B681B685F4A934245
:10BDE0000FD07B681B685E4A93420AD07B681B6851
:10BDF0005C4A934205D07B68DB680F2B01D9012395
:10BE000040E1786801F062FEF8607B681B68534A85
:10BE100093420CD07B681B68514A934207D07B68E1
:10BE20001B68504A934202D0FB68082B11D87B68EC
:10BE30001B684A4A934209D07B681B68484A934270
:10BE400004D07B681B68474A934204D1FB68102BDF
:10BE500001D9012316E17B6893F88130DBB2002B16
:10BE600035D17B68002283F880207B683E4AC3F886
:10BE700088207B683D4AC3F88C207B683C4AC3F825
:10BE800090207B683B4AC3F894207B683A4AC3F809
:10BE900098207B68394AC3F89C207B68384AC3F8ED
:10BEA000A0207B68374AC3F8A4207B68364AC3F8D1
:10BEB000A8207B68D3F8AC30002B03D17B68334AD1
:10BEC000C3F8AC207B68D3F8AC30786898477B68BF
:10BED000022283F881207B681B681A687B681B68D4
:10BEE00022F001021A607B681B689B6803F4F81358
:10BEF000BB607B689B69B3F1806F19D17B685B681D
:10BF0000B3F5800F03D17B689B6B002B08D07B6857
:10BF10005B68002B0CD17B689B6BB3F1805F07D112
:10BF20007B681B681A687B681B6842F480521A6041
:10BF30007B685B6803F48003002B29D07B68DB6897
:10BF4000062B25D97B681B681B6823F480717B68EE
:10BF50001A6D7B681B680A431A6021E000300140BB
:10BF600000380040003C00405DD6000871D6000853
:10BF700085D6000899D60008ADD60008C1D60008BD
:10BF8000D5D60008E9D60008FDD6000895170008A8
:10BF90007B681B681A687B681B6822F480721A60D1
:10BFA0007B68DA697B689B6A1A43BB681A437B68C3
:10BFB000DB6B42EA03017B68DA687B681B680A4333
:10BFC0009A607B685A6B7B685B6A1A437B689B6BE1
:10BFD0001A437B689B691A437B681B691A437B6819
:10BFE0005B691A437B681B6A1A437B685B681A4368
:10BFF0007B68DB6C1A437B689B681A437B689B6C8D
:10C0000042EA03017B689A6D7B681B680A43DA6029
:10C010007B685B68002B13D17B681B689B6823F4EB
:10C02000C0527B681B6842F400629A607B681B68A0
:10C030009B6823F4C0627B681B6842F480629A604C
:10C040007B681B681A6D7B681B6822F001021A6509
:10C050007B685B6803F48003002B0AD07B681B6855
:10C06000DB6823F000417B685A6D7B681B680A43DC
:10C07000DA607B680022C3F884207B68012283F8A1
:10C080008120002318461037BD4680BD80B487B09C
:10C0900000AFF8600B467A60FB720023FB757B688B
:10C0A000002B09D1FB68D3F8843043F48052FB683D
:10C0B000C3F8842001238FE0FB6893F88130DBB262
:10C0C000012B5DD1FB7A0A2B4FD801A252F823F045
:10C0D000FDC0000807C1000811C100081BC100080D
:10C0E00025C100082FC1000839C1000843C100085C
:10C0F0004DC1000857C1000861C10008FB687A689B
:10C10000C3F8882067E0FB687A68C3F88C2062E097
:10C11000FB687A68C3F890205DE0FB687A68C3F832
:10C12000942058E0FB687A68C3F8982053E0FB68D5
:10C130007A68C3F89C204EE0FB687A68C3F8A020B8
:10C1400049E0FB687A68C3F8A42044E0FB687A6899
:10C15000C3F8A8203FE0FB687A68C3F8AC203AE057
:10C16000FB687A68C3F8B02035E0FB68D3F8843008
:10C1700043F48052FB68C3F884200123FB752AE056
:10C18000FB6893F88130DBB2002B1AD1FB7A092BC4
:10C1900002D00A2B05D009E0FB687A68C3F8AC200E
:10C1A00019E0FB687A68C3F8B02014E0FB68D3F8A4
:10C1B000843043F48052FB68C3F884200123FB756C
:10C1C00009E0FB68D3F8843043F48052FB68C3F87D
:10C1D00084200123FB75FB7D18461C37BD465DF8A6
:10C1E000047B704780B588B002AFF860B9603B60EF
:10C1F0001346FB80FB681B6820337B61F6F772F9FE
:10C200003861FB6893F88130DBB2012B01D0022347
:10C21000D1E1BB68002B02D0FB88002B01D10123A8
:10C22000C9E1FB6893F88030012B01D10223C2E100
:10C23000FB68012283F88020FB68032283F88120B9
:10C24000FB680022C3F88420FB68BA68DA65FB68E3
:10C25000FA88A3F86020FB68FA88A3F86220FB68DC
:10C2600000225A66FB680022A3F86820FB680022BF
:10C27000A3F86A20FB6800225A67FB6800221A674D
:10C28000FB689B68B3F5C02F08D1FB681B681A6870
:10C29000FB681B6842F400621A6009E0FB681B68D7
:10C2A000DB6823F4C022FB681B6842F40032DA60CA
:10C2B000FB681B685A68964B1340F988FA68126845
:10C2C0000B435360FB681B681A68FB681B6842F0ED
:10C2D00001021A60FB685B68B3F5800F07D1FB6849
:10C2E0001B681A68FB681B6842F400721A60FB68DE
:10C2F000DB680F2B47D93FE0FB681B685B6903F0E5
:10C300000203022B14D1FB68DA6DFB681B6812680C
:10C310001A62FB68DB6D1A1DFB68DA65FB68B3F80F
:10C3200062309BB2013B9AB2FB68A3F8622023E023
:10C33000F6F7D8F802463B69D31A3A689A4203D80E
:10C340003B68B3F1FF3F02D13B68002B14D1F86882
:10C3500001F0EEFAFB68D3F8843043F48072FB6896
:10C36000C3F88420FB68012283F88120FB68002247
:10C3700083F8802003231EE1FB68B3F862309BB290
:10C38000002BB9D1F1E0FB68DB68072B40F2E680B7
:10C390005DE0FB681B685B6903F00203022B32D18E
:10C3A000FB68B3F862309BB2012B18D9FB68DB6BDA
:10C3B000002B14D0FB68DA6DFB681B6812681A62E8
:10C3C000FB68DB6D1A1DFB68DA65FB68B3F8623049
:10C3D0009BB2023B9AB2FB68A3F8622037E0FB688D
:10C3E000DB6D1A887B691A80FB68DB6D9A1CFB6821
:10C3F000DA65FB68B3F862309BB2013B9AB2FB6826
:10C40000A3F8622023E0F6F76DF802463B69D31AE1
:10C410003A689A4203D83B68B3F1FF3F02D13B68C8
:10C42000002B14D1F86801F083FAFB68D3F884304C
:10C4300043F48072FB68C3F88420FB68012283F810
:10C440008120FB68002283F880200323B3E0FB688F
:10C45000B3F862309BB2002B9BD186E0FB681B686F
:10C460005B6903F00203022B54D1FB68B3F862301E
:10C470009BB2032B18D9FB68DB6B402B14D9FB68EC
:10C48000DA6DFB681B6812681A62FB68DB6D1A1DA7
:10C49000FB68DA65FB68B3F862309BB2043B9AB282
:10C4A000FB68A3F8622059E0FB68B3F862309BB2E6
:10C4B000012B17D9FB68DB6B002B13D0FB68DB6DFE
:10C4C0001A887B691A80FB68DB6D9A1CFB68DA6549
:10C4D000FB68B3F862309BB2023B9AB2FB68A3F8E8
:10C4E00062203BE0FB68DA6DFB681B682033127842
:10C4F0001A70FB68DB6D5A1CFB68DA65FB68B3F8E1
:10C5000062309BB2013B9AB2FB68A3F8622025E03F
:10C510000000FFFFF5F7E6FF02463B69D31A3A68D1
:10C520009A4203D83B68B3F1FF3F02D13B68002B2E
:10C5300014D1F86801F0FCF9FB68D3F8843043F4B7
:10C540008072FB68C3F88420FB68012283F8812095
:10C55000FB68002283F8802003232CE0FB68B3F8FB
:10C5600062309BB2002B7FF479AF3B6900933B684C
:10C5700000220821F86801F07BFA0346002B07D05F
:10C58000FB68D3F8843043F02002FB68C3F88420B2
:10C59000F86801F0CDF9FB68012283F88120FB687F
:10C5A000002283F88020FB68D3F88430002B01D070
:10C5B000012300E0002318461837BD4680BD00BFA8
:10C5C00080B588B000AFF860B9603B601346FB806F
:10C5D000FB68DB6B5B099BB20133FB83FB681B6869
:10C5E0003033BB61F5F77EFF7861FB6893F88130EB
:10C5F000DBB2012B01D0022350E2BB68002B02D03A
:10C60000FB88002B01D1012348E2FB6893F88030BE
:10C61000012B01D1022341E2FB68012283F8802033
:10C62000FB68042283F88120FB680022C3F8842081
:10C63000FB68BA685A66FB68FA88A3F86820FB684A
:10C64000FA88A3F86A20FB680022DA65FB680022FA
:10C65000A3F86020FB680022A3F86220FB68002298
:10C660001A67FB6800225A67FB689B68B3F5C02F06
:10C6700008D1FB681B681A68FB681B6822F400621B
:10C680001A6009E0FB681B68DB6823F4C022FB68C2
:10C690001B6842F48022DA60FB681B685A68954B7D
:10C6A0001340F988FA6812680B435360FB681B68F3
:10C6B0001A68FB681B6842F001021A60FB685B683D
:10C6C000B3F5800F07D1FB681B681A68FB681B680D
:10C6D00042F400721A60FB68DB680F2B6CD964E0CF
:10C6E000FB681B685B693B61FB681B685B6903F067
:10C6F0000103012B14D1FB681A68FB685B6E126B97
:10C700001A60FB685B6E1A1DFB685A66FB68B3F81B
:10C710006A309BB2013B9AB2FB68A3F86A2044E0FE
:10C72000FB68B3F86A309BB2FA8B9A4219D93B691D
:10C7300003F40043002B14D0FB681A68FB685B6E9F
:10C74000126B1A60FB685B6E1A1DFB685A66FB6809
:10C75000B3F86A309BB2013B9AB2FB68A3F86A2037
:10C7600023E0F5F7BFFE02467B69D31A3A689A4286
:10C7700003D83B68B3F1FF3F02D13B68002B14D1D3
:10C78000F86801F0D5F8FB68D3F8843043F4807280
:10C79000FB68C3F88420FB68012283F88120FB68D2
:10C7A000002283F88020032378E1FB68B3F86A3025
:10C7B0009BB2002B94D15EE1FB68DB68072B40F253
:10C7C00053818FE0FB681B685B693B61FB681B68FA
:10C7D0005B6903F00103012B14D1FB685B6EBA693E
:10C7E000128892B21A80FB685B6E9A1CFB685A66CC
:10C7F000FB68B3F86A309BB2013B9AB2FB68A3F8BE
:10C800006A206FE0FB68B3F86A309BB2FA8B9A42F9
:10C8100024D93B6903F40043002B1FD0FB685B6EF7
:10C82000BA69128892B21A80FB685B6E9A1CFB6828
:10C830005A66FB685B6EBA69128892B21A80FB680E
:10C840005B6E9A1CFB685A66FB68B3F86A309BB251
:10C85000023B9AB2FB68A3F86A2043E0FB68B3F896
:10C860006A309BB2012B19D13B6903F40053002BB2
:10C8700014D0FB685B6EBA69128892B21A80FB68AA
:10C880005B6E9A1CFB685A66FB68B3F86A309BB211
:10C89000013B9AB2FB68A3F86A2023E0F5F722FE79
:10C8A00002467B69D31A3A689A4203D83B68B3F1CF
:10C8B000FF3F02D13B68002B14D1F86801F038F833
:10C8C000FB68D3F8843043F48072FB68C3F884209B
:10C8D000FB68012283F88120FB68002283F8802016
:10C8E0000323DBE0FB68B3F86A309BB2002B7FF4D4
:10C8F00069AFC0E00000FFFFFB681B685B693B613C
:10C90000FB681B685B6903F00103012B17D1FB680F
:10C910001B6803F13002FB685B6E1278D2B21A70AA
:10C92000FB685B6E5A1CFB685A66FB68B3F86A309A
:10C930009BB2013B9AB2FB68A3F86A2094E0FB68C3
:10C94000B3F86A309BB2FA8B9A4246D93B6903F43A
:10C950000043002B41D0FB681B6803F13002FB68E9
:10C960005B6E1278D2B21A70FB685B6E5A1CFB6861
:10C970005A66FB681B6803F13002FB685B6E127835
:10C98000D2B21A70FB685B6E5A1CFB685A66FB6871
:10C990001B6803F13002FB685B6E1278D2B21A702A
:10C9A000FB685B6E5A1CFB685A66FB681B6803F1E8
:10C9B0003002FB685B6E1278D2B21A70FB685B6E55
:10C9C0005A1CFB685A66FB68B3F86A309BB2043B9A
:10C9D0009AB2FB68A3F86A2046E0FB68B3F86A30B5
:10C9E0009BB2032B1CD83B6903F4C043002B17D028
:10C9F000FB681B6803F13002FB685B6E1278D2B2F1
:10CA00001A70FB685B6E5A1CFB685A66FB68B3F8C9
:10CA10006A309BB2013B9AB2FB68A3F86A2023E01C
:10CA2000F5F760FD02467B69D31A3A689A4203D84B
:10CA30003B68B3F1FF3F02D13B68002B14D1F8688B
:10CA400000F076FFFB68D3F8843043F48072FB6813
:10CA5000C3F88420FB68012283F88120FB68002250
:10CA600083F88020032319E0FB68B3F86A309BB297
:10CA7000002B7FF441AFF86800F05AFFFB680122F9
:10CA800083F88120FB68002283F88020FB68D3F8BC
:10CA90008430002B01D0012300E00023184620370A
:10CAA000BD4680BD80B584B000AFF860B960134664
:10CAB000FB80FB6893F88130DBB2012B05D0FB686B
:10CAC000002283F88020022327E1BB68002B02D0DC
:10CAD000FB88002B05D1FB68002283F8802001230E
:10CAE0001BE1FB6893F88030012B01D1022314E194
:10CAF000FB68012283F88020FB68042283F88120F0
:10CB0000FB680022C3F88420FB68BA685A66FB6899
:10CB1000FA88A3F86820FB68FA88A3F86A20FB6803
:10CB200000221A67FB6800225A67FB680022A3F8FC
:10CB30006020FB680022A3F86220FB689B68B3F5C5
:10CB4000C02F08D1FB681B681A68FB681B6822F4B9
:10CB500000621A6009E0FB681B68DB6823F4C022EE
:10CB6000FB681B6842F48022DA60FB68DB680F2BED
:10CB700005D9FB68DB6F9B69B3F5804F0FD1FB686C
:10CB8000DB68072B11D9FB68DB6F9B69B3F5005F8E
:10CB90000BD0FB68DB6F9B69B3F5804F05D0FB685A
:10CBA000002283F880200123B7E0FB681B689A68A5
:10CBB000FB681B6822F480429A60FB68DB68072BE5
:10CBC00020D8FB68DB6F9B69B3F5005F09D1FB6878
:10CBD000B3F86A309BB201335B109AB2FB68A3F8DA
:10CBE0006A20FB68DB6F9B69B3F5804F1ED1FB6841
:10CBF000B3F86A309BB203339B109AB2FB68A3F878
:10CC00006A2013E0FB68DB680F2B0FD8FB68DB6F33
:10CC10009B69B3F5804F09D1FB68B3F86A309BB2CA
:10CC200001335B109AB2FB68A3F86A20FB68DB6FE4
:10CC30003C4A1A64FB68DB6F3B4ADA63FB68DB6FD4
:10CC40003A4ADA64FB68DB6F00221A65FB68D86F2A
:10CC5000FB681B6830331946FB685B6E1A46FB683D
:10CC6000B3F86A309BB2F6F7CBF80346002B11D02D
:10CC7000FB68D3F8843043F01002FB68C3F88420CB
:10CC8000FB68012283F88120FB68002283F8802062
:10CC9000012342E0FB68DB6FDB69B3F5807F08D1DD
:10CCA000FB681B685968FB681A68214B0B4053608E
:10CCB00009E0FB681B685A681D4B1340F988FA6845
:10CCC00012680B435360FB681B689A68FB681B681B
:10CCD00042F480429A60FB681B681A69FB681B6813
:10CCE00042F450721A61FB681B681A68FB681B6883
:10CCF00042F001021A60FB685B68B3F5800F07D150
:10CD0000FB681B681A68FB681B6842F400721A60B3
:10CD1000FB68002283F88020002318461037BD46A8
:10CD200080BD00BFA5D7000811D70008E5D70008CF
:10CD30000000FFFF80B584B000AFF860B9607A6092
:10CD40007B80FB6893F88130DBB2012B01D002239A
:10CD50009CE1BB68002B05D07B68002B02D07B8850
:10CD6000002B01D1012391E1FB6893F88030012B66
:10CD700001D102238AE1FB68012283F88020FB684D
:10CD8000052283F88120FB680022C3F88420FB6819
:10CD9000BA68DA65FB687A88A3F86020FB687A884D
:10CDA000A3F86220FB687A685A66FB687A88A3F861
:10CDB0006820FB687A88A3F86A20FB6800221A675B
:10CDC000FB6800225A67FB681B68DA68FB681B680F
:10CDD00022F4C022DA60FB681B689A68FB681B6853
:10CDE00022F440429A60FB68DB680F2B0BD9FB688A
:10CDF000DB6F9B69B3F5804F21D1FB689B6F9B690B
:10CE0000B3F5804F1BD1FB68DB68072B1DD9FB688E
:10CE1000DB6F9B69B3F5005F05D0FB68DB6F9B6937
:10CE2000B3F5804F0BD1FB689B6F9B69B3F5005F37
:10CE30000BD0FB689B6F9B69B3F5804F05D0FB68F7
:10CE4000002283F88020012320E1FB68DB68072BA8
:10CE500040D8FB689B6F9B69B3F5005F09D1FB6805
:10CE6000B3F862309BB201335B109AB2FB68A3F84F
:10CE70006220FB689B6F9B69B3F5804F09D1FB680B
:10CE8000B3F862309BB203339B109AB2FB68A3F8ED
:10CE90006220FB68DB6F9B69B3F5005F09D1FB681B
:10CEA000B3F86A309BB201335B109AB2FB68A3F807
:10CEB0006A20FB68DB6F9B69B3F5804F2ED1FB685E
:10CEC000B3F86A309BB203339B109AB2FB68A3F8A5
:10CED0006A2023E0FB68DB680F2B1FD8FB689B6F81
:10CEE0009B69B3F5804F09D1FB68B3F862309BB200
:10CEF00001335B109AB2FB68A3F86220FB68DB6F1A
:10CF00009B69B3F5804F09D1FB68B3F86A309BB2D7
:10CF100001335B109AB2FB68A3F86A20FB68DB6FF1
:10CF20005C4A1A64FB68DB6F5B4ADA63FB68DB6FA1
:10CF30005A4ADA64FB68DB6F00221A65FB68D86F17
:10CF4000FB681B6830331946FB685B6E1A46FB684A
:10CF5000B3F86A309BB2F5F753FF0346002B11D0AC
:10CF6000FB68D3F8843043F01002FB68C3F88420D8
:10CF7000FB68012283F88120FB68002283F880206F
:10CF8000012383E0FB681B689A68FB681B6842F416
:10CF900080429A60FB689B6F00221A64FB689B6F5B
:10CFA0000022DA63FB689B6F00221A65FB689B6FA7
:10CFB0003A4ADA64FB68986FFB68DB6D1946FB68D8
:10CFC0001B6820331A46FB68B3F862309BB2F5F752
:10CFD00017FF0346002B16D0FB68DB6F1846F6F7E9
:10CFE00079F9FB68D3F8843043F01002FB68C3F88A
:10CFF0008420FB68012283F88120FB68002283F8EB
:10D000008020012342E0FB689B6FDB69B3F5807FE2
:10D0100008D1FB681B685968FB681A68204B0B40F5
:10D02000536009E0FB681B685A681D4B1340798800
:10D03000FA6812680B435360FB681B689A68FB68C8
:10D040001B6842F400429A60FB681B681A69FB681F
:10D050001B6842F458721A61FB681B681A68FB6807
:10D060001B6842F001021A60FB685B68B3F5800F31
:10D0700007D1FB681B681A68FB681B6842F40072E2
:10D080001A60FB68002283F88020002318461037BE
:10D09000BD4680BDC5D700085BD70008E5D70008AE
:10D0A0000000FFFF80B584B000AF78607B6893F824
:10D0B0008030012B01D10223D9E07B68012283F863
:10D0C00080207B68072283F881200023FB736A4B52
:10D0D0001B686A4AA2FB03235B0A642202FB03F378
:10D0E000BB607B681B681B6803F40073B3F5007FAB
:10D0F0005BD17B681B681A697B681B6822F0080299
:10D100001A61BB68013BBB60BB68002B08D17B6820
:10D11000D3F8843043F040027B68C3F8842006E0F3
:10D120007B681B681B6903F00803082BE9D07B6848
:10D130001B681A687B681B6842F480621A60BB68CF
:10D14000013BBB60BB68002B08D17B68D3F88430FF
:10D1500043F040027B68C3F8842007E07B681B68CB
:10D160001B6803F40073B3F5007FE8D07B681B688D
:10D170009A697B681B6842F400629A61BB68013B54
:10D18000BB60BB68002B08D17B68D3F8843043F0C8
:10D1900040027B68C3F8842007E07B681B685B69FA
:10D1A00003F40063B3F5006FE8D07B681B689B68ED
:10D1B00003F40043B3F5004F1BD17B689B6F002B3A
:10D1C00017D07B689B6F00221A657B689B6F18469F
:10D1D000F6F780F80346002B0BD07B689B6F184650
:10D1E000F7F76EFD0346202B03D17B684022C3F87E
:10D1F00084207B681B689B6803F48043B3F5804FF1
:10D200001BD17B68DB6F002B17D07B68DB6F0022A4
:10D210001A657B68DB6F1846F6F75CF80346002B4F
:10D220000BD07B68DB6F1846F7F74AFD0346202BCF
:10D2300003D17B684022C3F88420786800F014FB97
:10D240007B68D3F8843003F04003402B02D10123E4
:10D25000FB7303E07B680022C3F884207B68012213
:10D2600083F881207B68002283F88020FB7B1846AE
:10D270001037BD4680BD00BF00000024F1197605BF
:10D2800080B483B000AF78607B68D3F8843043F417
:10D2900080627B68C3F88420012318460C37BD46A2
:10D2A0005DF8047B7047000080B58AB000AF7860FD
:10D2B0007B681B681B693B627B681B685B69FB6161
:10D2C0003A6AFB691340BB617B681B689B687B61A2
:10D2D00000237B627B6893F88130FB747B681B685A
:10D2E0003033FB60FB6903F40063002B12D03B6A10
:10D2F00003F00803002B0DD07B681B689A697B68DC
:10D300001B6842F400629A617B68D3F8A8307868A1
:10D3100098479CE1BB6903F04003002B13D1BB6924
:10D3200003F02003002B0ED1BB6903F00403002B94
:10D3300009D07B685B6F786898477B681B6F78685B
:10D34000984701237B62BB6903F04003002B0FD198
:10D35000BB6903F00103002B0AD0BB6903F004038F
:10D36000002B05D17B681B6F7868984701237B628F
:10D37000BB6903F02003002B0FD1BB6903F002034C
:10D38000002B0AD0BB6903F00403002B05D17B6896
:10D390005B6F7868984701237B627B6A002B40F0C3
:10D3A0005181BB6903F00803002B00F093807B6878
:10D3B0001B689A697B681B6842F008029A617B6867
:10D3C0001B689A697B681B6842F010029A617B684F
:10D3D0001B689A697B681B6842F400629A617B68EB
:10D3E0001B681A697B681B6822F008021A617B6857
:10D3F0001B689B6803F44043002B3DD136E07B68FB
:10D40000DB680F2B0BD97B681A687B685B6E126B2D
:10D410001A607B685B6E1A1D7B685A661DE07B682C
:10D42000DB68072B0BD97B685B6EFA68128892B2B7
:10D430001A807B685B6E9A1C7B685A660DE07B687D
:10D440001B6803F130027B685B6E1278D2B21A70EF
:10D450007B685B6E5A1C7B685A667B68B3F86A30DF
:10D460009BB2013B9AB27B68A3F86A207B68B3F851
:10D470006A309BB2002BC2D1786800F059FA7B6801
:10D48000012283F881207B68D3F88430002B05D0FB
:10D490007B68D3F8A03078689847D8E0FB7C052BF0
:10D4A00005D17B68D3F8903078689847CCE0FB7C56
:10D4B000042B05D17B68D3F88C3078689847C3E09B
:10D4C000FB7C032B40F0C0807B68D3F88830786801
:10D4D0009847B9E0BB6903F45873002B00F0B7809C
:10D4E000BB6903F04003002B0FD07B68D3F8843076
:10D4F00043F004027B68C3F884207B681B689A6948
:10D500007B681B6842F040029A61BB6903F40073B8
:10D51000002B0FD07B68D3F8843043F001027B6886
:10D52000C3F884207B681B689A697B681B6842F497
:10D5300000729A61BB6903F48073002B0FD07B6883
:10D54000D3F8843043F008027B68C3F884207B68FA
:10D550001B689A697B681B6842F480729A61BB6998
:10D5600003F02003002B0FD07B68D3F8843043F006
:10D5700080027B68C3F884207B681B689A697B689B
:10D580001B6842F020029A617B68D3F88430002B3C
:10D590005CD07B681B681A687B681B6822F00102FC
:10D5A0001A607B681B6819697B681A68294B0B40F5
:10D5B00013617B6903F44043B3F5404F38D17B6876
:10D5C0001B689A687B681B6822F440429A607B68FB
:10D5D000DB6F002B13D07B68DB6F1F4A1A657B68FB
:10D5E000DB6F1846F6F794F90346002B07D07B68EB
:10D5F000D3F8843043F040027B68C3F884207B6812
:10D600009B6F002B22D07B689B6F134A1A657B6847
:10D610009B6F1846F6F77CF90346002B16D07B6803
:10D62000D3F8843043F040027B68C3F884200DE0D7
:10D630007B68012283F881207B68D3F8A03078686A
:10D64000984703E000BF02E000BF00E000BF2837BA
:10D65000BD4680BD94FCFFFF2FD8000880B483B086
:10D6600000AF786000BF0C37BD465DF8047B7047A3
:10D6700080B483B000AF786000BF0C37BD465DF862
:10D68000047B704780B483B000AF786000BF0C3774
:10D69000BD465DF8047B704780B483B000AF78600E
:10D6A00000BF0C37BD465DF8047B704780B483B083
:10D6B00000AF786000BF0C37BD465DF8047B704753
:10D6C00080B483B000AF786000BF0C37BD465DF812
:10D6D000047B704780B483B000AF786000BF0C3724
:10D6E000BD465DF8047B704780B483B000AF7860BE
:10D6F00000BF0C37BD465DF8047B704780B483B033
:10D7000000AF786000BF0C37BD465DF8047B704702
:10D7100080B584B000AF78607B689B6BFB60FB6872
:10D7200093F88130DBB2072B13D0FB68DB6FDB692A
:10D73000B3F5807F05D1FB68D3F88C30F868984743
:10D7400007E0FB681B681A69FB681B6842F0080267
:10D750001A6100BF1037BD4680BD80B584B000AFF0
:10D7600078607B689B6BFB60FB6893F88130DBB271
:10D77000072B13D0FB689B6FDB69B3F5807F05D166
:10D78000FB68D3F89030F868984707E0FB681B689F
:10D790001A69FB681B6842F008021A6100BF103763
:10D7A000BD4680BD80B584B000AF78607B689B6B60
:10D7B000FB60FB68D3F89830F868984700BF1037D3
:10D7C000BD4680BD80B584B000AF78607B689B6B40
:10D7D000FB60FB68D3F89C30F868984700BF1037AF
:10D7E000BD4680BD80B584B000AF78607B689B6B20
:10D7F000FB607868F7F764FA0346022B13D0F868E9
:10D8000000F096F8FB68D3F8843043F01002FB6810
:10D81000C3F88420FB68012283F88120FB68D3F8D9
:10D82000A030F868984700BF1037BD4680BD80B56E
:10D8300084B000AF78607B689B6BFB60FB68002264
:10D84000A3F86A20FB680022A3F86220FB6801228B
:10D8500083F88120FB68D3F8A030F868984700BFB0
:10D860001037BD4680BD000080B483B000AF786043
:10D870007B681B681A687B681B6822F001021A60CB
:10D880007B681B6819697B681A68284B0B40136119
:10D890007B681B689A697B681B6842F008029A6182
:10D8A0007B681B689A697B681B6842F010029A616A
:10D8B0007B681B689A687B681B6822F440429A6008
:10D8C0007B681B689A697B681B6842F040029A611A
:10D8D0007B681B689A697B681B6842F020029A612A
:10D8E0007B681B689A697B681B6842F480729A6146
:10D8F0007B681B689A697B681B6842F400729A61B6
:10D900007B681B689A697B681B6842F400629A61B5
:10D910007B680022A3F862207B680022A3F86A20BB
:10D9200000BF0C37BD465DF8047B704790FCFFFFDD
:10D9300080B485B000AF78607B681B685B69FB6072
:10D940007B681B689A697B681B6842F008029A61D1
:10D950007B681B689A697B681B6842F010029A61B9
:10D960007B681B681A687B681B6822F001021A60DA
:10D970007B681B6819697B681A683C4B0B40136114
:10D980007B681B689A687B681B6822F440429A6037
:10D990007B6893F88130DBB2042B14D0FB6803F072
:10D9A0002003002B0FD07B68D3F8843043F0800233
:10D9B0007B68C3F884207B681B689A697B681B6856
:10D9C00042F020029A617B6893F88130DBB2032B2E
:10D9D00014D0FB6803F04003002B0FD07B68D3F812
:10D9E000843043F004027B68C3F884207B681B68A2
:10D9F0009A697B681B6842F040029A61FB6803F4F5
:10DA00000073002B0FD07B68D3F8843043F0010201
:10DA10007B68C3F884207B681B689A697B681B68F5
:10DA200042F400729A61FB6803F48073002B0FD0FC
:10DA30007B68D3F8843043F008027B68C3F8842005
:10DA40007B681B689A697B681B6842F480729A61E4
:10DA50007B680022A3F862207B680022A3F86A207A
:10DA600000BF1437BD465DF8047B704790FCFFFF94
:10DA700080B584B000AFF860B9603B601346FB71BD
:10DA800010E0F4F72FFD0246BB69D31A3A689A42B8
:10DA900003D83B68B3F1FF3F02D13B68002B01D1B3
:10DAA00003230FE0FB681B685A69BB681340BA6820
:10DAB0009A420CBF01230023DBB21A46FB799A423B
:10DAC000DFD0002318461037BD4680BD80B485B036
:10DAD00000AF78607B68DB6B5B090133FB607B68C0
:10DAE000DB680133BB60BB680733DB08BB60BB6826
:10DAF000FA6802FB03F318461437BD465DF8047B51
:10DB0000704780B582B000AF78607B68002B01D190
:10DB1000012349E07B6893F83D30DBB2002B06D14E
:10DB20007B68002283F83C207868F3F755FF7B6818
:10DB3000022283F83D207B681A687B68043319460B
:10DB4000104600F0D5FA7B68012283F848207B68F4
:10DB5000012283F83E207B68012283F83F207B6806
:10DB6000012283F840207B68012283F841207B68F2
:10DB7000012283F842207B68012283F843207B68DE
:10DB8000012283F844207B68012283F845207B68CA
:10DB9000012283F846207B68012283F847207B68B6
:10DBA000012283F83D20002318460837BD4680BD7A
:10DBB00080B485B000AF78607B6893F83D30DBB20D
:10DBC000012B01D0012354E07B68022283F83D2021
:10DBD0007B681B68DA687B681B6842F00102DA60C8
:10DBE0007B681B68264A934222D07B681B68B3F18E
:10DBF000804F1DD07B681B68224A934218D07B68F7
:10DC00001B68214A934213D07B681B681F4A9342CA
:10DC10000ED07B681B681E4A934209D07B681B6844
:10DC20001C4A934204D07B681B681B4A934215D15F
:10DC30007B681B689A68194B1340FB60FB68062BD6
:10DC400015D0FB68B3F5803F11D07B681B681A685C
:10DC50007B681B6842F001021A6008E07B681B6861
:10DC60001A687B681B6842F001021A6000E000BF7E
:10DC7000002318461437BD465DF8047B704700BF8B
:10DC8000000001400004004000080040000C00407B
:10DC9000000401400018004000400140070001005E
:10DCA00080B584B000AF78607B681B68DB68FB6080
:10DCB0007B681B681B69BB60BB6803F00203002B19
:10DCC00020D0FB6803F00203002B1BD07B681B688D
:10DCD0006FF002021A617B6801221A777B681B6869
:10DCE0009B6903F00303002B03D0786800F0E2F98E
:10DCF00005E0786800F0D4F9786800F0E5F97B6811
:10DD000000221A77BB6803F00403002B20D0FB68C5
:10DD100003F00403002B1BD07B681B686FF0040228
:10DD20001A617B6802221A777B681B689B6903F47F
:10DD30004073002B03D0786800F0BCF905E07868E8
:10DD400000F0AEF9786800F0BFF97B6800221A771E
:10DD5000BB6803F00803002B20D0FB6803F0080326
:10DD6000002B1BD07B681B686FF008021A617B6870
:10DD700004221A777B681B68DB6903F00303002B1E
:10DD800003D0786800F096F905E0786800F088F92B
:10DD9000786800F099F97B6800221A77BB6803F075
:10DDA0001003002B20D0FB6803F01003002B1BD0C6
:10DDB0007B681B686FF010021A617B6808221A7773
:10DDC0007B681B68DB6903F44073002B03D0786821
:10DDD00000F070F905E0786800F062F9786800F00A
:10DDE00073F97B6800221A77BB6803F00103002BEC
:10DDF0000CD0FB6803F00103002B07D07B681B6885
:10DE00006FF001021A617868F3F764FBBB6803F0F6
:10DE10008003002B04D1BB6803F40053002B0CD00B
:10DE2000FB6803F08003002B07D07B681B686FF44E
:10DE300002521A61786800F031FBBB6803F480730A
:10DE4000002B0CD0FB6803F08003002B07D07B680D
:10DE50001B686FF480721A61786800F029FBBB6858
:10DE600003F04003002B0CD0FB6803F04003002BB1
:10DE700007D07B681B686FF040021A61786800F079
:10DE80002DF9BB6803F02003002B0CD0FB6803F0D6
:10DE90002003002B07D07B681B686FF020021A61FB
:10DEA000786800F0F1FA00BF1037BD4680BD000071
:10DEB00080B584B000AF786039600023FB737B6865
:10DEC00093F83C30012B01D10223DCE07B68012276
:10DED00083F83C207B68022283F83D207B681B6826
:10DEE0009B68BB60BA686A4B1340BB60BB6823F495
:10DEF0007F43BB607B681B68BA689A603B681B689D
:10DF0000644A934200F0A980624A934200F2AE80D4
:10DF1000614A934200F0A1805F4A934200F2A680DA
:10DF20005E4A934200F099805C4A934200F29E80E0
:10DF3000B3F1101F00F09180B3F1101F00F2968032
:10DF4000B3F5801F00F08980B3F5801F00F28E804A
:10DF5000B3F5005F3ED0B3F5005F00F28780B3F504
:10DF6000805F00F08680B3F5805F7FD8702B1AD079
:10DF7000702B7BD8602B50D0602B77D8502B3CD0A7
:10DF8000502B73D8402B58D0402B6FD8302B64D0F7
:10DF9000302B6BD8202B60D0202B67D8002B5CD087
:10DFA000102B5AD062E07B6818683B6899683B6820
:10DFB0005A683B68DB6800F0B9F97B681B689B68AE
:10DFC000BB60BB6843F07703BB607B681B68BA68C3
:10DFD0009A604FE07B6818683B6899683B685A68AC
:10DFE0003B68DB6800F0A2F97B681B689A687B6875
:10DFF0001B6842F480429A603CE07B6818683B688A
:10E0000059683B68DB681A4600F012F97B681B68A8
:10E010005021184600F06CF92CE07B6818683B68CA
:10E0200059683B68DB681A4600F031F97B681B6869
:10E030006021184600F05CF91CE07B6818683B68BA
:10E0400059683B68DB681A4600F0F2F87B681B6889
:10E050004021184600F04CF90CE07B681A683B68D8
:10E060001B681946104600F043F903E00123FB73D7
:10E0700000E000BF7B68012283F83D207B6800221E
:10E0800083F83C20FB7B18461037BD4680BD00BF9F
:10E0900088FFCEFF4000100030001000200010006C
:10E0A00080B483B000AF786000BF0C37BD465DF828
:10E0B000047B704780B483B000AF786000BF0C373A
:10E0C000BD465DF8047B704780B483B000AF7860D4
:10E0D00000BF0C37BD465DF8047B704780B483B049
:10E0E00000AF786000BF0C37BD465DF8047B704719
:10E0F00080B485B000AF786039607B681B68FB60D6
:10E100007B68434A934213D07B68B3F1804F0FD0B2
:10E110007B68404A93420BD07B683F4A934207D0CA
:10E120007B683E4A934203D07B683D4A934208D1C4
:10E13000FB6823F07003FB603B685B68FA6813437D
:10E14000FB607B68324A93421FD07B68B3F1804FFB
:10E150001BD07B682F4A934217D07B682E4A93428C
:10E1600013D07B682D4A93420FD07B682C4A934290
:10E170000BD07B682B4A934207D07B682A4A934294
:10E1800003D07B68294A934208D1FB6823F440738B
:10E19000FB603B68DB68FA681343FB60FB6823F0B5
:10E1A00080023B685B691343FB603B689A687B684D
:10E1B000DA623B681A687B689A627B68144A934209
:10E1C0000FD07B68164A93420BD07B68154A934266
:10E1D00007D07B68144A934203D07B68134A93426A
:10E1E00003D13B681A697B681A637B681B6843F03C
:10E1F00004027B681A607B6801225A617B68FA68B6
:10E200001A6000BF1437BD465DF8047B704700BF3D
:10E21000000001400004004000080040000C0040E5
:10E22000000401400040014000440140004801401A
:10E2300080B487B000AFF860B9607A60FB681B6A91
:10E240007B61FB681B6A23F00102FB681A62FB68B2
:10E250009B693B613B6923F0F0033B617B681B01D9
:10E260003A6913433B617B6923F00A037B617A6956
:10E27000BB6813437B61FB683A699A61FB687A6902
:10E280001A6200BF1C37BD465DF8047B704780B43E
:10E2900087B000AFF860B9607A60FB681B6A7B6189
:10E2A000FB681B6A23F01002FB681A62FB689B691B
:10E2B0003B613B6923F470433B617B681B033A6914
:10E2C00013433B617B6923F0A0037B61BB681B01A7
:10E2D0007A6913437B61FB683A699A61FB687A69E2
:10E2E0001A6200BF1C37BD465DF8047B7047000012
:10E2F00080B485B000AF786039607B689B68FB6054
:10E30000FA68094B1340FB603A68FB68134343F01B
:10E310000703FB607B68FA689A6000BF1437BD464C
:10E320005DF8047B704700BF8FFFCFFF80B487B0DC
:10E3300000AFF860B9607A603B60FB689B687B6106
:10E340007B6923F47F437B613B681A027B681A4335
:10E35000BB6813437A6913437B61FB687A699A60EF
:10E3600000BF1C37BD465DF8047B704780B485B0A4
:10E3700000AF786039607B6893F83C30012B01D1A5
:10E3800002236DE07B68012283F83C207B68022237
:10E3900083F83D207B681B685B68FB607B681B68BB
:10E3A0009B68BB607B681B68304A934204D07B68E3
:10E3B0001B682F4A934208D1FB6823F47003FB606B
:10E3C0003B685B68FA681343FB60FB6823F07003EB
:10E3D000FB603B681B68FA681343FB607B681B6843
:10E3E000FA685A607B681B68204A934222D07B6897
:10E3F0001B68B3F1804F1DD07B681B681D4A934298
:10E4000018D07B681B681C4A934213D07B681B683A
:10E410001A4A93420ED07B681B68154A934209D072
:10E420007B681B68164A934204D07B681B68154AB8
:10E4300093420CD1BB6823F08003BB603B689B68B0
:10E44000BA681343BB607B681B68BA689A607B68D4
:10E45000012283F83D207B68002283F83C200023C2
:10E4600018461437BD465DF8047B70470000014034
:10E47000000401400004004000080040000C00407F
:10E48000001800400040014080B483B000AF7860C5
:10E4900000BF0C37BD465DF8047B704780B483B085
:10E4A00000AF786000BF0C37BD465DF8047B704755
:10E4B00080B483B000AF786000BF0C37BD465DF814
:10E4C000047B704780B582B000AF78607B68002B1A
:10E4D00001D1012350E07B68D3F88830002B14D1A0
:10E4E0007B68002283F88420786801F00DFA7B684D
:10E4F000D3F8C430002B03D17B68214AC3F8C42071
:10E500007B68D3F8C430786898477B682422C3F8C6
:10E5100088207B681B681A687B681B6822F00102F0
:10E520001A607B689B6A002B02D0786801F0A6FF16
:10E53000786801F03BFA0346012B01D101231BE06F
:10E540007B681B685A687B681B6822F490425A609B
:10E550007B681B689A687B681B6822F02A029A60B5
:10E560007B681B681A687B681B6842F001021A60AE
:10E57000786802F025F8034618460837BD4680BD86
:10E58000191A000880B487B000AFF8600B467A60B3
:10E59000FB720023FB757B68002B09D1FB68D3F865
:10E5A000903043F04002FB68C3F8902001239CE0C8
:10E5B000FB68D3F88830202B6CD1FB7A0C2B5ED80B
:10E5C00001A252F823F000BFFDE5000807E60008AD
:10E5D00011E600081BE6000825E600082FE6000803
:10E5E00039E6000843E600084DE6000857E6000853
:10E5F00061E600086BE6000875E60008FB687A68CB
:10E60000C3F8942070E0FB687A68C3F898206BE048
:10E61000FB687A68C3F89C2066E0FB687A68C3F8F8
:10E62000A02061E0FB687A68C3F8A4205CE0FB6886
:10E630007A68C3F8A82057E0FB687A68C3F8AC2072
:10E6400052E0FB687A68C3F8B0204DE0FB687A6856
:10E65000C3F8B42048E0FB687A68C3F8B82043E008
:10E66000FB687A68C3F8BC203EE0FB687A68C3F8B0
:10E67000C42039E0FB687A68C3F8C82034E0FB683E
:10E68000D3F8903043F04002FB68C3F89020012398
:10E69000FB7529E0FB68D3F88830002B1AD1FB7A90
:10E6A0000B2B02D00C2B05D009E0FB687A68C3F86D
:10E6B000C42019E0FB687A68C3F8C82014E0FB683E
:10E6C000D3F8903043F04002FB68C3F89020012358
:10E6D000FB7509E0FB68D3F8903043F04002FB681B
:10E6E000C3F890200123FB75FB7D18461C37BD46FF
:10E6F0005DF8047B704700BF80B485B000AF7860E0
:10E7000039600023FB733B68002B09D17B68D3F889
:10E71000903043F040027B68C3F89020012314E05E
:10E720007B68D3F88C30202B04D17B683A68C3F81F
:10E73000C02009E07B68D3F8903043F040027B684A
:10E74000C3F890200123FB73FB7B18461437BD46AA
:10E750005DF8047B7047000080B491B000AFF860B2
:10E76000B9601346FB80FB68D3F88830202B78D142
:10E77000BB68002B02D0FB88002B01D1012371E084
:10E78000FB68BA681A65FB68FA88A3F85420FB682E
:10E79000FA88A3F85620FB6800229A67FB680022DB
:10E7A000C3F89020FB682122C3F88820FB685B6EC9
:10E7B000B3F1005F2AD1FB689B68B3F5805F07D196
:10E7C000FB681B69002B03D1FB68294A9A6702E0AA
:10E7D000FB68284A9A67FB681B680833BB62BB6A00
:10E7E00053E8003F7B627B6A43F40003BB63FB6832
:10E7F0001B680833BA6B7A633B63396B7A6B41E809
:10E800000023FB62FB6A002BE5D128E0FB689B68D4
:10E81000B3F5805F07D1FB681B69002B03D1FB6850
:10E82000154A9A6702E0FB68144A9A67FB681B68FE
:10E830007B617B6953E8003F3B613B6943F08003A8
:10E84000FB63FB681B681A46FB6B3B62FA61F96964
:10E850003A6A41E80023BB61BB69002BE6D1002383
:10E8600000E0022318464437BD465DF8047B70473C
:10E870005512010875110108B3100108FB0F0108BA
:10E8800080B58AB000AFF860B9601346FB80FB68C2
:10E89000D3F88C30202B37D1BB68002B02D0FB88FB
:10E8A000002B01D1012330E0FB680022DA66FB680F
:10E8B0001B68184A93421FD0FB681B685B6803F40F
:10E8C0000003002B18D0FB681B687B617B6953E851
:10E8D000003F3B613B6943F080637B62FB681B68E0
:10E8E0001A467B6A3B62FA61F9693A6A41E8002399
:10E8F000BB61BB69002BE6D1FB881A46B968F86892
:10E9000001F076FF034600E0022318462837BD4693
:10E9100080BD00BF000C005880B58AB000AFF86021
:10E92000B9601346FB80FB68D3F88830202B67D191
:10E93000BB68002B02D0FB88002B01D1012360E0D3
:10E94000FB68BA681A65FB68FA88A3F85420FB686C
:10E95000FA88A3F85620FB680022C3F89020FB68D1
:10E960002122C3F88820FB68DB6F002B28D0FB68CE
:10E97000DB6F264ADA63FB68DB6F254A1A64FB68A3
:10E98000DB6F244ADA64FB68DB6F00221A65FB68E0
:10E99000D86FFB681B6D1946FB681B6828331A4645
:10E9A000FB88F4F72DFA0346002B09D0FB681022F0
:10E9B000C3F89020FB682022C3F88820012320E0C0
:10E9C000FB681B6840221A62FB681B6808337B6186
:10E9D0007B6953E8003F3B613B6943F080037B6206
:10E9E000FB681B6808337A6A3A62FB61F9693A6A24
:10E9F00041E80023BB61BB69002BE5D1002300E0A7
:10EA0000022318462837BD4680BD00BFD10C01083F
:10EA10006B0D0108010F010880B590B000AF786060
:10EA20007B68D3F88830FB637B68D3F88C30BB639A
:10EA30007B681B689B6803F08003802B39D1FB6BDC
:10EA4000212B36D17B681B6808333B623B6A53E855
:10EA5000003FFB61FB6923F080037B637B681B68DD
:10EA600008337A6BFA62BB62B96AFA6A41E800233A
:10EA70007B627B6A002BE5D17B68DB6F002B15D0B6
:10EA80007B68DB6F1846F4F725FC0346002B0DD09E
:10EA90007B68DB6F1846F6F713F90346202B05D188
:10EAA0007B681022C3F89020032347E0786802F0C7
:10EAB00067F87B681B689B6803F04003402B3CD1E0
:10EAC000BB6B222B39D17B681B680833FB60FB686A
:10EAD00053E8003FBB60BB6823F040033B637B68A7
:10EAE0001B6808333A6BBA617B617969BA6941E89E
:10EAF00000233B613B69002BE5D17B68D3F8803074
:10EB0000002B17D07B68D3F880301846F4F7E2FB6F
:10EB10000346002B0ED07B68D3F880301846F6F7FA
:10EB2000CFF80346202B05D17B681022C3F8902034
:10EB3000032303E0786802F065F8002318464037A5
:10EB4000BD4680BD80B5A0B000AF78607B681B6813
:10EB5000FB65FB6D53E8003FBB65BB6D23F4F073B1
:10EB6000FB677B681B681A46FB6FBB667A66796E2B
:10EB7000BA6E41E800233B663B6E002BE6D17B6812
:10EB80001B680833BB64BB6C53E8003F7B647A6C42
:10EB9000724B1340BB677B681B680833BA6F7A659A
:10EBA0003B65396D7A6D41E80023FB64FB6C002BFB
:10EBB000E5D17B68DB6E012B18D17B681B687B631A
:10EBC0007B6B53E8003F3B633B6B23F010037B6799
:10EBD0007B681B681A467B6F3B64FA63F96B3A6C7F
:10EBE00041E80023BB63BB6B002BE6D17B681B684D
:10EBF0009B6803F08003802B37D17B681B68083348
:10EC00003B623B6A53E8003FFB61FB6923F08003F2
:10EC10003B677B681B6808333A6FFA62BB62B96A6C
:10EC2000FA6A41E800237B627B6A002BE5D17B68AE
:10EC3000DB6F002B19D07B68DB6F00221A657B68C5
:10EC4000DB6F1846F4F746FB0346002B0DD07B68BC
:10EC5000DB6F1846F6F734F80346202B05D17B68A6
:10EC60001022C3F89020032373E07B681B689B6825
:10EC700003F04003402B3BD17B681B680833FB60EB
:10EC8000FB6853E8003FBB60BB6823F04003FB66B2
:10EC90007B681B680833FA6EBA617B617969BA696F
:10ECA00041E800233B613B69002BE5D17B68D3F849
:10ECB0008030002B1CD07B68D3F8803000221A658E
:10ECC0007B68D3F880301846F4F704FB0346002B2A
:10ECD0000ED07B68D3F880301846F5F7F1FF034675
:10ECE000202B05D17B681022C3F89020032330E04D
:10ECF0007B680022A3F856207B680022A3F85E20E0
:10ED00007B681B680F221A627B685B6EB3F1005F41
:10ED100007D17B681B689A697B681B6842F0100208
:10ED20009A617B681B689A697B681B6842F00802DD
:10ED30009A617B682022C3F888207B682022C3F870
:10ED40008C207B680022DA667B680022C3F8902062
:10ED5000002318468037BD4680BD00BFFEFF7FEF11
:10ED600080B59AB000AF78607B681B68BB64BB6CF1
:10ED700053E8003F7B647B6C23F490737B667B6875
:10ED80001B681A467B6E7B653A65396D7A6D41E882
:10ED90000023FB64FB6C002BE6D17B681B68083307
:10EDA0007B637B6B53E8003F3B633A6B534B1340F1
:10EDB0003B667B681B6808333A6E3A64FB63F96B09
:10EDC0003A6C41E80023BB63BB6B002BE5D17B6849
:10EDD000DB6E012B18D17B681B683B623B6A53E8F2
:10EDE000003FFB61FB6923F01003FB657B681B6838
:10EDF0001A46FB6DFB62BA62B96AFA6A41E80023FF
:10EE00007B627B6A002BE6D17B681B689B6803F002
:10EE10004003402B56D17B681B680833FB60FB68BE
:10EE200053E8003FBB60BB6823F04003BB657B68D1
:10EE30001B680833BA6DBA617B617969BA6941E8C8
:10EE400000233B613B69002BE5D17B68D3F8803020
:10EE5000002B17D07B68D3F88030294A1A657B686D
:10EE6000D3F880301846F4F753FD0346002B40D00A
:10EE70007B68D3F880301B6D7A68D2F8802010460A
:10EE8000984736E07B680022A3F85E207B6800226A
:10EE90009A657B681B680F221A627B681B689A69F7
:10EEA0007B681B6842F008029A617B682022C3F8E5
:10EEB0008C207B680022DA667B68D3F8B0307868F3
:10EEC000984716E07B680022A3F85E207B6800224A
:10EED0009A657B681B680F221A627B682022C3F840
:10EEE0008C207B680022DA667B68D3F8B0307868C3
:10EEF0009847002318466837BD4680BDFEFFFFEFE8
:10EF0000AD0F010880B5BAB000AF78607B681B68B0
:10EF1000DB69C7F8E4307B681B681B68C7F8E03022
:10EF20007B681B689B68C7F8DC30D7F8E42040F6A4
:10EF30000F031340C7F8D830D7F8D830002B1BD1B7
:10EF4000D7F8E43003F02003002B15D0D7F8E030D9
:10EF500003F02003002B05D1D7F8DC3003F08053F9
:10EF6000002B09D07B685B6F002B00F0A5837B68CA
:10EF70005B6F786898479FE3D7F8D830002B00F094
:10EF80002981D7F8DC20904B1340002B06D1D7F80D
:10EF9000E0208E4B1340002B00F01C81D7F8E430AA
:10EFA00003F00103002B11D0D7F8E03003F4807395
:10EFB000002B0BD07B681B6801221A627B68D3F898
:10EFC000903043F001027B68C3F89020D7F8E4301A
:10EFD00003F00203002B11D0D7F8DC3003F001035B
:10EFE000002B0BD07B681B6802221A627B68D3F867
:10EFF000903043F004027B68C3F89020D7F8E430E7
:10F0000003F00403002B11D0D7F8DC3003F0010328
:10F01000002B0BD07B681B6804221A627B68D3F834
:10F02000903043F002027B68C3F89020D7F8E430B8
:10F0300003F00803002B17D0D7F8E03003F02003CB
:10F04000002B05D1D7F8DC205F4B1340002B0BD0F1
:10F050007B681B6808221A627B68D3F8903043F003
:10F0600008027B68C3F89020D7F8E43003F400630B
:10F07000002B12D0D7F8E03003F08063002B0CD0C7
:10F080007B681B684FF400621A627B68D3F890308B
:10F0900043F020027B68C3F890207B68D3F890305F
:10F0A000002B00F00B83D7F8E43003F02003002B93
:10F0B00013D0D7F8E03003F02003002B05D1D7F8A8
:10F0C000DC3003F08053002B07D07B685B6F002B94
:10F0D00003D07B685B6F786898477B68D3F8903083
:10F0E000C7F8D4307B681B689B6803F04003402B53
:10F0F00005D0D7F8D43003F02803002B58D0786817
:10F1000001F080FD7B681B689B6803F04003402B87
:10F1100048D17B681B680833C7F89C30D7F89C300F
:10F1200053E8003FC7F89830D7F8983023F04003F1
:10F13000C7F8D0307B681B680833D7F8D020C7F8F1
:10F14000A820C7F8A430D7F8A410D7F8A82041E821
:10F150000023C7F8A030D7F8A030002BD9D17B68A6
:10F16000D3F88030002B17D07B68D3F88030184A52
:10F170001A657B68D3F880301846F4F7C9FB03465C
:10F18000002B1FD07B68D3F880301B6D7A68D2F8D3
:10F1900080201046984715E07B68D3F8A430786843
:10F1A00098470FE07B68D3F8A4307868984709E067
:10F1B0007B68D3F8A430786898477B680022C3F84E
:10F1C00090207BE200BF79E20100001020010004E2
:10F1D000850F01087B68DB6E012B40F00982D7F8B0
:10F1E000E43003F01003002B00F00282D7F8E03087
:10F1F00003F01003002B00F0FB817B681B681022DA
:10F200001A627B681B689B6803F04003402B40F048
:10F2100071817B68D3F880301B68A64A934268D01E
:10F220007B68D3F880301B68A34A934261D07B6827
:10F23000D3F880301B68A14A93425AD07B68D3F838
:10F2400080301B689E4A934253D07B68D3F880304D
:10F250001B689C4A93424CD07B68D3F880301B6873
:10F26000994A934245D07B68D3F880301B68974A0F
:10F2700093423ED07B68D3F880301B68944A934217
:10F2800037D07B68D3F880301B68924A934230D0E5
:10F290007B68D3F880301B688F4A934229D07B6803
:10F2A000D3F880301B688D4A934222D07B68D3F814
:10F2B00080301B688A4A93421BD07B68D3F8803029
:10F2C0001B68884A934214D07B68D3F880301B684F
:10F2D000854A93420DD07B68D3F880301B68834AFF
:10F2E000934206D07B68D3F880301B68804A9342F3
:10F2F00006D17B68D3F880301B685B689BB205E061
:10F300007B68D3F880301B685B689BB2A7F8BE307F
:10F31000B7F8BE30002B00F0AF807B68B3F85C30EC
:10F32000B7F8BE209A4280F0A7807B68B7F8BE206D
:10F33000A3F85E207B68D3F88030DB69B3F5807F6B
:10F3400000F087807B681B68C7F88830D7F8883062
:10F3500053E8003FC7F88430D7F8843023F4807333
:10F36000C7F8B8307B681B681A46D7F8B830C7F8BA
:10F370009430C7F89020D7F89010D7F8942041E83F
:10F380000023C7F88C30D7F88C30002BDAD17B689B
:10F390001B6808337B677B6F53E8003F3B673B6F1D
:10F3A00023F00103C7F8B4307B681B680833D7F833
:10F3B000B420C7F88020FB67F96FD7F8802041E8B8
:10F3C0000023BB67BB6F002BE1D17B681B68083350
:10F3D0003B663B6E53E8003FFB65FB6D23F040034B
:10F3E000C7F8B0307B681B680833D7F8B020FA66DE
:10F3F000BB66B96EFA6E41E800237B667B6E002B1C
:10F40000E3D17B682022C3F88C207B680022DA6677
:10F410007B681B68FB64FB6C53E8003FBB64BB6C00
:10F4200023F01003C7F8AC307B681B681A46D7F886
:10F43000AC30BB657A65796DBA6D41E800233B65F8
:10F440003B6D002BE4D17B68D3F880301846F3F78E
:10F4500041FF7B6802221A677B68D3F8C0307A6864
:10F46000B2F85C107A68B2F85E2092B28A1A92B250
:10F4700011467868984723E17B68B3F85C30B7F8A9
:10F48000BE209A4240F01C817B68D3F88030DB6953
:10F49000B3F5807F40F014817B6802221A677B6895
:10F4A000D3F8C0307A68B2F85C2011467868984783
:10F4B00006E100BF10000240280002404000024068
:10F4C000580002407000024088000240A000024044
:10F4D000B8000240100402402804024040040240E8
:10F4E000580402407004024088040240A004024014
:10F4F000B80402407B68B3F85C207B68B3F85E30E8
:10F500009BB2D31AA7F8CE307B68B3F85E309BB2BB
:10F51000002B00F0D780B7F8CE30002B00F0D2805F
:10F520007B681B68BB63BB6B53E8003F7B637B6BF3
:10F5300023F49073C7F8C8307B681B681A46D7F865
:10F54000C8307B643A64396C7A6C41E80023FB6311
:10F55000FB6B002BE4D17B681B6808337B627B6A02
:10F5600053E8003F3B623A6A594B1340C7F8C43036
:10F570007B681B680833D7F8C4203A63FB62F96ADA
:10F580003A6B41E80023BB62BB6A002BE3D17B6886
:10F590002022C3F88C207B680022DA667B68002278
:10F5A0005A677B681B683B613B6953E8003FFB601F
:10F5B000FB6823F01003C7F8C0307B681B681A464D
:10F5C000D7F8C030FB61BA61B969FA6941E8002334
:10F5D0007B617B69002BE4D17B6802221A677B6820
:10F5E000D3F8C030B7F8CE2011467868984769E064
:10F5F000D7F8E43003F48013002B10D0D7F8DC30B8
:10F6000003F48003002B0AD07B681B684FF4801240
:10F610001A627B68D3F8B4307868984755E0D7F819
:10F62000E43003F08003002B14D0D7F8E03003F06F
:10F630008003002B05D1D7F8DC3003F40003002B46
:10F6400008D07B689B6F002B3ED07B689B6F7868EF
:10F65000984739E0D7F8E43003F04003002B09D095
:10F66000D7F8E03003F04003002B03D0786801F0B6
:10F6700066FE2AE0D7F8E43003F40003002B0BD039
:10F68000D7F8E03003F08043002B05D07B68D3F837
:10F69000BC307868984718E0D7F8E43003F08073FE
:10F6A000002B12D0D7F8E030002B0EDA7B68D3F8AD
:10F6B000B8307868984708E000BF06E000BF04E073
:10F6C00000BF02E000BF00E000BFE837BD4680BDDC
:10F6D000FEFFFFEF80B483B000AF786000BF0C374F
:10F6E000BD465DF8047B704780B483B000AF78609E
:10F6F00000BF0C37BD465DF8047B704780B483B013
:10F7000000AF786000BF0C37BD465DF8047B7047E2
:10F7100080B483B000AF786000BF0C37BD465DF8A1
:10F72000047B704780B483B000AF786000BF0C37B3
:10F73000BD465DF8047B704780B483B000AF78604D
:10F7400000BF0C37BD465DF8047B704780B483B0C2
:10F7500000AF786000BF0C37BD465DF8047B704792
:10F7600080B483B000AF786000BF0C37BD465DF851
:10F77000047B704780B483B000AF78600B467B8019
:10F7800000BF0C37BD465DF8047B704780B48FB076
:10F7900000AF78607B6893F88430012B01D102239D
:10F7A00042E07B68012283F884207B682422C3F82E
:10F7B00088207B681B683B623B6A53E8003FFB6123
:10F7C000FB6923F00C037B637B681B681A467B6B29
:10F7D000FB62BA62B96AFA6A41E800237B627B6A1B
:10F7E000002BE6D17B681B68FB60FB6853E8003F99
:10F7F000BB60BB6843F008033B637B681B681A4629
:10F800003B6BBB617A617969BA6941E800233B616E
:10F810003B69002BE6D17B682022C3F888207B68F7
:10F82000002283F88420002318463C37BD465DF84B
:10F83000047B704780B48FB000AF78607B6893F82A
:10F840008430012B01D1022342E07B68012283F83E
:10F8500084207B682422C3F888207B681B683B6275
:10F860003B6A53E8003FFB61FB6923F00C037B63B9
:10F870007B681B681A467B6BFB62BA62B96AFA6ADC
:10F8800041E800237B627B6A002BE6D17B681B6822
:10F89000FB60FB6853E8003FBB60BB6843F00403B8
:10F8A0003B637B681B681A463B6BBB617A61796975
:10F8B000BA6941E800233B613B69002BE6D17B68D4
:10F8C0002022C3F888207B68002283F8842000234C
:10F8D00018463C37BD465DF8047B704780B485B060
:10F8E00000AF78607B68D3F88830FB607B68D3F822
:10F8F0008C30BB60FA68BB68134318461437BD46AA
:10F900005DF8047B7047000080B483B000AF78607E
:10F910007B681A4AC3F894207B68194AC3F8982078
:10F920007B68184AC3F89C207B68174AC3F8A0205C
:10F930007B68164AC3F8A4207B68154AC3F8A82040
:10F940007B68144AC3F8AC207B68134AC3F8B02024
:10F950007B68124AC3F8B4207B68114AC3F8B82008
:10F960007B68104AC3F8BC207B680F4AC3F8C020EC
:10F9700000BF0C37BD465DF8047B7047E9F6000810
:10F98000D5F6000811F70008FDF6000825F7000875
:10F9900039F700084DF7000861F70008011E01085B
:10F9A000151E0108291E010875F700082DE9B04F42
:10F9B00092B000AF7861002387F842307B699A6883
:10F9C0007B691B691A437B695B691A437B69DB6945
:10F9D00013437B647B691B681A68BE4B13407A69CA
:10F9E0001268796C0B4313607B691B685B6823F4B6
:10F9F00040517B69DA687B691B680A435A607B69FE
:10FA00009B697B647B691B68B34A934204D07B6922
:10FA10001B6A7A6C13437B647B691B689A68AF4BE3
:10FA200013407A691268796C0B4393607B691B6899
:10FA3000DB6A23F00F017B695A6A7B691B680A4302
:10FA4000DA627B691B68A64A934277D1A54B5B6D4E
:10FA500003F03803282B6DD801A252F823F000BF21
:10FA600005FB000835FB000835FB000835FB0008E6
:10FA700035FB000835FB000835FB000835FB0008A6
:10FA80000DFB000835FB000835FB000835FB0008BE
:10FA900035FB000835FB000835FB000835FB000886
:10FAA00015FB000835FB000835FB000835FB000896
:10FAB00035FB000835FB000835FB000835FB000866
:10FAC0001DFB000835FB000835FB000835FB00086E
:10FAD00035FB000835FB000835FB000835FB000846
:10FAE00025FB000835FB000835FB000835FB000846
:10FAF00035FB000835FB000835FB000835FB000826
:10FB00002DFB0008012387F8433022E2042387F805
:10FB100043301EE2082387F843301AE2102387F8A7
:10FB2000433016E2202387F8433012E2402387F85F
:10FB300043300EE2802387F843300AE27B691B687A
:10FB4000694A934230D1674B5B6D03F00703052B85
:10FB500026D801A252F823F071FB000879FB0008B7
:10FB600081FB000889FB000891FB000899FB000855
:10FB7000002387F84330ECE1042387F84330E8E1C1
:10FB8000082387F84330E4E1102387F84330E0E1AD
:10FB9000202387F84330DCE1402387F84330D8E165
:10FBA000802387F84330D4E17B691B684F4A934236
:10FBB00030D14C4B5B6D03F00703052B26D801A217
:10FBC00052F823F0DDFB0008E5FB0008EDFB000820
:10FBD000F5FB0008FDFB000805FC0008002387F882
:10FBE0004330B6E1042387F84330B2E1082387F8B5
:10FBF0004330AEE1102387F84330AAE1202387F891
:10FC00004330A6E1402387F84330A2E1802387F800
:10FC100043309EE17B691B68354A934230D1314BBA
:10FC20005B6D03F00703052B26D801A252F823F0E1
:10FC300049FC000851FC000859FC000861FC000860
:10FC400069FC000871FC0008002387F8433080E15C
:10FC5000042387F843307CE1082387F8433078E1B8
:10FC6000102387F8433074E1202387F8433070E194
:10FC7000402387F843306CE1802387F8433068E104
:10FC80007B691B681B4A934242D1164B5B6D03F0A4
:10FC90000703052B38D801A252F823F0B5FC000861
:10FCA000BDFC0008C5FC0008CDFC0008F9FC0008FC
:10FCB00001FD0008002387F843304AE1042387F858
:10FCC000433046E1082387F8433042E1102387F8A8
:10FCD00043303EE1F369FFCF000C0058FFF4FF1101
:10FCE0000010014000440258004400400048004019
:10FCF000004C004000500040202387F8433028E1AA
:10FD0000402387F8433024E1802387F8433020E103
:10FD10007B691B68CB4A934276D1CB4B5B6D03F07A
:10FD20003803282B6CD801A252F823F0D1FD00082B
:10FD300001FE000801FE000801FE000801FE0008A7
:10FD400001FE000801FE000801FE0008D9FD0008C0
:10FD500001FE000801FE000801FE000801FE000887
:10FD600001FE000801FE000801FE0008E1FD000898
:10FD700001FE000801FE000801FE000801FE000867
:10FD800001FE000801FE000801FE0008E9FD000870
:10FD900001FE000801FE000801FE000801FE000847
:10FDA00001FE000801FE000801FE0008F1FD000848
:10FDB00001FE000801FE000801FE000801FE000827
:10FDC00001FE000801FE000801FE0008F9FD000820
:10FDD000012387F84330BCE0042387F84330B8E0C0
:10FDE000082387F84330B4E0102387F84330B0E0AD
:10FDF000202387F84330ACE0402387F84330A8E065
:10FE0000802387F84330A4E07B691B688F4A9342C4
:10FE100030D18D4B5B6D03F00703052B26D801A273
:10FE200052F823F03DFE000845FE00084DFE000894
:10FE300055FE00085DFE000865FE0008002387F8F7
:10FE4000433086E0042387F8433082E0082387F8B4
:10FE500043307EE0102387F843307AE0202387F890
:10FE6000433076E0402387F8433072E0802387F800
:10FE700043306EE07B691B68754A934230D1724B08
:10FE80005B6D03F00703052B26D801A252F823F07F
:10FE9000A9FE0008B1FE0008B9FE0008C1FE000876
:10FEA000C9FE0008D1FE0008002387F8433050E067
:10FEB000042387F843304CE0082387F8433048E0B8
:10FEC000102387F8433044E0202387F8433040E094
:10FED000402387F843303CE0802387F8433038E004
:10FEE0007B691B685B4A934230D1574B9B6D03F093
:10FEF0000703052B26D801A252F823F015FF0008AE
:10FF00001DFF000825FF00082DFF000835FF000831
:10FF10003DFF0008022387F843301AE0042387F8E6
:10FF2000433016E0082387F8433012E0102387F8A7
:10FF300043300EE0202387F843300AE0402387F85F
:10FF4000433006E0802387F8433002E0802387F8BF
:10FF500043307B691B683F4A934240F0F88097F832
:10FF60004330202B46DC022BC0F28280023B1E2B4A
:10FF70007ED801A252F823F0FBFF000871000108AF
:10FF800003000108710001087100010871000108F7
:10FF900013000108710001087100010871000108D7
:10FFA0007100010871000108710001087100010869
:10FFB00023000108710001087100010871000108A7
:10FFC0007100010871000108710001087100010849
:10FFD0007100010871000108710001087100010839
:10FFE0007100010871000108710001087100010829
:10FFF00063000108402B37D03AE0FBF7BFFAF86303
:020000040801F1
:100000003CE007F124031846FBF7CEFABB6AFB631A
:1000100034E007F118031846FBF71AFCFB69FB6391
:100020002CE0094B1B6803F02003002B16D0064B75
:100030001B68DB0803F00303074A22FA03F3FB63A0
:100040001CE000BF0014014000440258007800404A
:10005000007C0040000C00580090D0039D4BFB63D7
:100060000CE09D4BFB6309E04FF40043FB6305E0AC
:100070000023FB63012387F8423000BFFB6B002B9A
:1000800000F0DE817B695B6A944A32F813301A46CD
:10009000FB6BB3FBF2F33B637B695A6813465B006F
:1000A00013443A6B9A4205D37B695B681B033A6B36
:1000B0009A4203D9012387F84230C1E1FB6B002249
:1000C000BB60FA607B695B6A844A32F813309BB28A
:1000D00000223B607A60D7E90023D7E90201F0F7FC
:1000E00013FB02460B46104619464FF000024FF034
:1000F00000030B0243EA1063020279694968490868
:1001000000200C46054612EB040843EB05097B6909
:100110005B6800229A46934652465B4640464946F3
:10012000F0F7F2FA02460B461346BB63BB6BB3F51E
:10013000407F08D3BB6BB3F5801F04D27B691B687B
:10014000BA6BDA607CE1012387F8423078E17B69A1
:10015000DB69B3F5004F40F0C58097F84330202BA2
:1001600048DC002B7BDB202B79D801A252F823F04E
:10017000FB010108030201085F0201085F02010898
:100180000B0201085F0201085F0201085F0201081B
:100190001B0201085F0201085F0201085F020108FB
:1001A0005F0201085F0201085F0201085F020108A7
:1001B0002B0201085F0201085F0201085F020108CB
:1001C0005F0201085F0201085F0201085F02010887
:1001D0005F0201085F0201085F0201085F02010877
:1001E0005F0201085F0201085F0201085F02010867
:1001F00051020108402B2ED031E0F9F747FFF86398
:1002000033E0F9F759FFF8632FE007F124031846AC
:10021000FBF7CAF9BB6AFB6327E007F1180318462E
:10022000FBF716FBFB69FB631FE02D4B1B6803F01C
:100230002003002B09D02A4B1B68DB0803F00303C3
:10024000244A22FA03F3FB630FE0224BFB630CE02A
:10025000214BFB6309E04FF40043FB6305E00023FF
:10026000FB63012387F8423000BFFB6B002B00F0DB
:10027000E7807B695B6A194A32F813301A46FB6BD8
:10028000B3FBF2F35A007B695B685B081A447B6935
:100290005B68B2FBF3F3BB63BB6B0F2B16D9BB6B75
:1002A000B3F5803F12D2BB6B9BB223F00F03FB86EA
:1002B000BB6B5B089BB203F007039AB2FB8E134340
:1002C000FB867B691B68FA8EDA60B9E0012387F848
:1002D0004230B5E00090D00300093D00D4E00308AF
:1002E0000044025897F84330202B49DC002B7CDB7C
:1002F000202B7AD801A252F823F000BF870301080F
:100300008F030108EB030108EB03010897030108C1
:10031000EB030108EB030108EB030108A703010845
:10032000EB030108EB030108EB030108EB030108F1
:10033000EB030108EB030108EB030108B703010815
:10034000EB030108EB030108EB030108EB030108D1
:10035000EB030108EB030108EB030108EB030108C1
:10036000EB030108EB030108EB030108EB030108B1
:10037000EB030108EB030108EB030108DD030108AF
:10038000402B2ED031E0F9F781FEF86333E0F9F726
:1003900093FEF8632FE007F124031846FBF704F9F6
:1003A000BB6AFB6327E007F118031846FBF750FA16
:1003B000FB69FB631FE02D4B1B6803F02003002B40
:1003C00009D02A4B1B68DB0803F00303284A22FAF2
:1003D00003F3FB630FE0264BFB630CE0254BFB6351
:1003E00009E04FF40043FB6305E00023FB630123B6
:1003F00087F8423000BFFB6B002B21D07B695B6A22
:100400001D4A32F813301A46FB6BB3FBF2F27B69DC
:100410005B685B081A447B695B68B2FBF3F3BB6300
:10042000BB6B0F2B09D9BB6BB3F5803F05D2BB6B00
:100430009AB27B691B68DA6002E0012387F84230D8
:100440007B690122A3F86A207B690122A3F8682056
:100450007B6900225A677B6900229A6797F84230CD
:1004600018464837BD46BDE8B08F00BF004402586B
:100470000090D00300093D00D4E0030880B483B0AD
:1004800000AF78607B689B6A03F00803002B0AD0FA
:100490007B681B685B6823F400417B689A6B7B6810
:1004A0001B680A435A607B689B6A03F00103002BB8
:1004B0000AD07B681B685B6823F400317B68DA6ACA
:1004C0007B681B680A435A607B689B6A03F00203DF
:1004D000002B0AD07B681B685B6823F480317B6843
:1004E0001A6B7B681B680A435A607B689B6A03F03F
:1004F0000403002B0AD07B681B685B6823F480210F
:100500007B685A6B7B681B680A435A607B689B6AEE
:1005100003F01003002B0AD07B681B689B6823F450
:1005200080517B68DA6B7B681B680A439A607B6842
:100530009B6A03F02003002B0AD07B681B689B6832
:1005400023F400517B681A6C7B681B680A439A602D
:100550007B689B6A03F04003002B1AD07B681B6802
:100560005B6823F480117B685A6C7B681B680A43C4
:100570005A607B685B6CB3F5801F0AD17B681B688F
:100580005B6823F4C0017B689A6C7B681B680A4334
:100590005A607B689B6A03F08003002B0AD07B685B
:1005A0001B685B6823F400217B68DA6C7B681B683E
:1005B0000A435A6000BF0C37BD465DF8047B7047A4
:1005C00080B598B002AF78607B680022C3F89020B5
:1005D000F1F788FF78657B681B681B6803F00803E8
:1005E000082B2FD16FF07E4300937B6D00224FF4D8
:1005F0000011786800F08EF80346002B22D07B684B
:100600001B68BB63BB6B53E8003F7B637B6B23F0D2
:1006100080033B657B681B681A463B6D7B643A64CC
:10062000396C7A6C41E80023FB63FB6B002BE6D14D
:100630007B682022C3F888207B68002283F884200E
:10064000032363E07B681B681B6803F00403042B2F
:1006500049D16FF07E4300937B6D00224FF48001FF
:10066000786800F057F80346002B3CD07B681B6885
:100670007B627B6A53E8003F3B623B6A23F49073E2
:10068000FB647B681B681A46FB6C3B63FA62F96A81
:100690003A6B41E80023BB62BB6A002BE6D17B6862
:1006A0001B6808333B613B6953E8003FFB60FB6814
:1006B00023F00103BB647B681B680833BA6CFA61E2
:1006C000BB61B969FA6941E800237B617B69002B52
:1006D000E5D17B682022C3F88C207B68002283F858
:1006E0008420032312E07B682022C3F888207B68E3
:1006F0002022C3F88C207B680022DA667B68002207
:100700001A677B68002283F8842000231846583734
:10071000BD4680BD80B584B000AFF860B9603B6075
:100720001346FB714FE0BB69B3F1FF3F4BD0F1F7CC
:10073000D9FE02463B68D31ABA699A4202D3BB6912
:10074000002B01D103234EE0FB681B681B6803F0FC
:100750000403002B37D0BB68802B34D0BB68402B00
:1007600031D0FB681B68DB6903F00803082B10D14C
:10077000FB681B6808221A62F86800F043FAFB68FD
:100780000822C3F89020FB68002283F8842001230C
:1007900029E0FB681B68DB6903F40063B3F5006FB5
:1007A00011D1FB681B684FF400621A62F86800F010
:1007B00029FAFB682022C3F89020FB68002283F806
:1007C000842003230FE0FB681B68DA69BB681340D1
:1007D000BA689A420CBF01230023DBB21A46FB79A8
:1007E0009A42A0D0002318461037BD4680BD0000B5
:1007F00080B4A3B000AFF860B9601346FB80FB681B
:10080000BA689A65FB68FA88A3F85C20FB68FA88E6
:10081000A3F85E20FB6800225A67FB689B68B3F56B
:10082000805F0ED1FB681B69002B05D1FB6840F28D
:10083000FF12A3F860202DE0FB68FF22A3F86020E0
:1008400028E0FB689B68002B0DD1FB681B69002B1F
:1008500004D1FB68FF22A3F860201BE0FB687F2225
:10086000A3F8602016E0FB689B68B3F1805F0DD1B0
:10087000FB681B69002B04D1FB687F22A3F8602072
:1008800008E0FB683F22A3F8602003E0FB68002239
:10089000A3F86020FB680022C3F89020FB682222A6
:1008A000C3F88C20FB681B6808337B667B6E53E8BB
:1008B000003F3B663B6E43F00103C7F88430FB68A2
:1008C0001B680833D7F884203A67FB66F96E3A6FE5
:1008D00041E80023BB66BB6E002BE3D1FB685B6E77
:1008E000B3F1005F4FD1FB68B3F86830FA889A42E1
:1008F00049D3FB689B68B3F5805F07D1FB681B6930
:10090000002B03D1FB68474A5A6702E0FB68464A5E
:100910005A67FB681B69002B1AD0FB681B683B6594
:100920003B6D53E8003FFB64FB6C43F48073C7F8F6
:100930008030FB681B681A46D7F88030FB65BA65C3
:10094000B96DFA6D41E800237B657B6D002BE4D126
:10095000FB681B680833FB63FB6B53E8003FBB631A
:10096000BB6B43F08053FB67FB681B680833FA6F6F
:10097000BA647B64796CBA6C41E800233B643B6CDD
:10098000002BE5D146E0FB689B68B3F5805F07D19B
:10099000FB681B69002B03D1FB68244A5A6702E0FD
:1009A000FB68234A5A67FB681B69002B19D0FB6858
:1009B0001B68BB62BB6A53E8003F7B627B6A43F4FF
:1009C00090737B67FB681B681A467B6F7B633A6397
:1009D000396B7A6B41E80023FB62FB6A002BE6D19E
:1009E00018E0FB681B687B617B6953E8003F3B6153
:1009F0003B6943F02003BB67FB681B681A46BB6F6B
:100A00003B62FA61F9693A6A41E80023BB61BB695C
:100A1000002BE6D1002318468C37BD465DF8047BD9
:100A2000704700BF891A01081917010859150108F4
:100A30009913010880B596B000AFF860B96013460D
:100A4000FB80FB68BA689A65FB68FA88A3F85C20AB
:100A5000FB680022C3F89020FB682222C3F88C2098
:100A6000FB68D3F88030002B2DD0FB68D3F88030A2
:100A7000404ADA63FB68D3F880303F4A1A64FB6867
:100A8000D3F880303D4ADA64FB68D3F88030002226
:100A90001A65FB68D3F88000FB681B68243319468D
:100AA000FB689B6D1A46FB88F2F7AAF90346002BF8
:100AB00009D0FB681022C3F89020FB682022C3F8FD
:100AC0008C20012351E0FB681B69002B18D0FB68C8
:100AD0001B68FB63FB6B53E8003FBB63BB6B43F4DA
:100AE00080737B65FB681B681A467B6DBB647A6408
:100AF000796CBA6C41E800233B643B6C002BE6D177
:100B0000FB681B680833BB62BB6A53E8003F7B622B
:100B10007B6A43F001033B65FB681B6808333A6D51
:100B20007A633B63396B7A6B41E80023FB62FB6AB3
:100B3000002BE5D1FB681B6808337B617B6953E8B8
:100B4000003F3B613B6943F04003FB64FB681B686B
:100B50000833FA6C3A62FB61F9693A6A41E80023AA
:100B6000BB61BB69002BE5D1002318465837BD4651
:100B700080BD00BF8B0D0108BB0E0108010F0108ED
:100B800080B48FB000AF78607B681B683B623B6AC3
:100B900053E8003FFB61FB6923F0C0037B637B6884
:100BA0001B681A467B6BFB62BA62B96AFA6A41E853
:100BB00000237B627B6A002BE6D17B681B680833CD
:100BC000FB60FB6853E8003FBB60BB6823F4000395
:100BD0003B637B681B6808333A6BBA617B61796958
:100BE000BA6941E800233B613B69002BE5D17B6892
:100BF0002022C3F8882000BF3C37BD465DF8047B47
:100C00007047000080B495B000AF78607B681B68C7
:100C10007B637B6B53E8003F3B633B6B23F4907338
:100C2000FB647B681B681A46FB6C3B64FA63F96BD8
:100C30003A6C41E80023BB63BB6B002BE6D17B68B9
:100C40001B6808333B623B6A53E8003FFB61FA696B
:100C50001E4B1340BB647B681B680833BA6CFA6296
:100C6000BB62B96AFA6A41E800237B627B6A002BA7
:100C7000E5D17B68DB6E012B18D17B681B68FB60BC
:100C8000FB6853E8003FBB60BB6823F010037B6444
:100C90007B681B681A467B6CBB617A617969BA69AB
:100CA00041E800233B613B69002BE6D17B682022B1
:100CB000C3F88C207B680022DA667B6800225A67C2
:100CC00000BF5437BD465DF8047B7047FEFFFFEF61
:100CD00080B590B000AF78607B689B6BFB637B68EE
:100CE000DB69B3F5807F37D0FB6B0022A3F8562079
:100CF000FB6B1B6808337B627B6A53E8003F3B62F7
:100D00003B6A23F08003BB63FB6B1B680833BA6B41
:100D10003A63FB62F96A3A6B41E80023BB62BB6A43
:100D2000002BE5D1FB6B1B683B613B6953E8003F3F
:100D3000FB60FB6843F040037B63FB6B1B681A4658
:100D40007B6BFB61BA61B969FA6941E800237B6199
:100D50007B69002BE6D104E0FB6BD3F89830F86B8D
:100D6000984700BF4037BD4680BD80B584B000AF16
:100D700078607B689B6BFB60FB68D3F89430F86805
:100D8000984700BF1037BD4680BD80B59CB000AF0E
:100D900078607B689B6BFB667B68DB69B3F5807F63
:100DA00071D0FB6E0022A3F85E20FB6E1B68FB6413
:100DB000FB6C53E8003FBB64BB6C23F48073BB66E1
:100DC000FB6E1B681A46BB6EBB657A65796DBA6DA2
:100DD00041E800233B653B6D002BE6D1FB6E1B68B1
:100DE0000833BB63BB6B53E8003F7B637B6B23F033
:100DF00001037B66FB6E1B6808337A6E7A643B6482
:100E0000396C7A6C41E80023FB63FB6B002BE5D166
:100E1000FB6E1B6808337B627B6A53E8003F3B62D2
:100E20003B6A23F040033B66FB6E1B6808333A6E57
:100E30003A63FB62F96A3A6B41E80023BB62BB6A22
:100E4000002BE5D1FB6E2022C3F88C20FB6EDB6EFD
:100E5000012B18D1FB6E1B683B613B6953E8003FD7
:100E6000FB60FB6823F01003FB65FB6E1B681A46F2
:100E7000FB6DFB61BA61B969FA6941E800237B61E6
:100E80007B69002BE6D1FB6E00221A67FB6EDB6EDE
:100E9000012B09D1FB6ED3F8C030FA6EB2F85C209A
:100EA0001146F86E984704E0FB6ED3F8A030F86E58
:100EB000984700BF7037BD4680BD80B584B000AF95
:100EC00078607B689B6BFB60FB6801221A67FB689C
:100ED000DB6E012B0BD1FB68D3F8C030FA68B2F897
:100EE0005C20520892B21146F868984704E0FB680B
:100EF000D3F89C30F868984700BF1037BD4680BDD6
:100F000080B586B000AF78607B689B6B7B617B6946
:100F1000D3F888303B617B69D3F88C30FB607B6908
:100F20001B689B6803F08003802B09D13B69212B50
:100F300006D17B690022A3F856207869FFF720FECE
:100F40007B691B689B6803F04003402B09D1FB6859
:100F5000222B06D17B690022A3F85E207869FFF777
:100F600051FE7B69D3F8903043F010027B69C3F8DF
:100F700090207B69D3F8A4307869984700BF183770
:100F8000BD4680BD80B584B000AF78607B689B6B48
:100F9000FB60FB680022A3F85E20FB68D3F8A43056
:100FA000F868984700BF1037BD4680BD80B584B053
:100FB00000AF78607B689B6BFB60FB680022A3F846
:100FC0005E20FB681B680F221A62FB681B689A6927
:100FD000FB681B6842F008029A61FB682022C3F894
:100FE0008C20FB680022DA66FB68D3F8B030F86822
:100FF000984700BF1037BD4680BD80B48FB000AFAA
:1010000078607B68D3F88830212B4CD17B68B3F8AB
:1010100056309BB2002B32D17B681B683B623B6A27
:1010200053E8003FFB61FB6923F080037B637B682F
:101030001B681A467B6BFB62BA62B96AFA6A41E8BE
:1010400000237B627B6A002BE6D17B681B68FB6018
:10105000FB6853E8003FBB60BB6843F040033B6361
:101060007B681B681A463B6BBB617A617969BA6918
:1010700041E800233B613B69002BE6D113E07B682C
:101080001B6D1A787B681B689A627B681B6D5A1C03
:101090007B681A657B68B3F856309BB2013B9AB205
:1010A0007B68A3F8562000BF3C37BD465DF8047B43
:1010B000704780B491B000AF78607B68D3F8883017
:1010C000212B51D17B68B3F856309BB2002B32D123
:1010D0007B681B687B627B6A53E8003F3B623B6A2C
:1010E00023F08003BB637B681B681A46BB6B3B63C2
:1010F000FA62F96A3A6B41E80023BB62BB6A002BD3
:10110000E6D17B681B683B613B6953E8003FFB60AD
:10111000FB6843F040037B637B681B681A467B6B6C
:10112000FB61BA61B969FA6941E800237B617B69B7
:10113000002BE6D118E07B681B6DFB63FB6B1B8803
:101140001A467B681B68C2F308029A627B681B6DB3
:101150009A1C7B681A657B68B3F856309BB2013BDA
:101160009AB27B68A3F8562000BF4437BD465DF8AD
:10117000047B704780B491B000AF78607B68D3F88F
:101180008830212B60D17B68B3F86A30FB8757E049
:101190007B68B3F856309BB2002B33D17B681B6859
:1011A00008337B627B6A53E8003F3B623B6A23F46F
:1011B0000003BB637B681B680833BA6B3A63FB624E
:1011C000F96A3A6B41E80023BB62BB6A002BE5D1A8
:1011D0007B681B683B613B6953E8003FFB60FB6831
:1011E00043F040037B637B681B681A467B6BFB61A3
:1011F000BA61B969FA6941E800237B617B69002B18
:10120000E6D121E07B681B68DB6903F08003002BDB
:1012100013D07B681B6D1A787B681B689A627B68A9
:101220001B6D5A1C7B681A657B68B3F856309BB2FD
:10123000013B9AB27B68A3F85620FB8F013BFB87EA
:10124000FB8F002BA4D1FFE700BF4437BD465DF8FC
:10125000047B704780B491B000AF78607B68D3F8AE
:101260008830212B65D17B68B3F86A30FB875CE05E
:101270007B68B3F856309BB2002B33D17B681B6878
:1012800008333B623B6A53E8003FFB61FB6923F490
:1012900000037B637B681B6808337A6BFA62BB626E
:1012A000B96AFA6A41E800237B627B6A002BE5D1C8
:1012B0007B681B68FB60FB6853E8003FBB60BB6852
:1012C00043F040033B637B681B681A463B6BBB6182
:1012D0007A617969BA6941E800233B613B69002B77
:1012E000E6D126E07B681B68DB6903F08003002BF6
:1012F00018D07B681B6DBB63BB6B1B881A467B6871
:101300001B68C2F308029A627B681B6D9A1C7B689B
:101310001A657B68B3F856309BB2013B9AB27B6882
:10132000A3F85620FB8F013BFB87FB8F002B9FD13F
:10133000FFE700BF4437BD465DF8047B704780B5CA
:1013400088B000AF78607B681B68FB60FB6853E87F
:10135000003FBB60BB6823F04003FB617B681B68F8
:101360001A46FB69BB617A617969BA6941E8002371
:101370003B613B69002BE6D17B682022C3F88820C3
:101380007B6800229A677B68D3F898307868984722
:1013900000BF2037BD4680BD80B59CB000AF7860EF
:1013A0007B68B3F86030A7F86E307B68D3F88C3078
:1013B000222B40F0C2807B681B685B6AA7F86C3008
:1013C000B7F86C30D9B2B7F86E30DAB27B689B6D83
:1013D0000A40D2B21A707B689B6D5A1C7B689A6572
:1013E0007B68B3F85E309BB2013B9AB27B68A3F88E
:1013F0005E207B68B3F85E309BB2002B40F0A58086
:101400007B681B68FB64FB6C53E8003FBB64BB6CF0
:1014100023F49073BB667B681B681A46BB6EBB6582
:101420007A65796DBA6D41E800233B653B6D002B11
:10143000E6D17B681B680833BB63BB6B53E8003F96
:101440007B637B6B23F001037B667B681B6808333F
:101450007A6E7A643B64396C7A6C41E80023FB63F2
:10146000FB6B002BE5D17B682022C3F88C207B68C6
:1014700000225A677B6800221A677B681B68354A1E
:1014800093421FD07B681B685B6803F40003002B4A
:1014900018D07B681B687B627B6A53E8003F3B6225
:1014A0003B6A23F080633B667B681B681A463B6E91
:1014B0003B63FA62F96A3A6B41E80023BB62BB6A9C
:1014C000002BE6D17B68DB6E012B30D17B680022DC
:1014D000DA667B681B683B613B6953E8003FFB6051
:1014E000FB6823F01003FB657B681B681A46FB6DE5
:1014F000FB61BA61B969FA6941E800237B617B69E4
:10150000002BE6D17B681B68DB6903F01003102B0E
:1015100003D17B681B6810221A627B68D3F8C03045
:101520007A68B2F85C201146786898470DE07B68CD
:10153000D3F8A0307868984707E07B681B689A6901
:101540007B681B6842F008029A6100BF7037BD4695
:1015500080BD00BF000C005880B59CB000AF786023
:101560007B68B3F86030A7F86E307B68D3F88C30B6
:10157000222B40F0C2807B681B685B6AA7F86C3046
:101580007B689B6DBB66B7F86C20B7F86E30134074
:101590009AB2BB6E1A807B689B6D9A1C7B689A65B9
:1015A0007B68B3F85E309BB2013B9AB27B68A3F8CC
:1015B0005E207B68B3F85E309BB2002B40F0A580C4
:1015C0007B681B68BB64BB6C53E8003F7B647B6C2F
:1015D00023F490737B667B681B681A467B6E7B6581
:1015E0003A65396D7A6D41E80023FB64FB6C002B92
:1015F000E6D17B681B6808337B637B6B53E8003F55
:101600003B633B6B23F001033B667B681B6808333D
:101610003A6E3A64FB63F96B3A6C41E80023BB63B2
:10162000BB6B002BE5D17B682022C3F88C207B6844
:1016300000225A677B6800221A677B681B68354A5C
:1016400093421FD07B681B685B6803F40003002B88
:1016500018D07B681B683B623B6A53E8003FFB6124
:10166000FB6923F08063FB657B681B681A46FB6D92
:10167000FB62BA62B96AFA6A41E800237B627B6A5C
:10168000002BE6D17B68DB6E012B30D17B6800221A
:10169000DA667B681B68FB60FB6853E8003FBB6051
:1016A000BB6823F01003BB657B681B681A46BB6DE3
:1016B000BB617A617969BA6941E800233B613B69A2
:1016C000002BE6D17B681B68DB6903F01003102B4D
:1016D00003D17B681B6810221A627B68D3F8C03084
:1016E0007A68B2F85C201146786898470DE07B680C
:1016F000D3F8A0307868984707E07B681B689A6940
:101700007B681B6842F008029A6100BF7037BD46D3
:1017100080BD00BF000C005880B5ACB000AF786051
:101720007B68B3F86030A7F8AA307B681B68DB6978
:10173000C7F8AC307B681B681B68C7F8A4307B68AF
:101740001B689B68C7F8A0307B68D3F88C30222BCD
:1017500040F087817B68B3F86830A7F89E302AE1B3
:101760007B681B685B6AA7F89C30B7F89C30D9B2DD
:10177000B7F8AA30DAB27B689B6D0A40D2B21A7011
:101780007B689B6D5A1C7B689A657B68B3F85E30FA
:101790009BB2013B9AB27B68A3F85E207B681B6812
:1017A000DB69C7F8AC30D7F8AC3003F00703002B87
:1017B00055D0D7F8AC3003F00103002B11D0D7F887
:1017C000A43003F48073002B0BD07B681B680122CC
:1017D0001A627B68D3F8903043F001027B68C3F84B
:1017E0009020D7F8AC3003F00203002B11D0D7F8CB
:1017F000A03003F00103002B0BD07B681B68022292
:101800001A627B68D3F8903043F004027B68C3F817
:101810009020D7F8AC3003F00403002B11D0D7F898
:10182000A03003F00103002B0BD07B681B6804225F
:101830001A627B68D3F8903043F002027B68C3F8E9
:1018400090207B68D3F89030002B08D07B68D3F8C9
:10185000A430786898477B680022C3F890207B68A2
:10186000B3F85E309BB2002B40F0A5807B681B680C
:101870003B673B6F53E8003FFB66FB6E23F48073CE
:10188000C7F898307B681B681A46D7F89830FB6712
:10189000BA67B96FFA6F41E800237B677B6F002B53
:1018A000E4D17B681B680833FB65FB6D53E8003FA0
:1018B000BB65BA6D714B1340C7F894307B681B68E9
:1018C0000833D7F89420BA667B66796EBA6E41E821
:1018D00000233B663B6E002BE3D17B682022C3F8DC
:1018E0008C207B6800225A677B6800221A677B681D
:1018F0001B68634A934221D07B681B685B6803F4D2
:101900000003002B1AD07B681B68BB64BB6C53E8D8
:10191000003F7B647B6C23F08063C7F890307B686A
:101920001B681A46D7F890307B653A65396D7A6D39
:1019300041E80023FB64FB6C002BE4D17B68DB6E89
:10194000012B32D17B680022DA667B681B687B63DF
:101950007B6B53E8003F3B633B6B23F01003C7F8FE
:101960008C307B681B681A46D7F88C303B64FA636E
:10197000F96B3A6C41E80023BB63BB6B002BE4D1ED
:101980007B681B68DB6903F01003102B03D17B68B5
:101990001B6810221A627B68D3F8C0307A68B2F8EC
:1019A0005C2011467868984710E07B68D3F8A03037
:1019B000786898470AE0B7F89E30002B06D0D7F831
:1019C000AC3003F02003002B7FF4CAAE7B68B3F881
:1019D0005E30A7F88A30B7F88A30002B49D07B6890
:1019E000B3F86830B7F88A209A4242D27B681B6805
:1019F00008333B623B6A53E8003FFB61FB6923F01D
:101A00008053C7F884307B681B680833D7F884207C
:101A1000FA62BB62B96AFA6A41E800237B627B6AB8
:101A2000002BE3D17B68174A5A677B681B68FB6011
:101A3000FB6853E8003FBB60BB6843F02003C7F876
:101A400080307B681B681A46D7F88030BB617A61AA
:101A50007969BA6941E800233B613B69002BE4D115
:101A600007E07B681B689A697B681B6842F0080284
:101A70009A6100BFB037BD4680BD00BFFEFFFFEFDB
:101A8000000C00589913010880B5AEB000AF786023
:101A90007B68B3F86030A7F8B2307B681B68DB69FD
:101AA000C7F8B4307B681B681B68C7F8AC307B682C
:101AB0001B689B68C7F8A8307B68D3F88C30222B52
:101AC00040F08B817B68B3F86830A7F8A6302EE130
:101AD0007B681B685B6AA7F8A4307B689B6DC7F8BE
:101AE000A030B7F8A420B7F8B23013409AB2D7F8B4
:101AF000A0301A807B689B6D9A1C7B689A657B6816
:101B0000B3F85E309BB2013B9AB27B68A3F85E20CB
:101B10007B681B68DB69C7F8B430D7F8B43003F0D2
:101B20000703002B55D0D7F8B43003F00103002B86
:101B300011D0D7F8AC3003F48073002B0BD07B6846
:101B40001B6801221A627B68D3F8903043F00102CF
:101B50007B68C3F89020D7F8B43003F00203002B61
:101B600011D0D7F8A83003F00103002B0BD07B680D
:101B70001B6802221A627B68D3F8903043F004029B
:101B80007B68C3F89020D7F8B43003F00403002B2F
:101B900011D0D7F8A83003F00103002B0BD07B68DD
:101BA0001B6804221A627B68D3F8903043F002026B
:101BB0007B68C3F890207B68D3F89030002B08D066
:101BC0007B68D3F8A430786898477B680022C3F814
:101BD00090207B68B3F85E309BB2002B40F0A7806A
:101BE0007B681B687B677B6F53E8003F3B673B6FFD
:101BF00023F48073C7F89C307B681B681A46D7F8BB
:101C00009C30C7F88030FA67F96FD7F8802041E838
:101C10000023BB67BB6F002BE2D17B681B680833D6
:101C20003B663B6E53E8003FFB65FA6D714B13401A
:101C3000C7F898307B681B680833D7F89820FA6695
:101C4000BB66B96EFA6E41E800237B667B6E002BA3
:101C5000E3D17B682022C3F88C207B6800225A677E
:101C60007B6800221A677B681B68634A934221D015
:101C70007B681B685B6803F40003002B1AD07B6849
:101C80001B68FB64FB6C53E8003FBB64BB6C23F038
:101C90008063C7F894307B681B681A46D7F8943085
:101CA000BB657A65796DBA6D41E800233B653B6D94
:101CB000002BE4D17B68DB6E012B32D17B680022E4
:101CC000DA667B681B68BB63BB6B53E8003F7B63D2
:101CD0007B6B23F01003C7F890307B681B681A46B3
:101CE000D7F890307B643A64396C7A6C41E8002311
:101CF000FB63FB6B002BE4D17B681B68DB6903F0A3
:101D00001003102B03D17B681B6810221A627B68BA
:101D1000D3F8C0307A68B2F85C20114678689847EA
:101D200010E07B68D3F8A030786898470AE0B7F8ED
:101D3000A630002B06D0D7F8B43003F02003002BD8
:101D40007FF4C6AE7B68B3F85E30A7F88E30B7F884
:101D50008E30002B49D07B68B3F86830B7F88E20FE
:101D60009A4242D27B681B6808337B627B6A53E8E5
:101D7000003F3B623B6A23F08053C7F888307B68A2
:101D80001B680833D7F888203A63FB62F96A3A6B1C
:101D900041E80023BB62BB6A002BE3D17B68174A92
:101DA0005A677B681B683B613B6953E8003FFB60F7
:101DB000FB6843F02003C7F884307B681B681A4631
:101DC000D7F88430FB61BA61B969FA6941E8002348
:101DD0007B617B69002BE4D107E07B681B689A6913
:101DE0007B681B6842F008029A6100BFB837BD46A5
:101DF00080BD00BFFEFFFFEF000C00585915010821
:101E000080B483B000AF786000BF0C37BD465DF88A
:101E1000047B704780B483B000AF786000BF0C379C
:101E2000BD465DF8047B704780B483B000AF786036
:101E300000BF0C37BD465DF8047B704780B485B0A9
:101E400000AF78607B6893F88430012B01D10223C6
:101E500027E07B68012283F884207B682422C3F872
:101E600088207B681B681B68FB607B681B681A689E
:101E70007B681B6822F001021A60FB6823F00053A4
:101E8000FB607B6800225A667B681B68FA681A60F0
:101E90007B682022C3F888207B68002283F8842096
:101EA000002318461437BD465DF8047B704780B5A3
:101EB00084B000AF786039607B6893F88430012B80
:101EC00001D102232DE07B68012283F884207B6806
:101ED0002422C3F888207B681B681B68FB607B6832
:101EE0001B681A687B681B6822F001021A607B6815
:101EF0001B689B6823F060417B681B683A680A4353
:101F00009A60786800F0A4F87B681B68FA681A6029
:101F10007B682022C3F888207B68002283F8842015
:101F2000002318461037BD4680BD80B584B000AF91
:101F3000786039607B6893F88430012B01D10223EB
:101F40002DE07B68012283F884207B682422C3F87B
:101F500088207B681B681B68FB607B681B681A68AD
:101F60007B681B6822F001021A607B681B689B6813
:101F700023F060617B681B683A680A439A6078685E
:101F800000F066F87B681B68FA681A607B6820229C
:101F9000C3F888207B68002283F884200023184639
:101FA0001037BD4680BD80B58CB000AFF860B96019
:101FB0001346FB80FB68D3F88C30202B42D1BB68E2
:101FC000002B02D0FB88002B01D101233BE0FB68F2
:101FD0000122DA66FB6800221A67FB881A46B96894
:101FE000F868FEF727FD034687F82F3097F82F3063
:101FF000002B24D1FB68DB6E012B1DD1FB681B6815
:1020000010221A62FB681B68BB61BB6953E8003F82
:102010007B617B6943F01003BB62FB681B681A4657
:10202000BB6A7B623A62396A7A6A41E80023FB61E3
:10203000FB69002BE6D102E0012387F82F3097F8E7
:102040002F3000E0022318463037BD4680BD000027
:1020500080B485B000AF78607B685B6E002B08D1E0
:102060007B680122A3F86A207B680122A3F868201C
:1020700031E01023FB731023BB737B681B689B68E4
:102080005B0EDBB203F007037B737B681B689B6806
:102090005B0FDBB203F007033B73BB7B3A7B114959
:1020A0008A5C02FB03F33A7B0F498A5C93FBF2F3F1
:1020B0009AB27B68A3F86A20FB7B7A7B09498A5C29
:1020C00002FB03F37A7B08498A5C93FBF2F39AB232
:1020D0007B68A3F8682000BF1437BD465DF8047B19
:1020E000704700BFECE00308F4E0030880B483B05D
:1020F00000AF03463960FB80B7F90630002B0ADBDE
:102100003B68DAB20C49B7F906301201D2B20B447F
:1021100083F800230AE03B68DAB20849FB8803F041
:102120000F03043B1201D2B20B441A7600BF0C37E6
:10213000BD465DF8047B704700E100E000ED00E083
:1021400080B500AF054B1B6802F012FD0346012B62
:1021500001D003F0C1FE00BF80BD00BF10E000E071
:1021600080B500AF00216FF00400FFF7BFFF00BF94
:1021700080BD000080B483B000AFEFF305833B6007
:102180003B68002B03D06FF005037B600CE00A4B2B
:102190001B68002B05D1084B01221A6000237B60CD
:1021A00002E04FF0FF337B607B6818460C37BD467A
:1021B0005DF8047B704700BF240C002480B582B01A
:1021C00000AF02F0D5FC0346002B04D0022B05D152
:1021D00002237B600CE003237B6009E0074B1B6854
:1021E000012B02D101237B6001E000237B6000BF53
:1021F0007B6818460837BD4680BD00BF240C00240C
:1022000080B582B000AFEFF305833B603B68002BE5
:1022100003D06FF005037B6010E00B4B1B68012BB4
:1022200009D1FFF79DFF084B02221A6002F01AF84D
:1022300000237B6002E04FF0FF337B607B68184631
:102240000837BD4680BD00BF240C002480B582B095
:1022500000AFEFF305833B603B68002B03D002F037
:102260002DF9786002E002F019F978607B68184671
:102270000837BD4680BD80B58EB004AFF860B96048
:102280007A6000233B61EFF305837B617B69002B60
:102290007ED1FB68002B7BD080233B621823FB613F
:1022A00000237B624FF0FF33BB617B68002B45D07E
:1022B0007B681B68002B02D07B681B687B627B6895
:1022C0009B69002B02D07B689B69FB61FB69002B3B
:1022D00008D0FB69382B05D87B685B6803F00103E5
:1022E000002B01D0002354E07B685B69002B03D0F6
:1022F0007B685B699B083B627B689B68002B0ED008
:102300007B68DB68A72B0AD97B681B69002B06D08A
:102310007B685B69002B02D00123BB6110E07B6806
:102320009B68002B0CD17B68DB68002B08D17B6895
:102330001B69002B04D10023BB6101E00023BB61BA
:10234000BB69012B10D17B681B697A689268029285
:102350000193FB690093BB683A6A796AF86801F0F7
:1023600099FC03463B6113E0BB69002B10D13B6A2B
:102370009AB207F110030193FB690093BB68796A75
:10238000F86801F0E7FC0346012B01D000233B6114
:102390003B6918462837BD4680BD80B582B000AF86
:1023A00002F0D6FB78607B6818460837BD4680BDD2
:1023B00080B584B000AF7860EFF30583BB60BB6885
:1023C000002B03D06FF00503FB6007E00023FB60E8
:1023D0007B68002B02D0786801F00EFFFB6818467E
:1023E0001037BD4680BD80B586B000AF7860EFF392
:1023F0000583FB60FB68002B03D06FF005037B6156
:1024000019E000237B6102F049F80346BB60BB681A
:102410007A68D31A3B613B69002B09D03B69002BDA
:1024200006DB07F108033969184601F065FE02E092
:102430006FF003037B617B6918461837BD4680BD8A
:1024400080B584B000AF7860786803F05FFBF86017
:10245000FB68002B05D0FB681B68FA6852681046C1
:10246000984700BF1037BD4680BD000080B58CB0D6
:1024700002AFF8607A603B600B46FB7200233B6260
:10248000EFF305833B613B69002B63D1FB68002BB5
:1024900060D0082003F0B2FD78617B69002B59D031
:1024A0007B69FA681A607B697A685A60FB7A002B4C
:1024B00002D10023FB6101E00123FB614FF0FF33F8
:1024C000BB6100237B623B68002B1CD03B681B6810
:1024D000002B02D03B681B687B623B689B68002B2B
:1024E00006D03B68DB682B2B02D90123BB610CE0D3
:1024F0003B689B68002B08D13B68DB68002B04D14C
:102500000023BB6101E00023BB61BB69012B0CD13F
:102510003B689B680193124B00937B69FA69012128
:10252000786A02F066FF38620BE0BB69002B08D1C5
:102530000B4B00937B69FA690121786A02F038FF3E
:1025400038623B6A002B05D17B69002B02D0786989
:1025500003F022FE3B6A18462837BD4680BD00BF07
:102560004124010880B58AB002AFF860B9607A6092
:102570000023FB61EFF305833B613B69002B75D1C1
:10258000FB68002B72D0BA68FB689A426ED84FF095
:10259000FF33BB617B68002B15D07B689B68002BE9
:1025A00006D07B68DB684F2B02D90123BB610CE0AE
:1025B0007B689B68002B08D17B68DB68002B04D10B
:1025C0000023BB6101E00023BB61BB69B3F1FF3FA6
:1025D0004CD0FB68012B28D1BB69012B0AD17B6849
:1025E0009B680322009200220021012000F05EFB84
:1025F000F86105E003220021012000F0D4FBF8611E
:10260000FB69002B22D0BB68002B1FD000230022C7
:102610000021F86900F0C6FC0346012B16D0F869CA
:1026200001F064F90023FB6110E0BB69012B08D1C4
:102630007B689B681A46B968F86800F044FCF8614A
:1026400004E0B968F86800F077FCF861FB69002BDA
:102650000CD07B68002B03D07B681B687B6101E09A
:1026600000237B617969F86901F08CFAFB691846EF
:102670002037BD4680BD000080B586B000AF7860D1
:1026800039607B683B6100237B613B69002B03D190
:102690006FF003037B6139E0EFF30583FB60FB68B8
:1026A000002B22D03B68002B03D06FF003037B612B
:1026B0002CE00023BB6007F108031A4600213869AB
:1026C00001F092F80346012B03D06FF002037B6107
:1026D0001CE0BB68002B19D00F4B4FF080521A60E2
:1026E000BFF34F8FBFF36F8F10E03968386900F088
:1026F0006BFF0346012B09D03B68002B03D06FF022
:1027000001037B6102E06FF002037B617B69184685
:102710001837BD4680BD00BF04ED00E080B586B02F
:1027200000AF78607B683B6100237B613B69002BD5
:1027300003D16FF003037B612CE0EFF30583FB60B3
:10274000FB68002B1AD00023BB6007F10803194671
:10275000386900F0C7FD0346012B03D06FF0020378
:102760007B6117E0BB68002B14D00D4B4FF08052FB
:102770001A60BFF34F8FBFF36F8F0BE0002300226F
:102780000021386900F00EFC0346012B02D06FF0E7
:1027900002037B617B6918461837BD4680BD00BFC8
:1027A00004ED00E080B58AB002AFF860B9607A60ED
:1027B0000023FB61EFF305833B613B69002B5FD195
:1027C000FB68002B5CD0BB68002B59D04FF0FF3367
:1027D000BB617B68002B29D07B689B68002B12D0E3
:1027E0007B68DB684F2B0ED97B681B69002B0AD0F6
:1027F0007B685A69FB68B96801FB03F39A4202D30C
:102800000123BB6114E07B689B68002B10D17B68BF
:10281000DB68002B0CD17B681B69002B08D17B681F
:102820005B69002B04D10023BB6101E00023BB6185
:10283000BB69012B0BD17B681A697B689B680021FF
:102840000091B968F86800F031FAF86108E0BB69F6
:10285000002B05D10022B968F86800F0A4FAF861ED
:10286000FB69002B0CD07B68002B03D07B681B68B6
:102870007B6101E000237B617969F86901F082F9ED
:10288000FB6918462037BD4680BD000080B588B082
:1028900000AFF860B9603B601346FB71FB68BB6139
:1028A0000023FB61EFF305837B617B69002B28D05C
:1028B000BB69002B05D0BB68002B02D03B68002B06
:1028C00003D06FF00303FB6138E000233B6107F1A5
:1028D00010020023B968B86900F066FC0346012BBA
:1028E00003D06FF00203FB6128E03B69002B25D089
:1028F000154B4FF080521A60BFF34F8FBFF36F8FAD
:102900001CE0BB69002B02D0BB68002B03D16FF029
:102910000303FB6112E000233A68B968B86900F06C
:1029200041FB0346012B09D03B68002B03D06FF01D
:102930000103FB6102E06FF00203FB61FB691846D3
:102940002037BD4680BD00BF04ED00E080B588B0F3
:1029500000AFF860B9607A603B60FB68BB61002340
:10296000FB61EFF305837B617B69002B28D0BB699A
:10297000002B05D0BB68002B02D03B68002B03D096
:102980006FF00303FB6137E000233B6107F11003A5
:102990001A46B968B86900F027FF0346012B03D037
:1029A0006FF00203FB6127E03B69002B24D0154B3D
:1029B0004FF080521A60BFF34F8FBFF36F8F1BE051
:1029C000BB69002B02D0BB68002B03D16FF003035F
:1029D000FB6111E03A68B968B86900F013FD03467D
:1029E000012B09D03B68002B03D06FF00103FB6182
:1029F00002E06FF00203FB61FB6918462037BD4619
:102A000080BD00BF04ED00E080B485B000AFF86089
:102A1000B9607A60FB68074A1A60BB68064A1A60A8
:102A20007B6880221A6000BF1437BD465DF8047BC6
:102A3000704700BF280C0024D00C002480B485B05F
:102A400000AFF860B9607A60FB68074A1A60BB683B
:102A5000064A1A607B684FF480721A6000BF143710
:102A6000BD465DF8047B7047D00E0024780F00242B
:102A700080B483B000AF78607B6803F108027B68A4
:102A80005A607B684FF0FF329A607B6803F108025E
:102A90007B68DA607B6803F108027B681A617B68F7
:102AA00000221A6000BF0C37BD465DF8047B7047FA
:102AB00080B483B000AF78607B6800221A6100BFE9
:102AC0000C37BD465DF8047B704780B485B000AF1D
:102AD000786039607B685B68FB603B68FA685A60C5
:102AE000FB689A683B689A60FB689B683A685A6022
:102AF000FB683A689A603B687A681A617B681B6871
:102B00005A1C7B681A6000BF1437BD465DF8047B11
:102B1000704780B485B000AF786039603B681B684F
:102B2000BB60BB68B3F1FF3F03D17B681B69FB60EF
:102B30000CE07B680833FB6002E0FB685B68FB60CD
:102B4000FB685B681B68BA689A42F6D2FB685A68F1
:102B50003B685A603B685B683A689A603B68FA6811
:102B60009A60FB683A685A603B687A681A617B68C9
:102B70001B685A1C7B681A6000BF1437BD465DF89D
:102B8000047B704780B485B000AF78607B681B69B8
:102B9000FB607B685B687A6892689A607B689B6878
:102BA0007A6852685A60FB685B687A689A4203D117
:102BB0007B689A68FB685A607B6800221A61FB6830
:102BC0001B685A1EFB681A60FB681B68184614379E
:102BD000BD465DF8047B704780B584B000AF786077
:102BE00039607B68FB60FB68002B0BD14FF0500312
:102BF00083F31188BFF36F8FBFF34F8FBB6000BFAC
:102C000000BFFDE703F0D8F8FB681A68FB68DB6BD0
:102C1000F968096C01FB03F31A44FB689A60FB68CE
:102C200000229A63FB681A68FB685A60FB681A689E
:102C3000FB68DB6B013BF968096C01FB03F31A4489
:102C4000FB68DA60FB68FF2283F84420FB68FF2200
:102C500083F845203B68002B14D1FB681B69002BCF
:102C60001AD0FB681033184601F0ACFD0346002B68
:102C700012D00D4B4FF080521A60BFF34F8FBFF34D
:102C80006F8F09E0FB6810331846FFF7F1FEFB6811
:102C900024331846FFF7ECFE03F0C0F80123184672
:102CA0001037BD4680BD00BF04ED00E080B58EB09A
:102CB00002AFF860B9607A603B60FB68002B0BD113
:102CC0004FF0500383F31188BFF36F8FBFF34F8F23
:102CD000BB6200BF00BFFDE73B68002B0BD14FF08C
:102CE000500383F31188BFF36F8FBFF34F8F7B6265
:102CF00000BF00BFFDE77B68002B02D0BB68002B44
:102D000001D0012300E00023002B0BD14FF0500332
:102D100083F31188BFF36F8FBFF34F8F3B6200BF08
:102D200000BFFDE77B68002B02D1BB68002B01D1FF
:102D3000012300E00023002B0BD14FF0500383F35D
:102D40001188BFF36F8FBFF34F8FFB6100BF00BFD0
:102D5000FDE750237B617B69502B0BD04FF0500374
:102D600083F31188BFF36F8FBFF34F8FBB6100BF39
:102D700000BFFDE77B693B68FB62FB6A002B0DD05F
:102D8000FB6A012283F8462097F83820FB6A0093FB
:102D900013467A68B968F86800F040F8FB6A18468C
:102DA0003037BD4680BD80B58AB002AFF860B960EB
:102DB0001346FB71FB68002B0BD14FF0500383F3DC
:102DC0001188BFF36F8FBFF34F8F3B6100BF00BF10
:102DD000FDE7FB68BA6802FB03F3FB61FB69503354
:102DE000184603F00BF9B861BB69002B11D0BB6921
:102DF0007B617B6950337B61BB69002283F846208D
:102E0000FA79BB69009313467A69B968F86800F0EB
:102E100005F8BB6918462037BD4680BD80B584B033
:102E200000AFF860B9607A60FB70BB68002B03D11B
:102E3000BB69BA691A6002E0BB697A681A60BB694B
:102E4000FA68DA63BB69BA681A640121B869FFF7E6
:102E5000C3FEBB69FA7883F84C2000BF1037BD462B
:102E600080BD80B582B000AF78607B68002B0ED04B
:102E70007B6800229A607B6800221A607B680022CF
:102E8000DA60002300220021786800F08BF800BF90
:102E90000837BD4680BD80B586B000AF0346FB71E4
:102EA00001237B6100233B61FB791A46396978690C
:102EB000FFF779FFF860F868FFF7D3FFFB68184663
:102EC0001837BD4680BD80B58AB002AFF860B960E2
:102ED0007A60FB68002B0BD14FF0500383F311880D
:102EE000BFF36F8FBFF34F8FBB6100BF00BFFDE724
:102EF000BA68FB689A420BD94FF0500383F31188EC
:102F0000BFF36F8FBFF34F8F7B6100BF00BFFDE743
:102F1000022300937B6800220021F868FFF7C6FEB9
:102F2000F861FB69002B02D0FB69BA689A63FB6900
:102F300018462037BD4680BD80B586B000AF7860AA
:102F400039607B68002B0BD14FF0500383F311885D
:102F5000BFF36F8FBFF34F8F3B6100BF00BFFDE733
:102F60003A687B689A420BD94FF0500383F311887B
:102F7000BFF36F8FBFF34F8FFB6000BF00BFFDE754
:102F8000022200217868FFF70EFF78617B69002B31
:102F900002D07B693A689A637B6918461837BD4648
:102FA00080BD000080B58EB000AFF860B9607A6077
:102FB0003B6000237B63FB683B633B6B002B0BD1C7
:102FC0004FF0500383F31188BFF36F8FBFF34F8F20
:102FD000BB6200BF00BFFDE7BB68002B03D13B6BAA
:102FE0001B6C002B01D1012300E00023002B0BD12F
:102FF0004FF0500383F31188BFF36F8FBFF34F8FF0
:103000007B6200BF00BFFDE73B68022B03D13B6B37
:10301000DB6B012B01D1012300E00023002B0BD13E
:103020004FF0500383F31188BFF36F8FBFF34F8FBF
:103030003B6200BF00BFFDE701F09AFD0346002B95
:1030400002D17B68002B01D1012300E00023002B7B
:103050000BD14FF0500383F31188BFF36F8FBFF391
:103060004F8FFB6100BF00BFFDE702F0A5FE3B6B89
:103070009A6B3B6BDB6B9A4202D33B68022B29D1E4
:103080003A68B968386B00F06DFCF8623B6B5B6ABC
:10309000002B10D03B6B2433184601F093FB034602
:1030A000002B13D03F4B4FF080521A60BFF34F8F6D
:1030B000BFF36F8F0AE0FB6A002B07D0394B4FF04C
:1030C00080521A60BFF34F8FBFF36F8F02F0A6FEDE
:1030D000012363E07B68002B03D102F09FFE0023F5
:1030E0005CE07B6B002B06D107F11403184601F05E
:1030F000CDFB01237B6302F091FE01F023F902F086
:103100005BFE3B6B93F844305BB2B3F1FF3F03D1FE
:103110003B6B002283F844203B6B93F845305BB255
:10312000B3F1FF3F03D13B6B002283F8452002F04F
:1031300075FE3A1D07F114031146184601F0BCFB59
:103140000346002B24D1386B00F004FD0346002B0E
:1031500018D03B6B10337A681146184601F0E0FA3C
:10316000386B00F08FFC01F0FBF80346002B7FF476
:103170007CAF0C4B4FF080521A60BFF34F8FBFF300
:103180006F8F72E7386B00F07DFC01F0E9F86CE7B7
:10319000386B00F077FC01F0E3F80023184638376D
:1031A000BD4680BD04ED00E080B590B000AFF86092
:1031B000B9607A603B60FB68BB63BB6B002B0BD1D3
:1031C0004FF0500383F31188BFF36F8FBFF34F8F1E
:1031D000BB6200BF00BFFDE7BB68002B03D1BB6B28
:1031E0001B6C002B01D1012300E00023002B0BD12D
:1031F0004FF0500383F31188BFF36F8FBFF34F8FEE
:103200007B6200BF00BFFDE73B68022B03D1BB6BB5
:10321000DB6B012B01D1012300E00023002B0BD13C
:103220004FF0500383F31188BFF36F8FBFF34F8FBD
:103230003B6200BF00BFFDE702F09EFEEFF311828C
:103240004FF0500383F31188BFF36F8FBFF34F8F9D
:10325000FA61BB61FB697B63BB6B9A6BBB6BDB6B1E
:103260009A4202D33B68022B2FD1BB6B93F84530B7
:1032700087F83330BB6B9B6BFB623A68B968B86BFD
:1032800000F070FB97F93330B3F1FF3F12D1BB6B05
:103290005B6A002B16D0BB6B2433184601F092FA00
:1032A0000346002B0ED07B68002B0BD07B680122DD
:1032B0001A6007E097F833300133DBB25AB2BB6BC8
:1032C00083F845200123FB6301E00023FB637B6B54
:1032D0007B617B6983F3118800BFFB6B1846403725
:1032E000BD4680BD80B58EB000AF786039607B6828
:1032F0003B633B6B002B0BD14FF0500383F31188E2
:10330000BFF36F8FBFF34F8F3B6200BF00BFFDE77E
:103310003B6B1B6C002B0BD04FF0500383F31188D9
:10332000BFF36F8FBFF34F8FFB6100BF00BFFDE79F
:103330003B6B1B68002B03D13B6B9B68002B01D1BF
:10334000012300E00023002B0BD14FF0500383F347
:103350001188BFF36F8FBFF34F8FBB6100BF00BFFA
:10336000FDE702F009FEEFF311824FF0500383F303
:103370001188BFF36F8FBFF34F8F7A613B617B6919
:10338000FB623B6B9B6BBB623B6BDB6BBA6A9A422B
:103390002BD23B6B93F8453087F82730BB6A5A1C19
:1033A0003B6B9A6397F92730B3F1FF3F12D13B6B28
:1033B0005B6A002B16D03B6B2433184601F002FAEF
:1033C0000346002B0ED03B68002B0BD03B6801223C
:1033D0001A6007E097F827300133DBB25AB23B6B33
:1033E00083F8452001237B6301E000237B63FB6AB4
:1033F000FB60FB6883F3118800BF7B6B184638378E
:10340000BD4680BD80B58CB000AFF860B9607A6011
:103410000023FB62FB68BB62BB6A002B0BD14FF041
:10342000500383F31188BFF36F8FBFF34F8F3B625D
:1034300000BF00BFFDE7BB68002B03D1BB6A1B6C5C
:10344000002B01D1012300E00023002B0BD14FF012
:10345000500383F31188BFF36F8FBFF34F8FFB616E
:1034600000BF00BFFDE701F083FB0346002B02D144
:103470007B68002B01D1012300E00023002B0BD13E
:103480004FF0500383F31188BFF36F8FBFF34F8F5B
:10349000BB6100BF00BFFDE702F08EFCBB6A9B6B07
:1034A0007B627B6A002B1FD0B968B86A00F0C4FA4F
:1034B0007B6A5A1EBB6A9A63BB6A1B69002B0FD0DA
:1034C000BB6A1033184601F07DF90346002B07D084
:1034D0003C4B4FF080521A60BFF34F8FBFF36F8F9A
:1034E00002F09CFC012369E07B68002B03D102F011
:1034F00095FC002362E0FB6A002B06D107F1100364
:10350000184601F0C3F90123FB6202F087FC00F0CA
:1035100019FF02F051FCBB6A93F844305BB2B3F17F
:10352000FF3F03D1BB6A002283F84420BB6A93F8B3
:1035300045305BB2B3F1FF3F03D1BB6A002283F891
:10354000452002F06BFC3A1D07F1100311461846A6
:1035500001F0B2F90346002B23D1B86A00F0E4FA77
:103560000346002B17D0BB6A24337A6811461846ED
:1035700001F0D6F8B86A00F085FA00F0F1FE0346D3
:10358000002B89D10F4B4FF080521A60BFF34F8F41
:10359000BFF36F8F80E7B86A00F074FA00F0E0FEC6
:1035A0007AE7B86A00F06EFA00F0DAFEB86A00F066
:1035B000BBFA0346002B3FF46FAF002318463037A9
:1035C000BD4680BD04ED00E080B58EB000AF7860F0
:1035D000396000237B637B68FB6200233B63FB6AEB
:1035E000002B0BD14FF0500383F31188BFF36F8F83
:1035F000BFF34F8F3B6200BF00BFFDE7FB6A1B6C50
:10360000002B0BD04FF0500383F31188BFF36F8F63
:10361000BFF34F8FFB6100BF00BFFDE701F0A8FAC9
:103620000346002B02D13B68002B01D1012300E0AF
:103630000023002B0BD14FF0500383F31188BFF30D
:103640006F8FBFF34F8FBB6100BF00BFFDE702F07C
:10365000B3FBFB6A9B6BBB62BB6A002B24D0BB6ACB
:103660005A1EFB6A9A63FB6A1B68002B04D101F0A7
:10367000F9FB0246FB6A9A60FB6A1B69002B0FD0BC
:10368000FB6A1033184601F09DF80346002B07D063
:10369000544B4FF080521A60BFF34F8FBFF36F8FC0
:1036A00002F0BCFB012398E03B68002B12D13B6B7E
:1036B000002B0BD04FF0500383F31188BFF36F8FB3
:1036C000BFF34F8F7B6100BF00BFFDE702F0A6FB99
:1036D000002382E07B6B002B06D107F10C03184618
:1036E00001F0D4F801237B6302F098FB00F02AFE7E
:1036F00002F062FBFB6A93F844305BB2B3F1FF3F28
:1037000003D1FB6A002283F84420FB6A93F845301A
:103710005BB2B3F1FF3F03D1FB6A002283F845207F
:1037200002F07CFB3A4607F10C031146184601F003
:10373000C3F80346002B32D1F86A00F0F5F90346CE
:10374000002B26D0FB6A1B68002B09D102F034FB4A
:10375000FB6A9B68184601F029FA386302F05EFBA9
:10376000FB6A24333A681146184600F0D9FFF86A1C
:1037700000F088F900F0F4FD0346002B7FF467AFFA
:10378000184B4FF080521A60BFF34F8FBFF36F8F0B
:103790005DE7F86A00F076F900F0E2FD57E7F86AB5
:1037A00000F070F900F0DCFDF86A00F0BDF90346A6
:1037B000002B3FF44CAF3B6B002B0DD002F0FCFA1A
:1037C000F86A00F0B7F87862FB6A9B68796A184675
:1037D00001F0C4FA02F022FB002318463837BD4638
:1037E00080BD00BF04ED00E080B58EB000AFF86092
:1037F000B9607A60FB683B633B6B002B0BD14FF0E9
:10380000500383F31188BFF36F8FBFF34F8F3B6279
:1038100000BF00BFFDE7BB68002B03D13B6B1B6CF7
:10382000002B01D1012300E00023002B0BD14FF02E
:10383000500383F31188BFF36F8FBFF34F8FFB618A
:1038400000BF00BFFDE702F097FBEFF311824FF0DE
:10385000500383F31188BFF36F8FBFF34F8FBA61AB
:103860007B61BB69FB623B6B9B6BBB62BB6A002BE2
:103870002FD03B6B93F8443087F82730B968386B0A
:1038800000F0DAF8BB6A5A1E3B6B9A6397F927304F
:10389000B3F1FF3F12D13B6B1B69002B16D03B6B82
:1038A0001033184600F08EFF0346002B0ED07B68C5
:1038B000002B0BD07B6801221A6007E097F82730B5
:1038C0000133DBB25AB23B6B83F8442001237B63A4
:1038D00001E000237B63FB6A3B613B6983F3118852
:1038E00000BF7B6B18463837BD4680BD80B584B0BD
:1038F00000AF78607B68FB60FB68002B0BD14FF05A
:10390000500383F31188BFF36F8FBFF34F8FBB60FA
:1039100000BF00BFFDE7F86800F05EF9FB6893F8B0
:103920004630002B02D1F86802F036FC00BF103799
:10393000BD4680BD80B485B000AF78607B685B6AAF
:10394000002B06D07B681B6B1B68C3F13803FB6040
:1039500001E00023FB60FB6818461437BD465DF8A4
:10396000047B704780B586B000AFF860B9607A60BC
:1039700000237B61FB689B6B3B61FB681B6C002B2E
:103980000DD1FB681B68002B4DD1FB689B68184666
:1039900001F074F97861FB6800229A6043E07B686B
:1039A000002B19D1FB685868FB681B6C1A46B96874
:1039B00027F08CFDFB685A68FB681B6C1A44FB6897
:1039C0005A60FB685A68FB689B689A422BD3FB6875
:1039D0001A68FB685A6026E0FB68D868FB681B6CB5
:1039E0001A46B96827F072FDFB68DA68FB681B6C41
:1039F0005B421A44FB68DA60FB68DA68FB681B68A4
:103A00009A4207D2FB689A68FB681B6C5B421A44B7
:103A1000FB68DA607B68022B05D13B69002B02D082
:103A20003B69013B3B613B695A1CFB689A637B69BC
:103A300018461837BD4680BD80B582B000AF7860AB
:103A400039607B681B6C002B18D07B68DA687B6858
:103A50001B6C1A447B68DA607B68DA687B689B6859
:103A60009A4203D37B681A687B68DA607B68D968FE
:103A70007B681B6C1A46386827F028FD00BF0837A2
:103A8000BD4680BD80B584B000AF786002F094F987
:103A90007B6893F84530FB7311E07B685B6A002B11
:103AA00012D07B682433184600F08CFE0346002BAE
:103AB00001D000F065FFFB7B013BDBB2FB7397F9A4
:103AC0000F30002BE9DC00E000BF7B68FF2283F8A9
:103AD000452002F0A3F902F06FF97B6893F84430B7
:103AE000BB7311E07B681B69002B12D07B6810331D
:103AF000184600F067FE0346002B01D000F040FF9F
:103B0000BB7B013BDBB2BB7397F90E30002BE9DCCA
:103B100000E000BF7B68FF2283F8442002F07EF9BA
:103B200000BF1037BD4680BD80B584B000AF78605F
:103B300002F042F97B689B6B002B02D10123FB60F2
:103B400001E00023FB6002F069F9FB6818461037BA
:103B5000BD4680BD80B584B000AF786002F02CF91E
:103B60007B689A6B7B68DB6B9A4202D10123FB6016
:103B700001E00023FB6002F051F9FB6818461037A2
:103B8000BD4680BD80B485B000AF78603960002349
:103B9000FB6014E00F4AFB6852F83330002B0BD166
:103BA0000C49FB683A6841F833200A4AFB68DB009D
:103BB00013447A685A6006E0FB680133FB60FB68D7
:103BC000072BE7D900BF00BF1437BD465DF8047B63
:103BD000704700BF7813002480B485B000AF7860D0
:103BE0000023FB6016E0104AFB68DB0013445B68AF
:103BF0007A689A420BD10C4AFB68002142F83310D4
:103C0000094AFB68DB00134400225A6006E0FB68A7
:103C10000133FB60FB68072BE5D900BF00BF1437F9
:103C2000BD465DF8047B70477813002480B586B0EC
:103C300000AFF860B9607A60FB687B6102F0BCF8A5
:103C40007B6993F844305BB2B3F1FF3F03D17B69EA
:103C5000002283F844207B6993F845305BB2B3F1CE
:103C6000FF3F03D17B69002283F8452002F0D6F89C
:103C70007B699B6B002B06D17B6924337A68B9681A
:103C8000184600F073FD7869FFF7FCFE00BF183797
:103C9000BD4680BD80B58EB004AFF860B9607A6073
:103CA0003B607B6B002B0BD14FF0500383F31188EB
:103CB000BFF36F8FBFF34F8F3B6200BF00BFFDE7C5
:103CC000BB6B002B0BD14FF0500383F31188BFF374
:103CD0006F8FBFF34F8FFB6100BF00BFFDE7A823CD
:103CE0003B613B69A82B0BD04FF0500383F3118845
:103CF000BFF36F8FBFF34F8FBB6100BF00BFFDE706
:103D00003B69BB6B002B1ED07B6B002B1BD0BB6BAE
:103D10007B627B6A7A6B1A637B6A022283F8A52036
:103D2000002303937B6A029307F1140301933B6B17
:103D300000933B687A68B968F86800F051F8786ACF
:103D400000F0F6F801E000237B617B691846283714
:103D5000BD4680BD80B58CB004AFF860B9603B60F3
:103D60001346FB80FB889B00184602F047F97861F8
:103D70007B69002B0ED0A82002F040F9F861FB69A6
:103D8000002B03D0FB697A691A6305E0786902F0B9
:103D900003FA01E00023FB61FB69002B17D0FB69EC
:103DA000002283F8A520FA8800230393FB6902937D
:103DB000FB6A0193BB6A00933B68B968F86800F03E
:103DC0000FF8F86900F0B4F80123BB6102E04FF08E
:103DD000FF33BB61BB6918462037BD4680BD00007C
:103DE00080B588B000AFF860B9607A603B603B6B2B
:103DF000186B7B689B001A46A52127F0BFFA3B6B26
:103E00001A6B79686FF040430B449B001344BB610D
:103E1000BB6923F00703BB61BB6903F00703002BF9
:103E20000BD04FF0500383F31188BFF36F8FBFF3B4
:103E30004F8F7B6100BF00BFFDE7BB68002B1FD029
:103E40000023FB6112E0BA68FB69134419783A6BEE
:103E5000FB69134434330A461A70BA68FB69134489
:103E60001B78002B06D0FB690133FB61FB690F2B2C
:103E7000E9D900E000BF3B6B002283F8432003E058
:103E80003B6B002283F83420BB6A372B01D93723E0
:103E9000BB623B6BBA6ADA623B6BBA6ADA643B6B51
:103EA00000221A653B6B04331846FEF701FE3B6B9C
:103EB00018331846FEF7FCFD3B6B3A6B1A61BB6A80
:103EC000C3F138023B6B9A613B6B3A6B5A623B6BB6
:103ED0000022C3F8A0203B6B002283F8A4203B6B98
:103EE00054334C220021184627F048FA3B6B0D4A08
:103EF0009A653B6B0C4ADA653B6B0C4A1A663A686A
:103F0000F968B86901F024FE02463B6B1A60FB6A4F
:103F1000002B02D0FB6A3A6B1A6000BF2037BD4607
:103F200080BD00BFE48E02244C8F0224B48F022493
:103F300080B582B000AF786001F03EFF2D4B1B686A
:103F400001332C4A13602C4B1B68002B09D12A4AE1
:103F50007B681360274B1B68012B10D100F034FDE8
:103F60000DE0264B1B68002B09D1234B1B68DA6A36
:103F70007B68DB6A9A4202D81F4A7B681360204B39
:103F80001B6801331E4A13601D4B1A687B685A6414
:103F90007B68DA6A1B4B1B689A4203D97B68DB6A31
:103FA000184A13607B68DA6A13469B0013449B002F
:103FB000154A1A447B68043319461046FEF785FDFE
:103FC00001F02CFF0D4B1B68002B0ED00A4B1B6819
:103FD000DA6A7B68DB6A9A4207D20C4B4FF0805258
:103FE0001A60BFF34F8FBFF36F8F00BF0837BD4616
:103FF00080BD00BF8C180024B8130024981800243A
:10400000A818002494180024BC13002404ED00E038
:1040100080B584B000AF786001F0CEFE7B68002BE5
:1040200002D12D4B1B6800E07B68FB60FB6804330A
:104030001846FEF7A7FDFB689B6A002B04D0FB68BF
:1040400018331846FEF79EFD244B1B680133234AA4
:104050001360214B1B68FA689A420BD1FB6804334A
:1040600019461F48FEF731FD1E4B1B6801331D4AE0
:10407000136009E01C4B1B68013B1B4A1360F86886
:1040800000F010FD00F044FD01F0C8FE174B1B6866
:10409000002B1CD0104B1B68FA689A4217D1144BA6
:1040A0001B68002B0BD04FF0500383F31188BFF334
:1040B0006F8FBFF34F8FBB6000BF00BFFDE70D4B9D
:1040C0004FF080521A60BFF34F8FBFF36F8F00BF66
:1040D0001037BD4680BD00BFB8130024A8180024C7
:1040E00060180024741800248C18002498180024E8
:1040F000B418002404ED00E080B58AB000AF786009
:10410000396000237B627B68002B0BD14FF050039A
:1041100083F31188BFF36F8FBFF34F8F7B6100BFB5
:1041200000BFFDE73B68002B0BD14FF0500383F33A
:104130001188BFF36F8FBFF34F8F3B6100BF00BF8C
:10414000FDE72A4B1B68002B0BD04FF0500383F385
:104150001188BFF36F8FBFF34F8FFB6000BF00BFAD
:10416000FDE700F0EFF8224B1B683B627B681B68A1
:104170003A681344FB617B681B683A6A9A420BD227
:104180007B681B68FA699A4211D2FA693B6A9A42C3
:104190000DD901237B620AE07B681B68FA699A42A9
:1041A00003D3FA693B6A9A4201D901237B627B6897
:1041B000FA691A607B6A002B06D0FA693B6AD31A47
:1041C0000021184601F056F800F0CAF8B861BB6942
:1041D000002B07D1074B4FF080521A60BFF34F8F6F
:1041E000BFF36F8F00BF2837BD4680BDB4180024D1
:1041F0009018002404ED00E080B584B000AF786032
:104200000023FB607B68002B18D0144B1B68002B2D
:104210000BD04FF0500383F31188BFF36F8FBFF3C0
:104220004F8FBB6000BF00BFFDE700F08BF800219F
:10423000786801F01FF800F093F8F860FB68002B35
:1042400007D1074B4FF080521A60BFF34F8FBFF377
:104250006F8F00BF1037BD4680BD00BFB41800246B
:1042600004ED00E080B58AB004AF0023BB600023FA
:104270007B603A46391D07F108031846FEF7C4FB78
:1042800039687B68BA680292019300230093002387
:104290000A4624492448FFF7FDFC0346234A1360DD
:1042A000224B1B68002B02D001237B6101E000231D
:1042B0007B617B69012B02D101F030F878617B6969
:1042C000012B1BD14FF0500383F31188BFF36F8F85
:1042D000BFF34F8F3B6100BF154B1B685433154A2A
:1042E0001360154B4FF0FF321A60144B01221A6015
:1042F000134B00221A6001F0BBFC0FE07B69B3F1A5
:10430000FF3F0BD14FF0500383F31188BFF36F8F42
:10431000BFF34F8FFB6000BF00BFFDE700BF183742
:10432000BD4680BDF4D3030899490108B0180024A4
:10433000B813002434000024AC180024981800247A
:104340009018002480B400AF044B1B680133034A6B
:10435000136000BFBD465DF8047B7047B4180024AD
:1043600080B584B000AF0023FB600023BB60424BEC
:104370001B68002B0BD14FF0500383F31188BFF360
:104380006F8FBFF34F8F3B6000BF00BFFDE701F0B1
:1043900013FD394B1B68013B374A1360364B1B68D2
:1043A000002B62D1354B1B68002B5ED02FE0344BC5
:1043B000DB68DB68FB60FB6818331846FEF7E2FB3E
:1043C000FB6804331846FEF7DDFBFB68DA6A2D4B09
:1043D0001B689A4203D9FB68DB6A2A4A1360FB68B0
:1043E000DA6A13469B0013449B00274A1A44FB6871
:1043F000043319461046FEF768FBFB68DA6A234B64
:104400001B68DB6A9A4202D3214B01221A601C4BC3
:104410001B68002BCBD1FB68002B01D000F078FB90
:104420001C4B1B687B607B68002B10D000F058F899
:104430000346002B02D0164B01221A607B68013B19
:104440007B607B68002BF1D1124B00221A60104B6D
:104450001B68002B09D00123BB600F4B4FF080522B
:104460001A60BFF34F8FBFF36F8F01F0D7FCBB68AB
:1044700018461037BD4680BDB41800248C1800249F
:104480004C18002494180024BC130024B8130024F2
:10449000A01800249C18002404ED00E080B483B030
:1044A00000AF054B1B687B607B6818460C37BD4628
:1044B0005DF8047B704700BF9018002480B582B07F
:1044C00000AF01F059FD00237B60044B1B683B608B
:1044D0003B6818460837BD4680BD00BF90180024D1
:1044E00080B586B000AF00237B614F4B1B68002B6B
:1044F00040F090804D4B1B6801333B614B4A3B6958
:1045000013603B69002B21D1494B1B681B68002BB2
:104510000BD04FF0500383F31188BFF36F8FBFF3BD
:104520004F8F3B6000BF00BFFDE7414B1B68FB6046
:10453000404B1B683E4A13603E4AFB6813603E4B8B
:104540001B6801333C4A136000F0E2FA3B4B1B68E6
:104550003A699A4249D3364B1B681B68002B04D139
:10456000364B4FF0FF321A603FE0314B1B68DB687F
:10457000DB68BB60BB685B687B603A697B689A42BA
:1045800003D22E4A7B6813602FE0BB6804331846C1
:10459000FEF7F8FABB689B6A002B04D0BB6818339F
:1045A0001846FEF7EFFABB68DA6A254B1B689A4299
:1045B00003D9BB68DB6A224A1360BB68DA6A134618
:1045C0009B0013449B001F4A1A44BB6804331946DE
:1045D0001046FEF77AFABB68DA6A1B4B1B68DB6A87
:1045E0009A42B8D301237B61B5E7174B1B68DA6A9F
:1045F000144913469B0013449B000B441B68012B7A
:1046000001D901237B61114B1B68002B07D00123CB
:104610007B6104E00E4B1B6801330D4A13607B691C
:1046200018461837BD4680BDB418002490180024E1
:104630004418002448180024A4180024AC180024AE
:1046400094180024BC130024B8130024A0180024DC
:104650009C18002480B485B000AF2B4B1B68002B46
:1046600003D02A4B01221A6047E0284B00221A602F
:10467000274B1B68FB6011E0FB68002B0BD14FF050
:10468000500383F31188BFF36F8FBFF34F8F7B60AD
:1046900000BF00BFFDE7FB68013BFB601D49FA68F6
:1046A00013469B0013449B000B441B68002BE3D074
:1046B000FA6813469B0013449B00164A1344BB60E0
:1046C000BB685B685A68BB685A60BB685A68BB685D
:1046D00008339A4204D1BB685B685A68BB685A6069
:1046E000BB685B68DB680C4A1360094AFB681360AF
:1046F000094B1B685433094A136000BF1437BD4689
:104700005DF8047B704700BFB4180024A018002493
:1047100094180024BC130024B8130024340000248F
:1047200080B584B000AF786039607B68002B0BD116
:104730004FF0500383F31188BFF36F8FBFF34F8F98
:10474000FB6000BF00BFFDE7074B1B68183319462D
:104750007868FEF7DEF90121386800F08BFD00BFB4
:104760001037BD4680BD00BFB813002480B586B0A9
:1047700000AFF860B9607A60FB68002B0BD14FF096
:10478000500383F31188BFF36F8FBFF34F8F7B61AB
:1047900000BF00BFFDE70A4B1B6818331946F868D5
:1047A000FEF793F97B68002B02D04FF0FF33BB601C
:1047B0007968B86800F05EFD00BF1837BD4680BD5F
:1047C000B813002480B586B000AF78607B68DB68E2
:1047D000DB683B613B69002B0BD14FF0500383F347
:1047E0001188BFF36F8FBFF34F8FFB6000BF00BF17
:1047F000FDE73B6918331846FEF7C4F91D4B1B68EB
:10480000002B1DD13B6904331846FEF7BBF93B6909
:10481000DA6A194B1B689A4203D93B69DB6A164A6C
:1048200013603B69DA6A13469B0013449B00134AEA
:104830001A443B69043319461046FEF746F905E071
:104840003B69183319460E48FEF73FF93B69DA6AAF
:104850000C4B1B68DB6A9A4205D901237B610A4B2A
:1048600001221A6001E000237B617B69184618373A
:10487000BD4680BDB418002494180024BC13002445
:104880004C180024B8130024A018002480B483B06E
:1048900000AF7860064B1A687B681A60054B1A688F
:1048A0007B685A6000BF0C37BD465DF8047B7047DB
:1048B000A41800249018002480B588B000AF786058
:1048C00039607B68002B0BD14FF0500383F31188C4
:1048D000BFF36F8FBFF34F8F3B6100BF00BFFDE79A
:1048E0003B68002B0BD14FF0500383F31188BFF3CB
:1048F0006F8FBFF34F8FFB6000BF00BFFDE701F07C
:104900005BFA1D4B1B68BB617B685B68BA69D31A95
:104910007B613B681B68B3F1FF3F02D10023FB6161
:1049200023E07B681A68154B1B689A4207D07B68A6
:104930005B68BA699A4202D30123FB6115E03B68C8
:104940001B687A699A420BD23B681A687B69D21A53
:104950003B681A607868FFF799FF0023FB6104E069
:104960003B6800221A600123FB6101F057FAFB69E2
:1049700018462037BD4680BD90180024A418002496
:1049800080B400AF034B01221A6000BFBD465DF842
:10499000047B7047A018002480B582B000AF786017
:1049A00000F052F8064B1B68012BF9D9054B4FF06C
:1049B00080521A60BFF34F8FBFF36F8FF0E700BFD5
:1049C000BC13002404ED00E080B582B000AF0023EA
:1049D0007B600CE07A6813469B0013449B00124AEC
:1049E00013441846FEF744F87B6801337B607B680C
:1049F000372BEFD90D48FEF73BF80D48FEF738F896
:104A00000C48FEF735F80C48FEF732F80B48FEF775
:104A10002FF80B4B054A1A600A4B054A1A6000BF73
:104A20000837BD4680BD00BFBC1300241C180024FD
:104A3000301800244C180024601800247818002432
:104A4000441800244818002480B582B000AF19E053
:104A500001F0B2F9104BDB68DB687B607B680433E4
:104A60001846FEF78FF80D4B1B68013B0B4A13608D
:104A70000B4B1B68013B0A4A136001F0CFF97868C1
:104A800000F010F8064B1B68002BE1D100BF00BFFF
:104A90000837BD4680BD00BF601800248C18002474
:104AA0007418002480B584B000AF78607B685433FC
:104AB000184626F0ADFC7B6893F8A530002B08D192
:104AC0007B681B6B184601F067FB786801F064FB9C
:104AD00019E07B6893F8A530012B03D1786801F0C9
:104AE0005BFB10E07B6893F8A530022B0BD04FF0F6
:104AF000500383F31188BFF36F8FBFF34F8FFB60B9
:104B000000BF00BFFDE700BF1037BD4680BD0000FD
:104B100080B483B000AF0C4B1B681B68002B04D122
:104B20000A4B4FF0FF321A6008E0074B1B68DB6846
:104B3000DB687B607B685B68044A136000BF0C37EE
:104B4000BD465DF8047B704744180024AC1800246F
:104B500080B483B000AF054B1B687B607B68184650
:104B60000C37BD465DF8047B704700BFB8130024C6
:104B700080B483B000AF0B4B1B68002B02D1012324
:104B80007B6008E0084B1B68002B02D102237B608E
:104B900001E000237B607B6818460C37BD465DF85A
:104BA000047B704798180024B418002480B584B0A2
:104BB00000AF78607B68BB600023FB607B68002BE4
:104BC00051D0BB68DA6A2A4B1B68DB6A9A4241D231
:104BD000BB689B69002B06DB254B1B68DB6AC3F1B6
:104BE0003802BB689A61BB685969BB68DA6A1346C8
:104BF0009B0013449B001F4A1344994222D1BB6877
:104C000004331846FDF7BEFF194B1B68DA6ABB6810
:104C1000DA62BB68DA6A184B1B689A4203D9BB6830
:104C2000DB6A154A1360BB68DA6A13469B001344BB
:104C30009B00104A1A44BB68043319461046FDF71E
:104C400044FF04E00A4B1B68DA6ABB68DA6201239E
:104C5000FB6008E0BB68DA6C054B1B68DB6A9A42B4
:104C600001D20123FB60FB6818461037BD4680BDAA
:104C7000B8130024BC1300249418002480B586B017
:104C800000AF78607B683B6100237B617B68002B11
:104C900058D02F4B1B683A699A420BD04FF0500303
:104CA00083F31188BFF36F8FBFF34F8FFB6000BF9B
:104CB00000BFFDE73B691B6D002B0BD14FF050038C
:104CC00083F31188BFF36F8FBFF34F8FBB6000BFBB
:104CD00000BFFDE73B691B6D5A1E3B691A653B69C6
:104CE000DA6A3B69DB6C9A422CD03B691B6D002B66
:104CF00028D13B6904331846FDF744FF3B69DA6C61
:104D00003B69DA623B69DB6AC3F138023B699A614D
:104D10003B69DA6A0F4B1B689A4203D93B69DB6A2D
:104D20000C4A13603B69DA6A13469B0013449B00EC
:104D3000094A1A443B69043319461046FDF7C5FE7B
:104D400001237B617B6918461837BD4680BD00BFD3
:104D5000B813002494180024BC13002480B588B034
:104D600000AF786039607B68BB6101237B617B6841
:104D7000002B6CD0BB691B6D002B0BD14FF0500387
:104D800083F31188BFF36F8FBFF34F8FFB6000BFBA
:104D900000BFFDE7BB69DB6C3A689A4202D93B6809
:104DA000FB6102E0BB69DB6CFB61BB69DB6AFA6932
:104DB0009A424CD0BB691B6D7A699A4247D1264B07
:104DC0001B68BA699A420BD14FF0500383F31188E4
:104DD000BFF36F8FBFF34F8FBB6000BF00BFFDE716
:104DE000BB69DB6A3B61BB69FA69DA62BB699B69D3
:104DF000002B04DBFB69C3F13802BB699A61BB6914
:104E000059693A6913469B0013449B00134A1344A3
:104E100099421CD1BB6904331846FDF7B3FEBB6948
:104E2000DA6A0F4B1B689A4203D9BB69DB6A0C4AEA
:104E30001360BB69DA6A13469B0013449B00074A60
:104E40001A44BB69043319461046FDF73EFE00BF05
:104E50002037BD4680BD00BFB8130024BC1300241A
:104E60009418002480B400AF074B1B68002B04D0BB
:104E7000054B1B681A6D01321A65034B1B681846F7
:104E8000BD465DF8047B7047B813002480B584B03C
:104E900000AF7860396000F08FFF204B1B68D3F8BB
:104EA000A030002B13D11D4B1B68012283F8A420D6
:104EB0003B68002B0BD00121386800F0DBF9184B60
:104EC0004FF080521A60BFF34F8FBFF36F8F00F027
:104ED000A5FF00F071FF114B1B68D3F8A030FB60F9
:104EE000FB68002B0ED07B68002B05D00B4B1B689A
:104EF0000022C3F8A02005E0084B1B68FA68013ABD
:104F0000C3F8A020054B1B68002283F8A42000F002
:104F100085FFFB6818461037BD4680BDB8130024D6
:104F200004ED00E080B58AB000AFF860B9603B6086
:104F30001346FB7101237B62FB68002B0BD14FF002
:104F4000500383F31188BFF36F8FBFF34F8FBB61A3
:104F500000BF00BFFDE7FB683B6200F02DFF3B6830
:104F6000002B04D03B6AD3F8A0203B681A603B6A50
:104F700093F8A430FB773B6A022283F8A420FB79E4
:104F8000042B2ED801A252F823F000BF07500108CD
:104F9000A14F0108B34F0108C34F0108CD4F0108CD
:104FA0003B6AD3F8A020BB681A433B6AC3F8A02031
:104FB0002CE03B6AD3F8A0305A1C3B6AC3F8A0200F
:104FC00024E03B6ABA68C3F8A0201FE0FB7F022BF5
:104FD00004D03B6ABA68C3F8A02017E000237B62C4
:104FE00014E03B6AD3F8A030B3F1FF3F0DD04FF08F
:104FF000500383F31188BFF36F8FBFF34F8F7B6133
:1050000000BF00BFFDE700BF00E000BFFB7F012B3A
:105010003BD13B6A04331846FDF7B4FD3B6ADA6ABC
:105020001D4B1B689A4203D93B6ADB6A1A4A13601C
:105030003B6ADA6A13469B0013449B00174A1A44E2
:105040003B6A043319461046FDF73FFD3B6A9B6AF5
:10505000002B0BD04FF0500383F31188BFF36F8FF9
:10506000BFF34F8F3B6100BF00BFFDE73B6ADA6AC9
:105070000B4B1B68DB6A9A4207D90A4B4FF08052F0
:105080001A60BFF34F8FBFF36F8F00F0C7FE7B6ACC
:1050900018462837BD4680BD94180024BC13002450
:1050A000B813002404ED00E080B58EB000AFF860C6
:1050B000B9603B601346FB7101237B63FB68002BE7
:1050C0000BD14FF0500383F31188BFF36F8FBFF301
:1050D0004F8F7B6200BF00BFFDE700F04DFFFB6814
:1050E0003B63EFF311824FF0500383F31188BFF35A
:1050F0006F8FBFF34F8F3A62FB613B6AFB623B6885
:10510000002B04D03B6BD3F8A0203B681A603B6BAC
:1051100093F8A43087F82B303B6B022283F8A4204D
:10512000FB79042B2ED801A252F823F0A9510108D3
:105130004151010853510108635101086D510108A3
:105140003B6BD3F8A020BB681A433B6BC3F8A0208D
:105150002DE03B6BD3F8A0305A1C3B6BC3F8A0206A
:1051600025E03B6BBA68C3F8A02020E097F82B300D
:10517000022B04D03B6BBA68C3F8A02017E00023D1
:105180007B6314E03B6BD3F8A030B3F1FF3F0DD04D
:105190004FF0500383F31188BFF36F8FBFF34F8F2E
:1051A000BB6100BF00BFFDE700BF00E000BF97F894
:1051B0002B30012B47D13B6B9B6A002B0BD04FF060
:1051C000500383F31188BFF36F8FBFF34F8F7B6161
:1051D00000BF00BFFDE7214B1B68002B1DD13B6BBF
:1051E00004331846FDF7CEFC3B6BDA6A1C4B1B6898
:1051F0009A4203D93B6BDB6A194A13603B6BDA6A4C
:1052000013469B0013449B00164A1A443B6B04331D
:1052100019461046FDF759FC05E03B6B183319465B
:105220001148FDF752FC3B6BDA6A104B1B68DB6AD6
:105230009A4208D93B6C002B02D03B6C01221A60C9
:105240000B4B01221A60FB6A3B613B6983F31188B7
:1052500000BF7B6B18463837BD4680BDB4180024AC
:1052600094180024BC1300244C180024B813002404
:10527000A018002480B584B000AF78603960214B5D
:105280001B68FB60204B1B6804331846FDF77AFC53
:105290007B68B3F1FF3F0AD13B68002B07D01A4B64
:1052A0001B68043319461948FDF70FFC26E0FA681D
:1052B0007B681344BB60144B1B68BA685A60BA68B9
:1052C000FB689A4209D2124B1A680F4B1B680433D1
:1052D00019461046FDF71DFC10E00E4B1A680A4BEC
:1052E0001B68043319461046FDF713FC0A4B1B6874
:1052F000BA689A4202D2084ABB68136000BF1037EE
:10530000BD4680BD90180024B813002478180024EE
:105310004818002444180024AC18002480B58AB032
:1053200004AF00237B6100F0B1FB1D4B1B68002B19
:1053300021D00023FB600023BB603A1D07F1080168
:1053400007F10C031846FDF779FB7968BB68FA682A
:10535000029201930223009300230A461149124846
:10536000FEF798FC0346114A1360104B1B68002B94
:1053700001D001237B617B69002B0BD14FF05003DF
:1053800083F31188BFF36F8FBFF34F8F3B6100BF73
:1053900000BFFDE77B6918461837BD4680BD00BFDA
:1053A000E8180024FCD3030825560108EC18002453
:1053B00080B588B002AFF860B9607A603B602C209D
:1053C00000F01CFE78617B69002B0DD07B69002208
:1053D00083F828207B6901933B6A00933B687A68D5
:1053E000B968F86800F045F87B6918461837BD467B
:1053F00080BD80B58AB002AFF860B9607A603B606A
:105400002C233B613B692C2B0BD04FF0500383F3D3
:105410001188BFF36F8FBFF34F8FBB6100BF00BF19
:10542000FDE73B69FB6A002B0BD14FF0500383F380
:105430001188BFF36F8FBFF34F8F7B6100BF00BF39
:10544000FDE7FB6AFB61FB69002B0DD0FB690222C3
:1054500083F82820FB690193BB6A00933B687A6854
:10546000B968F86800F005F8FB6918462037BD46B2
:1054700080BD80B586B000AFF860B9607A603B60EF
:10548000BB68002B0BD14FF0500383F31188BFF39F
:105490006F8FBFF34F8F7B6100BF00BFFDE77B6A5B
:1054A000002B1ED000F0F2FA7B6AFA681A607B6A61
:1054B000BA689A617B6A3A68DA617B6A3A6A1A6208
:1054C0007B6A04331846FDF7F3FA7B68002B08D09B
:1054D0007B6A93F8283043F00403DAB27B6A83F8DE
:1054E000282000BF1837BD4680BD000080B58AB0B7
:1054F00000AFF860B9607A603B6000237B62FB68B4
:10550000002B0BD14FF0500383F31188BFF36F8F43
:10551000BFF34F8F3B6200BF00BFFDE7194B1B6815
:10552000002B2AD0BB683B617B687B61FB68BB6159
:10553000BB68052B18DCFFF71BFB0346022B09D1C8
:10554000104B186807F1100100233A6BFDF72AFD94
:10555000786212E00B4B186807F11001002300225B
:10556000FDF720FD786208E0064B186807F110018E
:1055700000233A68FDF718FE78627B6A18462837E0
:10558000BD4680BDE818002480B588B002AF7860C1
:105590003960234B1B68DB68DB687B617B69043304
:1055A0001846FDF7EFFA7B6993F8283003F00403FF
:1055B000002B23D07B699A697B68D1187B683A6895
:1055C000786900F0D5F80346002B20D00023009323
:1055D00000237A6800217869FFF788FF38613B690A
:1055E000002B14D14FF0500383F31188BFF36F8F5A
:1055F000BFF34F8FFB6000BF00BFFDE77B6993F8EF
:10560000283023F00103DAB27B6983F828207B6914
:105610001B6A7869984700BF1837BD4680BD00BF38
:10562000E018002480B584B000AF786007F108036B
:10563000184600F059F8F860BB681946F86800F0A1
:1056400005F800F0D7F800BFF0E7000080B584B09F
:1056500000AF78603960FEF775FE07F10803184661
:1056600000F066F8F860BB68002B30D13B68002B77
:105670000AD17A68FB689A4206D8FEF771FEF9688B
:105680007868FFF781FF24E03B68002B08D0134BBC
:105690001B681B68002B01D1012300E000233B6045
:1056A0000F4B18687A68FB68D31A3A681946FEF7F8
:1056B000BDFAFEF755FE0346002B0AD1094B4FF009
:1056C00080521A60BFF34F8FBFF36F8F01E0FEF778
:1056D00047FE00BF1037BD4680BD00BFE418002460
:1056E000E818002404ED00E080B485B000AF7860D5
:1056F0000E4B1B681B68002B01D1012200E0002229
:105700007B681A607B681B68002B05D1074B1B6800
:10571000DB681B68FB6001E00023FB60FB68184648
:105720001437BD465DF8047B704700BFE0180024C5
:1057300080B584B000AF7860FEF7B0FEF8600B4B28
:105740001B68FA689A4205D200F03AF97B68012298
:105750001A6002E07B6800221A60044AFB6813604A
:10576000FB6818461037BD4680BD00BFF018002406
:1057700080B586B000AFF860B9607A603B60002306
:105780007B61FB68BA685A60FB68FA681A61BA689C
:105790007B689A4212D87A683B68D21AFB689B6988
:1057A0009A4202D301237B611BE0104B1A68FB680D
:1057B000043319461046FDF7ACF912E07A683B68ED
:1057C0009A4206D2BA683B689A4202D301237B61AF
:1057D00007E0074B1A68FB68043319461046FDF7CB
:1057E00098F97B6918461837BD4680BDE418002437
:1057F000E018002480B58EB002AFCEE07B68002BAD
:1058000019DA3B1D0433FB62FB6A002B0BD14FF00E
:10581000500383F31188BFF36F8FBFF34F8FFB618A
:1058200000BF00BFFDE7FB6A1B68FA6A5068FA6AAE
:105830009268114698477B68002BC0F2AE80FB68E7
:10584000BB62BB6A5B69002B04D0BB6A0433184699
:10585000FDF798F93B461846FFF76AFF78627B68C8
:10586000092B00F2978001A252F823F09558010805
:1058700095580108955801080B5901081F5901084E
:105880006B59010895580108955801080B590108F2
:105890001F590108BB6A93F8283043F00103DAB2BC
:1058A000BB6A83F82820BA68BB6A9B69D118BB68B9
:1058B0007A6AB86AFFF75CFF0346002B6CD0BB6ABC
:1058C0001B6AB86A9847BB6A93F8283003F0040350
:1058D000002B61D0BA68BB6A9B691A44002300930D
:1058E00000230021B86AFFF701FE38623B6A002BF3
:1058F00052D14FF0500383F31188BFF36F8FBFF382
:105900004F8FBB6100BF00BFFDE7BB6A93F8283033
:1059100023F00103DAB2BB6A83F828203DE0BB6ABA
:1059200093F8283043F00103DAB2BB6A83F82820E9
:10593000BA68BB6A9A61BB6A9B69002B0BD14FF0B6
:10594000500383F31188BFF36F8FBFF34F8F7B61D9
:1059500000BF00BFFDE7BB6A9A697B6AD1187B6A0A
:105960007A6AB86AFFF704FF17E0BB6A93F8283039
:1059700003F00203002B03D1B86A00F00DFC0CE029
:10598000BB6A93F8283023F00103DAB2BB6A83F8CC
:10599000282002E000BF00E000BF084B1B68391D53
:1059A00000221846FDF72EFD0346002B7FF426AF9C
:1059B00000BF00BF3037BD4680BD00BFE8180024DF
:1059C00080B588B002AF49E02E4B1B68DB681B68CE
:1059D0003B612C4B1B68DB68DB68FB60FB680433B6
:1059E0001846FDF7CFF8FB681B6AF8689847FB6814
:1059F00093F8283003F00403002B2FD0FB689B6939
:105A00003A691344BB60BA683B699A420ED9FB6895
:105A1000BA685A60FB68FA681A611A4B1A68FB6820
:105A2000043319461046FDF774F817E0002300937D
:105A300000233A690021F868FFF758FD78607B6819
:105A4000002B0BD14FF0500383F31188BFF36F8FFE
:105A5000BFF34F8F3B6000BF00BFFDE7094B1B68E2
:105A60001B68002BB0D1074B1B687B61064B1B6882
:105A7000044A1360044A7B69136000BF1837BD46AF
:105A800080BD00BFE0180024E418002480B582B077
:105A900002AF00F091F9154B1B68002B20D1144880
:105AA000FCF7E6FF1348FCF7E3FF134B104A1A60BC
:105AB000124B104A1A6000230093114B114A102117
:105AC0000A20FDF7F3F80346084A1360074B1B68EA
:105AD000002B05D0054B1B680B491846FEF752F802
:105AE00000F09CF900BFBD4680BD00BFE81800244F
:105AF000B8180024CC180024E0180024E41800246E
:105B000094190024F418002404D4030880B586B046
:105B100000AF78607B687B617B68002B0BD14FF016
:105B2000500383F31188BFF36F8FBFF34F8FFB6078
:105B300000BF00BFFDE700F03FF97B69DB693B6117
:105B400000F06CF93B6918461837BD4680BD00006F
:105B500080B485B000AFF860B9607A60FB68043B40
:105B6000FB60FB684FF080721A60FB68043BFB60CF
:105B7000BB6823F00102FB681A60FB68043BFB6012
:105B80000C4AFB681A60FB68143BFB607A68FB6890
:105B90001A60FB68043BFB60FB686FF002021A604E
:105BA000FB68203BFB60FB6818461437BD465DF878
:105BB000047B7047B95B010880B485B000AF002357
:105BC0007B60134B1B68B3F1FF3F0BD04FF05003CA
:105BD00083F31188BFF36F8FBFF34F8FFB6000BF5C
:105BE00000BFFDE74FF0500383F31188BFF36F8FC1
:105BF000BFF34F8FBB6000BF00BF7B68002BFCD0A2
:105C000000BF00BF1437BD465DF8047B704700BF7E
:105C10001000002400000000000000000000000050
:105C2000074B19680868B0E8F04F80F30988BFF3A4
:105C30006F8F4FF0000080F311887047AFF3008042
:105C4000B813002400BF00BF08480068006880F354
:105C500008884FF0000080F3148862B661B6BFF385
:105C60004F8FBFF36F8F00DF00BF00BF08ED00E074
:105C700080B586B000AF474B1B68474A93420BD1B3
:105C80004FF0500383F31188BFF36F8FBFF34F8F33
:105C9000FB6000BF00BFFDE73E4B1B683F4A9342DD
:105CA0000BD14FF0500383F31188BFF36F8FBFF315
:105CB0004F8F3B6100BF00BFFDE7394B7B617B69C4
:105CC0001B78DBB27B607B69FF221A707B691B78D3
:105CD000DBB2FB70FB78DBB203F05003DAB2314B7E
:105CE0001A70314B07221A6009E02F4B1B68013BE9
:105CF0002D4A1360FB78DBB25B00DBB2FB70FB78F4
:105D0000DBB203F08003802BEFD0274B1B68C3F17D
:105D10000703042B0BD04FF0500383F31188BFF31C
:105D20006F8FBFF34F8FBB6000BF00BFFDE71E4BFF
:105D30001B681B021C4A13601B4B1B6803F4E063C7
:105D4000194A13607B68DAB27B691A70174B1B68BB
:105D5000164A43F470031360144B1B68134A43F054
:105D60007043136000F0DAF8114B00221A6000F063
:105D7000F9F8104B1B680F4A43F040431360FFF7DC
:105D800063FFFEF767FCFFF717FF0023184618377D
:105D9000BD4680BD00ED00E071C20F4170C20F41F1
:105DA00000E400E0E4190024E819002420ED00E0FC
:105DB0001000002434EF00E080B483B000AF4FF057
:105DC000500383F31188BFF36F8FBFF34F8F7B6056
:105DD00000BF104B1B6801330E4A13600D4B1B684C
:105DE000012B10D10C4B1B68DBB2002B0BD04FF0FA
:105DF000500383F31188BFF36F8FBFF34F8F3B6066
:105E000000BF00BFFDE700BF0C37BD465DF8047B57
:105E1000704700BF1000002404ED00E080B483B0A0
:105E200000AF124B1B68002B0BD14FF0500383F3D4
:105E30001188BFF36F8FBFF34F8F7B6000BF00BF30
:105E4000FDE70A4B1B68013B084A1360074B1B68C0
:105E5000002B05D100233B603B6883F3118800BF12
:105E600000BF0C37BD465DF8047B7047100000246E
:105E7000EFF30980BFF36F8F154B1A681EF0100FF8
:105E800008BF20ED108A20E9F04F10602DE90900CD
:105E90004FF0500080F31188BFF34F8FBFF36F8F27
:105EA000FEF7D8FB4FF0000080F3118809BC196899
:105EB0000868B0E8F04F1EF0100F08BFB0EC108A71
:105EC00080F30988BFF36F8F704700BFAFF3008086
:105ED000B813002400BF00BF80B582B000AF4FF000
:105EE000500383F31188BFF36F8FBFF34F8F7B6035
:105EF00000BFFEF7F5FA0346002B03D0064B4FF028
:105F000080521A6000233B603B6883F3118800BF16
:105F100000BF0837BD4680BD04ED00E080B400AF8F
:105F20000B4B00221A600B4B00221A600A4B1B68B5
:105F30000A4AA2FB03239B09094A013B1360044B55
:105F400007221A6000BFBD465DF8047B704700BFA2
:105F500010E000E018E000E000000024D34D6210E3
:105F600014E000E0DFF80C00016841F4700101600A
:105F7000704700BF88ED00E080B485B000AFEFF35C
:105F80000583FB60FB680F2B15D9184AFB68134487
:105F90001B78FB72164B1B78FA7A9A420BD24FF0A1
:105FA000500383F31188BFF36F8FBFF34F8F7B6074
:105FB00000BF00BFFDE70F4B1B6803F4E0620E4B10
:105FC0001B689A420BD94FF0500383F31188BFF33B
:105FD0006F8FBFF34F8F3B6000BF00BFFDE700BF77
:105FE0001437BD465DF8047B704700BFF0E300E066
:105FF000E41900240CED00E0E819002480B58AB013
:1060000000AF78600023FB61FEF79CF95C4B1B68D6
:10601000002B01D100F024F95A4B1A687B68134019
:10602000002B40F095807B68002B1ED008227B68F7
:1060300013447B607B6803F00703002B15D07B685B
:1060400023F0070308337B607B6803F00703002B12
:106050000BD04FF0500383F31188BFF36F8FBFF362
:106060004F8F7B6100BF00BFFDE77B68002B6FD0C7
:10607000454B1B687A689A426AD8444B3B62434B53
:106080001B687B6204E07B6A3B627B6A1B687B6205
:106090007B6A5B687A689A4203D97B6A1B68002B2B
:1060A000F1D1374B1B687A6A9A4251D03B6A1B6820
:1060B00008221344FB617B6A1A683B6A1A607B6A98
:1060C0005A687B68D21A08235B009A4220D97A6A00
:1060D0007B681344BB61BB6903F00703002B0BD043
:1060E0004FF0500383F31188BFF36F8FBFF34F8FCF
:1060F0003B6100BF00BFFDE77B6A5A687B68D21A2C
:10610000BB695A607B6A7A685A60B86900F00CF91A
:106110001D4B1A687B6A5B68D31A1B4A13601A4BC3
:106120001A681B4B1B689A4203D2174B1B68184A0C
:1061300013607B6A5A68134B1B681A437B6A5A6068
:106140007B6A00221A60134B1B680133114A1360EB
:10615000FEF706F9FB6903F00703002B0BD04FF0A5
:10616000500383F31188BFF36F8FBFF34F8FFB6032
:1061700000BF00BFFDE7FB6918462837BD4680BD5C
:10618000B4EE0124C8EE0124B8EE0124ACEE0124E3
:10619000BCEE0124C0EE012480B586B000AF78606B
:1061A0007B687B617B68002B4FD008235B427A6958
:1061B00013447B617B693B613B695A68254B1B68D3
:1061C0001340002B0BD14FF0500383F31188BFF322
:1061D0006F8FBFF34F8FFB6000BF00BFFDE73B69D0
:1061E0001B68002B0BD04FF0500383F31188BFF3D3
:1061F0006F8FBFF34F8FBB6000BF00BFFDE73B69F0
:106200005A68144B1B681340002B1ED03B691B6857
:10621000002B1AD13B695A680E4B1B68DB431A40AE
:106220003B695A60FEF78EF83B695A680A4B1B6857
:106230001344094A1360386900F076F8074B1B686D
:106240000133064A1360FEF78BF800BF1837BD46CE
:1062500080BD00BFC8EE0124B8EE0124C4EE0124C5
:1062600080B485B000AF294BBB60294BFB60FB6855
:1062700003F00703002B0CD0FB680733FB60FB68BF
:1062800023F00703FB60BA68FB68D31A204A134463
:10629000BB60FB687B601F4A7B6813601D4B00225C
:1062A0005A607B68BA681344FB600822FB689B1A3B
:1062B000FB60FB6823F00703FB60FB68164A136072
:1062C000154B1B6800225A60134B1B6800221A6092
:1062D0007B683B603B68FA68D21A3B685A600E4B99
:1062E0001A683B681A603B685B680C4A13603B683D
:1062F0005B680B4A13600B4B4FF000421A6000BF03
:106300001437BD465DF8047B704700BFC0D4010060
:10631000EC190024ACEE0124B4EE0124BCEE0124FF
:10632000B8EE0124C8EE012480B485B000AF7860D7
:10633000284BFB6002E0FB681B68FB60FB681B6886
:106340007A689A42F7D8FB68BB60FB685B68BA68FA
:1063500013447A689A4208D1FB685A687B685B6884
:106360001A44FB685A60FB687B607B68BB607B6893
:106370005B68BA681A44FB681B689A4218D1FB68CC
:106380001A68154B1B689A420DD07B685A68FB68E7
:106390001B685B681A447B685A60FB681B681A6854
:1063A0007B681A6008E00C4B1A687B681A6003E08F
:1063B000FB681A687B681A60FA687B689A4202D0A8
:1063C000FB687A681A6000BF1437BD465DF8047B2D
:1063D000704700BFACEE0124B4EE012480B483B05A
:1063E00000AF7860044A7B681A607B6818460C37F7
:1063F000BD465DF8047B7047ACE1030880B483B010
:1064000000AF786000BF0C37BD465DF8047B704775
:1064100080B483B000AF7860396000BF0C37BD46F0
:106420005DF8047B704780B582B000AF78607B6810
:106430000833184600F086FD00BF0837BD4680BD12
:1064400080B483B000AF78607B6818460C37BD46D7
:106450005DF8047B704780B485B000AFF8600B46F0
:106460007A60FB7200BF1437BD465DF8047B70474D
:1064700080B483B000AF78600B46FB7000231846F1
:106480000C37BD465DF8047B704780B582B000AF25
:1064900078600B46FB707B689A68FB78DB001344DE
:1064A0001B681B687A689168FA78D2000A44104623
:1064B0009847034618460837BD4680BD80B582B070
:1064C00000AF78600B46FB707B689A68FB78DB0056
:1064D00013441B6804331B687A689168FA78D20009
:1064E0000A4410469847034618460837BD4680BD03
:1064F00080B483B000AF78600B46FB700023184671
:106500000C37BD465DF8047B704780B485B000AFA2
:10651000F8607A603B600B46FB7200231846143724
:10652000BD465DF8047B704780B485B000AFF8606D
:106530000B467A60FB7200BF1437BD465DF8047BE2
:10654000704780B485B000AFF8600B467A60FB728C
:10655000002318461437BD465DF8047B704780B5AC
:1065600082B000AF78607B68184600F027FD7B683A
:10657000A433184600F022FD7B6818460837BD4654
:1065800080BD80B582B000AF78607B680833184664
:10659000FFF756FF7B6818460837BD4680BD0000F0
:1065A00080B483B000AF7860044A7B681A607B686F
:1065B00018460C37BD465DF8047B704750E1030870
:1065C00080B582B000AF78607868FFF7E9FF0421FA
:1065D000786822F027FA7B6818460837BD4680BDE8
:1065E00080B582B000AF7860054A7B681A607B682E
:1065F0001846FFF7D5FF7B6818460837BD4680BDB3
:106600002CE1030880B582B000AF78607868FFF7AE
:10661000E7FF7021786822F005FA7B681846083792
:10662000BD4680BD80B582B000AF78607B681846FB
:10663000FFF795FF7B6803F5A4731846FFF7A1FFEA
:106640007B6803F5BA73184601F02AFD7A6841F2B7
:10665000BC531344184601F097F97A6841F2D0739D
:10666000134418461CF024FF7B6803F5DF531846DB
:106670001DF039FA7A6841F618531344184600F0B1
:10668000C5FC7B6818460837BD4680BD84B0F0B5B0
:10669000C5B006AF786007F58A7080E80E007B68A9
:1066A00007F58A7403F5A47C04F1200E654626469E
:1066B0000FCE28606960AA60EB6010340CF1100CFA
:1066C0007445F3D16246234603CB106051601B88AA
:1066D00013817F4A7B6813607B68D3F84831FB6382
:1066E0007B6803F5BA73F96B184601F0F1FC7B681F
:1066F00003F5BA74774B3B6600237B6607F14000D5
:1067000007F160030CCB796800F09AFC07F14003B5
:106710001A460121204601F071FD7B6803F5BA7429
:106720006D4BC7F888300023C7F88C3007F168003C
:1067300007F188030CCB796800F082FC07F168034D
:106740001A460221204601F059FD7B6803F5BA7410
:10675000624BC7F8B0300023C7F8B43007F190009F
:1067600007F1B0030CCB796800F06AFC07F19003E5
:106770001A460321204601F041FD7B68B3F86641CB
:10678000574BC7F8D8300023C7F8DC3007F1B80002
:1067900007F1D8030CCB796800F086FC07F1B80349
:1067A0001946204621F0D6FE07F11C0320220021C5
:1067B000184624F0E3FD4B4B3B624B4B7B620A23B4
:1067C0003B857B68D3F84C31FB617B68D3F858314B
:1067D000FB627B68B3F85C313B867B68D3F8603141
:1067E0007B637B68B3F864313B877B6841F2BC56BE
:1067F0001E446D4607F128040FCC0FC523682B609B
:1068000007F11C030ECB304601F0D6F87B6803F588
:10681000AF50364BC7F8E0300023C7F8E43007F13B
:10682000E0030CCB796800F073FC7B6841F2AC604C
:1068300018442F4BC7F8E8300023C7F8EC3007F1B5
:10684000E8030CCB796800F086FC7B6841F2F060CD
:106850001844284BC7F8F0300023C7F8F43007F18C
:10686000F0030CCB796800F053FC234A0021234845
:10687000EEF7BEF9224BBB617A6841F2D073134444
:10688000B96918461CF0AEFE07F10C0300221A602D
:106890005A609A600223BB757B68D3F86831FB604D
:1068A0007B68D3F86C313B617B68B3F87031BB8295
:1068B0007B6803F5DF5007F10C030ECB1DF022F9C6
:1068C00000BFFC37BD46BDE8F04004B0704700BFD4
:1068D000DC02022485690108716A01084D6B010818
:1068E00049690108D8F20124D0FA0124A56C0108F5
:1068F0001D6D0108C56C0108596D0108D80A0024F6
:106900000C02002480B582B000AF78607B6803F58C
:10691000BA73184601F008FC7A6841F2BC5313447C
:10692000184601F0A9F87A6841F2D073134418466A
:106930001CF048FF7B6803F5DF5318461DF07EF915
:1069400000BF0837BD4680BD80B582B000AF78601B
:106950007B6803F5BA73184601F000FC00BF0837E6
:10696000BD4680BD80B582B000AF78607A6841F2E4
:10697000BC531344184601F08DF800BF0837BD46DC
:1069800080BD000080B584B000AF786039603B689E
:106990005A7A3B689B7A1946104621F0E7FC034679
:1069A000FB81FB89DBB219462F4800F0F7FB034659
:1069B00083F00103DBB2002B05D00222396878682E
:1069C00000F042F94CE0FB89DBB21946264800F0A2
:1069D000FCFB0346022B0AD0FB89DBB21946224896
:1069E00000F0F3FB0346042B01D0012300E0002359
:1069F000002B05D006223968786800F025F92FE0D1
:106A0000FB89DBB21946184800F008FC03461A4619
:106A10003B681B8A9A4214BF01230023DBB2002B80
:106A20001DD1FB89D9B23B68DB681A460E4800F0DD
:106A300010FC3B681A7A0D4B1A723B685A7A0B4B62
:106A40001A723B689A7A094B1A72084B03221A7021
:106A5000064B0122DA72054B00221A8200E000BFC9
:106A60001037BD4680BD00BFCCEE0124C802022411
:106A700080B584B000AF786039603B685A7A3B6873
:106A80009B7A1946104621F071FC0346FB81FB8975
:106A9000DBB219462B4800F081FB034683F001036B
:106AA000DBB2002B05D002223968786800F0CCF800
:106AB00045E0FB89DBB21946224800F086FB03461D
:106AC000032B0AD0FB89DBB219461E4800F07DFB80
:106AD0000346042B01D0012300E00023002B05D046
:106AE00006223968786800F0AFF828E0FB89DBB24D
:106AF000154AD2681946134800F0D3FB0346BB8100
:106B0000BB89002B1BD03B681A7A0F4B1A723B686B
:106B10005A7A0D4B5A723B689A7A0B4B9A720A4B0F
:106B20000122DA72084B03221A70074ABB891382CA
:106B30007B6803F5BA730449184601F01DFB103752
:106B4000BD4680BDCCEE0124C802022480B584B0CD
:106B500000AF786039603B685A7A3B689B7A194687
:106B6000104621F003FC0346FB81FB89DBB219468A
:106B7000334800F013FB034683F00103DBB2002B24
:106B800005D002223968786800F05EF855E0FB898C
:106B9000DBB219462A4800F041FB03461A463B681F
:106BA0001B8A9A4214BF01230023DBB2002B05D0BD
:106BB00005223968786800F047F83EE0FB89DBB2CF
:106BC00019461F4800F001FB0346012B14BF0123A7
:106BD0000023DBB2002B05D006223968786800F06C
:106BE00033F82AE0FB89D9B23B68DA68154BDB68D9
:106BF000134800F081FB03467B737B7B002B1CD08A
:106C00003B681A7A0F4B1A723B685A7A0D4B5A72CC
:106C10003B689A7A0B4B9A720A4B0122DA72094B43
:106C200003221A707B7B9AB2064B1A827B6803F5AB
:106C3000BA730449184601F09FFA1037BD4680BD6B
:106C4000CCEE0124C802022480B584B000AFF86005
:106C5000B9601346FB71BB681A7A114B1A72BB6894
:106C60005A7A0F4B5A72BB689A7A0D4B9A720C4B38
:106C700003221A700A4B0022DA72094B01221A828F
:106C8000074BDB68FA791A70FB6803F5BA7304499D
:106C9000184601F071FA00BF1037BD4680BD00BF35
:106CA000C802022480B582B000AF78600B467B80BA
:106CB0007B687A881146184600F048FB00BF083709
:106CC000BD4680BD80B582B000AF78600B467B804A
:106CD0007B68A4337A881146184600F037FB00BF62
:106CE0000837BD4680BD000080B582B000AF786037
:106CF0007B6803F5A873184621F01BFC054B1B6845
:106D0000002B02D0044820F014FA00BF0837BD461B
:106D100080BD00BFD8F20124288B022480B483B048
:106D200000AF786000BF0C37BD465DF8047B70474C
:106D300080B582B000AF786039603968044A4FF49A
:106D4000FF630448ECF75CF800BF0837BD4680BD20
:106D5000D8F20124D80A002480B582B000AF786050
:106D6000044B1B681846FFF7BFFF00BF0837BD463E
:106D700080BD00BFDC02022480B588B000AF78601F
:106D800039603B681B6808331B6807F10C023968DF
:106D9000104698477B6803F5BA7307F10C02114659
:106DA000184601F0E9F900BF2037BD4680BD80B527
:106DB000A0B000AFF8607A603B600B46FB72FA68E7
:106DC00041F61853134407F114021946104600F017
:106DD000E3FA07F11403581C3B687A68642124F035
:106DE00087FAF867FB7A3B75FA6841F61853134443
:106DF00007F114021146184600F0E1FAFB6F002B70
:106E00000ADDFB6F632B07DCFA6841F61853134465
:106E10001946F868FFF7B0FF00BF8037BD4680BD58
:106E20000FB480B582B000AF0A4B1B68002B09D0AD
:106E300007F114037B60074B18687B683A690021EF
:106E4000FFF7B5FF00BF0837BD46BDE8804004B07E
:106E5000704700BFDC0202240FB480B582B000AFDF
:106E60000A4B1B68002B09D007F114037B60074B0A
:106E700018687B683A690121FFF799FF00BF08375E
:106E8000BD46BDE8804004B0704700BFDC0202246C
:106E90000FB480B582B000AF0A4B1B68002B09D03D
:106EA00007F114037B60074B18687B683A6902217D
:106EB000FFF77DFF00BF0837BD46BDE8804004B046
:106EC000704700BFDC0202240FB480B582B000AF6F
:106ED0000A4B1B68002B09D007F114037B60074B9A
:106EE00018687B683A690321FFF761FF00BF083724
:106EF000BD46BDE8804004B0704700BFDC020224FC
:106F000080B582B000AF7860064B1B68002B05D0BF
:106F1000044B1B6879681846FFF72EFF00BF08373F
:106F2000BD4680BDDC02022480B582B000AF78602F
:106F300039603968786800F052FA7B68184608377B
:106F4000BD4680BD80B582B000AF7860786800F043
:106F500057FA00BF0837BD4680BD000080B483B03B
:106F600000AF7860044A7B681A607B6818460C376B
:106F7000BD465DF8047B704774E1030880B582B0BC
:106F800000AF78600B46FB707B681846FFF7E6FFA2
:106F9000094A7B681A607B680C334FF480620021D9
:106FA000184624F0EBF9FB789AB27B689A807B68EC
:106FB00018460837BD4680BD04E10308B0B582B06D
:106FC00000AF78607B6800221A607B680433042479
:106FD0001D4604E0284600F039FA013C2035002C1B
:106FE000F8DA7B6818460837BD46B0BD80B483B078
:106FF00000AF7860044A7B681A607B6818460C37DB
:10700000BD465DF8047B704750E1030880B582B04F
:1070100000AF78607B681846FFF7E8FF074A7B6897
:107020001A607B68083365220021184624F0A6F90F
:107030007B6818460837BD4680BD00BF2CE10308B9
:10704000B0B58AB000AFF860B960394681E80C008D
:10705000FB681846FFF7C2F9124AFB681A60FB6822
:1070600000221A71FB6808330021184600F00CFA60
:1070700007F110003B460CCBB96800F013FAFB682F
:1070800003F1080407F110050FCD0FC495E80300C4
:1070900084E80300FB6801221A71FB681846283750
:1070A000BD46B0BD64E10308B0B58AB000AFF8607A
:1070B000B960394681E80C00FB681846FFF78EF985
:1070C000124AFB681A60FB6800221A71FB680833D9
:1070D00000211846FFF728FF07F110003B460CCBB4
:1070E000B96800F0F2F9FB6803F1080407F1100534
:1070F0000FCD0FC495E8030084E80300FB6801226C
:107100001A71FB6818462837BD46B0BD9CE10308DC
:1071100080B584B000AFF860B960394681E80C00F2
:10712000FB681B68012B11DCFB681B685B01FA68BC
:107130001344181D3B460CCBB96800F0D9F9FB6825
:107140001B685A1CFB681A60012300E000231846E4
:107150001037BD4680BD80B584B000AFF860B9601F
:10716000394681E80C00FB681B68012B11DCFB68C9
:107170001B685B01FA681344181D3B460CCBB968C9
:1071800000F0D7F9FB681B685A1CFB681A600123E2
:1071900000E0002318461037BD4680BD80B483B0A0
:1071A00000AF78600B46FB70FB787A6802339B0077
:1071B00013445B68002B01D0012300E00023184634
:1071C0000C37BD465DF8047B704780B582B000AFD8
:1071D00078600B46FB707B681B6804331B68FA7889
:1071E0001146786898470346002B12D0FB787A68DE
:1071F00002339B0013445B681B6818331A68FB78E2
:10720000796802339B000B445B681846904703463D
:1072100000E0002318460837BD4680BD80B582B027
:1072200000AF78600B46FB70FB787A6802339B00F6
:1072300013445B681B681A68FB78796802339B000B
:107240000B445B6818469047034618460837BD460E
:1072500080BD80B584B000AFF8600B467A60FB72E9
:10726000FB681B6804331B68FA7A1146F868984774
:107270000346002B11D0FB7AFA6802339B001344BB
:107280005B681B6810331A68FB7AF96802339B004D
:107290000B445B6879681846904700BF1037BD46BD
:1072A00080BD80B584B000AFF8600B467A60FB7299
:1072B000FB681B6804331B68FA7A1146F868984724
:1072C0000346002B13D0FB7AFA6802339B00134469
:1072D0005B681B6814331A68FB7AF96802339B00F9
:1072E0000B445B68796818469047034600E000232A
:1072F00018461037BD4680BD90B585B000AFF86028
:107300007A603B600B46FB72FB7AFA6802339B00A3
:1073100013445B68002B14D0FB7AFA6802339B009D
:1073200013445B681B680C331C68FB7AFA680233F1
:107330009B0013445B683A6879681846A047034687
:1073400000E0002318461437BD4690BD80B584B0D8
:1073500000AF78600B467B800023FB6014E07A6806
:10736000FB685B01134408331B78002B09D0FB68D2
:107370005B017A68134404337A881146184600F09A
:10738000F9F8FB680133FB60FB68042BE7DD00BF05
:1073900000BF1037BD4680BD80B582B000AF7860B9
:1073A00039603B6808337A681046194665231A46E7
:1073B00024F08CF800BF78680837BD4680BD80B5E2
:1073C00082B000AF786039607B6808336522396825
:1073D000184624F07BF800BF0837BD4680BD80B456
:1073E00083B000AF786039607B683A681A607B6868
:1073F00000225A6100BF0C37BD465DF8047B704720
:1074000080B582B000AF78607B685B69002B07D1E4
:107410007B681B68002B03D07B681B68984711E0D2
:107420007B685B69002B0CD07B681B68002B08D045
:107430007B685B697A6810687A68043211469847FD
:1074400000E000BF0837BD4680BD000080B582B0B7
:1074500000AF78607B681846FEF7C0FF094A7B687A
:107460001A607B6800221A717B6808330021184675
:1074700000F091F87B6800221A717B681846083783
:10748000BD4680BD40E1030880B582B000AF7860A2
:1074900039603968786800F08CF87B6818460837DE
:1074A000BD4680BD80B584B000AFF860B960394694
:1074B00081E80C003B460CCBB968F86800F08AF80C
:1074C000FB6818461037BD4680BD80B584B000AF5C
:1074D000F860B960394681E80C003B460CCBB968CE
:1074E000F86800F095F8FB6818461037BD4680BD77
:1074F000B0B58AB000AFF860B960394681E80C00D9
:1075000007F110003B460CCBB96800F09FF8FB6810
:1075100003F1080407F110050FCD0FC495E803002F
:1075200084E80300FB6801221A7100BF2837BD46BA
:10753000B0BDB0B58AB000AFF860B960394681E837
:107540000C0007F110003B460CCBB968FFF7BDFFFC
:10755000FB6803F1080407F110050FCD0FC495E88F
:10756000030084E80300FB6801221A7100BF28377A
:10757000BD46B0BD80B582B000AF78600B467B8061
:107580007B6808337A881146184600F072F800BF0D
:107590000837BD4680BD80B582B000AF78603960E5
:1075A0003968786800F074F87B6818460837BD467B
:1075B00080BD80B483B000AF786039607B683A6882
:1075C0001A607B6800225A6100BF0C37BD465DF827
:1075D000047B704780B485B000AFF860B96039466D
:1075E00081E80C00FB68BA681A60FB6804331A462D
:1075F0003B4693E8030082E80300FB68034A5A61B4
:1076000000BF1437BD465DF8047B7047B3760108B0
:1076100080B485B000AFF860B960394681E80C00ED
:10762000FB68BA681A60FB6804331A463B4693E865
:10763000030082E80300FB68034A5A6100BF143765
:10764000BD465DF8047B70470977010880B584B0BA
:1076500000AFF860B960394681E80C003B460CCBBE
:10766000B968F86800F07AF8FB6818461037BD462C
:1076700080BD80B582B000AF78600B467B807B8890
:107680001946786800F088F800BF0837BD4680BD0D
:1076900080B483B000AF786039607B683A681A6064
:1076A0007B6800225A6100BF0C37BD465DF8047B41
:1076B000704780B586B000AFF860B9607A60FB684B
:1076C0007B61BB683B613B695B6803F00103002B96
:1076D0000BD03B695B685B101A467B6913441B68DF
:1076E0003A69126813441B6801E03B691B683A69F8
:1076F0005268521011467A690A44796810469847D0
:1077000000BF1837BD4680BD80B584B000AF78603B
:1077100039607B68FB603B68BB60BB685B6803F0FB
:107720000103002B0BD0BB685B685B101A46FB683B
:1077300013441B68BA68126813441B6801E0BB68F5
:107740001B68BA68526852101146FA680A4410461B
:10775000984700BF1037BD4680BD000080B485B09B
:1077600000AFF860B960394681E80C00FB68BA6880
:107770001A60FB6804331A463B4693E8030082E82C
:107780000300FB68034A5A6100BF1437BD465DF829
:10779000047B7047EB77010880B582B000AF78605A
:1077A0000B467B807B685B69002B09D17B681B687B
:1077B000002B05D07B681B687A881046984711E03B
:1077C0007B685B69002B0CD07B681B68002B08D0A2
:1077D0007B685B697A6810687A68111D7A889847B7
:1077E00000E000BF0837BD4680BD80B586B000AF61
:1077F000F860B9601346FB80FB687B61BB683B6146
:107800003B695B6803F00103002B0BD03B695B68AD
:107810005B101A467B6913441B683A69126813446B
:107820001B6801E03B691B683A69526852101146B7
:107830007A690A44F9881046984700BF1837BD4650
:1078400080BD000080B500AF01210248FFF796FB24
:1078500000BF80BDCCEE012480B485B000AFF860DD
:107860000B467A60FB72FB7AFA6802339B00134482
:107870007A685A6000BF1437BD465DF8047B7047D4
:1078800080B582B000AF78600B46FB70FB787A68F9
:1078900002339B0013445B681B6804331A68FB784F
:1078A000796802339B000B445B6818469047034697
:1078B00018460837BD4680BD80B483B000AF7860FD
:1078C00039607B6805221A707B6801221A727B6816
:1078D00000225A727B68DD229A727B680022DA727B
:1078E0003B6803F108027B68DA607B6865221A82D4
:1078F00000BF78680C37BD465DF8047B704780B5E3
:1079000000AFFFF79FFF80BD80B582B000AF786009
:107910007B681846FEF762FD094A7B681A607B683F
:1079200000221A717B68083300211846FFF7FCFA21
:107930007B6800221A717B6818460837BD4680BDF7
:107940009CE1030880B582B000AF78607B68184680
:1079500000F0FAF97B684433184600F0F5F97B68CB
:107960008833184600F008FA7B68CC33184600F0DC
:1079700003FA7B6803F58873184600F0E5F97B6825
:1079800018460837BD4680BD80B582B000AF78602C
:107990007B68002283F820207B6824331846FFF799
:1079A000D1FF7B6803F5C07318461FF043FC7B686A
:1079B00018460837BD4680BD84B0B0B59AB000AF58
:1079C000786007F17C0080E80E007B681D4607F1B7
:1079D0007C040FCC0FC594E80F0085E80F007B688E
:1079E0001B68FB607B681B693B617B685B687B6134
:1079F0007B6803F5C07007F10C030ECB1FF028FC69
:107A00007B6803F5C0741A4BBB630023FB6307F16B
:107A1000180007F138030CCB796800F0C5F907F1BD
:107A200018031A46002120461FF09EFC7B6803F5D0
:107A3000C074104B3B6600237B6607F1400007F1E2
:107A400060030CCB796800F0AFF907F140031A46E8
:107A5000012120461FF088FC7B68002283F80C225D
:107A600000BF6837BD46BDE8B04004B0704700BFF6
:107A7000D57B0108517C010880B582B000AF7860E9
:107A80007B6803F5C07318461FF02CFC00BF083755
:107A9000BD4680BD80B582B000AF78607B6803F5DD
:107AA000C07318461FF028FC786800F004F800BF87
:107AB0000837BD4680BD80B582B000AF78607B6876
:107AC000002283F878217B68002283F879217B6883
:107AD000002283F87A217B68002283F87B217B686F
:107AE0000022A3F80E227B68002283F80C227B6818
:107AF000012283F820207B6803F5C0707B6803F5C2
:107B0000BC73042219461FF009FC00BF0837BD46AC
:107B100080BD90B583B000AF78607B6803F5C0701E
:107B20007B6859687B689B891A46520013441A4641
:107B300014011A46234613449B009AB27B689B6843
:107B40001FF0FEFB00BF0C37BD4690BD80B582B074
:107B500000AF78600B467B807B8819460C48FFF7A6
:107B60007BF97B687A88A3F80E227B6803F5C070E6
:107B70007B6819697B881A46520013449B009BB2AC
:107B80001A461FF0CBFB00BF0837BD4680BD00BFC3
:107B90000CD4030880B582B000AF78600B467B80C0
:107BA0007B8819460A48FFF757F97B687A88A3F85B
:107BB00010227B6803F5C0707B6899697B88DB00C5
:107BC0009BB21A461FF0AAFB00BF0837BD4680BD16
:107BD00034D4030880B582B000AF78607B6893F836
:107BE0002030012B03D1786800F04CF82CE07B6842
:107BF00093F82030022B11D17B68012283F82020DA
:107C00007868FFF758FF7B6803F124027B68B3F8BC
:107C10000E321946104600F0FBF815E07B6893F829
:107C20002030042B10D17B68012283F82020786853
:107C3000FFF741FF7B6803F59A727B68B3F8103257
:107C40001946104600F0E4F800BF0837BD4680BD75
:107C500080B582B000AF78607B6893F82030032B4A
:107C60000BD17B68012283F820207868FFF723FF7F
:107C70007B68F033184600F0F1F800BF0837BD46C6
:107C800080BD000080B586B002AF78607B6893F855
:107C90007831662B17D07B6893F8783119467B686A
:107CA00093F879311A467B6893F87A3118467B68E5
:107CB00093F87B31009303462248FFF705F9786873
:107CC000FFF7F9FE3BE07B6893F87931FB737B6843
:107CD00003F5BD73184620F061FB0346BB81FB7BB7
:107CE000012B0BD17B68002283F80C227B680322D6
:107CF00083F820207868FFF70CFF20E0FB7B022B45
:107D00000DD17B68BA89A3F80E227B68022283F822
:107D10002020BB8919467868FFF718FF0FE0FB7B2E
:107D2000032B0CD17B68BA89A3F810227B6804224C
:107D300083F82020BB8919467868FFF72BFF10379E
:107D4000BD4680BD54D40308B0B582B000AF7860A2
:107D50007B6800221A607B68043301241D4604E01E
:107D60002846FFF773FB013C2035002CF8DA7B68CE
:107D700018460837BD46B0BDB0B582B000AF7860D8
:107D80007B6800221A607B68043301241D4604E0EE
:107D90002846FFF7B9FD013C2035002CF8DA7B6856
:107DA00018460837BD46B0BDB0B58AB000AFF86020
:107DB000B960394681E80C00FB681846FEF70EFBF7
:107DC000124AFB681A60FB6800221A71FB680833CC
:107DD00000211846FFF7A8F807F110003B460CCB2E
:107DE000B96800F063F8FB6803F1080407F11005B7
:107DF0000FCD0FC495E8030084E80300FB6801225F
:107E00001A71FB6818462837BD46B0BD9CE10308CF
:107E100080B584B000AF78600B467B800023FB60A8
:107E200014E07A68FB685B01134408331B78002B6D
:107E300009D0FB685B017A68134404337A881146E1
:107E40001846FFF797FBFB680133FB60FB68012BCB
:107E5000E7DD00BF00BF1037BD4680BD80B584B0F0
:107E600000AF78600023FB6018E07A68FB685B0174
:107E7000134408331B78002B0DD07A68FB685B0134
:107E8000134404331B681B68FA68520179680A447A
:107E9000043210469847FB680133FB60FB68012BF6
:107EA000E3DD00BF00BF1037BD4680BD80B584B0A4
:107EB00000AFF860B960394681E80C003B460CCB56
:107EC000B968F86800F006F8FB6818461037BD4638
:107ED00080BD000080B485B000AFF860B96039465D
:107EE00081E80C00FB68BA681A60FB6804331A4624
:107EF0003B4693E8030082E80300FB68034A5A61AB
:107F000000BF1437BD465DF8047B7047117F010840
:107F100080B584B000AF786039607B68FB603B68F7
:107F2000BB60BB685B6803F00103002B0BD0BB6830
:107F30005B685B101A46FB6813441B68BA681268DA
:107F400013441B6801E0BB681B68BA685268521092
:107F50001146FA680A441046984700BF1037BD46DC
:107F600080BD80B483B000AF78607B6800229A80C7
:107F70007B6818460C37BD465DF8047B704780B4BB
:107F800000AF00BFBD465DF8047B704780B483B08E
:107F900000AF7860044A7B681A607B6818460C372B
:107FA000BD465DF8047B704718E2030880B483B0D7
:107FB00000AF78600B467B8000BF0C37BD465DF894
:107FC000047B704780B483B000AF7860002318460C
:107FD0000C37BD465DF8047B7047000080B483B069
:107FE00000AF7860064A7B681A607B6800221A71CD
:107FF0007B6818460C37BD465DF8047B704700BFB0
:1080000004E2030880B483B000AF786000BF0C378F
:10801000BD465DF8047B704780B483B000AF7860E4
:10802000396000BF0C37BD465DF8047B704780B4F3
:1080300083B000AF7860002318460C37BD465DF86A
:10804000047B704780B584B000AF78607B68FB60CC
:10805000FCF77EFD0246FB681A60F86800F00CF938
:1080600000BF1037BD4680BD80B582B000AF7860DC
:108070007B68184600F04EFA7B682033184600F003
:1080800049FA7B684033184600F044FA7B68603355
:10809000184600F03FFA7B6818460837BD4680BD99
:1080A00080B582B000AF78607B6800225A607B6840
:1080B0000C33184600F0F0F97A6841F2C8331344E3
:1080C0001846FFF7D1FF7B6818460837BD4680BDCC
:1080D00090B58DB000AF786039607B6803F10C001B
:1080E00039680F4B0CCB00F033FA7B6803F10C04BA
:1080F0000C4BBB620023FB6207F1080007F1280369
:108100000CCB796800F05CFA07F108031A460021ED
:10811000204600F0A9FA00BF3437BD4690BD00BF2D
:1081200014000024BD83010880B582B000AF7860E0
:108130007B680C33184600F0BAFA064A796806489C
:10814000FAF799F802467B689A6000BF0837BD4687
:1081500080BD00BFB4E103084580010880B582B04E
:1081600000AF78607B680C33184600F0B1FA00BFAE
:108170000837BD4680BD000080B582B000AF786092
:108180003960074B1A683B685A607B680C33396862
:10819000184600F0ABFA00BF0837BD4680BD00BFEF
:1081A0002077022480B483B000AF786039607B68A8
:1081B00018460C37BD465DF8047B7047B0B582B0F9
:1081C00000AF786039607B683A6811461846FFF75F
:1081D000E9FF3B681A797B681A717A683B6802F19B
:1081E000080403F108050FCD0FC495E8030084E8E7
:1081F00003007B6818460837BD46B0BD80B584B023
:1082000000AFF8600B467A60FB72FB7A032B2FD825
:1082100001A252F823F000BF298201083B82010825
:108220004D8201085F820108FA6841F2C8331344A5
:1082300079681846FFF7C2FF1AE0FA6841F2E8339E
:10824000134479681846FFF7B9FF11E0FA6841F264
:108250000843134479681846FFF7B0FF08E0FA684E
:1082600041F22843134479681846FFF7A7FF00BF7F
:1082700000BF1037BD4680BD80B582B000AF7860CA
:108280000D4B1B78002B12D00B4B00221A707B6811
:108290001833184600F047FA0346002B14BF012399
:1082A0000023DBB2002B02D0786800F007F8022030
:1082B000FAF77EF8E4E700BF0804022480B582B034
:1082C00000AF786065E07B6818333B49184600F0E2
:1082D00049FA394B1B78013B072B59D801A252F8B8
:1082E00023F000BF0583010825830108918301085D
:1082F00091830108458301084B83010851830108DC
:10830000718301087B6803F5805393F8EC33002BED
:1083100033D07A6841F2E83313442749184600F015
:10832000B4FA2AE07B6803F5805393F80C34002BF1
:1083300025D07A6841F2084313441F49184600F0DB
:10834000A4FA1CE0FFF71BFE1CE0FFF718FE19E083
:108350007B6803F5805393F82C34002B11D07A6896
:1083600041F2284313441449184600F08EFA08E0FD
:1083700011497868FFF700FF04E000BF02E000BF8A
:1083800000E000BFF9F762FF02467B685A6000E038
:1083900000BF7B681833184600F0C5F90346002B70
:1083A00014BF01230023DBB2002B8CD100BF00BF20
:1083B0000837BD4680BD00BFE002022480B483B010
:1083C00000AF7860044B01221A7000BF0C37BD4625
:1083D0005DF8047B704700BF0804022480B483B0BA
:1083E00000AF78607B6803F114027B68DA607B6819
:1083F00018460C37BD465DF8047B704780B483B0E7
:1084000000AF78607B6802221A707B6801225A7084
:108410007B6801229A707B680122DA707B681846BB
:108420000C37BD465DF8047B704780B582B000AF65
:1084300078607B681846FFF7E1FF7B6818460837CD
:10844000BD4680BDB0B582B000AF78607B680924BE
:108450001D4604E02846FFF7C1FF013C9435002C7F
:10846000F8DA7B680A2283F8CB257B681846083740
:10847000BD46B0BD80B582B000AF78607B6818465D
:10848000FFF742FA7B682033184600F043F87B6818
:1084900018460837BD4680BD80B582B000AF786011
:1084A0007B681846FFF79AFD194A7B681A607B685B
:1084B00005331846FFF7B9FF7B680C331846FFF702
:1084C000C1FF7B6803F2EC53184600F0FBF97A68B1
:1084D00041F2703313441846FFF7CCFF7B6803F575
:1084E00080531A460023C2F8B0337B6803F58053EB
:1084F0001A460023C2F8B4337B680022DA727B6824
:1085000000221A717B6818460837BD4680BD00BF3F
:10851000E0E1030880B582B000AF78607B68184660
:10852000FDF75CFF094A7B681A607B6800221A71BC
:108530007B68083300211846FEF7A6FF7B680022FF
:108540001A717B6818460837BD4680BD64E1030890
:1085500090B58FB000AFF860B960394681E80C0083
:10856000FB6805333A461068186092889A80FB6869
:1085700003F2EC50FB68D3F8052013461A46B9689D
:1085800000F0D8F9FB6803F2EC5400233B630123AD
:108590007B6307F1100007F130030CCBF96800F0A2
:1085A00023FB07F110031A460021204600F050FB80
:1085B000FB680122DA7200BF3C37BD4690BD000067
:1085C000B0B58AB000AFF860B960394681E80C00F8
:1085D000FB681846FDF702FF124AFB681A60FB6849
:1085E00000221A71FB68083300211846FEF79CFC34
:1085F00007F110003B460CCBB96800F03EFBFB686E
:1086000003F1080407F110050FCD0FC495E803002E
:1086100084E80300FB6801221A71FB6818462837BA
:10862000BD46B0BD9CE10308B0B582B000AF786034
:1086300039607B683A6811461846FFF7B3FD3B681E
:108640001A797B681A717A683B6802F1080403F1B1
:1086500008050FCD0FC495E8030084E803007B688C
:1086600018460837BD46B0BD80B584B000AFF8608D
:108670000B467A60FB72FB7A022B13D0022B12DCC2
:10868000002B02D0012B09D00DE0FA6841F27033C3
:10869000134479681846FFF7C7FF04E000201FF075
:1086A000EBFE00E000BF00BF1037BD4680BD80B5C7
:1086B00082B000AF78607B6803F2EC53184600F09C
:1086C000EFFA7B680222DA7200BF0837BD4680BD30
:1086D00080B582B000AF78607B6803F2EC53184637
:1086E00000F0FBFA00BF0837BD4680BD80B584B0FE
:1086F00000AF786039607A6841F2F023134419467C
:1087000038681CF0EFFB0346FB737A6841F2F023F4
:108710001344FA7B92B21946786800F0F1FA00BF70
:108720001037BD4680BD80B485B000AF78607B68EF
:1087300093F8C9257B6893F8C835D31ADBB2FB736D
:1087400097F90F30002B06DA7B6893F8CB25FB7B7B
:108750001344DBB2FB73FB7B18461437BD465DF850
:10876000047B704780B584B000AF7860396078686A
:10877000FFF7D9FF0346002B0CBF01230023DBB218
:10878000002B01D000237CE07B6893F8C8351946A4
:108790007A68942301FB03F3134404331A683B689B
:1087A0005A607B6893F8C83519467A68942301FBB0
:1087B00003F3134408331A783B681A727B6893F802
:1087C000C83519467A68942301FB03F3134409332F
:1087D0001A783B685A727B6893F8C83519467A68EC
:1087E000942301FB03F313440A331A783B689A720B
:1087F0007B6893F8C83519467A68942301FB03F324
:1088000013440B331A783B68DA727B6893F8C835E7
:1088100019467A68942301FB03F313441A783B68E2
:108820001A707B6893F8C83519467A68942301FB5F
:1088300003F3134410331A883B681A820023FB6049
:1088400015E07B6893F8C83519467A68942301FBD4
:1088500003F313440C331A68FB681A443B68D96865
:10886000FB680B4412781A70FB680133FB603B68AD
:108870001B8A1A46FB689342E3DB786800F05AFAD9
:10888000012318461037BD4680BD80B582B000AFC9
:10889000786039607B6808333968184600F06BFAF5
:1088A00000BF0837BD4680BD80B582B000AF78609C
:1088B0007B681846FFF728F87B6818460837BD46DE
:1088C00080BD000080B582B000AF78607B6818463C
:1088D000FFF75CFB164A7B681A607B6800221A71FE
:1088E0007B6805331846FFF789FD7B68103318460F
:1088F00000F04EFA7B6803F5AD63184600F048FAC5
:108900007B6803F52C631846FFF7CEFF7B6803F600
:10891000F433184600F060FA7B6803F67C4318468F
:1089200000F05AFA7B6818460837BD4680BD00BF84
:10893000F4E1030880B584B000AFF860B9607A60F4
:10894000FB68BA68DA60FB6805333A1D1068186086
:10895000FB68DB68002B02D101201FF08DFDFB6856
:10896000DB685A491846F5F7C7FEFB68DB68D3F8A1
:1089700080301B68564A934277D0FB68DB68D3F897
:1089800080301B68534A93426FD0FB68DB68D3F892
:1089900080301B68504A934267D0FB68DB68D3F88D
:1089A00080301B684D4A93425FD0FB68DB68D3F888
:1089B00080301B684A4A934257D0FB68DB68D3F883
:1089C00080301B68474A93424FD0FB68DB68D3F87E
:1089D00080301B68444A934247D0FB68DB68D3F879
:1089E00080301B68414A93423FD0FB68DB68D3F874
:1089F00080301B683E4A934237D0FB68DB68D3F86F
:108A000080301B683B4A93422FD0FB68DB68D3F869
:108A100080301B68384A934227D0FB68DB68D3F864
:108A200080301B68354A93421FD0FB68DB68D3F85F
:108A300080301B68324A934217D0FB68DB68D3F85A
:108A400080301B682F4A93420FD0FB68DB68D3F855
:108A500080301B682C4A934207D0FB68DB68D3F850
:108A600080301B68294A93420ED1FB68DB68D3F83B
:108A700080301B681A68FB68DB68D3F880301B689D
:108A800022F008021A600DE0FB68DB68D3F8803042
:108A90001B681A68FB68DB68D3F880301B6822F01B
:108AA00004021A60FB6801221A71194B1B781946DF
:108AB000FB68184A42F82130154B1B780133DAB2B3
:108AC000134B1A7000BF1037BD4680BDED7403080C
:108AD00010000240280002404000024058000240BE
:108AE0007000024088000240A0000240B80002402E
:108AF000100402402804024040040240580402408E
:108B00007004024088040240A0040240B8040240FD
:108B1000D88B0224C48B022480B586B000AF786065
:108B20000023FB754DE07B6803F2FC53184600F010
:108B300079F938617B685B7A002B3AD07B6803F562
:108B4000BB63396918461CF0B0FA0346FB73FB7B24
:108B5000002B35D07B689B7A002B09D07B6803F112
:108B60000C027B6803F5BB631946104600F07FF9E1
:108B70007B6803F5805393F87433002B06D07A6832
:108B800041F2703313441846FDF74DFC7B6803F542
:108B9000805393F89433002B0ED07A6841F29033CF
:108BA00013447A6802F5BB6211461846FFF76DFE62
:108BB00002E0FFF7E4F9FCE7FB7D0133FB7500E021
:108BC00000BF7B6803F2EC53184600F01DF9034622
:108BD000002BCCBF01230023DBB2002BA3D100BFAD
:108BE00000BF1837BD4680BDB0B58AB000AFF86091
:108BF000B960394681E80C00FB681846FDF7EEFBCA
:108C0000124AFB681A60FB6800221A71FB6808337D
:108C100000211846FEF788F907F110003B460CCBFF
:108C2000B96800F03EF9FB6803F1080407F110058C
:108C30000FCD0FC495E8030084E80300FB68012210
:108C40001A71FB6818462837BD46B0BD9CE1030881
:108C500080B584B000AFF8600B467A60FB72FB7A97
:108C6000002B06D1FB6803F52C6379681846FFF7E3
:108C7000DBFC00BF1037BD4680BD80B584B000AFBF
:108C8000F860B960394681E80C003B460CCBB96806
:108C9000F86800F019F9FB6818461037BD4680BD2A
:108CA00080B582B000AF78607B681B79012B02D061
:108CB00002201FF0E1FB7B685B79022B03D178680F
:108CC00000F020F902E003201FF0D6FB7B680222AF
:108CD0001A7100BF0837BD4680BD80B582B000AFB5
:108CE00078607B68DB681846F5F72CFF7B6801220B
:108CF0001A717868FFF7D4FF00BF0837BD4680BD02
:108D000080B584B000AFF860B9601346FB80FB68A3
:108D1000DB7A022B02D001201FF0AEFBFB6803F2CE
:108D2000EC53FA88B968184600F0C4F900BF103750
:108D3000BD4680BD80B483B000AF78607B6893F897
:108D4000C8350133DAB27B6883F8C8257B6893F8AD
:108D5000C8257B6893F8CB359A4203D17B68002203
:108D600083F8C8257B6893F8C83518460C37BD468C
:108D70005DF8047B704780B582B000AF78603960E1
:108D80003968786800F0E6F900BF0837BD4680BD55
:108D9000B0B582B000AF78607B68043309241D460B
:108DA00004E0284600F018F8013C8835002CF8DA79
:108DB0007B680A2283F854257B68002283F85625B5
:108DC0007B68002283F855257B6800221A707B6837
:108DD00018460837BD46B0BD80B582B000AF786098
:108DE0007B681846FFF7BDF87B68063380220021B8
:108DF000184622F0C3FA7B689A1D7B681A607B686C
:108E000018460837BD4680BD80B582B000AF786097
:108E10007B681033184600F0C4F90346184608373B
:108E2000BD4680BD80B584B000AF7860786800F042
:108E3000B8F90346002BD4BF01230023DBB2002B7B
:108E400001D000230FE07B6893F856351A4613468D
:108E50001B011344DB007A6813440433FB60786819
:108E600000F0C6F9FB6818461037BD4680BD80B5D6
:108E700082B000AF786039607B6893F8C9351A46D4
:108E8000942302FB03F37A681344194638681BF0F5
:108E9000EFFF786800F0CBF9034618460837BD4667
:108EA00080BD80B584B000AFF860B960394681E814
:108EB0000C003B460CCBB968F86800F0D9F9FB68A8
:108EC00018461037BD4680BD80B485B000AFF8604D
:108ED000B960394681E80C00FB68BA681A60FB6823
:108EE00004331A463B4693E8030082E80300FB681C
:108EF000034A5A6100BF1437BD465DF8047B7047D2
:108F0000AD92010880B582B000AF78607B681B7AB3
:108F1000002B00F0A7807B68D8687B6803F6FA33E3
:108F200080221946F9F73FF87B68DB68D3F8803078
:108F30001B68504A934277D07B68DB68D3F8803057
:108F40001B684D4A93426FD07B68DB68D3F8803052
:108F50001B684A4A934267D07B68DB68D3F880304D
:108F60001B68474A93425FD07B68DB68D3F8803048
:108F70001B68444A934257D07B68DB68D3F8803043
:108F80001B68414A93424FD07B68DB68D3F880303E
:108F90001B683E4A934247D07B68DB68D3F8803039
:108FA0001B683B4A93423FD07B68DB68D3F8803034
:108FB0001B68384A934237D07B68DB68D3F880302F
:108FC0001B68354A93422FD07B68DB68D3F880302A
:108FD0001B68324A934227D07B68DB68D3F8803025
:108FE0001B682F4A93421FD07B68DB68D3F8803020
:108FF0001B682C4A934217D07B68DB68D3F880301B
:109000001B68294A93420FD07B68DB68D3F8803015
:109010001B68264A934207D07B68DB68D3F8803010
:109020001B68234A93420ED17B68DB68D3F88030FB
:109030001B681A687B68DB68D3F880301B6822F0F5
:1090400008021A6011E07B68DB68D3F880301B6887
:109050001A687B68DB68D3F880301B6822F0040252
:109060001A6002E005201FF007FA00BF0837BD466E
:1090700080BD00BF100002402800024040000240B6
:10908000580002407000024088000240A0000240E8
:10909000B80002401004024028040240400402408C
:1090A000580402407004024088040240A0040240B8
:1090B000B804024080B586B000AFF860B9601346CE
:1090C000FB80FB681B79022B02D004201FF0D4F92F
:1090D000FB685B79022B06D0FB681B7A012B02D060
:1090E00005201FF0C9F9FB68DB79002B22D0FB8833
:1090F000D9B2FB6803F682431A46B8681FF077F8C6
:109100000346FB75FB7DFA681344002283F8822C2A
:10911000FB7D9BB201339AB2FB68A3F8802CFB68FD
:1091200003F5AD62FB6803F67C431946104600F078
:10913000E6F808E0FB6803F5AD63FA88D2B2B968D7
:10914000184600F018F9F86800F04EF900BF18371B
:10915000BD4680BD80B582B000AF786039607B6865
:109160005B69002B08D17B681B68002B04D07B68EF
:109170001B683868984711E07B685B69002B0CD04E
:109180007B681B68002B08D07B685B697A68106875
:109190007A68111D3A68984700E000BF0837BD465D
:1091A00080BD80B485B000AF78607B681B78002BF1
:1091B00002D04FF0FF3315E07B6893F855257B68AC
:1091C00093F85635D31ADBB2FB7397F90F30002BA7
:1091D00006DA7B6893F85425FB7B1344DBB2FB7300
:1091E00097F90F3018461437BD465DF8047B704779
:1091F00080B483B000AF78607B6893F85635013354
:10920000DAB27B6883F856257B6893F856257B682D
:1092100093F854359A4203D17B68002283F856258F
:10922000012318460C37BD465DF8047B704780B4B7
:1092300083B000AF78607B6893F8C9350133DAB248
:109240007B6883F8C9257B6893F8C9257B6893F808
:10925000CB359A4203D17B68002283F8C9257B680D
:1092600093F8C93518460C37BD465DF8047B704746
:1092700080B485B000AFF860B960394681E80C0071
:10928000FB68BA681A60FB6804331A463B4693E8E9
:10929000030082E80300FB68034A5A6100BF1437E9
:1092A000BD465DF8047B70471794010880B584B013
:1092B00000AF786039607B68FB603B68BB60BB686F
:1092C0005B6803F00103002B0BD0BB685B685B108D
:1092D0001A46FB6813441B68BA68126813441B687B
:1092E00001E0BB681B68BA68526852101146FA6800
:1092F0000A441046984700BF1037BD4680BD80B570
:1093000084B000AF786039600023FB6016E03B68F2
:109310001A68FB681A447B6893F8553518467968D3
:1093200003461B010344DB000B4404331968FB684C
:109330000B4412781A70FB680133FB603B689B8812
:109340001A46FB689342E2DB7B6893F85535194671
:109350003B6898887A680B461B010B44DB0013447A
:10936000083302461A80786800F07EF803461846F3
:109370001037BD4680BD80B586B000AFF860B960DB
:109380001346FB8000237B6115E07B69BA681A44B1
:10939000FB6893F855351846F96803461B010344EA
:1093A000DB000B44043319687B690B4412781A7094
:1093B0007B6901337B61FB887A699A42E5DBFB6854
:1093C00093F855351946FA680B461B010B44DB0030
:1093D00013440833FA881A80F86800F045F8034609
:1093E00018461837BD4680BD80B582B000AF7860A2
:1093F00000BF7B68DB68D3F88830202B14BF0123C3
:109400000023DBB2002BF4D1786800F059F800BFDC
:109410000837BD4680BD80B584B000AF7860396044
:109420007B68FB603B68BB60BB685B6803F0010363
:10943000002B0BD0BB685B685B101A46FB681344BB
:109440001B68BA68126813441B6801E0BB681B689C
:10945000BA68526852101146FA680A441046984792
:1094600000BF1037BD4680BD80B483B000AF7860C8
:109470007B6893F855350133DAB27B6883F855255C
:109480007B6893F855257B6893F854359A4203D14D
:109490007B68002283F855257B6893F855257B6807
:1094A00093F856359A4204D17B6801221A70002342
:1094B00000E0012318460C37BD465DF8047B704779
:1094C00080B584B000AF78607B6803F5AD63184663
:1094D000FFF767FE0346002B0CBF01230023DBB21E
:1094E000002B20D17B68DB68D3F88830202B14BF99
:1094F00001230023DBB2002B17D10023BB607B6864
:1095000003F5AD6307F108021146184600F011F8A3
:109510000346FB737B68DB68B968FA7B92B2184636
:10952000F5F7FAF902E000BF00E000BF1037BD46D2
:1095300080BD80B584B000AF786039607868FFF78F
:1095400030FE0346002BD4BF01230023DBB2002BE7
:1095500001D000231EE07B6893F8563519467A68DF
:109560000B461B010B44DB00134404331A683B68B1
:109570001A607B6893F8563519467A680B461B01CA
:109580000B44DB00134408331B88FB737868FFF738
:109590002FFEFB7B18461037BD4680BD80B500AF5F
:1095A0000348FEF71BFF0348FEF718FF00BF80BD0E
:1095B000E00202247403022480B483B000AF786018
:1095C00039607B6803F580531A463B68C2F8B433B0
:1095D00000BF0C37BD465DF8047B704780B483B094
:1095E00000AF78607B6803F58053D3F8B433184636
:1095F0000C37BD465DF8047B704780B582B000AF84
:1096000078600B467B807B88002B31D07B689B7910
:10961000002B0CD07B6803F6FA327B88DBB2013B6F
:10962000DBB2194610461EF079FE03467B807B684C
:109630007A88A3F8F82B7B681B7A002B09D07B680B
:1096400003F110027B6803F6F43319461046FFF766
:1096500056FE7B6893F8C43A002B05D07B6803F56F
:109660002C631846FCF7DFFE7868FFF74BFC00E040
:1096700000BF0837BD4680BD80B483B000AF7860BE
:109680007B68DB6818460C37BD465DF8047B704785
:1096900080B500AFFFF782FF80BD80B582B000AF1C
:1096A00078607B68184620231A46002121F066FE68
:1096B0007B684FF000021A627B6818460837BD4687
:1096C00080BD80B582B000AF78607B6804331846F7
:1096D000FFF7E3FF7B6800225A707B6800221A7054
:1096E0007B6818460837BD4680BD84B0B0B483B0EF
:1096F00000AF786007F11C0080E80E007B681C1D3D
:1097000007F11C050FCD0FC40FCD0FC42B682360CC
:109710007B6801221A7000BF0C37BD46B0BC04B094
:10972000704780B483B000AF78607B6893F90030F5
:10973000002B7B6802221A7000BF0C37BD465DF813
:10974000047B704784B090B58FB004AF786107F1A7
:109750003C0080E80E00B0EE407AF0EE607A87EDD3
:10976000037AC7ED047A4FF00003BB614FF00003AA
:10977000FB617B6993F900300133032B52D801A2BE
:1097800052F823F0B197010895970108A3970108B3
:10979000BF9701084FF00003BB614FF00003FB616E
:1097A00040E04FF00003BB614FF00003FB6139E084
:1097B0004FF00003BB614FF00003FB6132E07B69B7
:1097C0005B78022B12D0022B2CD8002B02D0012B5D
:1097D00007D027E04FF00003BB614FF00003FB61AF
:1097E00020E0FB68BB613B69FB611BE097ED037AFE
:1097F000D7ED047A6C4607F148030FCB84E80F00DD
:1098000007F13C030ECBB0EE470AF0EE670A786929
:1098100000F020F8B0EE407AF0EE607A87ED067A3C
:10982000C7ED077A07F1200307F1180292E8030059
:1098300083E803003A6A7B6A07EE102A07EE903A43
:10984000B0EE470AF0EE670A2C37BD46BDE89040FF
:1098500004B0704784B080B48BB000AF786107F17A
:10986000340080E80E00B0EE407AF0EE607A87EDCA
:10987000037AC7ED047A4FF00003BB614FF0000399
:10988000FB617B6993ED017AD7ED0F7A27EE277A9A
:109890007B69D3ED026AD7ED107A66EEA77A37EED0
:1098A000277A7B69D3ED036AD7ED117A66EEA77A42
:1098B00037EE277A7B69D3ED046AD7ED137A66EE2B
:1098C000A77A77EE277AC7ED067A7B6993ED057A5A
:1098D000D7ED0F7A27EE277A7B69D3ED066AD7EDAD
:1098E000107A66EEA77A37EE277A7B69D3ED076A9E
:1098F000D7ED117A66EEA77A37EE277A7B69D3ED3A
:10990000086AD7ED137A66EEA77A77EE277AC7ED65
:10991000077A97ED067AD7ED037A77EE277AC7EDC7
:10992000067A97ED077AD7ED047A77EE277AC7EDB6
:10993000077A07F1200307F1180292E8030083E891
:1099400003003A6A7B6A07EE102A07EE903AB0EEFF
:10995000470AF0EE670A2C37BD465DF8047B04B079
:10996000704780B483B000AF786000BF0C37BD464D
:109970005DF8047B704780B483B000AF78607B688B
:1099800000225A7000BF0C37BD465DF8047B70475B
:1099900080B582B000AF786039607B6804332022E4
:1099A0003968184621F092FD00BF0837BD4680BDDA
:1099B00080B483B000AF78600B46FB707B6893F98E
:1099C0000030B3F1FF3F08D07B6893F90030002BE3
:1099D00005D07B68FA785A7002E000BF00E000BF53
:1099E0000C37BD465DF8047B704780B483B000AF90
:1099F00087ED010AD7ED017AF0EEE77AB0EE670A5B
:109A00000C37BD465DF8047B704780B582B000AF6F
:109A1000786039607A683B68104603F5A073F822D5
:109A2000194621F053FD78680837BD4680BD80B5E2
:109A300082B000AF78607B68184601F0ABFE7B68AF
:109A400018460837BD4680BD80B582B000AF78604B
:109A50007B6814331846FFF7EAFF7B68002283F81F
:109A600098207B684FF00002C3F89C207B68184662
:109A70000837BD4680BD80B582B000AF78600B4628
:109A8000FB707B681B78002B07D17B68002283F872
:109A90009820786800F0BCF80CE07B6893F8983068
:109AA000FA789A4202D0786800F0B2F87B68FA78C7
:109AB00083F898200837BD4680BD84B0B0B582B029
:109AC00000AF786007F11C0080E80E007B681D463F
:109AD00007F11C040FCC0FC523682B607B681B7833
:109AE000002B03D17B68002283F89820786800F06F
:109AF0008FF800BF0837BD46BDE8B04004B07047DE
:109B000080B582B000AF786087ED000A7B681B7873
:109B1000002B04D07B6893F89830002B02D14FF0D3
:109B200000036EE07B68D3ED047AF5EE407AF1EE47
:109B300010FA21D097ED000AFFF757FFB0EE407AF8
:109B40007B68D3ED047AB4EEE77AF1EE10FACCBF7D
:109B500001230023DBB2002B0ED0786800F058F808
:109B60007B68002283F898207B681433184601F044
:109B700029FE4FF0000344E07B6893ED277A7B6871
:109B8000D3ED026AD7ED007A66EEA76A7B68D3ED63
:109B9000017A66EEA77A77EE277A7B68C3ED277A9B
:109BA0007B68D3ED037AF5EEC07AF1EE10FA25DD8D
:109BB0007B6893ED277A7B68D3ED037AB4EEE77A7E
:109BC000F1EE10FA05DD7B68DA687B68C3F89C204B
:109BD00014E07B6893ED277A7B68D3ED037AF1EE8E
:109BE000677AB4EEE77AF1EE10FA07D57B68D3ED29
:109BF000037AF1EE677A7B68C3ED277A7B68D3F846
:109C00009C3007EE903AB0EE670A0837BD4680BD3B
:109C100080B483B000AF78607B684FF00002C3F877
:109C20009C2000BF0C37BD465DF8047B704780B4B4
:109C300083B000AF78607B6893F8983018460C3793
:109C4000BD465DF8047B704780B483B000AF786098
:109C50007B6800221A767B6800225A767B684FF078
:109C60000002DA617B6818460C37BD465DF8047B5C
:109C7000704780B582B000AF78600B46FB707B68A0
:109C80001B78002B06D17B6800221A76786800F0DA
:109C9000EDF80AE07B681B7EFA789A4202D0786879
:109CA00000F0E4F87B68FA781A760837BD4680BD84
:109CB00084B0B0B582B000AF786007F11C0080E8D6
:109CC0000E007B681D4607F11C040FCC0FC594E8FD
:109CD000030085E803007B681B78002B02D17B68BA
:109CE00000221A76786800F0C1F800BF0837BD4638
:109CF000BDE8B04004B0704780B584B000AFF860F4
:109D000087ED020AC7ED010AFB6800225A76FB685C
:109D10001B78002B03D0FB681B7E002B02D14FF079
:109D2000000387E0FB68D3ED047AF5EE407AF1EEAC
:109D300010FA18D097ED020AFFF757FEB0EE407AFE
:109D4000FB68D3ED047AB4EEE77AF1EE10FACCBFFB
:109D500001230023DBB2002B05D0F86800F086F861
:109D60004FF0000366E0FB68D3ED057AF5EE407A2C
:109D7000F1EE10FA18D097ED010AFFF736FEB0EEBB
:109D8000407AFB68D3ED057AB4EEE77AF1EE10FA8B
:109D9000CCBF01230023DBB2002B05D0F86800F014
:109DA00065F84FF0000345E0FB6893ED077AFB6828
:109DB000D3ED026AD7ED027A66EEA76AFB68D3EDAF
:109DC000017A66EEA77A77EE277AFB68C3ED077A09
:109DD000FB68D3ED037AF5EEC07AF1EE10FA24DDDC
:109DE000FB6893ED077AFB68D3ED037AB4EEE77A6C
:109DF000F1EE10FA04DDFB68DA68FB68DA6114E062
:109E0000FB6893ED077AFB68D3ED037AF1EE677A8E
:109E1000B4EEE77AF1EE10FA07D5FB68D3ED037ADA
:109E2000F1EE677AFB68C3ED077AFB6801225A7688
:109E3000FB68DB6907EE903AB0EE670A1037BD4663
:109E400080BD80B483B000AF78607B685B7E002B00
:109E500005D07B681B7E002B01D0012300E000238E
:109E600018460C37BD465DF8047B704780B483B05C
:109E700000AF78607B684FF00002DA6100BF0C37FA
:109E8000BD465DF8047B704780B483B000AF786056
:109E90007B6800221A757B6800225A757B684FF038
:109EA00000029A617B684FF00002DA617B68002251
:109EB00083F820207B6818460C37BD465DF8047B8C
:109EC000704780B582B000AF78600B46FB707B684E
:109ED0001B7DFA789A4202D0786800F018F97B6806
:109EE000FA781A7500BF0837BD4680BD84B0B0B59A
:109EF00082B000AF786007F11C0080E80E007B683C
:109F00001D4607F11C040FCC0FC523682B60786831
:109F100000F0FDF800BF0837BD46BDE8B04004B012
:109F2000704780B483B000AF786087ED000A7B682B
:109F30003A68DA617B68012283F8202000BF0C3781
:109F4000BD465DF8047B704780B485B000AF786093
:109F500087ED000A7B6800225A757B681B7D002B09
:109F600002D1DFED597A9BE07B6893F8203083F0D3
:109F70000103DBB2002B06D07B683A68DA617B68AC
:109F8000012283F820207B6893ED077AD7ED007AD1
:109F900077EE677AC7ED037A0BE0D7ED037AB7EE79
:109FA000E77A9FED436B37EE467BF7EEC77BC7ED55
:109FB000037AD7ED037AB7EEE77A9FED3F6BB4EE05
:109FC000C67BF1EE10FAE8DC0BE0D7ED037AB7EED2
:109FD000E77A9FED376B37EE067BF7EEC77BC7ED71
:109FE000037AD7ED037AB7EEE77A9FED356BB4EEDF
:109FF000C67BF1EE10FAE8D47B68D3ED027A97EDD8
:10A00000037A67EE277AC7ED027A7B6893ED067ACA
:10A010007B68D3ED036AD7ED037A66EEA76A7B68A7
:10A02000D3ED017A66EEA77A77EE277A7B68C3EDE7
:10A03000067A7B68D3ED047AF5EEC07AF1EE10FA79
:10A0400024DD7B6893ED067A7B68D3ED047AB4EE69
:10A05000E77AF1EE10FA04DD7B681A697B689A6191
:10A0600014E07B6893ED067A7B68D3ED047AF1EE19
:10A07000677AB4EEE77AF1EE10FA07D57B68D3ED94
:10A08000047AF1EE677A7B68C3ED067A7B68012279
:10A090005A757B6893ED067AD7ED027A77EE277AC8
:10A0A000B0EE670A1437BD465DF8047B704700BF09
:10A0B000182D4454FB211940182D4454FB2109400C
:10A0C000182D4454FB2109C00000000080B483B067
:10A0D00000AF78607B681B7D18460C37BD465DF885
:10A0E000047B704780B483B000AF78607B685B7D91
:10A0F000002B05D07B681B7D002B01D0012300E0E5
:10A10000002318460C37BD465DF8047B704780B4C9
:10A1100083B000AF78607B684FF000029A617B6883
:10A120004FF00002DA617B68002283F8202000BF34
:10A130000C37BD465DF8047B7047000080B483B0E7
:10A1400000AF78607B68264A1A607B68254A5A60AF
:10A150007B68254A9A607B684FF00002DA607B6872
:10A160004FF000021A617B684FF080425A617B68B1
:10A170004FF000029A617B684FF07C52DA617B6895
:10A180004FF07C521A627B68184A5A627B68184A00
:10A190009A627B68174ADA627B68174A1A637B689F
:10A1A0004FF07C525A637B684FF07E529A637B6813
:10A1B000124ADA637B68124A1A647B684FF0000225
:10A1C0005A647B684FF080429A647B68064ADA647E
:10A1D0007B6818460C37BD465DF8047B704700BFAE
:10A1E0000AD7233C000020419A99993E0000A040E4
:10A1F0009A99193E8FC2F53CCDCC4C3D666606401F
:10A200006666863F80B582B000AF78607B6803F5F4
:10A21000AC731846FFF792FF7B684FF07C52C3F88F
:10A22000A8217B6818460837BD4680BD80B582B03E
:10A2300000AF78607B68184601F0ECFA7B688433E5
:10A24000184601F0FFFA7B6803F58473184601F0A5
:10A2500011FB7B6818460837BD4680BD80B582B0CB
:10A2600000AF78607B6800221A707B6800225A7009
:10A270007B6810331846FFF7C5FF7B6803F5DE7374
:10A280001846FFF7D3FF7B6803F552731846FFF7B4
:10A2900018FA7B6803F56E73184605F085FF7B6836
:10A2A00003F5C163184601F0B4FD7A6843F6342320
:10A2B00013441846FFF7C8FB7A6843F6D4231344C7
:10A2C0001846FFF7C1FC7A6843F6F4231344184696
:10A2D000FFF7DAFD7B6803F540531A460023C2F806
:10A2E000183B7B6803F54053012283F81C2B7B68E5
:10A2F00018460837BD4680BDF0B59DB006AFF86082
:10A30000384680E80E00FB6804333A4607CA83E803
:10A31000070007F1140324220021184621F02EF82B
:10A32000FB6803F552766D4607F120040FCC0FC58C
:10A3300094E8030085E8030007F114030ECB3046D0
:10A34000FFF7D3F9FB6801221A70FB6800225A70EC
:10A35000FB6843F6482018441A4BBB630023FB6399
:10A3600007F138030CCBF96801F09CFAFB6803F5A0
:10A37000E260154B3B6400237B6407F140030CCB88
:10A38000F96801F0B2FAFB6803F294700E4BBB64FB
:10A390000023FB6407F148030CCBF96801F0A5FA30
:10A3A000FB6803F61800084B3B6500237B6507F14B
:10A3B00050030CCBF96801F098FA00BF5C37BD463A
:10A3C000F0BD00BFF5B3010875B4010880B582B0D7
:10A3D00000AF78607B6803F552731846FFF7A1F968
:10A3E00000BF0837BD4680BD84B0B0B582B000AFB5
:10A3F000786007F11C0080E80E007B6803F17004B0
:10A4000007F11C050FCD0FC40FCD0FC40FCD0FC426
:10A4100095E80F0084E80F007B6803F56E7307F181
:10A420001C021146184605F050FF01231846083754
:10A43000BD46BDE8B04004B0704784B0B0B582B04E
:10A4400000AF786007F11C0080E80E007B6803F124
:10A45000B00407F11C050FCD0FC40FCD0FC40FCDF5
:10A460000FC495E8070084E807007B6803F56E7366
:10A4700007F11C021146184605F047FF0123184654
:10A480000837BD46BDE8B04004B0704784B0B0B5F1
:10A4900082B000AF786007F11C0080E80E007B6896
:10A4A00003F1EC0407F11C050FCD0FC40FCD0FC451
:10A4B0000FCD0FC495E80F0084E80F007B6803F50B
:10A4C0006E7307F11C021146184605F03FFF012389
:10A4D00018460837BD46BDE8B04004B0704784B0A8
:10A4E000B0B582B000AF786007F11C0080E80E00C4
:10A4F0007B6803F5967407F11C050FCD0FC40FCDD3
:10A500000FC40FCD0FC495E8070084E807007B68EF
:10A5100003F56E7307F11C021146184605F037FF6C
:10A52000012318460837BD46BDE8B04004B0704767
:10A5300084B0B0B584B002AF786007F11C0080E849
:10A540000E007B6803F1300407F11C050FCD0FC42A
:10A550002B6823607B6843F634241C446A4607F169
:10A56000280393E8030082E8030007F11C030ECBE5
:10A570002046FFF7A2FA012318460837BD46BDE87A
:10A58000B04004B0704784B0B0B586B004AF786016
:10A5900007F11C0080E80E007B6803F1440407F11A
:10A5A0001C050FCD0FC495E8030084E803007B6809
:10A5B00043F6D4241C446D4607F1280393E80700B2
:10A5C00085E8070007F11C030ECB2046FFF770FB60
:10A5D000012318460837BD46BDE8B04004B07047B7
:10A5E00084B0B0B584B002AF786007F11C0080E899
:10A5F0000E007B6803F15C0407F11C050FCD0FC44E
:10A600002B6823607B6843F6F4241C446A4607F1F8
:10A61000280393E8030082E8030007F11C030ECB34
:10A620002046FFF763FC012318460837BD46BDE806
:10A63000B04004B0704780B483B000AF786087ED5D
:10A64000000A7B683A68C3F8B821012318460C3722
:10A65000BD465DF8047B704790B5C1B000AFC7F848
:10A66000FC00C7F8F810D7F8F83003F56E72D7F889
:10A67000F8403B4611461846FFF7C7F907F58073C7
:10A68000A3F5807204F170031146F822184620F0F9
:10A690001DFFD7F8F83003F5C162D7F8F8403B4604
:10A6A0001146184601F0BBFC07F58073A3F58072D4
:10A6B00004F5B47311465022184620F007FFD7F86E
:10A6C000FC20D7F8F830104610334FF4D6721946F4
:10A6D00020F0FCFED7F8FC0007F58277BD4690BD60
:10A6E00080B582B000AF786039603B681A687B68DB
:10A6F0001A613B685A687B685A613B689A687B6854
:10A700009A613B68DA687B68DA613B681A697B6842
:10A710001A623B685A697B685A623B689A697B682F
:10A720009A623B68DA697B68DA627B6803F5527289
:10A730007B68103319461046FFF72AF901231846A3
:10A740000837BD4680BD80B584B000AF7860002179
:10A75000786800F067F84FF00003BB604FF000032B
:10A76000FB6097ED027AD7ED037AB0EE470AF0EE80
:10A77000670A786800F00CFE00BF1037BD4680BD48
:10A7800080B582B000AF78607B6803F552731846DD
:10A79000FFF7E7F87B6803F56E73184605F05CFD7C
:10A7A0007B6803F5C163184602F04AF87B6803F53D
:10A7B0004053012283F81C2B7B6803F5405303F5BB
:10A7C00032634FF000021A607B6803F5405303F6D2
:10A7D00024334FF000021A6000BF0837BD4680BD29
:10A7E00080B582B000AF7860054A7B681A607B68EC
:10A7F0001846FBF7D5FE7B6818460837BD4680BD76
:10A8000028E2030880B582B000AF78607868FFF76F
:10A81000E7FF782178681EF005F97B68184608374D
:10A82000BD4680BD90B5BDB000AF78600B46FB70F3
:10A830007B6893F90030012B01D000241CE1FB78E8
:10A84000002B0DD07B689B681B7C022B08D1FB780A
:10A850008C4A126819468C48FCF736FB00240BE141
:10A860007B685B78FA789A4201D1012404E1FB7895
:10A87000042B00F2BC8001A252F823F091A8010839
:10A88000B7A80108EBA801082FA9010883A90108AE
:10A890007B6803F552731846FFF76DF8002178685E
:10A8A00000F08EF90021786800F0DEF90021786868
:10A8B00000F02EFA9BE07B6803F5527301211846E5
:10A8C000FFF776F80021786800F07AF900217868BF
:10A8D00000F0CAF90021786800F01AFA694B1B6889
:10A8E00019466A48FCF7B8FA81E07A6843F6D4233F
:10A8F00013441846FFF7BAFA7A6843F6F423134470
:10A900001846FFF704FC0121786800F059F900218E
:10A91000786800F0A9F90021786800F0F9F97B68FF
:10A9200003F5527302211846FFF742F85FE07B6897
:10A930005B78002B07D1534B1B6819465448FCF732
:10A94000C3FA002498E07B6803F55273022118468D
:10A95000FFF72EF87B6803F56E73184605F07CFC54
:10A960007A6843F6D423134400211846FFF781F98F
:10A970000021786800F078F90021786800F0C8F9C3
:10A9800035E07B685B78002B07D13E4B1B6819468E
:10A990004048FCF799FA00246EE07A6843F6D42325
:10A9A000134400211846FFF764F90021786800F08D
:10A9B0005BF90021786800F0ABF97B6803F552730E
:10A9C00002211846FEF7F4FF7B6803F56E73184604
:10A9D00005F042FC7B6803F5C163184601F030FFC7
:10A9E0007B6803F5C163184601F0AEFB00BF7868D1
:10A9F000FFF7C6FE7B68FA785A707B685A787B68E6
:10AA000003F5405383F8302B7B6803F53173FA78F4
:10AA10001146184600F08CFF07F184036C220021D8
:10AA2000184620F0ABFC012387F88430FB7887F8C8
:10AA300085307B6803F540531A4607F1880302F519
:10AA400033616422184620F041FD0E4B1B68C7F8A5
:10AA5000EC3007F1840207F108031146184600F0B4
:10AA60008DFF07F108031846FCF74AFA012407F1A5
:10AA700008031846FFF7B4FE23461846F437BD46D0
:10AA800090BD00BF2077022498D40308D8D40308CF
:10AA9000F8D4030858D5030880B582B000AF7860B9
:10AAA00039607A683B6803F54053104603F5336319
:10AAB0006422194620F00AFD78680837BD4680BD3B
:10AAC00080B485B000AFF860B0EE407AF0EE607A06
:10AAD00087ED017AC7ED027AFB6803F5405393F8DE
:10AAE0001C3B002B0BD0FB6803F5405303F532638E
:10AAF0003A1D92E8030083E80300012300E00023ED
:10AB000018461437BD465DF8047B704780B483B0A7
:10AB100000AF78607B6803F54053012283F81C2B5B
:10AB2000012318460C37BD465DF8047B704780B49E
:10AB300083B000AF78607B6803F54053002283F850
:10AB40001C2B012318460C37BD465DF8047B70476B
:10AB500080B483B000AF78607B6803F5405303F5A1
:10AB600032634FF000021A607B6803F5405303F62E
:10AB700024334FF000021A6000BF0C37BD465DF869
:10AB8000047B704780B485B000AFF860B0EE407AC7
:10AB9000F0EE607A87ED017AC7ED027AFB6803F583
:10ABA000405303F628333A1D92E8030083E803007C
:10ABB000012318461437BD465DF8047B704700003A
:10ABC00090B5BDB000AF78600B46FB707B6893F822
:10ABD0004430002B01D100243FE07A6843F6D423AF
:10ABE0001344FA7811461846FFF743F8FA787B6861
:10ABF00003F5405383F8322B07F184036C220021C4
:10AC0000184620F0BBFB032387F884307B685B7811
:10AC100087F885307B6803F540531A4607F18803AF
:10AC200002F533616422184620F050FC0D4B1B687E
:10AC3000C7F8EC3007F1840207F108031146184603
:10AC400000F09CFE07F108031846FCF759F90124AF
:10AC500007F108031846FFF7C3FD23461846F437EB
:10AC6000BD4690BD2077022490B5BDB000AF78609E
:10AC70000B46FB707B6893F83030002B01D1002429
:10AC80003FE07A6843F634231344FA7811461846B5
:10AC9000FEF7F1FEFA787B6803F5405383F8332B17
:10ACA00007F184036C220021184620F067FB04237F
:10ACB00087F884307B685B7887F885307B6803F59C
:10ACC00040531A4607F1880302F53361642218469F
:10ACD00020F0FCFB0D4B1B68C7F8EC3007F1840239
:10ACE00007F108031146184600F048FE07F1080373
:10ACF0001846FCF705F9012407F108031846FFF789
:10AD00006FFD23461846F437BD4690BD20770224D8
:10AD100090B5BDB000AF78600B46FB707A6843F623
:10AD2000F42313441846FFF7D1F903461A46FB787B
:10AD300093420CBF01230023DBB2002B01D001247E
:10AD400057E07A6843F6F4231344FA78114618461C
:10AD5000FFF7B7F87A6843F6F42313441846FFF771
:10AD6000B5F903461A467B6803F5405383F8342B44
:10AD7000FB78002B06D0214B1B6819462048FCF7B6
:10AD80006BF805E01D4B1B6819461E48FCF764F87C
:10AD900007F184036C220021184620F0EFFA052306
:10ADA00087F884307B685B7887F885307B6803F5AB
:10ADB00040531A4607F1880302F5336164221846AE
:10ADC00020F084FB0D4B1B68C7F8EC3007F18402C0
:10ADD00007F108031146184600F0D0FD07F10803FB
:10ADE0001846FCF78DF8012407F108031846FFF711
:10ADF000F7FC23461846F437BD4690BD2077022461
:10AE0000B8D50308D8D5030880B582B000AF786004
:10AE100087ED000A7A6843F6F423134497ED000A9D
:10AE20001846FFF77EF8012318460837BD4680BD57
:10AE3000B0B5B4B004AFF8634FF00003C7F89C306E
:10AE40004FF00003C7F8A0304FF00003C7F894306C
:10AE50004FF00003C7F898304FF00003C7F88C306C
:10AE60004FF00003C7F890304FF00003C7F884306C
:10AE70004FF00003C7F888304FF00003FB674FF036
:10AE80000003C7F880304FF000037B674FF00003EA
:10AE9000BB67FB6B5A6807F158031146184607F069
:10AEA000EFFDFB6B5A6807F14C03903207CA83E849
:10AEB0000700FB6B93F90030012B0BD097ED1D7A47
:10AEC000D7ED1E7AB0EE470AF0EE670AF86B00F095
:10AED0005FFA96E1FB6B5B78042B00F2928101A292
:10AEE00052F823F003B20108F9AE010817AF0108C8
:10AEF0001DB0010801B10108FB6B03F5405303F5D8
:10AF000032631B687B67FB6B03F5405303F6243306
:10AF10001B68BB6775E1FB6B03F5405303F53263B8
:10AF20001A68FB6B03F5405303F624331B68C7F81C
:10AF30008C20C7F89030D7F88C20D7F89030C7F81D
:10AF40008420C7F88830FB6B03F5527597ED217AA2
:10AF5000D7ED227A6C4607F164030FCB84E80F002B
:10AF600007F158030ECBB0EE470AF0EE670A284609
:10AF7000FEF7E8FBB0EE407AF0EE607A87ED1F7ADC
:10AF8000C7ED207AFA6B43F6D4231344D7ED187A31
:10AF900097ED197AF0EE470AB0EE670A1846FEF709
:10AFA000ABFE87ED2D0AFA6B43F634231344D7ED3D
:10AFB000197AB0EE670A1846FEF7A2FD87ED2C0A53
:10AFC000FA6B43F6F4231344D7ED1B7AB0EE670A0D
:10AFD0001846FEF7B9FF87ED2B0A97ED1F7AD7EDDC
:10AFE0002D7A37EE277AD7ED2C7A37EE277AD7ED00
:10AFF0002B7A77EE277AC7ED1D7A97ED207AD7ED79
:10B000002D7A37EE277AD7ED2C7A37EE277AD7EDDF
:10B010002B7A77EE677AC7ED1E7AF2E0FB6B03F5C9
:10B0200040531A4607F19C0302F6283292E80300C7
:10B0300083E80300FB6B03F56E73D7ED187A97ED89
:10B040001C7A07F19C02F0EE470AB0EE670A11463F
:10B05000184605F0BDF9B0EE407AF0EE607A87ED63
:10B06000257AC7ED267AD7F89420D7F89830C7F814
:10B070008C20C7F89030D7F88C20D7F89030C7F8DC
:10B080008420C7F88830FB6B03F5527597ED217A61
:10B09000D7ED227A6C4607F164030FCB84E80F00EA
:10B0A00007F158030ECBB0EE470AF0EE670A2846C8
:10B0B000FEF748FBB0EE407AF0EE607A87ED1F7A3B
:10B0C000C7ED207AFA6B43F634231344D7ED197A8F
:10B0D000B0EE670A1846FEF713FD87ED2E0A97EDCE
:10B0E0001F7AD7ED2E7A77EE277AC7ED1D7A97ED86
:10B0F000207AD7ED2E7A77EE277AC7ED1E7A80E098
:10B10000FB6B03F5C163D7ED187A07F14C02B0EE83
:10B11000670A1146184601F0EDFBB0EE407AF0EEFA
:10B12000607A87ED117AC7ED127A7B6CC7F89C3094
:10B13000BB6CC7F8A030FB6B03F56E73D7ED187AC4
:10B1400097ED1C7A07F19C02F0EE470AB0EE670A11
:10B150001146184605F03CF9B0EE407AF0EE607A00
:10B1600087ED257AC7ED267AD7F89420D7F898305E
:10B17000C7F88C20C7F89030D7F88C20D7F89030DB
:10B18000C7F88420C7F88830FB6B03F5527597ED3C
:10B19000217AD7ED227A6C4607F164030FCB84E85D
:10B1A0000F0007F158030ECBB0EE470AF0EE670A26
:10B1B0002846FEF7C7FAB0EE407AF0EE607A87EDE7
:10B1C0001F7AC7ED207AFA6B43F634231344D7ED88
:10B1D000197AB0EE670A1846FEF792FC87ED2F0A3F
:10B1E00097ED1F7AD7ED2F7A77EE277AC7ED1D7A84
:10B1F00097ED207AD7ED2F7A77EE277AC7ED1E7A72
:10B2000000BFD7ED1D7AFB6B93ED6E7AF0EE470A27
:10B21000B0EE670A1DF05FF9F0EE407AC7ED1D7AD7
:10B22000D7ED1E7AFB6B93ED6E7AF0EE470AB0EE27
:10B23000670A1DF050F9F0EE407AC7ED1E7AFB6BFD
:10B2400093F90020FB6B03F5405383F8312BFB6B24
:10B250005A78FB6B03F5405383F8302BFA6B43F6B7
:10B26000342313441846FEF7E2FC03461A46FB6BF0
:10B2700003F5405383F8332BFA6B43F6D42313447E
:10B280001846FEF7DEFD03461A46FB6B03F54053F6
:10B2900083F8322BFA6B43F6F42313441846FEF777
:10B2A00021FF03461A46FB6B03F5405383F8342B0A
:10B2B000FB6B03F5C162FB6B03F540531C463B4639
:10B2C0001146184601F0A5FA04F638343D460FCD74
:10B2D0000FC40FCD0FC40FCD0FC42B682360FB6BC1
:10B2E00003F5405303F66C3307F19C0292E8030028
:10B2F00083E80300FB6B03F5405303F6743307F157
:10B30000940292E8030083E80300FB6B03F54053CB
:10B3100003F67C3307F18C0292E8030083E8030014
:10B32000FB6B03F5405303F6843307F17C0292E88C
:10B33000030083E80300FB6B03F5405303F68C33F3
:10B3400007F1740292E8030083E8030097ED1D7A89
:10B35000D7ED1E7AB0EE470AF0EE670AF86B00F000
:10B3600017F807F1A40307F1740292E8030083E8D9
:10B370000300D7F8A420D7F8A83007EE102A07EE6C
:10B38000903AB0EE470AF0EE670AC037BD46B0BD4E
:10B3900080B586B000AFF860B0EE407AF0EE607A2B
:10B3A00087ED017AC7ED027A7B683B61BB687B6100
:10B3B000FB689B6897ED047AD7ED057AB0EE470AF3
:10B3C000F0EE670A184605F0A9FB00BF1837BD4626
:10B3D00080BD000080B500AF054B1B68002B04D07A
:10B3E000034B1B681846FFF7AEF900BF80BD00BFD6
:10B3F0000C04022480B5BCB000AF78607B6803F514
:10B400004053002283F8332B07F184036C22002180
:10B4100018461FF0B3FF042387F884307B685B78FD
:10B4200087F885307B6803F540531A4607F1880397
:10B4300002F533616422184620F048F80C4B1B6873
:10B44000C7F8EC3007F1840207F1080311461846EB
:10B4500000F094FA07F108031846FBF751FD07F1D5
:10B4600008031846FFF7BCF9F037BD4680BD00BFA2
:10B470002077022480B582B000AF78600B46FB7065
:10B480007B6803F56E73184604F0E6FE00BF0837CC
:10B49000BD4680BD84B080B582B000AF786007F152
:10B4A000140080E80E007B6803F5C16307F1140205
:10B4B0001146184600F082FD034618460837BD467F
:10B4C000BDE8804004B0704780B582B000AF7860BE
:10B4D00039603B6803F5C1627B681146184600F08D
:10B4E0009EFD00BF78680837BD4680BD80B582B03C
:10B4F00000AF78607B6803F5C163184600F024FE56
:10B50000012318460837BD4680BD80B584B000AF22
:10B51000F860B0EE407AF0EE607A87ED017AC7ED20
:10B52000027AFB6803F5C163D7ED017A97ED027AE1
:10B53000F0EE470AB0EE670A184600F073FE0346C5
:10B5400018461037BD4680BD84B080B582B000AFCC
:10B55000786007F1140080E80E007B6803F5C16392
:10B5600007F114021146184600F09CFE03461846E7
:10B570000837BD46BDE8804004B0704780B582B052
:10B5800000AF78600B467B807B6803F5C1637A88E7
:10B590001146184600F0F5FE034618460837BD462A
:10B5A00080BD000084B080B582B000AF786007F144
:10B5B000140080E80E007B685B78042B04D00B48F5
:10B5C000FBF782FC00230AE07B6803F5C16307F107
:10B5D00014021146184600F035FF034600BF184616
:10B5E0000837BD46BDE8804004B07047F8D5030871
:10B5F00080B582B000AF78607B6803F5C163184600
:10B6000001F0AAF800BF0837BD4680BD80B582B002
:10B6100000AF78607B6803F5C163184601F0B6F8A7
:10B6200000BF0837BD4680BD80B582B000AF7860EE
:10B630007B6803F5C163184601F0C2F800BF083704
:10B64000BD4680BD80B582B000AF78607B6803F5F1
:10B65000C163184601F0CEF8034618460837BD46C8
:10B6600080BD80B582B000AF786039603B6803F57B
:10B67000C1627B681146184601F0CBF800BF7868BC
:10B680000837BD4680BD80B582B000AF78607B686A
:10B6900003F5C163184600F0A4FE034618460837B8
:10B6A000BD4680BD84B080B582B000AF786007F140
:10B6B000140080E80E007B685B78042B04D00B48F4
:10B6C000FBF702FC00230AE07B6803F5C16307F186
:10B6D00014021146184600F0B4FC034600BF184699
:10B6E0000837BD46BDE8804004B0704730D6030837
:10B6F00084B080B582B000AF786007F1140080E8B4
:10B700000E007B685B78042B04D00B48FBF7DCFB56
:10B7100000230AE07B6803F5C16307F114021146B8
:10B72000184600F0C8FC034600BF18460837BD465F
:10B73000BDE8804004B0704764D6030880B582B08D
:10B7400000AF78607B6803F5C163184601F078F8B4
:10B75000034618460837BD4680BD80B582B000AFAD
:10B7600078600B467B807B6803F54053D3F8183B29
:10B77000002B0BD07B6803F5C1607B6803F5405359
:10B78000D3F8183B7A88194600F03AFE00BF083714
:10B79000BD4680BDB0B582B000AF78607B68002246
:10B7A0001A607B68043303241D4604E02846FCF736
:10B7B000ABF8013C2035002CF8DA7B6818460837D6
:10B7C000BD46B0BD80B584B000AF78600023FB609B
:10B7D00018E07A68FB685B01134408331B78002B80
:10B7E0000DD07A68FB685B01134404331B681B6847
:10B7F000FA68520179680A44043210469847FB6897
:10B800000133FB60FB68032BE3DD00BF00BF103793
:10B81000BD4680BDB0B582B000AF78607B680022C5
:10B820001A607B68043303241D4604E02846FBF7B6
:10B830000DFE013C2035002CF8DA7B6818460837ED
:10B84000BD46B0BDB0B582B000AF78607B68002265
:10B850001A607B68043303241D4604E0284600F088
:10B86000A5F8013C2035002CF8DA7B68184608372B
:10B87000BD46B0BDB0B582B000AF78607B68002235
:10B880001A607B68043303241D4604E0284600F058
:10B89000ABF8013C2035002CF8DA7B6818460837F5
:10B8A000BD46B0BD80B584B000AFF860B960394620
:10B8B00081E80C00FB681B68032B11DCFB681B682C
:10B8C0005B01FA681344181D3B460CCBB96800F0C5
:10B8D000A9F8FB681B685A1CFB681A60012300E08A
:10B8E000002318461037BD4680BD80B584B000AF38
:10B8F000F860B960394681E80C00FB681B68032BCF
:10B9000011DCFB681B685B01FA681344181D3B4699
:10B910000CCBB96800F0A7F8FB681B685A1CFB68E1
:10B920001A60012300E0002318461037BD4680BD91
:10B9300080B584B000AF78600B46FB700023FB60DD
:10B9400014E07A68FB685B01134408331B78002B12
:10B9500009D0FB685B017A6813440433FA78114616
:10B96000184600F0A1F8FB680133FB60FB68032B6D
:10B97000E7DD00BF00BF1037BD4680BD80B582B097
:10B9800000AF786039607B681846FBF72FFB064AEA
:10B990007B681A603968786800F097F87B68184609
:10B9A0000837BD4680BD00BF28E2030880B582B0DD
:10B9B00000AF78607B681846FAF710FD094A7B688B
:10B9C0001A607B6800221A717B68083300211846D0
:10B9D00000F08BF87B6800221A717B6818460837E4
:10B9E000BD4680BD4CE2030880B582B000AF7860F0
:10B9F0007B681846FAF7F2FC094A7B681A607B6894
:10BA000000221A717B6808330021184600F07BF889
:10BA10007B6800221A717B6818460837BD4680BDD6
:10BA20003CE20308B0B58AB000AFF860B9603946AF
:10BA300081E80C0007F110003B460CCBB96800F020
:10BA400070F8FB6803F1080407F110050FCD0FC46F
:10BA500095E8030084E80300FB6801221A7100BF27
:10BA60002837BD46B0BDB0B58AB000AFF860B96048
:10BA7000394681E80C0007F110003B460CCBB96851
:10BA800000F062F8FB6803F1080407F110050FCD20
:10BA90000FC495E8030084E80300FB6801221A71D3
:10BAA00000BF2837BD46B0BD80B582B000AF78601A
:10BAB0000B46FB707B680833FA781146184600F095
:10BAC00056F800BF0837BD4680BD80B582B000AFD4
:10BAD000786039607B6808336C22396818461FF03B
:10BAE000F5FC00BF0837BD4680BD80B582B000AF11
:10BAF000786039603968786800F048F87B681846E3
:10BB00000837BD4680BD80B582B000AF786039602F
:10BB10003968786800F04BF87B6818460837BD46EE
:10BB200080BD80B584B000AFF860B960394681E867
:10BB30000C003B460CCBB968F86800F049F8FB688C
:10BB400018461037BD4680BD80B584B000AFF860A0
:10BB5000B960394681E80C003B460CCBB968F868FF
:10BB600000F054F8FB6818461037BD4680BD80B51C
:10BB700082B000AF78600B46FB70FB78194678689E
:10BB800000F062F800BF0837BD4680BD80B483B0C6
:10BB900000AF786039607B683A681A607B68002281
:10BBA0005A6100BF0C37BD465DF8047B704780B416
:10BBB00083B000AF786039607B683A681A607B6850
:10BBC00000225A6100BF0C37BD465DF8047B704708
:10BBD00080B485B000AFF860B960394681E80C00E8
:10BBE000FB68BA681A60FB6804331A463B4693E860
:10BBF000030082E80300FB68034A5A6100BF143760
:10BC0000BD465DF8047B70479BBC010880B485B0DD
:10BC100000AFF860B960394681E80C00FB68BA688B
:10BC20001A60FB6804331A463B4693E8030082E837
:10BC30000300FB68034A5A6100BF1437BD465DF834
:10BC4000047B7047EDBC010880B582B000AF78601E
:10BC50000B46FB707B685B69002B09D17B681B6816
:10BC6000002B05D07B681B68FA781046984711E0D6
:10BC70007B685B69002B0CD07B681B68002B08D0AD
:10BC80007B685B697A6810687A68111DFA78984752
:10BC900000E000BF0837BD4680BD80B584B000AF6E
:10BCA000786039607B68FB603B68BB60BB685B6841
:10BCB00003F00103002B0BD0BB685B685B101A46D6
:10BCC000FB6813441B68BA68126813441B6801E0E0
:10BCD000BB681B68BA68526852101146FA680A4479
:10BCE0001046984700BF1037BD4680BD80B586B06E
:10BCF00000AFF860B9601346FB71FB687B61BB68FD
:10BD00003B613B695B6803F00103002B0BD03B698F
:10BD10005B685B101A467B6913441B683A691268BA
:10BD200013441B6801E03B691B683A695268521072
:10BD300011467A690A44F9791046984700BF1837C6
:10BD4000BD4680BD80B483B000AF786039607B6849
:10BD500005221A707B6801221A727B6800225A72CF
:10BD60007B6851229A727B680022DA723B6803F189
:10BD700008027B68DA607B686C221A8200BF7868F0
:10BD80000C37BD465DF8047B704780B582B000AFCC
:10BD900078607B681846FFF73DFD7B688433184662
:10BDA000FFF738FD7B6803F58473184604F001F84B
:10BDB0007B6803F5C673184603F0FBFF7B6803F549
:10BDC0000473184603F0F5FF7B6803F525731846E6
:10BDD00004F007F87B6818460837BD4680BD80B47C
:10BDE00083B000AF78607B684FF000021A607B6818
:10BDF0004FF000025A607B684FF000029A607B6847
:10BE000000221A737B6818460C37BD465DF8047B28
:10BE1000704780B582B000AF78607B681846FFF746
:10BE2000B4FF7B6803F547731846FEF787F97B6814
:10BE300003F571731846FFF7D2FF7B6803F5405393
:10BE40000022A3F8F4237B6803F54053002283F813
:10BE5000F6237B6803F54053002283F8F7237B68C1
:10BE600003F540531A464FF00003C2F8F8337B68DD
:10BE700003F540531A464FF00003C2F8FC337B68C9
:10BE800003F5405303F580634FF000021A607B68AE
:10BE900003F5405303F204434FF000021A607B683D
:10BEA00003F54053002283F808247B6803F54053D0
:10BEB00003F20C434FF000021A607B6803F5405315
:10BEC00003F582634FF000021A607B6803F540536C
:10BED00003F214434FF000021A607B6803F54053ED
:10BEE00003F583634FF000021A607B6803F540534B
:10BEF00003F21C434FF000021A607B6803F54053C5
:10BF000003F584634FF000021A607B6803F5405329
:10BF1000002283F824247B6803F54053002283F831
:10BF200025247B6803F5405303F585634FF0000239
:10BF30001A607B68002283F818237B6803F540535E
:10BF4000002283F8F7237B6803F540530022A3F80F
:10BF5000F4237B6803F54053002283F8F6237B68C3
:10BF600003F540531A464FF00003C2F8F8337B68DC
:10BF700003F54053002283F824247B6803F575738E
:10BF80004FF40052002118461FF0F8F97A6842F287
:10BF9000D43313444FF48052002118461FF0EEF9B9
:10BFA0007A6843F2D43313442022002118461FF04C
:10BFB000E5F97B6818460837BD4680BD80B582B07C
:10BFC00000AF786039603B68D3ED007AF5EEC07A57
:10BFD000F1EE10FA01D800231DE03B68D3ED087A9A
:10BFE000F5EEC07AF1EE10FA01D8002313E03B68B9
:10BFF000D3ED097AF5EEC07AF1EE10FA01D80023FC
:10C0000009E07B683A6803F54773114650221846E9
:10C010001FF05CFA012318460837BD4680BD80B585
:10C0200082B000AF786039607A683B68104603F5EB
:10C030004773502219461FF049FA78680837BD4601
:10C0400080BD90B583B000AF786039607B6893F8AD
:10C050001833002B01D0002329E07B683A6803F5F0
:10C06000687413460FCB84E80F007B6803F54053D8
:10C0700003F584634FF000021A607B6803F54053B8
:10C0800003F214434FF000021A607B6803F540533B
:10C0900003F21C434FF000021A600121786802F09D
:10C0A00081FF00220C21786803F036F8012318463E
:10C0B0000C37BD4690BDB0B582B000AF7860396036
:10C0C0007B6893F81833002B01D0002338E07B689D
:10C0D0003A6803F56C7415460FCD0FC42B682360C6
:10C0E0007B6803F5405303F584634FF000021A6048
:10C0F0007B6803F5405303F214434FF000021A60CB
:10C100007B6803F5405303F583634FF000021A6028
:10C110007B6803F5405303F21C434FF000021A60A2
:10C120007B6803F54053002283F8242402217868B9
:10C1300002F038FF00220921786802F0EDFF0123A8
:10C1400018460837BD46B0BD80B483B000AF7860F4
:10C150007B6803F540530022A3F8F4237B6803F5C2
:10C160004053002283F8F6237B6803F540530022F6
:10C1700083F8F7237B6803F540531A464FF000031A
:10C18000C2F8F8337B6803F5405303F214434FF0D1
:10C1900000021A607B6803F5405303F583634FF098
:10C1A00000021A607B6803F5405303F21C434FF012
:10C1B00000021A607B6803F54053002283F82424B0
:10C1C0007B6803F54053002283F825247B6803F540
:10C1D0004053002283F808247B6803F540531A4635
:10C1E0004FF00003C2F8FC337B6803F5405303F5BE
:10C1F00080634FF000021A607B6803F5405303F23E
:10C2000004434FF000021A607B6803F5405303F5C6
:10C2100085634FF000021A6000BF0C37BD465DF821
:10C22000047B704780B584B000AFF86087ED020AE8
:10C23000C7ED010AFB6803F54053B3F8F433B3F5D7
:10C24000806F06D300221021F86802F065FF0023FA
:10C2500024E0FB6803F54053B3F8F433FA687A330B
:10C26000DB0013440433BA681A60FB6803F54053DB
:10C27000B3F8F433FA687A33DB00134408337A688E
:10C280001A60FB6803F54053B3F8F43301339AB2F4
:10C29000FB6803F54053A3F8F42301231846103735
:10C2A000BD4680BD80B584B000AF786039603B6822
:10C2B0005B88002B03D03B685B880A2B01D90023E5
:10C2C00034E03B681B881A463B685B881344B3F52F
:10C2D000806F06DD00221021786802F01DFF002328
:10C2E00024E03B681B887A33DB007A681344181D0E
:10C2F0003B68191D3B685B88DB001A461FF0E6F8B7
:10C300003B681A883B685B881344FB817B6803F5B4
:10C310004053B3F8F433FA899A4206D97B6803F59F
:10C3200040531A46FB89A2F8F4330123184610370C
:10C33000BD4680BD80B584B000AFF860B9601346DB
:10C34000FB80FB88B3F5806F06D900221021F868C6
:10C3500002F0E2FE002310E0FB6803F57570FB8835
:10C36000DB001A46B9681FF0B1F8FB6803F54053CB
:10C370001A46FB88A2F8F433012318461037BD464D
:10C3800080BD80B483B000AF78600B467B807B6853
:10C3900003F5405393F8F6330F2B01D900231AE02D
:10C3A0007B6803F5405393F8F63319467A6841F6F3
:10C3B000E8130B445B0013447A889A807B6803F58A
:10C3C000405393F8F6330133DAB27B6803F54053F8
:10C3D00083F8F623012318460C37BD465DF8047B2D
:10C3E000704780B483B000AF78607B6803F540533A
:10C3F000B3F8F43318460C37BD465DF8047B70473C
:10C4000080B584B000AFF860B9601346FB80F8686F
:10C41000FFF79AFEFB88B3F5806F02D94FF4806373
:10C42000FB80FB881A46B968F868FFF783FFFB8832
:10C4300019460348FAF710FD00BF1037BD4680BD0E
:10C4400094D6030890B58BB006AF786039607B68EE
:10C4500003F54053B3F8F433012B01D800236EE108
:10C460007B6893F81833002B01D0002367E17868CC
:10C4700000F0E4FA3B68D3ED007AF5EEC07AF1EE15
:10C4800010FA02DD3B681B6802E07B68D3F83C339E
:10C490007A6802F54052C2F8FC333B68D3ED017A6A
:10C4A000F5EEC07AF1EE10FA08DD3B685A687B6859
:10C4B00003F5405303F580631A6056E07B6803F58B
:10C4C000405303F580634FF000021A600123FB81A3
:10C4D0002EE0FB897A6803F6F4039B0013440433CF
:10C4E00093ED007AFB89013B7A6803F6F4039B0025
:10C4F00013440433D3ED007A77EE677AC7ED027AFE
:10C500007B6803F5405303F58063D3ED007A97ED24
:10C51000027AB4EEE77AF1EE10FA06DD7B6803F5F5
:10C52000405303F58063BA681A60FB890133FB81CD
:10C530007B6803F54053B3F8F433FA899A42C8D3C1
:10C540007B6803F5405303F58063D3ED007A9FEDDC
:10C550007E7AF4EEC77AF1EE10FA06D57B6803F521
:10C56000405303F58063794A1A607B6803F54053B2
:10C57000B3F8F433013B7A6803F6F4039B001344E9
:10C5800004331A687B6803F5405303F204431A60CE
:10C590007B6803F540531A464FF00003C2F8F833A6
:10C5A0007B6803F5405303F214434FF000021A6016
:10C5B0007B6803F5405303F583634FF000021A6074
:10C5C0007B6803F5405303F21C434FF000021A60EE
:10C5D0007B6803F5405303F584634FF000021A6053
:10C5E0007B6803F54053002283F824247B6803F51D
:10C5F0004053002283F825247B6803F54053002232
:10C6000083F808247B68D3F8D4237B6803F5405370
:10C6100003F20C431A607B68D3F8D8237B6803F5D8
:10C62000405303F582631A607B683A6803F57173BF
:10C630001468506891681C6058609960127B1A7386
:10C640007B6803F54053012283F8F72303217868C0
:10C6500002F0A8FC7B6803F54053B3F8F4331946A5
:10C660007B6803F5405393F8F6331A467B6803F56D
:10C670004053D3EDFF7AB7EEE77A7B6803F540537A
:10C6800003F58063D3ED006AB7EEE66A7B6803F5D5
:10C69000405303F20443D3ED005AB7EEE55A8DED53
:10C6A000045B8DED026B8DED007B2948FAF7D4FB1E
:10C6B00000237B7337E0787B797B7A6841F6E81357
:10C6C0000B445B0013449B881C46797B7A6841F6D7
:10C6D000E8130B445B0013449B887A687A33DB00D1
:10C6E00013440433D3ED007AB7EEE77A797B7A68A6
:10C6F00041F6E8130B445B0013449B887A687A3355
:10C70000DB0013440833D3ED006AB7EEE66A8DED23
:10C71000026B8DED007B224601460E48FAF79CFB2A
:10C720007B7B01337B737B6803F5405393F8F633CF
:10C730007A7B9A42BFD3786802F055FC01231846F1
:10C740001437BD4690BD00BFBD3786350AD7233CA0
:10C75000B4D6030804D7030880B582B000AF786070
:10C760007B6803F5405393F8F733012B0AD17B68BC
:10C7700003F54053022283F8F7230022042178684E
:10C7800002F0CAFC00BF0837BD4680BD80B582B04C
:10C7900000AF78607B6803F5405393F8F733022BC2
:10C7A0000AD17B6803F54053012283F8F723002266
:10C7B0000521786802F0B0FC00BF0837BD4680BD97
:10C7C00080B582B000AF78607B6893F81833032B94
:10C7D0000CD1786802F069FC7B6803F540530022B5
:10C7E00083F8F7230021786802F0DCFB00BF0837EC
:10C7F000BD4680BD80B483B000AF78607B6803F530
:10C80000405393F8F73318460C37BD465DF8047B68
:10C810007047B0B483B000AF786039607A683B6825
:10C82000154603F55B740FCC0FC50FCC0FC50FCCAD
:10C830000FC523682B6078680C37BD46B0BC7047C5
:10C8400080B582B000AF78607B6893F81833032B13
:10C8500006D0032B1AD8012B12D0022B0AD015E0D8
:10C86000786802F022FC7B6803F54053002283F8CD
:10C87000F7230CE000220B21786802F04DFC06E063
:10C8800000220E21786802F047FC00E000BF7B68C0
:10C8900003F5405303F214434FF000021A607B6823
:10C8A00003F5405303F583634FF000021A607B6881
:10C8B00003F5405303F21C434FF000021A607B68FB
:10C8C00003F5405303F584634FF000021A607B6860
:10C8D00003F54053002283F824247868FFF734FCE2
:10C8E0000021786802F05EFB012318460837BD4638
:10C8F00080BD000080B58AB000AF7861396187EDF6
:10C90000030A4FF00003BB614FF00003FB617B693A
:10C9100093F81833002B12D07B6903F5405303F5CD
:10C92000846393ED007A7B69D3EDC77A77EE277A3B
:10C930007B6903F5405303F58463C3ED007A7B699B
:10C9400093F81833032B36D801A252F823F000BF16
:10C95000B7C9010861C901087BC9010899C9010863
:10C960003969786902F012FCB0EE407AF0EE607A34
:10C9700087ED067AC7ED077A1DE097ED030A39695E
:10C98000786902F0A5FDB0EE407AF0EE607A87EDAE
:10C99000067AC7ED077A0EE097ED030A39697869E0
:10C9A00000F0C2FDB0EE407AF0EE607A87ED067AD4
:10C9B000C7ED077A00BF7B6993F818237B6983F87A
:10C9C0006C237B6903F5405393F8F7237B6983F865
:10C9D0006D237B694FF48062A3F86E237B6903F5B6
:10C9E0004053B3F8F4237B69A3F870237B6903F504
:10C9F000637307F1180292E8030083E803007B6980
:10CA000003F5405303F584631A687B69C3F89423E4
:10CA100007F1200307F1180292E8030083E80300FE
:10CA20003A6A7B6A07EE102A07EE903AB0EE470AA0
:10CA3000F0EE670A2837BD4680BD00BF80B52DEDFA
:10CA4000028B86B000AF78607B6803F500531A460E
:10CA50004FF00003C2F8D4330123FB8251E0FB8A7C
:10CA60007A687A33DB001344043393ED007AFB8A4F
:10CA7000013B7A687A33DB0013440433D3ED007A48
:10CA800077EE677AC7ED047AFB8A7A687A33DB003F
:10CA90001344083393ED007AFB8A013B7A687A33BA
:10CAA000DB0013440833D3ED007A77EE677AC7EDE5
:10CAB000037AFB8A013B7A6803F6F4039B00134474
:10CAC000043393ED008AD7ED047A27EEA77AD7EDE9
:10CAD000037A67EEA77A77EE277AB0EE670A1CF042
:10CAE0000BFBF0EE407AFB8A78EE277A7A6803F641
:10CAF000F4039B0013440433C3ED007AFB8A013333
:10CB0000FB827B6803F54053B3F8F433FA8A9A4208
:10CB1000A5D300BF00BF1837BD46BDEC028B80BD5A
:10CB200080B59EB000AFF86087ED020AC7ED010A3C
:10CB3000FB6803F54053B3F8F433022B02D84FF0EF
:10CB40000003B9E1D7ED027AFCEEE77A17EE903AEE
:10CB5000A7F87630B7F87620FB6803F54053B3F8B2
:10CB6000F433013B9A4207DBFB6803F54053B3F80B
:10CB7000F433023BA7F87630B7F87630FA6803F65C
:10CB8000F4039B00134404331B687B6697ED197A0A
:10CB9000D7ED017A77EE277AC7ED187AB7F87630B5
:10CBA000A7F8743004E0B7F874300133A7F8743094
:10CBB000B7F87420FB6803F54053B3F8F433013B36
:10CBC0009A4210DAB7F87430FA6803F6F4039B005F
:10CBD00013440433D3ED007A97ED187AB4EEE77A74
:10CBE000F1EE10FADFDCFB6803F54053B3F8F433E1
:10CBF000012B13D9FB6803F5405303F20443D3ED33
:10CC0000006AFB6803F54053B3F8F433013B07EEC9
:10CC1000903AB8EEE77AC6EE877A01E0DFEDAA7ABD
:10CC2000C7ED177ADFEDA90A97ED170A1CF090FC03
:10CC3000B0EE407ADFEDA66AC6EE877AFCEEE77AC0
:10CC400017EE903AA7F87230B7F87230002B02D185
:10CC50000123A7F87230B7F872300F2B02D90F23D7
:10CC6000A7F87230B7F87420B7F87610B7F87230BA
:10CC70005B000B449A4219DAB7F87620B7F87230A5
:10CC80005B001344FA6802F54052B2F8F423934271
:10CC900009DAB7F872305B009AB2B7F8763013440D
:10CCA000A7F8743002E04FF0000305E14FF00003F5
:10CCB000FB66B7F87630A7F86A30E4E0B7F86A3078
:10CCC000FA687A33DB00134404331B68BB65B7F89A
:10CCD0006A30FA687A33DB00134408331B687B65DB
:10CCE000B7F86A20B7F872301344FA687A33DB0079
:10CCF000134404331B683B65B7F86A20B7F87230F9
:10CD00001344FA687A33DB00134408331B68FB646E
:10CD1000B7F86A20B7F872305B001344FA687A33C8
:10CD2000DB00134404331B68BB64B7F86A20B7F810
:10CD300072305B001344FA687A33DB001344083323
:10CD40001B687B6497ED147AD7ED167A77EE677AD5
:10CD5000C7ED107A97ED137AD7ED157A77EE677AEB
:10CD6000C7ED0F7A97ED127AD7ED147A77EE677ADE
:10CD7000C7ED0E7A97ED117AD7ED137A77EE677AD1
:10CD8000C7ED0D7A97ED127AD7ED167A77EE677ABE
:10CD9000C7ED0C7A97ED117AD7ED157A77EE677AB1
:10CDA000C7ED0B7A97ED107AD7ED0B7A27EE277A3D
:10CDB000D7ED0F6AD7ED0C7A66EEA77A77EE677A31
:10CDC000F0EEE77AC7ED0A7AD7ED107A27EEA77A68
:10CDD000D7ED0F7A67EEA77A77EE277AB0EE670A7B
:10CDE0001CF08AF987ED090AD7ED0E7A27EEA77AAB
:10CDF000D7ED0D7A67EEA77A77EE277AB0EE670A5D
:10CE00001CF07AF987ED080AD7ED0C7A27EEA77A9D
:10CE1000D7ED0B7A67EEA77A77EE277AB0EE670A3E
:10CE20001CF06AF987ED070A97ED097AD7ED087AC1
:10CE300067EE277A97ED077A67EE277AC7ED067ACD
:10CE4000D7ED067A9FED237AF4EEC77AF1EE10FA69
:10CE500014DDD7ED0A7A77EEA76A97ED067AC6EE6B
:10CE6000877AC7ED057A97ED057AD7ED1B7AB4EE90
:10CE7000E77AF1EE10FA01DD7B69FB66B7F86A30FC
:10CE80000133A7F86A30B7F86A20B7F872305B0050
:10CE90001A44B7F874309A420DDCB7F86A20B7F834
:10CEA00072305B001344FA6802F54052B2F8F42382
:10CEB0009342FFF603AFFB6E07EE903AB0EE670ABF
:10CEC0007837BD4680BD00BF8FC2753C6F12833A74
:10CED000CDCC4C3DFFE6DB2E80B594B000AFF860C2
:10CEE00087ED020AC7ED010A87ED001AD7ED007A37
:10CEF000FCEEE77A17EE903AA7F84E30B7F84E20DE
:10CF0000FB6803F54053B3F8F433013B9A4207DB67
:10CF1000FB6803F54053B3F8F433023BA7F84E30F7
:10CF2000B7F84E301E33A7F84C30B7F84C20FB68EA
:10CF300003F54053B3F8F433013B9A4207DBFB6837
:10CF400003F54053B3F8F433023BA7F84C303B6889
:10CF5000BB64754B7B64B7F84E30A7F84230D3E022
:10CF6000B7F84230FA687A33DB00134404331B68A5
:10CF7000BB63B7F84230FA687A33DB0013440833F6
:10CF80001B687B63B7F842300133FA687A33DB0001
:10CF9000134404331B683B63B7F842300133FA682B
:10CFA0007A33DB00134408331B68FB6297ED0C7A7D
:10CFB000D7ED0E7A77EE677AC7ED0A7A97ED0B7A9E
:10CFC000D7ED0D7A77EE677AC7ED097AD7ED0A7A51
:10CFD00027EEA77AD7ED097A67EEA77A77EE277A58
:10CFE000C7ED087AD7ED087A9FED507AF4EEC77A4C
:10CFF000F1EE10FA03D54FF00003FB6325E097ED47
:10D00000027AD7ED0E7A37EE677AD7ED0A7A27EEF5
:10D01000277AD7ED016AD7ED0D7A76EEE76AD7ED7C
:10D02000097A66EEA77A77EE276A97ED087AC6EE58
:10D03000877AC7ED0F7AB7EE001ADFED3D0A97ED5C
:10D040000F0A02F08DFE87ED0F0A97ED0F7AD7EDEC
:10D050000A7A67EE277A97ED0E7A77EE277AC7ED90
:10D06000077A97ED0F7AD7ED097A67EE277A97ED71
:10D070000D7A77EE277AC7ED067A97ED027AD7ED2B
:10D08000077A37EE677AD7ED026AD7ED077A76EE40
:10D09000E77A27EE277AD7ED016AD7ED067A76EEA2
:10D0A000E76A97ED016AD7ED067A76EE677A66EE63
:10D0B000A77A77EE277AC7ED057AB7F8423007EE00
:10D0C000903AF8EE677A97ED0F7A77EE277AC7ED08
:10D0D000047A97ED047AD7ED007AB4EEE77AF1EEB0
:10D0E00010FA0CDB97ED057AD7ED117AB4EEE77AFA
:10D0F000F1EE10FA03D57B697B643B69BB64B7F83A
:10D1000042300133A7F84230B7F84220B7F84C302C
:10D110009A427FF625AFBB6C07EE903AB0EE670AF5
:10D120005037BD4680BD00BFCAF24971BD37863554
:10D130000000000080B58CB000AFF86087ED020AF7
:10D14000C7ED010AFB6803F54053B3F8F433012B34
:10D1500002D8D7ED027AAAE097ED020AF86800F04B
:10D1600067F987ED090A97ED097AD7ED017A77EE2D
:10D17000277AC7ED087AFB6803F54053B3F8F43318
:10D18000013BFA6803F6F4039B0013440433D3ED28
:10D19000007A97ED087AB4EEE77AF1EE10FA0ADB3E
:10D1A000FB6803F54053B3F8F433013B07EE903AC4
:10D1B000F8EEE77A7BE0D7ED087AF5EEC07AF1EE8B
:10D1C00010FA02D8DFED3C7A71E00023FB85FB68A2
:10D1D00003F54053B3F8F433013BBB851CE0FA8DF3
:10D1E000BB8D1344002B00DA01335B107B827B8AFA
:10D1F000FA6803F6F4039B0013440433D3ED007A7A
:10D2000097ED087AB4EEE77AF1EE10FA02DB7B8A4A
:10D21000FB8501E07B8ABB85FA8DBB8D013B9A4281
:10D22000DDDBFB8DFA6803F6F4039B001344043343
:10D230001B68FB61FB8D0133FA6803F6F4039B0066
:10D24000134404331B68BB6197ED067AD7ED077A68
:10D2500077EE677AC7ED057A4FF00003BB62D7ED32
:10D26000057A9FED167AF4EEC77AF1EE10FA15DD25
:10D2700097ED087AD7ED077A77EE676A97ED057A2A
:10D28000C6EE877AC7ED0A7AB7EE001ADFED0A0A12
:10D2900097ED0A0A02F064FD87ED0A0AFB8D07EE9E
:10D2A000903AB8EE677AD7ED0A7A77EE277AB0EE41
:10D2B000670A3037BD4680BD00000000BD378635A7
:10D2C00080B487B000AFF86087ED020A79603A60F9
:10D2D000FB6803F54053B3F8F433002B08D17B68A7
:10D2E0004FF000021A603B684FF000021A6099E0AC
:10D2F000D7ED027AF5EEC07AF1EE10FA0AD8FB68A3
:10D30000D3F8D4237B681A60FB68D3F8D8233B6832
:10D310001A6087E0FB6803F54053B3F8F433013B30
:10D3200007EE903AF8EEE77A97ED027AB4EEE77AF4
:10D33000F1EE10FA1CDBFB6803F54053B3F8F4334D
:10D34000013BFA687A33DB00134404331A687B68C4
:10D350001A60FB6803F54053B3F8F433013BFA68F5
:10D360007A33DB00134408331A683B681A6059E0CB
:10D37000D7ED027AFCEEE77A17EE903AFB82FB8A51
:10D3800007EE903AF8EE677A97ED027A77EE677AD1
:10D39000C7ED047AFB8AFA687A33DB00134404335E
:10D3A00093ED007AFB8A0133FA687A33DB00134489
:10D3B0000433D3ED006AFB8AFA687A33DB00134446
:10D3C0000433D3ED007A76EEE76AD7ED047A66EEA1
:10D3D000A77A77EE277A7B68C3ED007AFB8AFA6832
:10D3E0007A33DB001344083393ED007AFB8A013370
:10D3F000FA687A33DB0013440833D3ED006AFB8A02
:10D40000FA687A33DB0013440833D3ED007A76EE02
:10D41000E76AD7ED047A66EEA77A77EE277A3B685B
:10D42000C3ED007A1C37BD465DF8047B70470000F1
:10D4300080B485B000AF786087ED000A7B6803F5A3
:10D440004053B3F8F433012B02D8DFED367A62E0B3
:10D45000D7ED007AF5EEC07AF1EE10FA05D87B68C8
:10D4600003F50053D3EDF57A55E07B6803F540539F
:10D47000B3F8F433013B07EE903AF8EEE77A97ED14
:10D48000007AB4EEE77AF1EE10FA0EDB7B6803F572
:10D490004053B3F8F433013B7A6803F6F4039B007E
:10D4A00013440433D3ED007A35E0D7ED007AFCEE77
:10D4B000E77A17EE903AFB81FB8907EE903AF8EE97
:10D4C000677A97ED007A77EE677AC7ED027AFB8983
:10D4D0007A6803F6F4039B001344043393ED007A57
:10D4E000FB8901337A6803F6F4039B001344043389
:10D4F000D3ED006AFB897A6803F6F4039B001344BA
:10D500000433D3ED007A76EEE76AD7ED027A66EE61
:10D51000A77A77EE277AB0EE670A1437BD465DF832
:10D52000047B704700000000B0B52DED028BD4B035
:10D530000CAF07F59073A3F58673186007F5907329
:10D54000A3F58873196007F59073A3F58A7383EDCB
:10D55000000A07F59073A3F582734FF000021A607A
:10D5600007F59073A3F582734FF000025A6007F538
:10D570009073A3F586731B6803F5405393F8F73354
:10D58000012B0AD107F59073A3F586731B6803F589
:10D590004053B3F8F433012B0BD807F59073A3F580
:10D5A000827207F1240392E8030083E8030001F08C
:10D5B000E1BC07F59073A3F586731B68D3EDF37A8E
:10D5C000F5EEC07AF1EE10FA3BDD07F59073A3F5A6
:10D5D00086731B6803F5405303F5846393ED007A6B
:10D5E00007F59073A3F586731B68D3EDF37AB4EE59
:10D5F000E77AF1EE10FA24DD07F59073A3F5867350
:10D60000186801F03EFD07F59073A3F586731B685B
:10D6100003F54053002283F8F72307F59073A3F531
:10D6200086730021186801F0BDFC07F59073A3F51F
:10D63000827207F1240392E8030083E8030001F0FB
:10D6400099BC07F59073A3F588731B68D3ED007A36
:10D6500007F59073A3F588731B6893ED017A07F5BE
:10D660009073A3F586731B6803F54053D3EDFE6AF0
:10D6700007F59073A3F58673B0EE661AF0EE470ACD
:10D68000B0EE670A1868FFF727FCF0EE407A07F55E
:10D690009073A3F586731B6803F54053C3EDFE7AC0
:10D6A00007F59073A3F586731B6803F54053D3ED1C
:10D6B000FE7A07F59073A3F586731B6893EDDA7A0B
:10D6C00007F59073A3F58673F0EE470AB0EE670A8C
:10D6D0001868FFF725FA87ED3B0A07F59073A3F565
:10D6E00086731B6803F54053D3EDFF6A07F590730B
:10D6F000A3F586731B6893EDD97AD7ED3B7A67EE75
:10D70000277AB7EE007A37EE877AC6EE877AC7EDCA
:10D710003A7A07F59073A3F586731B6803F54053B7
:10D72000D3EDFF7AB0EE671ADFEDAB0A97ED3A0A58
:10D7300002F016FB87ED3A0A07F59073A3F586739E
:10D740001B68D3EDC76A07F59073A3F586731B6852
:10D75000D3EDC77A9FEDA17A37EE877AC6EE877A46
:10D76000C7ED397A97ED397AD7ED3A7A27EE277AED
:10D77000F7EE006AD7ED397A76EEE76A07F590732F
:10D78000A3F586731B6803F5405303F58563D3ED5A
:10D79000007A66EEA77A77EE277A07F59073A3F5FD
:10D7A00086731B6803F5405303F58563C3ED007A68
:10D7B00007F59073A3F586731B6803F5405303F5D3
:10D7C00085631B68C7F81C3107F59073A3F5867352
:10D7D0001B6803F54053D3EDFE7A07F59073A3F56C
:10D7E0008673B0EE670A1868FFF722FE87ED380AE5
:10D7F00007F59073A3F586731B6803F5405393F800
:10D80000082407F59073A3F586731B6803F540534E
:10D8100093F8F6339A4266D207F59073A3F58673B0
:10D820001B6803F5405393F80834194607F59073C5
:10D83000A3F586731A6841F6E8130B445B001344A2
:10D840009B88A7F8DE30B7F8DE3007F59072A2F5B6
:10D850008672126803F6F4039B001344043393EDBD
:10D86000007AD7ED387A77EE677AC7ED367AD7ED5A
:10D87000367AF5EEC07AF1EE10FA34DD07F59073E2
:10D88000A3F586731B68D3EDD87AF5EEC07AF1EE76
:10D8900010FA13DD07F59073A3F586731B68D3EDBB
:10D8A000D87A37EEA77AD7ED367A67EE277AB0EED8
:10D8B000670A1BF021FC87ED460A0CE007F5907320
:10D8C000A3F586731B68D3EDCC7A97ED367A67EEB5
:10D8D000277AC7ED467AD7ED460A97ED470A1BF03F
:10D8E00054FE87ED470A07F59073A3F586731B680E
:10D8F00003F54053B3F8F433013B07F59072A2F5FA
:10D900008672126803F6F4039B001344043393ED0C
:10D91000007AD7ED387A77EE677AC7ED357AD7EDAA
:10D92000357AF5EEC07AF1EE10FA35DD07F5907331
:10D93000A3F586731B68D3EDD87AF5EEC07AF1EEC5
:10D9400010FA13DD07F59073A3F586731B68D3ED0A
:10D95000D87A37EEA77AD7ED357A67EE277AB0EE28
:10D96000670A1BF0C9FB87ED450A0CE007F59073C9
:10D97000A3F586731B68D3EDCC7A97ED357A67EE05
:10D98000277AC7ED457AD7ED450A97ED470A1BF090
:10D99000FCFD87ED470A03E04FF00003C7F81C3198
:10D9A00007F59073A3F586731B68D3EDCC7A9FEDD2
:10D9B0000C7AF4EEC77AF1EE10FA13DD07F59073E6
:10D9C000A3F586731B6893EDCC7AD7ED476AC6EE54
:10D9D000877AC7ED447A25E000000000CDCCCC3D2D
:10D9E000BD37863507F59073A3F586731B6893EDF5
:10D9F000D18A07F59073A3F586731B6803F540532E
:10DA0000D3EDFF7A5FED0A0AB0EE670A1BF0A0FDC6
:10DA1000F0EE406A97ED477AC7EE267A68EE277AED
:10DA2000C7ED447A07F59073A3F586731B68D3EDB1
:10DA3000D27AF0EE670A97ED440A1BF089FD87ED74
:10DA4000440A07F59073A3F586731B6803F54053EA
:10DA5000D3EDFE7A07F59073A3F58673D7ED440AEC
:10DA6000B0EE670A1868FFF765FB87ED430A07F514
:10DA70009073A3F586731B6803F5405393F808244D
:10DA800007F59073A3F586731B6803F5405393F86D
:10DA9000F6339A422BD207F59073A3F586731B6871
:10DAA00003F5405393F80834194607F59073A3F52E
:10DAB00086731A6841F6E8130B445B0013449B8895
:10DAC000A7F8D230B7F8D23007EE903AF8EE677A7E
:10DAD00097ED437AB4EEE77AF1EE10FA07DDB7F886
:10DAE000D23007EE903AF8EE677AC7ED437A07F541
:10DAF0009073A3F586731B6803F54053B3F8F433B2
:10DB0000013B07EE903AF8EEE77A97ED437AB4EEF0
:10DB1000E77AF1EE10FA0FDD07F59073A3F586733F
:10DB20001B6803F54053B3F8F433013B07EE903A1A
:10DB3000F8EEE77AC7ED437A07F59073A3F586739D
:10DB40001A6843F20C43134407F59072A2F58672EB
:10DB5000116843F210420A4407F59071A1F58670EE
:10DB6000194697ED430A0068FFF7AAFB07F5907383
:10DB7000A3F586731B6803F5405303F20C4393ED42
:10DB8000007A07F59073A3F588731B68D3ED007ACC
:10DB900077EE677AC7ED337A07F59073A3F586734E
:10DBA0001B6803F5405303F5826393ED007A07F594
:10DBB0009073A3F588731B68D3ED017A77EE677ACB
:10DBC000C7ED327AD7ED337A27EEA77AD7ED327ADE
:10DBD00067EEA77A77EE277AB0EE670A1BF08CFA29
:10DBE00087ED310AD7ED330A97ED320A1AF092FF2A
:10DBF00087ED300A07F59073A3F588731B68D3EDA2
:10DC0000027A97ED307A77EE677AB0EE670A02F023
:10DC10002BF887ED2F0AD7F8BC30C7F8083107F585
:10DC20009073A3F586731B6893F8D033002B00F034
:10DC30008380D7ED2F7AF0EEE77AC7ED2E7A07F5DD
:10DC40009073A3F586731B6803F5405393F824344F
:10DC500083F00103DBB2002B24D007F59073A3F50A
:10DC600086731B68D3EDD67A97ED2E7AB4EEE77AF9
:10DC7000F1EE10FA16DD07F59073A3F586731B68B5
:10DC800003F54053012283F8242407F59073A3F58C
:10DC900086731B6803F5405303F214434FF00002F0
:10DCA0001A602EE007F59073A3F586731B6803F5E1
:10DCB000405393F82434002B23D007F59073A3F539
:10DCC00086731B68D3EDD77A97ED2E7AB4EEE77A98
:10DCD000F1EE10FA15D507F59073A3F586731B685E
:10DCE00003F54053002283F8242407F59073A3F52D
:10DCF00086731B6803F5405303F214434FF0000290
:10DD00001A6007F59073A3F586731B6803F54053FB
:10DD100093F82434002B0FD0D7ED2F7AB7EEE77AA3
:10DD20009FED8D6B37EE067BF7EEC77BB0EE670A93
:10DD300001F09AFF87ED420A07F59073A3F5867309
:10DD40001B68D7F80821C3F8842307F59073A3F55F
:10DD500086731B68D7F8C420C3F8802307F5907337
:10DD6000A3F586731B68D3EDD87A9FED7D7AF4EE28
:10DD7000C77AF1EE10FA11DD07F59073A3F58673FB
:10DD80001B68D3EDCE7AB7EE007A77EE877A97EDFF
:10DD9000477A67EE277AC7ED417A12E007F590736C
:10DDA000A3F586731B6893EDCC7AD7ED317A67EED5
:10DDB000277AF0EE670A97ED470A1BF0E6FB87ED3E
:10DDC000410A07F59073A3F586731B6893EDCE7A2D
:10DDD00007F59073A3F58A73D3ED007AF0EEE77A36
:10DDE00067EE277A97ED417A77EE677ADFED5E0A84
:10DDF000B0EE670A1BF0ACFB87ED410A97ED420AD3
:10DE00001BF09EF8F0EE407ADFED570AB0EE670A9D
:10DE10001BF09EFB87ED2D0A97ED417AD7ED2D7A09
:10DE200067EE277AC7ED417A07F59073A3F58673FD
:10DE30001B6803F5405393F82434002B05D0D7ED2D
:10DE4000417AF1EE677AC7ED417A07F59073A3F551
:10DE50008273D7F804211A6007F59073A3F58673CF
:10DE60001B68D7F81C21C3F8882307F59073A3F526
:10DE700086731B68D3EDC87A97ED427A67EE277AEE
:10DE8000C7ED2C7A07F59073A3F586731B6803F52D
:10DE9000405303F214431B68C7F8AC3097ED2C7A5B
:10DEA000D7ED2B7A77EE277AC7ED2A7A07F59073AC
:10DEB000A3F586731B68D3EDD07AF1EE677A07F588
:10DEC0009073A3F586731B6893EDD07AB0EE471A72
:10DED000F0EE670A97ED2A0A01F042FF87ED290A62
:10DEE00097ED2A7AD7ED297A77EE677AF0EEE77A1E
:10DEF0009FED1B7AF4EEC77AF1EE10FACCBF012346
:10DF0000002387F8A33097F8A330002B2ED097ED8D
:10DF10002A7AD7ED297AB4EEE77AF1EE10FA06DD27
:10DF2000D7ED427AF5EEC07AF1EE10FA0FDC97EDFC
:10DF30002A7AD7ED297AB4EEE77AF1EE10FA15D500
:10DF4000D7ED427AF5EEC07AF1EE10FA0ED5012344
:10DF50000DE000BFAFF30080182D4454FB210940B1
:10DF6000BD3786350AD7233C00000000002387F820
:10DF7000A23097F8A23083F00103DBB2002B69D006
:10DF800007F59073A3F586731B6803F5405303F2FE
:10DF9000144393ED007A07F59073A3F586731B681D
:10DFA000D3EDC96AD7ED427A66EEA76A07F590739A
:10DFB000A3F586731B68D3EDC77A66EEA77A77EE72
:10DFC000277A07F59073A3F586731B6803F5405312
:10DFD00003F21443C3ED007A07F59073A3F586733B
:10DFE0001B6893EDD08A07F59073A3F586731B68C1
:10DFF000D3EDC97A5FED250AB0EE670A1BF0A8FAE7
:10E00000B0EE407AC8EE077AC7ED277A07F590732D
:10E01000A3F586731B6803F5405303F2144393ED95
:10E02000007AD7ED277AF1EE677A97ED271AF0EEAE
:10E03000670AB0EE470A01F093FEF0EE407A07F56A
:10E040009073A3F586731B6803F5405303F21443E2
:10E05000C3ED007A07F59073A3F586731B68D3EDC3
:10E06000D37A77EEA77AC7ED267A97ED317AD7ED96
:10E07000267AC7EE276AB7EE001A5FED450AB0EEC2
:10E08000660A01F06DFE87ED250A97ED297AD7ED36
:10E09000257A67EE277A07F59073A3F58273C3EDAF
:10E0A000017A07F59073A3F588731B68D3ED007AA6
:10E0B00007F59073A3F588731B6893ED017A07F554
:10E0C0009073A3F586731B6803F54053B3F8F433DC
:10E0D000013B07F59072A2F5867212687A33DB0075
:10E0E00013440433D3ED006A07F59073A3F58673E8
:10E0F0001B6803F54053B3F8F433013B07F5907206
:10E10000A2F5867212687A33DB001344083393ED6C
:10E11000006AF0EE461AB0EE661AF0EE470AB0EE6C
:10E12000670A01F0EDFD87ED240A07F59073A3F56A
:10E1300086731B6803F54053B3F8F433013B07EED5
:10E14000903AF8EEE77AB7EE007A77EEC77AC7ED45
:10E15000237A07F59073A3F586731B6803F5405384
:10E16000D3EDFE7A97ED237AB4EEE77AF1EE10FA6A
:10E170000FD807F59073A3F586731B68D3EDD37A98
:10E1800097ED247AB4EEE77AF1EE10FA01D5012387
:10E1900000E0002387F88B3007F59073A3F58673B2
:10E1A0001B6803F5405393EDFE7AD7ED237AF1EE29
:10E1B000046A77EEE67AB4EEE77AF1EE10FA50DB15
:10E1C000B24B1B8801339AB2B04B1A80AF4B1B88FD
:10E1D000312B8CBF01230023DBB2002B41D007F58C
:10E1E0009073A3F586731B6803F54053D3EDFE7A55
:10E1F000B7EEE73A07F59073A3F586731B6803F54E
:10E200004053B3F8F433013BD7ED247AB7EEE77A05
:10E2100007F59072A2F586721268D2EDD36AB7EE56
:10E22000E66A97F88B20D7ED475AB7EEE55A07F51F
:10E230009071A1F58271D1ED004AB7EEE44A8DEDFF
:10E240000A4B8DED085B06928DED046B8DED027B24
:10E25000009353EC132B8E48F8F7FEFD8B4B0022F6
:10E260001A80002387F803310023A7F8003107F54F
:10E270009073A3F586731B6803F5405393F8082445
:10E2800007F59073A3F586731B6803F5405393F865
:10E29000F6339A4275D207F59073A3F586731B681F
:10E2A00003F5405393F80834194607F59073A3F526
:10E2B00086731A6841F6E8130B445B0013449B888D
:10E2C000A7F8003107F59073A3F588731B68D3EDA9
:10E2D000007A07F59073A3F588731B6893ED017AB4
:10E2E000B7F8003107F59072A2F5867212687A339A
:10E2F000DB0013440433D3ED006AB7F8003107F5AF
:10E300009072A2F5867212687A33DB0013440833E8
:10E3100093ED006AF0EE461AB0EE661AF0EE470A88
:10E32000B0EE670A01F0ECFC87ED210A07F5907367
:10E33000A3F586731B6803F5405393EDFE7AB7F897
:10E34000003107EE903AF8EE677AF7EE006A77EE62
:10E35000E67AB4EEE77AF1EE10FA0FDB07F5907388
:10E36000A3F586731B68D3EDD37A97ED217AB4EECB
:10E37000E77AF1EE10FA01D5012300E0002387F8D7
:10E38000033197F88B30002B00F0868007F59073EF
:10E39000A3F582734FF000021A6007F59073A3F59E
:10E3A00082734FF000025A6007F59073A3F58673ED
:10E3B0001B6803F5405303F21C4393ED007A07F505
:10E3C0009073A3F586731B68D3EDC77A77EE277A2F
:10E3D00007F59073A3F586731B6803F5405303F2AA
:10E3E0001C43C3ED007A07F59073A3F586731B6891
:10E3F00003F5405303F21C4393ED007A07F5907345
:10E40000A3F586731B68D3EDD47AB4EEE77AF1EE08
:10E4100010FA2EDB07F59073A3F586731B6803F5DE
:10E420004053D3EDFE7AB7EEE76AD7ED247AB7EE24
:10E43000E77A8DED007B53EC162B1648F8F70CFDB0
:10E4400007F59073A3F58673186800F006FE07F5CC
:10E450009073A3F586731B6803F54053002283F87D
:10E46000F72307F59073A3F586730021186800F071
:10E4700099FD07F59073A3F5827207F1240392E8E2
:10E48000030083E8030000F075BD00BF1004022400
:10E4900028D7030878D7030897F80331002B00F03A
:10E4A000228107F59073A3F586731B6803F540532B
:10E4B00093F8253483F00103DBB2002B69D007F514
:10E4C0009073A3F586731B6803F5405393F80834E3
:10E4D0001D46B7F8004107F59073A3F586731B68D6
:10E4E00003F54053D3EDFE7AB7EEE78A07F5907354
:10E4F000A3F588731B68D3ED007A07F59073A3F535
:10E5000088731B6893ED017AB7F8003107F59072B4
:10E51000A2F5867212687A33DB0013440433D3ED1C
:10E52000006AB7F8003107F59072A2F5867212689A
:10E530007A33DB001344083393ED006AF0EE461A99
:10E54000B0EE661AF0EE470AB0EE670A01F0D8FBAB
:10E55000F0EE407AB7EEE77A8DED027B8DED008B21
:10E5600022462946DA48F8F777FCB7F8002107F584
:10E570009073A3F586731146186800F041FD07F506
:10E580009073A3F586731B6803F54053012283F84B
:10E59000252407F59073A3F582734FF000021A60EB
:10E5A00007F59073A3F582734FF000025A6007F5E8
:10E5B0009073A3F586731B6803F5405303F21C4365
:10E5C00093ED007A07F59073A3F586731B68D3ED7E
:10E5D000C77A77EE277A07F59073A3F586731B68E1
:10E5E00003F5405303F21C43C3ED007A07F5907323
:10E5F000A3F586731B6803F5405303F21C4393EDA8
:10E60000007A07F59073A3F586731B68D3EDD57A6E
:10E61000B4EEE77AF1EE10FA59DB07F59073A3F543
:10E6200086731B6803F5405393F808341946B7F80E
:10E63000002107F59073A3F586731B68D3EDD57A97
:10E64000B7EEE77A8DED007BA248F8F705FCB7F846
:10E65000002107F59073A3F586731146186800F042
:10E66000E5FC07F59073A3F586731B6803F540532B
:10E6700093F808340133DAB207F59073A3F5867383
:10E680001B6803F5405383F8082407F59073A3F53E
:10E6900086731B6803F5405303F21C434FF00002DE
:10E6A0001A6007F59073A3F586731B6803F5405352
:10E6B00003F214434FF000021A6007F59073A3F5BC
:10E6C00086731B6803F54053002283F8252407F561
:10E6D0009073A3F5827207F1240392E8030083E8A4
:10E6E000030000F047BC07F59073A3F586731B6821
:10E6F00003F5405303F21C434FF000021A6007F584
:10E700009073A3F586731B6803F54053002283F8CA
:10E71000252407F59073A3F586731B68D3EDD87A8B
:10E720009FED6D7AF4EEC77AF1EE10FA1FDD07F572
:10E730009073A3F586731B6803F5405393EDFF7A3E
:10E7400007F59073A3F586731B6803F54053D3ED6B
:10E75000FF7A67EE276A07F59073A3F586731B6847
:10E76000D3EDD87A37EEA77AC6EE877A01E0F6EED7
:10E77000007AC7ED207A97ED357AD7ED207AB4EE9E
:10E78000E77AF1EE10FA06D4D7ED357AF5EEC07AD5
:10E79000F1EE10FA01D5012300E0002387F87F3065
:10E7A00097F87F30002B00F0798197F88B3083F059
:10E7B0000103DBB2002B00F0718107F59073A3F524
:10E7C00086731B6803F54053B3F8F433013B07F538
:10E7D0009072A2F5867212687A33DB001344043318
:10E7E00093ED007A07F59073A3F588731B68D3ED5A
:10E7F000007A77EE677AC7ED1E7A07F59073A3F576
:10E8000086731B6803F54053B3F8F433013B07F5F7
:10E810009072A2F5867212687A33DB0013440833D3
:10E8200093ED007A07F59073A3F588731B68D3ED19
:10E83000017A77EE677AC7ED1D7AD7ED1E7A27EE5B
:10E84000A77AD7ED1D7A67EEA77A77EE277AB0EE32
:10E85000670A1AF051FC87ED1C0AD7ED1E0A97EDE6
:10E860001D0A1AF057F987ED1B0A07F59073A3F5F7
:10E8700088731B68D3ED027A97ED1B7A77EE677A7F
:10E88000B0EE670A01F0F0F987ED3F0A07F59073E3
:10E89000A3F586731B68D3EDD87A9FED0F7AF4EE5B
:10E8A000C77AF1EE10FA1BDD07F59073A3F58673B6
:10E8B0001B68D3EDD87A37EEA77AD7ED1C7A67EECE
:10E8C000277AB0EE670A1AF017FC87ED3E0A14E0CB
:10E8D000A8D70308E0D70308BD378635000000003D
:10E8E00007F59073A3F586731B68D3EDCC7A97ED8B
:10E8F0001C7A67EE277AC7ED3E7A07F59073A3F589
:10E9000086731B6893EDCE7A07F59073A3F58A732F
:10E91000D3ED007AF0EEE77A67EE277A97ED3E7A4C
:10E9200077EE677A5FED130AB0EE670A1AF010FE11
:10E9300087ED3E0A07F59073A3F586731B6803F510
:10E940004053D3EDFF7AF0EE670A97ED3E0A1AF0D6
:10E950001CFE87ED3E0AD7ED3F7AB0EEE77A07F569
:10E960009073A3F586731B68D3EDD67AB4EEE77A7D
:10E97000F1EE10FACCBF0123002387F86B3097F833
:10E980006B30002B2AD0D7ED3F7AB7EEE77A9FEDB8
:10E99000CE6B37EE067BF7EEC77BB0EE670A01F071
:10E9A00063F987ED3F0AD7ED3E7AB1EE678A97EDBE
:10E9B0003F0A1AF0C5FAF0EE407ADFEDC60AB0EE73
:10E9C000670A1AF0C5FDF0EE407A68EE277A07F57F
:10E9D0009073A3F58273C3ED007A17E097ED3F0AB9
:10E9E0001AF0AEFAF0EE407ADFEDBA0AB0EE670A3E
:10E9F0001AF0AEFDB0EE407AD7ED3E7A67EE277A98
:10EA000007F59073A3F58273C3ED007A07F5907351
:10EA1000A3F586731B6893EDC87AD7ED3F7A27EE8E
:10EA2000277A07F59073A3F586731B68D3EDD07A28
:10EA3000F1EE677A07F59073A3F586731B68D3ED43
:10EA4000D06AB0EE661AF0EE670AB0EE470A01F03F
:10EA500087F987ED190A07F59073A3F586731B688C
:10EA6000D3EDD37A77EEA77A97ED1C7AC7EE276AB3
:10EA7000B7EE001ADFED970AB0EE660A01F070F902
:10EA800087ED180A97ED197AD7ED187A67EE277A8D
:10EA900007F59073A3F58273C3ED017A07F59073C0
:10EAA000A3F586731B6803F5405393F8082407F514
:10EAB0009073A3F586731B6803F5405393F8F63300
:10EAC0009A4280F0E78197F8033183F00103DBB2CB
:10EAD000002B00F0DF8107F59073A3F586731B68A8
:10EAE00003F5405393F80834194607F59073A3F5DE
:10EAF00086731A6841F6E8130B445B0013449B8845
:10EB0000A7F85E30B7F85E3007F59072A2F586720E
:10EB100012687A33DB00134404331B68BB65B7F813
:10EB20005E3007F59072A2F5867212687A33DB00C8
:10EB3000134408331B687B6507F59073A3F588734E
:10EB40001B68D3ED007A97ED167A77EE677AC7EDFA
:10EB5000147A07F59073A3F588731B68D3ED017AD7
:10EB600097ED157A77EE677AC7ED137AD7ED147AB9
:10EB700027EEA77AD7ED137A67EEA77A77EE277A92
:10EB8000B0EE670A1AF0B8FA87ED120A07F590732B
:10EB9000A3F586731B68D3EDD87A9FED4D7AF4EE1A
:10EBA000C77AF1EE10FA1FDD07F59073A3F58673AF
:10EBB0001B6803F5405393EDFF7A07F59073A3F5B7
:10EBC00086731B6803F54053D3EDFF7A67EE276A1F
:10EBD00007F59073A3F586731B68D3EDD87A37EEEB
:10EBE000A77AC6EE877A01E0F6EE007AC7ED117AD1
:10EBF000B7F85E3007F59072A2F58672126803F6D8
:10EC0000F4039B001344043393ED007AD7ED387A74
:10EC100077EE677AC7ED107A97ED107AD7ED117A13
:10EC2000B4EEE77AF1EE10FA06D4D7ED107AF5EEED
:10EC3000C07AF1EE10FA01D5012300E0002387F835
:10EC40003F3097F83F30002B00F02481D7ED140AB5
:10EC500097ED130A19F05EFF87ED0E0A07F5907322
:10EC6000A3F588731B68D3ED027A97ED0E7A77EEE1
:10EC7000677AB0EE670A00F0F7FF87ED3D0A07F507
:10EC80009073A3F586731B68D3EDD87A9FED107A45
:10EC9000F4EEC77AF1EE10FA1EDD07F59073A3F5D6
:10ECA00086731B68D3EDD87A37EEA77AD7ED127A40
:10ECB00067EE277AB0EE670A1AF01EFA87ED3C0A73
:10ECC00017E000BFAFF30080182D4454FB2109402A
:10ECD000BD3786350000000007F59073A3F58673F5
:10ECE0001B68D3EDCC7A97ED127A67EE277AC7EDE1
:10ECF0003C7A07F59073A3F586731B6893EDCE7A83
:10ED000007F59073A3F58A73D3ED007AF0EEE77AF6
:10ED100067EE277A97ED3C7A77EE677A5FED130A14
:10ED2000B0EE670A1AF014FC87ED3C0A07F5907301
:10ED3000A3F586731B6803F54053D3EDFF7AF0EE1D
:10ED4000670A97ED3C0A1AF020FC87ED3C0AD7EDE4
:10ED50003D7AB0EEE77A07F59073A3F586731B68EA
:10ED6000D3EDD67AB4EEE77AF1EE10FACCBF0123F8
:10ED7000002387F8373097F83730002B2AD0D7EDAB
:10ED80003D7AB7EEE77A9FED846B37EE067BF7EEC0
:10ED9000C77BB0EE670A00F067FF87ED3D0AD7ED4D
:10EDA0003C7AB1EE678A97ED3D0A1AF0C9F8F0EEA9
:10EDB000407ADFED7B0AB0EE670A1AF0C9FBF0EE8D
:10EDC000407A68EE277A07F59073A3F58273C3ED56
:10EDD000007A17E097ED3D0A1AF0B2F8F0EE407AAB
:10EDE000DFED6F0AB0EE670A1AF0B2FBB0EE407AC0
:10EDF000D7ED3C7A67EE277A07F59073A3F5827317
:10EE0000C3ED007A07F59073A3F586731B6893ED45
:10EE1000C87AD7ED3D7A27EE277A07F59073A3F5E8
:10EE200086731B68D3EDD07AF1EE677A07F590739D
:10EE3000A3F586731B68D3EDD06AB0EE661AF0EEC8
:10EE4000670AB0EE470A00F08BFF87ED0C0A07F562
:10EE50009073A3F586731B68D3EDD37A77EEA77A08
:10EE600097ED127AC7EE276AB7EE001ADFED4C0A6B
:10EE7000B0EE660A00F074FF87ED0B0A97ED0C7A8E
:10EE8000D7ED0B7A67EE277A07F59073A3F58273B7
:10EE9000C3ED017A07F59073A3F586731B6803F53C
:10EEA0004053B3F8F42307F59073A3F586731B68FA
:10EEB000A3F8722307F59073A3F586731B6803F517
:10EEC0004053D3EDFE7AFCEEE77A17EE903A9AB211
:10EED00007F59073A3F586731B68A3F8742307F5F1
:10EEE0009073A3F586731B6803F5405303F20C433C
:10EEF0001A6807F59073A3F586731B68C3F8782327
:10EF000007F59073A3F586731B6803F5405303F56B
:10EF100082631A6807F59073A3F586731B68C3F8BC
:10EF20007C23DFED1F0A97ED350A1AF011FBF0EE96
:10EF3000407A07F59073A3F586731B68C3EDE67AF4
:10EF400007F59073A3F586731B6803F54053D3F858
:10EF5000F82307F59073A3F586731B68C3F89C2309
:10EF600007F59073A3F5827207F1240392E803007A
:10EF700083E803007A6ABB6A07EE102A07EE903A2C
:10EF8000B0EE470AF0EE670A07F59077BD46BDEC94
:10EF9000028BB0BDAFF30080182D4454FB21094013
:10EFA0000000000080B582B000AF78600B46FB70B7
:10EFB0007B6893F81833FA789A4210D07B68FA7815
:10EFC00083F8182300220F21786800F0A5F87B68E9
:10EFD00003F52573FA781146184600F01AFF00BFB2
:10EFE0000837BD4680BD80B582B000AF7860002292
:10EFF0000021786800F090F800BF0837BD4680BD5A
:10F0000080B582B000AF78600B467B807B881A4663
:10F010000221786800F080F87B687A8811461846EB
:10F0200000F01DFF00BF0837BD4680BD80B582B02F
:10F0300000AF78600B467B807B881A460321786896
:10F0400000F06AF87B6884337A881146184600F02D
:10F0500006FF00BF0837BD4680BD80B582B000AF57
:10F06000786000220621786800F056F87B6803F586
:10F0700084730021184600F018FF00BF0837BD4612
:10F0800080BD80B582B000AF78600022072178682B
:10F0900000F042F87B6803F5C6730021184600F0C3
:10F0A00004FF00BF0837BD4680BD80B582B000AF09
:10F0B000786000220821786800F02EF87B6803F55C
:10F0C00004730021184600F0F0FE00BF0837BD466B
:10F0D00080BD000080B582B000AF7860054A7B68D3
:10F0E0001A607B681846F7F75BFA7B6818460837A2
:10F0F000BD4680BD5CE2030880B582B000AF786099
:10F100007868FFF7E7FF4821786819F08BFC7B6887
:10F1100018460837BD4680BDB0B5A4B000AF7860D2
:10F120000B46FB7013463B80FB7887F850307B68BA
:10F1300007F1540403F55B750FCD0FC40FCD0FC459
:10F140000FCD0FC42B6823600F4B1B68C7F88830A6
:10F150003B88A7F88C30002387F88E3007F15002E7
:10F1600007F108031146184600F0C6FE07F1080330
:10F170001846F7F7C5FE07F108031846FFF7AAFF80
:10F180009037BD46B0BD00BF2077022480B594B053
:10F1900000AFF860B9604FF000037B614FF00003EF
:10F1A000BB61FB6893EDE97ABB68D3ED027A77EE39
:10F1B000677AB0EE670A00F057FD87ED130AFB6827
:10F1C000FA6CC3F88423FB68D3EDEB7AF5EEC07AD2
:10F1D000F1EE10FA03DDFB68D3F8AC3302E0FB6814
:10F1E000D3F84033BB64FB68D3EDCA7AF5EEC07A3E
:10F1F000F1EE10FA03DDFB68D3F8283302E0FB6878
:10F20000D3F820337B64FB68D3EDCB7AF5EEC07A7C
:10F21000F1EE10FA03DDFB68D3F82C3302E0FB6853
:10F22000D3F824333B6497ED117AD7ED137A67EE68
:10F23000277AC7ED0F7AFB6803F5405303F21443B6
:10F240001B68BB6397ED0F7AD7ED0E7A77EE277ABE
:10F25000C7ED0D7AD7ED127AF1EE677A97ED121AB3
:10F26000F0EE670A97ED0D0A00F07AFD87ED0C0AC3
:10F2700097ED0D7AD7ED0C7A77EE677AF0EEE77AB4
:10F280009FED8F7AF4EEC77AF1EE10FACCBF01232E
:10F29000002387F82F3097F82F30002B21D097EDDF
:10F2A0000D7AD7ED0C7AB4EEE77AF1EE10FA06DDBE
:10F2B000D7ED137AF5EEC07AF1EE10FA0FDC97ED88
:10F2C0000D7AD7ED0C7AB4EEE77AF1EE10FA08D5A4
:10F2D000D7ED137AF5EEC07AF1EE10FA01D50123DD
:10F2E00000E0002387F82E3097F82E3083F00103DA
:10F2F000DBB2002B44D0FB6803F5405303F2144308
:10F3000093ED007AD7ED106AD7ED137A66EEA76A0F
:10F31000FB68D3EDC77A66EEA77A77EE277AFB68AB
:10F3200003F5405303F21443C3ED007ADFED650AA1
:10F3300097ED100A1AF00CF9F0EE406A97ED127A88
:10F34000C7EE267AC7ED0A7AFB6803F5405303F24D
:10F35000144393ED007AD7ED0A7AF1EE677A97EDD0
:10F360000A1AF0EE670AB0EE470A00F0F9FCF0EE78
:10F37000407AFB6803F5405303F21443C3ED007A6F
:10F380003B6BBB61504B7B62D7ED137AF0EEE77AB3
:10F3900097ED097AB4EEE77AF1EE10FA43DDFB68F7
:10F3A00003F5405303F21C4393ED007AFB68D3ED61
:10F3B000C77A77EE277AFB6803F5405303F21C43C4
:10F3C000C3ED007AFB6803F5405303F21C4393ED51
:10F3D000007AFB68D3EDD47AB4EEE77AF1EE10FA56
:10F3E00029DBFB6803F5405303F214434FF000029E
:10F3F0001A60FB6803F5405303F21C434FF0000210
:10F400001A600021F868FFF7CDFD00220D21F86891
:10F41000FFF782FE07F11C0307F1140292E80300D4
:10F4200083E803003FE0FB6803F5405303F21C430D
:10F430004FF000021A60FB68D3EDEA7AF5EEC07A6D
:10F44000F1EE10FA27DDFB6803F5405303F5846302
:10F4500093ED007AFB68D3EDEA7AB4EEE77AF1EE49
:10F4600010FA18DDFB6803F5405303F214434FF024
:10F4700000021A60FB6803F5405303F21C434FF08F
:10F4800000021A600021F868FFF78CFD00220E21AF
:10F49000F868FFF741FE07F11C0307F1140292E838
:10F4A000030083E80300FA693B6A07EE102A07EEBF
:10F4B000903AB0EE470AF0EE670A5037BD4680BD7D
:10F4C000BD3786350AD7233CCDCC4C3D000000002B
:10F4D00080B52DED028BAAB000AF7861396187ED60
:10F4E000030A4FF00003FB614FF000033B627B69AE
:10F4F00093EDED7A3B69D3ED007A77EE677AC7ED4D
:10F50000247A7B6993EDEE7A3B69D3ED017A77EE4D
:10F51000677AC7ED237AD7ED247A27EEA77AD7ED5D
:10F52000237A67EEA77A77EE277AB0EE670A19F0AA
:10F53000E3FD87ED220A7B69D3EDD37A97ED227A3A
:10F54000B4EEE77AF1EE10FA64D57B6903F5405327
:10F5500003F21C4393ED007A7B69D3EDC77A77EE13
:10F56000277A7B6903F5405303F21C43C3ED007A0D
:10F570007B6903F5405303F21C4393ED007A7B69EA
:10F58000D3EDD47AB4EEE77AF1EE10FA2FDB7B6993
:10F5900003F5405303F214434FF000021A607B69F5
:10F5A00003F5405303F583634FF000021A607B6953
:10F5B00003F5405303F21C434FF000021A607B69CD
:10F5C00003F54053002283F8242400217869FFF7D3
:10F5D000E9FC00220A217869FFF79EFD07F1240368
:10F5E00007F11C0292E8030083E803002DE37B6926
:10F5F0004FF00002C3F888237B69D7F88820C3F84E
:10F60000982307F1240307F11C0292E8030083E822
:10F6100003001AE37B6903F5405303F21C434FF0E8
:10F6200000021A60D7ED240A97ED230A19F072FA46
:10F6300087ED210A3B69D3ED027A97ED217A77EEC7
:10F64000677AB0EE670A00F00FFB87ED200AD7ED6E
:10F65000207AF0EEE77AC7ED1F7A7B6903F5405315
:10F6600093F8243483F00103DBB2002B18D07B69BC
:10F67000D3EDD67A97ED1F7AB4EEE77AF1EE10FA71
:10F680000EDD7B6903F54053012283F824247B6956
:10F6900003F5405303F214434FF000021A601EE0DA
:10F6A0007B6903F5405393F82434002B17D07B6912
:10F6B000D3EDD77A97ED1F7AB4EEE77AF1EE10FA30
:10F6C0000DD57B6903F54053002283F824247B6920
:10F6D00003F5405303F214434FF000021A607B69B4
:10F6E000D3F84433BB677B69D3F8B433C7F8A4308D
:10F6F0007B69D3F8B833C7F8A030D7ED227A9FEDF5
:10F70000687AF4EEC77AF1EE10FA44DDD7ED1E7A8E
:10F710009FED637AF4EEC77AF1EE10FA3BDD97EDD8
:10F72000227AD7ED1E7A77EE677ADFED5F0AB0EEC8
:10F73000670A19F00DFF87ED1D0AD7ED227A9FEDBC
:10F74000587A37EE877AF7EE006AC6EE877AC7ED09
:10F750001C7A7B6993EDED7AD7ED246AD7ED1C7A9C
:10F7600066EEA76AD7ED1D7A66EEA77A77EE677A1E
:10F77000C7ED297A7B6993EDEE7AD7ED236AD7ED51
:10F780001C7A66EEA76AD7ED1D7A66EEA77A77EE49
:10F79000677AC7ED287A3B69D3ED007A97ED297A2D
:10F7A00077EE677AC7ED1B7A3B69D3ED017A97ED67
:10F7B000287A77EE677AC7ED1A7AD7ED1B0A97EDAC
:10F7C0001A0A19F0A7F987ED270AD7ED1B7A27EE59
:10F7D000A77AD7ED1A7A67EEA77A77EE277AB0EE96
:10F7E000670A19F089FC87ED190A7B6903F5405314
:10F7F00093F82434002B0FD0D7ED277AB7EEE77AB1
:10F800009FED256B37EE067BF7EEC77BB0EE670A00
:10F8100000F02AFA87ED270A3B69D3ED027A97EDCB
:10F82000277A77EE677AB0EE670A00F01DFA87ED67
:10F83000180A7B693A6EC3F884237B69D3EDF07AAA
:10F84000F5EEC07AF1EE10FA03DD7B69D3F8C03330
:10F8500002E07B69D3F83C33FB657B69D3EDD87A52
:10F86000F5EEC07AF1EE10FA20DDD7ED227AF5EE52
:10F87000C07AF1EE10FA19DD7B69D3EDD87A37EE54
:10F88000A77AD7ED227A67EE277AB0EE670A19F0E9
:10F8900033FC87ED260A12E0182D4454FB21094061
:10F8A000BD3786350AD7233C000000007B69D3EDC5
:10F8B000CC7A97ED227A67EE277AC7ED267A7B69B4
:10F8C00093EDCE7AD7ED037AF0EEE77A67EE277AFA
:10F8D00097ED267A77EE677A5FED0D0AB0EE670A4C
:10F8E00019F036FE87ED260A7B6903F5405303F5D0
:10F8F00083631B68BB6597ED267AD7ED167A77EEA2
:10F90000277AC7ED157A97ED171A5FED190A97ED6B
:10F91000150A00F025FA87ED140A97ED157AD7ED50
:10F92000147A77EE677AF0EEE77A1FED237AF4EE39
:10F93000C77AF1EE10FA33D57B6903F5405303F52E
:10F94000836393ED007A7B69D3EDCD6AD7ED197AA5
:10F9500066EEA76A7B69D3EDC77A66EEA77A77EE83
:10F96000277A7B6903F5405303F58363C3ED007A7F
:10F970007B6903F5405303F58363D3ED007A97ED7C
:10F98000171A5FED370AB0EE670A00F0E9F9F0EEFA
:10F99000407A7B6903F5405303F58363C3ED007A36
:10F9A00097ED180A19F0CCFAF0EE407A5FED420AB2
:10F9B000B0EE670A19F0CCFD87ED130A97ED147AC3
:10F9C000D7ED137A67EE277AC7ED257A7B6903F5C1
:10F9D000405393F82434002B05D0D7ED257AF1EE6F
:10F9E000677AC7ED257AD7F89430FB617B69D3ED50
:10F9F000C87A97ED187A67EE277AC7ED127A7B6995
:10FA000003F5405303F214431B687B6497ED127AAD
:10FA1000D7ED117A77EE277AC7ED107A7B69D3EDAF
:10FA2000D07AF1EE677A7B6993EDD07AB0EE471A1F
:10FA3000F0EE670A97ED100A00F092F987ED0F0AD1
:10FA400097ED107AD7ED0F7A77EE677AF0EEE77AD6
:10FA50001FED6D7AF4EEC77AF1EE10FACCBF0123F8
:10FA6000002387F83B3097F83B30002B21D097EDEF
:10FA7000107AD7ED0F7AB4EEE77AF1EE10FA06DDE0
:10FA8000D7ED187AF5EEC07AF1EE10FA0FDC97EDAB
:10FA9000107AD7ED0F7AB4EEE77AF1EE10FA08D5C6
:10FAA000D7ED187AF5EEC07AF1EE10FA01D5012300
:10FAB00000E0002387F83A3097F83A3083F00103EA
:10FAC000DBB2002B49D07B6903F5405303F21443AA
:10FAD00093ED007A7B69D3EDC96AD7ED187A66EEAB
:10FAE000A76A7B69D3EDC77A66EEA77A77EE277AA5
:10FAF0007B6903F5405303F21443C3ED007A7B693D
:10FB000093EDD08A7B69D3EDC97A5FED9A0AB0EEA6
:10FB1000670A19F01DFDB0EE407AC8EE077AC7ED0E
:10FB20000D7A7B6903F5405303F2144393ED007A99
:10FB3000D7ED0D7AF1EE677A97ED0D1AF0EE670AC0
:10FB4000B0EE470A00F00CF9F0EE407A7B6903F55D
:10FB5000405303F21443C3ED007A7B69D3EDD37AAB
:10FB600077EEA77AC7ED0C7A97ED227AD7ED0C7A6B
:10FB7000C7EE276AB7EE001A5FEDB50AB0EE660A67
:10FB800000F0EEF887ED0B0A97ED0F7AD7ED0B7AC0
:10FB900067EE277AC7ED087A7B69D3EDEF7AF5EE49
:10FBA000C07AF1EE10FA35DD7B6903F5405303F5B9
:10FBB000846393ED007A7B69D3EDEF7AB4EEE77A54
:10FBC000F1EE10FA26DD7B6903F5405303F214438E
:10FBD0004FF000021A607B6903F5405303F583631D
:10FBE0004FF000021A607B6903F5405303F21C4397
:10FBF0004FF000021A607B6903F54053002283F83E
:10FC0000242400217869FFF7CDF900220B217869BF
:10FC1000FFF782FA7B69D7F8A420C3F878237B69C1
:10FC2000D7F8A020C3F87C237B693A6DC3F88823FA
:10FC30007B69D7F88820C3F8982307F1240307F1DC
:10FC40001C0292E8030083E803007A6ABB6A07EEAD
:10FC5000102A07EE903AB0EE470AF0EE670AA8378E
:10FC6000BD46BDEC028B80BD80B483B000AF87ED94
:10FC7000010A0BE0D7ED017AB7EEE77A9FED1A6B38
:10FC800037EE467BF7EEC77BC7ED017AD7ED017AF9
:10FC9000B7EEE77A9FED166BB4EEC67BF1EE10FA85
:10FCA000E8DC0BE0D7ED017AB7EEE77A9FED0E6B5B
:10FCB00037EE067BF7EEC77BC7ED017AD7ED017A09
:10FCC000B7EEE77A9FED0C6BB4EEC67BF1EE10FA5F
:10FCD000E8D47B6807EE903AB0EE670A0C37BD4671
:10FCE0005DF8047B704700BF182D4454FB21194078
:10FCF000182D4454FB210940182D4454FB2109C000
:10FD000080B586B000AF87ED030AC7ED020A87ED24
:10FD1000011AC7ED001A97ED017AD7ED037A77EE55
:10FD2000677AC7ED057A97ED007AD7ED027A77EE1C
:10FD3000677AC7ED047AD7ED057A27EEA77AD7ED73
:10FD4000047A67EEA77A77EE277AB0EE670A19F0A1
:10FD5000D3F9F0EE407AB0EE670A1837BD4680BDA1
:10FD600080B485B000AF87ED030AC7ED020A87EDC6
:10FD7000011A97ED037AD7ED027AB4EEE77AF1EE45
:10FD800010FA01D5BB680BE097ED037AD7ED017A45
:10FD9000B4EEE77AF1EE10FA01DD7B6800E0FB6873
:10FDA00007EE903AB0EE670A1437BD465DF8047B63
:10FDB0007047B0B582B000AF78607B6800221A60EF
:10FDC0007B68043303241D4604E0284600F0ACF8A9
:10FDD000013C2035002CF8DA7B6818460837BD4610
:10FDE000B0BDB0B582B000AF78607B6800221A6009
:10FDF0007B68043303241D4604E0284600F0B2F873
:10FE0000013C2035002CF8DA7B6818460837BD46DF
:10FE1000B0BD80B584B000AF78600B46FB700023A6
:10FE2000FB6014E07A68FB685B01134408331B78BD
:10FE3000002B09D0FB685B017A6813440433FA781D
:10FE40001146184600F0ACF8FB680133FB60FB6814
:10FE5000032BE7DD00BF00BF1037BD4680BD80B576
:10FE600084B000AF78600B467B800023FB6014E019
:10FE70007A68FB685B01134408331B78002B09D0B8
:10FE8000FB685B017A68134404337A88114618468C
:10FE9000F7F770FBFB680133FB60FB68032BE7DDC2
:10FEA00000BF00BF1037BD4680BD80B584B000AF35
:10FEB00078600B46FB700023FB6014E07A68FB68F7
:10FEC0005B01134408331B78002B09D0FB685B01EE
:10FED0007A6813440433FA781146184600F071F832
:10FEE000FB680133FB60FB68032BE7DD00BF00BF4D
:10FEF0001037BD4680BD000080B582B000AF78608D
:10FF000039607B681846F7F771F8064A7B681A6013
:10FF10003968786800F066F87B6818460837BD468F
:10FF200080BD00BF5CE2030880B582B000AF78609E
:10FF30007B681846F6F752FA094A7B681A607B68B4
:10FF400000221A717B6808330021184600F05AF825
:10FF50007B6800221A717B6818460837BD4680BD51
:10FF600080E2030880B582B000AF78607B681846F5
:10FF7000F6F734FA094A7B681A607B6800221A7126
:10FF80007B6808330021184600F04AF87B6800229D
:10FF90001A717B6818460837BD4680BD70E20308B9
:10FFA00080B582B000AF78600B46FB707B68083389
:10FFB000FA781146184600F041F800BF0837BD46F0
:10FFC00080BD80B582B000AF78600B46FB707B6867
:10FFD0000833FA781146184600F03FF800BF08379A
:10FFE000BD4680BD80B582B000AF786039607B6867
:10FFF00008334022396818461BF068FA00BF0837FA
:020000040802F0
:10000000BD4680BD80B582B000AF78603960396888
:10001000786800F031F87B6818460837BD4680BD27
:1000200080B582B000AF786039603968786800F0D8
:1000300034F87B6818460837BD4680BD80B582B06D
:1000400000AF78600B46FB70FB781946786800F0CB
:1000500035F800BF0837BD4680BD80B582B000AF1F
:1000600078600B46FB70FB781946786800F04FF813
:1000700000BF0837BD4680BD80B483B000AF786054
:1000800039607B683A681A607B6800225A6100BF59
:100090000C37BD465DF8047B704780B483B000AF79
:1000A000786039607B683A681A607B6800225A6120
:1000B00000BF0C37BD465DF8047B704780B582B049
:1000C00000AF78600B46FB707B685B69002B09D141
:1000D0007B681B68002B05D07B681B68FA7810468C
:1000E000984711E07B685B69002B0CD07B681B682C
:1000F000002B08D07B685B697A6810687A68111DEC
:10010000FA78984700E000BF0837BD4680BD80B54B
:1001100082B000AF78600B46FB707B685B69002B98
:1001200009D17B681B68002B05D07B681B68FA78B7
:100130001046984711E07B685B69002B0CD07B6808
:100140001B68002B08D07B685B697A6810687A6846
:10015000111DFA78984700E000BF0837BD4680BD02
:1001600080B483B000AF786039607B6805221A7074
:100170007B6801221A727B6800225A727B685322C4
:100180009A727B680022DA723B6803F108027B688E
:10019000DA607B6840221A8200BF78680C37BD465F
:1001A0005DF8047B7047000080B582B000AF7860D6
:1001B0007B68184615F08DFA7B685433184614F0A6
:1001C000C5FF7B68A033184615F083FA7B68F433CB
:1001D000184614F0BBFF7B6803F5A073F8220021DA
:1001E00018461BF0CBF87B681A4AC3F84C217B6891
:1001F000184AC3F8C8217A687B6803F5A0731946CA
:10020000104615F004FC7B6803F1A0027B6803F53F
:10021000DE731946104615F0FAFB7B6803F15402B1
:100220007B6803F5C0731946104614F0ABFF7B687A
:1002300003F1F4027B6803F5FE731946104614F0CF
:10024000A1FF786800F008F87B6818460837BD46BB
:1002500080BD00BF0AD7233C80B582B000AF786074
:100260007B68184615F066FA7B68A033184615F0CF
:1002700061FA7B685433184614F09EFF7B68F433B0
:10028000184614F099FF7B684FF00002C3F8402233
:100290007B684FF00002C3F844227B684FF00002F5
:1002A000C3F838227B684FF00002C3F83C227B6819
:1002B0004FF00002C3F848227B684FF00002C3F8F9
:1002C0004C2200BF0837BD4680BDB0B582B000AF3C
:1002D000786039607868FFF7BFFF7B683A6803F59C
:1002E000A07415460FCD0FC40FCD0FC40FCD0FC492
:1002F00095E80F0084E80F007B683968184615F010
:1003000086FB00BF0837BD46B0BDB0B582B000AFB8
:10031000786039607868FFF79FFF7B683A6803F57B
:10032000C07415460FCD0FC40FCD0FC40FCD0FC431
:1003300095E8070084E807007B685433396818465D
:1003400014F020FF00BF0837BD46B0BDB0B582B085
:1003500000AF786039607868FFF77EFF7B683A68A5
:1003600003F5DE7415460FCD0FC40FCD0FC40FCDAE
:100370000FC495E80F0084E80F007B68A03339684C
:10038000184615F044FB00BF0837BD46B0BDB0B5F8
:1003900082B000AF786039607868FFF75DFF7B68F6
:1003A0003A6803F5FE7415460FCD0FC40FCD0FC488
:1003B0000FCD0FC495E8070084E807007B68F4338D
:1003C0003968184614F0DEFE00BF0837BD46B0BDE0
:1003D00080B590B000AF7861396187ED030AC7ED51
:1003E000020A07F1180300221A605A607B6903F1C0
:1003F00054023B69D3ED007AB0EE670A104615F05F
:10040000BFF887ED0F0A7B6903F1F4023B69D3ED76
:10041000017AB0EE670A104615F0B2F887ED0E0AC1
:100420007A693B69D3ED007AD7ED030AB0EE670A2B
:10043000104615F006FB87ED0D0A7B6903F1A0025B
:100440003B69D3ED017AD7ED020AB0EE670A104698
:1004500015F0F7FA87ED0C0A97ED0F7AD7ED0D7AC4
:1004600077EE277AC7ED0B7A97ED0E7AD7ED0C7AF7
:1004700077EE277AC7ED0A7A97ED0B7AD7ED0A7AED
:1004800077EE677AC7ED067A97ED0B7AD7ED0A7AA1
:1004900077EE277AC7ED077A7B6903F5107307F1CA
:1004A000180292E8030083E803007B69FA68C3F846
:1004B00038227B69BA68C3F83C227B693A6903F544
:1004C000127392E8030083E8030007F1200307F1A9
:1004D000180292E8030083E803003A6A7B6A07EE99
:1004E000102A07EE903AB0EE470AF0EE670A40375E
:1004F000BD4680BD80B582B000AF786018F08BFA41
:1005000002467B681A6000BF0837BD4680BD80B5D3
:1005100082B000AF7860396018F07DFA02463B681F
:10052000D21A7B681A607B6818460837BD4680BDC2
:1005300080B582B000AF786018F06DFA02467B6833
:100540001B68D31A18460837BD4680BD80B483B0F7
:1005500000AF0346FB71FB796E2B00F3E780002BA5
:10056000C0F20B816E2B00F2088101A252F823F039
:1005700033070208370702087B0702087B070208D7
:100580003B0702083F070208430702087B070208EF
:100590007B0702087B070208470702087B0702085F
:1005A0007B0702087B0702087B0702087B0702081B
:1005B0007B0702087B0702087B0702084B0702083B
:1005C0004F070208530702087B0702087B0702084F
:1005D0007B0702087B0702087B0702087B070208EB
:1005E0007B0702087B0702087B0702087B070208DB
:1005F000570702085B0702085F0702086307020843
:100600007B0702087B0702087B0702087B070208BA
:10061000670702087B0702087B0702087B070208BE
:100620007B0702087B0702087B0702087B0702089A
:100630007B0702087B0702087B0702087B0702088A
:100640007B0702087B0702087B0702087B0702087A
:100650007B0702087B0702087B0702087B0702086A
:100660006B0702087B0702087B0702087B0702086A
:100670007B0702087B0702087B0702087B0702084A
:100680007B0702087B0702086F0702087B07020846
:100690007B0702087B0702087B0702087B0702082A
:1006A0007B0702087B0702087B0702087B0702081A
:1006B0007B0702087B0702087B0702087B0702080A
:1006C0007B0702087B0702087B0702087B070208FA
:1006D0007B0702087B0702087B0702087B070208EA
:1006E0007B0702087B0702087B0702087B070208DA
:1006F0007B0702087B0702087B0702087B070208CA
:100700007B0702087B0702087B0702087B070208B9
:100710007B0702087B0702087B0702087B070208A9
:100720007B0702087B07020873070208FF2B22D011
:1007300023E0154B22E0154B20E0154B1EE0154B36
:100740001CE0154B1AE0154B18E0154B16E0154B45
:1007500014E0154B12E0154B10E0154B0EE0154B55
:100760000CE0154B0AE0154B08E0154B06E0154B65
:1007700004E0154B02E0154B00E0144B18460C3713
:10078000BD465DF8047B704710D8030814D80308F1
:100790001CD8030828D8030834D8030840D8030815
:1007A00044D8030850D803085CD803086CD8030861
:1007B00074D8030880D803088CD803089CD8030891
:1007C000A4D80308ACD80308B4D80308BCD80308DD
:1007D00080B483B000AF78607B6800221A607B68C9
:1007E00001221A747B684FF00002DA617B682033C3
:1007F00000221A605A607B68283300221A605A600F
:100800007B68002283F830207B68FF2283F8312048
:100810007B68FF2283F832207B6818460C37BD4680
:100820005DF8047B7047000080B584B000AFF860CD
:10083000384680E80E00FB6804333A4607CA83E86E
:100840000700FB68BA695A61FB68FA699A6100227D
:1008500001210120F1F786FE03460B4A13600022B6
:1008600001210120F1F77EFE0346084A13600022B1
:1008700001210120F1F776FE0346054A13600023AB
:1008800018461037BD4680BD140402241804022403
:100890001C04022480B584B000AF78607B685B697B
:1008A0001B6810331B687A685269104698470346E4
:1008B000FB73FB7B002B01D001232DE06420F1F7BB
:1008C00077FD7B689B691B6810331B687A689269A7
:1008D000104698470346FB73FB7B002B01D0012396
:1008E0001AE07B685B691B6808331B687A68526989
:1008F000104698477B689B691B6808331B687A68B9
:10090000926910469847064A79680648F1F7B3FCA1
:100910007B6801221A74002318461037BD4680BD3B
:1009200088E203080B11020880B582B000AF78603E
:10093000054A7B681A607B681846F5F731FE7B68CC
:1009400018460837BD4680BDB4E2030880B582B0C2
:1009500000AF78607868FFF7E7FF1021786818F03B
:1009600061F87B6818460837BD4680BD90B58BB0EE
:1009700000AF78607B681B7C022B04D02B48F6F715
:100980006BFA01244CE07B68012283F8302040F6AA
:10099000B8337B62F1F75AFC386202E00520F1F7C8
:1009A00007FD7B6893F83030DBB2002B09D0F1F7FC
:1009B0004DFC02463B6AD31A7A6A9A4201D9012356
:1009C00000E00023002BE9D17B681B7C012B23D1A5
:1009D00007F1180300221A605A6001233B76144B7A
:1009E0001B68FB6107F1180207F10803114618465E
:1009F00000F098FB07F108031846F6F781FA0C4B54
:100A00001B6819460B48F6F727FA012407F108037B
:100A10001846FFF789FF03E00748F6F755FA002468
:100A2000234618462C37BD4690BD00BFCCD80308DE
:100A300020770224FCD8030820D9030890B589B098
:100A400000AF78607B6802221A747B685B691B6860
:100A50002C331B687A685269104698470120F1F7D9
:100A6000A7FC7B689B691B682C331B687A689269BA
:100A70001046984707F1180300221A605A600223B3
:100A80003B760D4B1B68FB6107F1180207F1080369
:100A90001146184600F046FB07F108031846F6F722
:100AA0002FFA002407F108031846FFF73DFF2346FD
:100AB00018462437BD4690BD2077022480B588B003
:100AC00000AFF860144B1B684FF0FF311846F1F788
:100AD000D3FDFA6807F11003203292E8030083E89F
:100AE00003000D4B1B681846F1F718FE07F11803B9
:100AF00007F1100292E8030083E80300BA69FB697A
:100B000007EE102A07EE903AB0EE470AF0EE670AB9
:100B10002037BD4680BD00BF1404022480B584B0D8
:100B200000AFF860B0EE407AF0EE607A87ED017ABF
:100B3000C7ED027A0B4B1B684FF0FF311846F1F7F7
:100B40009BFDFB6828333A1D92E8030083E803000D
:100B5000044B1B681846F1F7E1FD00BF1037BD4696
:100B600080BD00BF1C04022480B584B000AF786053
:100B70000B4B1B684FF0FF311846F1F77DFD7B688A
:100B8000DB69FB60064B1B681846F1F7C7FDFB6885
:100B900007EE903AB0EE670A1037BD4680BD00BF41
:100BA0001804022490B595B000AF78600023BB63B1
:100BB00000237B6307F1180300211846FFF7A7FC09
:100BC0004FF000037B614FF000033B634FF00003E5
:100BD000FB624FF000033B614FF00003BB62012357
:100BE00087F82730002387F84F300023BB6407F1D4
:100BF0000C0300211846FFF78AFCF1F727FBB863C6
:100C00007B681B7C012B40F0AD81012387F84730C6
:100C10007B685B691B683C331B687A6852691046C5
:100C200098470120F1F7C4FB7B689B691B683C3344
:100C30001B687A689269104698470120F1F7B8FB63
:100C400007F10C031846FFF773FC0346B3F5FA6F80
:100C50008CBF01230023DBB2002B63D007F10C0310
:100C60001846FFF747FC7B685B691B6840331B68CD
:100C70007A68526907F10B01104698470346002B2A
:100C80000CBF01230023DBB2002B1AD07B6893F842
:100C90003120FB7A9A4214D07B6893F831301846A1
:100CA000FFF754FC0446FB7A1846FFF74FFC034657
:100CB0001A462146A648F6F7CFF8FA7A7B6883F8F9
:100CC00031200120F1F774FB7B689B691B6840337E
:100CD0001B687A68926907F10A0110469847034633
:100CE000002B0CBF01230023DBB2002B1AD07B6842
:100CF00093F83220BB7A9A4214D07B6893F8323052
:100D00001846FFF723FC0446BB7A1846FFF71EFC83
:100D100003461A4621468F48F6F79EF8BA7A7B6852
:100D200083F8322097F84F30002B7CD17B685B69C9
:100D30001B6824331B687A68526907F11401104656
:100D40009847034687F8463097F84630002B19D06D
:100D50007B685B691B6834331B687A68526910468C
:100D600098470120F1F724FB7B685B691B682433FB
:100D70001B687A68526907F11401104698470346C8
:100D800087F846300120F1F713FB7B689B691B68ED
:100D900024331B687A68926907F11001104698475E
:100DA000034687F8453097F84530002B19D07B680B
:100DB0009B691B6834331B687A68926910469847B0
:100DC0000120F1F7F5FA7B689B691B6824331B68E7
:100DD0007A68926907F1100110469847034687F830
:100DE000453097F84630002B16D197F84530002B48
:100DF00012D1594B1B684FF0FF311846F1F73CFCFC
:100E00007A697B681A623A697B685A62524B1B683E
:100E10001846F1F783FC02E0002387F847300123EE
:100E200087F84F307AE04D4B1B684FF0FF31184682
:100E3000F1F722FC7B689B6AFB627B68DB6ABB6222
:100E4000464B1B681846F1F769FC7B685B691B68B9
:100E500018331B687A68526997ED0B0A1046984759
:100E6000034687F8443097F84430002B19D07B684C
:100E70005B691B6834331B687A685269104698476F
:100E80000120F1F795FA7B685B691B6818331B68D2
:100E90007A68526997ED0B0A10469847034687F81F
:100EA00044300120F1F784FA7B689B691B68183392
:100EB0001B687A68926997ED0A0A104698470346BC
:100EC00087F8433097F84330002B19D07B689B6933
:100ED0001B6834331B687A68926910469847012072
:100EE000F1F766FA7B689B691B6818331B687A68A0
:100EF000926997ED0A0A10469847034687F84330EF
:100F000097F84430002B03D197F84330002B02D0E0
:100F1000002387F84730002387F84F3097F8473091
:100F2000002B02D00023BB64C1E0BB6C0133BB6467
:100F3000BB6C022B40F2BB800821032000F0D6FFDF
:100F400003210748F5F7C0FF7B6802221A74AEE060
:100F500058D903087CD90308140402241C04022471
:100F6000A0D903087B681B7C022B40F0A0807B6823
:100F700093F83030DBB2002B00F084807B685B6933
:100F80003B627B689B69FB61012387F84230012348
:100F900087F841300023FB633FE03B6A1B68343332
:100FA0001B68386A98476420F1F702FA0121386A11
:100FB00000F012FB0A20F1F7FBF90121F86900F0BB
:100FC0000BFB6420F1F7F4F93B6A1B6808331B68DC
:100FD000386A9847034687F842300A20F1F7E8F963
:100FE000FB691B6808331B68F8699847034687F854
:100FF000413097F84230002B03D197F84130002B55
:1010000008D0FB6B591C97F8422097F841302C48C8
:10101000F5F75AFFFB6B0133FB63FB6B022B07DC1D
:1010200097F84230002BB8D197F84130002BB4D15B
:1010300097F84230002B1DD197F84130002B19D181
:101040000023BB641F4B1B684FF0FF311846F1F7BC
:1010500013FB7B684FF000021A627B684FF00002BE
:101060005A62184B1B681846F1F758FB7B6801223F
:101070001A7402E01448F5F727FF7B68002283F812
:10108000302014E07B685B691B682C331B687A682E
:101090005269104698470120F1F78AF97B689B69ED
:1010A0001B682C331B687A689269104698477B68E6
:1010B000DA68BB6B13441846F1F795F99DE500BF5C
:1010C000D0D9030814040224FCD9030880B485B0E5
:1010D00000AF78607B681B7C3B737B6893F8313092
:1010E0007B737B6893F83230BB7300233A7B62F3E7
:1010F00007037A7B62F30F23BA7B62F31743184628
:101100001437BD465DF8047B704780B584B000AFEE
:1011100078607B68FB60F868FFF744FD00BF10371C
:10112000BD4680BD80B582B000AF786039607B6815
:101130001846F5F75BFF064A7B681A6039687868DD
:1011400000F008F87B6818460837BD4680BD00BF30
:10115000B4E2030880B582B000AF786039607B6884
:1011600008330822396818461AF0B0F900BF08376A
:10117000BD4680BD80B483B000AF786039607B68C5
:1011800005221A707B6801221A727B6800225A724B
:101190007B6854229A727B680022DA723B6803F102
:1011A00008027B68DA607B6808221A8200BF7868D0
:1011B0000C37BD465DF8047B704780B483B000AF48
:1011C000786000BF0C37BD465DF8047B704780B483
:1011D00083B000AF7860002318460C37BD465DF839
:1011E000047B704780B483B000AF7860002318465A
:1011F0000C37BD465DF8047B704780B483B000AF08
:10120000786039603B68FF221A70012318460C375A
:10121000BD465DF8047B704780B483B000AF786052
:10122000044A7B681A607B6818460C37BD465DF837
:10123000047B7047C8E2030880B483B000AF7860D5
:10124000044A7B681A607B6818460C37BD465DF817
:10125000047B7047C8E2030880B582B000AF7860B5
:101260007B681846FFF7D8FF034A7B681A607B68E3
:1012700018460837BD4680BD14E3030880B586B024
:1012800000AFF860384680E80E00FB6804333A4649
:1012900007CA83E80700FB681B680C331B68F86803
:1012A00098470346FB75FB7D002B01D0012356E0D8
:1012B0000023BB8207F114031946F86800F00CF90B
:1012C0000346FB750121F86800F086F90346FB75BB
:1012D000FB7D002B01D0012341E0FB681B6830330C
:1012E0001B68FA68D2ED037AB0EE670AF86898478F
:1012F0000346FB75FB7D002B01D001232FE0052168
:10130000F86800F025FA0346FB75FB7D002B01D041
:10131000012324E00D21F86800F04BFA0346FB7529
:10132000FB7D002B01D0012319E04FF42F71F868E9
:1013300000F09EFA0346FB75FB7D002B01D00123D4
:101340000DE0FB681B6838331B68F8689847034654
:10135000FB75FB7D002B01D0012300E00023184624
:101360001837BD4680BD80B584B000AF78600021DD
:10137000786800F00DFC0346FB73FB7B002B01D06B
:1013800001230BE02821786800F026F90346FB735F
:10139000FB7B002B01D0012300E00023184610370F
:1013A000BD4680BD80B584B000AF786007F10E0304
:1013B0001946786800F049F90346FB73FB7B184631
:1013C0001037BD4680BD80B584B000AF78607B68C3
:1013D0001B680C331B68786898470346FB73FB7BDC
:1013E000002B01D0FB7B1FE07B681B6814331B685C
:1013F0004FF4FA71786898470346FB73FB7B002B28
:1014000001D0FB7B10E09620F0F7D2FF7B681B68D1
:1014100028331B68786898470346FB73FB7B002BD7
:1014200001D0FB7B00E0002318461037BD4680BD8D
:1014300080B584B000AF78600B467B803C21786833
:1014400000F0CAF80346FB737B881946786800F001
:101450009FFB0346FB73FB7B18461037BD4680BDE0
:1014600080B586B000AF786087ED000A7B681B7C92
:10147000282B01D0012324E07B6893F9093007EE83
:10148000903AB8EEE77AD7ED007A67EE276A7B6884
:1014900093ED037AC6EE877AB7EEE77A9FED0C6B91
:1014A00027EE067BFDEEC77B17EE903AFB82B7F97D
:1014B00016303B613969786800F06AFB0346FB73BC
:1014C000FB7B18461837BD4680BD00BFAFF30080D8
:1014D00000000000C0FFDF4080B483B000AF786040
:1014E0003960012318460C37BD465DF8047B704710
:1014F00080B483B000AF78603960012318460C37A0
:10150000BD465DF8047B704780B584B000AF78605D
:1015100039600023BB8107F10C0301226321786845
:1015200000F08EFB0346FB73FB7B012B01D10123F3
:101530000EE0BB8907EE903AB8EEE77B9FED066BB5
:1015400027EE067BF7EEC77B3B68C3ED007A0023EE
:1015500018461037BD4680BD7B14AE47E17A843F04
:1015600080B584B000AF7860396000237B8107F1DB
:101570000A030122C921786800F062FB0346FB736D
:101580007B89BB81FB7B012B01D101231BE07B68A5
:1015900093F909305B0007EE903AF8EEE77A9FED99
:1015A0000C7A27EE877AB7F90C3007EE903AF8EE0E
:1015B000E77A27EE277ADFED076AC7EE267A3B68DF
:1015C000C3ED007AFB7B18461037BD4680BD00BFD7
:1015D000DB0F49400000804380B584B000AF7860E5
:1015E0000B46FB70FB789BB2BB8107F10C03012219
:1015F00040F28F11786800F0E8FA0346FB73FB7B3A
:10160000012B01D101231CE000237B8107F10A0398
:10161000012240F28F11786800F012FB0346BB7381
:10162000BB7B012B01D101230BE07B89DAB27B6804
:101630001A74FB789AB27B899A4201D0012300E0A8
:10164000002318461037BD4680BD80B584B000AF7A
:10165000786039600023BB8107F10C03012240F25E
:101660008F11786800F0ECFA0346FB73FB7B012BCB
:1016700001D1012304E0BB89DAB23B681A70002370
:1016800018461037BD4680BD80B584B000AF786085
:101690000021786800F07CFA0346FB73FB7B002B8B
:1016A00001D0012300E0002318461037BD4680BD5D
:1016B00080B582B000AF78600021786800F068FAE9
:1016C00000217868FFF788FF034618460837BD46B3
:1016D00080BD000080B584B000AF786087ED000A5F
:1016E000D7ED007A9FED197A67EE877AFCEEE77AFC
:1016F00017EE903A9BB2BB8107F10C030122CB217C
:10170000786800F062FA0346FB73FB7B012B01D182
:10171000012316E000237B8107F10A030122CB217C
:10172000786800F08DFA0346FB73FB7B012B01D137
:10173000012306E0BA897B899A4201D0012300E0A7
:10174000002318461037BD4680BD00BF00007A4414
:1017500080B584B000AF78600B467B807B880F2B10
:1017600001D9012321E0BB1C01227821786800F017
:101770002CFA0346FB73FB7B002B01D0012314E002
:101780000023BB8107F10C0301227821786800F067
:1017900057FA0346FB73FB7B002B03D1BA897B8886
:1017A0009A4201D0012300E0002318461037BD46BD
:1017B00080BD80B584B000AF78600B467B807B88AD
:1017C0000E2B0CD00E2B0DDC0C2B02D00D2B03D0CE
:1017D00008E00023FB8107E00123FB8104E00223F2
:1017E000FB8101E001233FE000237B8107F10A0335
:1017F0000122D321786800F023FA03467B737B7BB8
:10180000002B01D001232FE07B891BB2C3F30B0314
:101810001AB2B7F90E301B031BB213431BB29BB2B3
:101820007B8107F10A030122D321786800F0CDF90A
:1018300003467B737B7B002B01D0012314E0002344
:101840003B8107F108030122D321786800F0F8F901
:1018500003467B737B7B002B03D13A897B899A42B9
:1018600001D0012300E0002318461037BD4680BD9B
:1018700080B584B000AF78600B467B807B881B030B
:10188000174AA2FB03235B0A9BB2BB8107F10C033F
:1018900001224FF4AF71786800F097F90346FB73AB
:1018A000FB7B002B01D0012315E000237B8107F196
:1018B0000A0301224FF4AF71786800F0C1F90346C2
:1018C000FB73FB7B002B03D17A89BB899A4201D041
:1018D000012300E0002318461037BD4680BD00BF3D
:1018E000898888880000000080B588B000AF7860E3
:1018F0000223FB830323BB8340F672633B8343F6DF
:101900003153FB824FF41B73BB824FF4C8737B824D
:1019100005233B820023FB810123BB8107F10E03DA
:10192000012240F2A921786800F04FF90346FB76C6
:10193000FB7E002B01D00123E6E007F10E0301221C
:1019400040F2AA21786800F040F90346FB76FB7E5E
:10195000002B01D00123D7E007F11403012240F24C
:10196000BD21786800F031F90346FB76FB7E002B41
:1019700001D00123C8E007F10E03012240F2D1217A
:10198000786800F022F90346FB76FB7E002B01D03D
:101990000123B9E007F11403012240F2E521786840
:1019A00000F013F90346FB76FB7E002B01D00123E8
:1019B000AAE007F10C03012240F2F921786800F057
:1019C00004F90346FB76FB7E002B01D001239BE04C
:1019D00007F11403012240F20D31786800F0F5F8A8
:1019E0000346FB76FB7E002B01D001238CE007F140
:1019F0001403012240F2BE21786800F0E6F80346A5
:101A0000FB76FB7E002B01D001237DE007F10E0366
:101A1000012240F2D221786800F0D7F80346FB7625
:101A2000FB7E002B01D001236EE007F110030122A1
:101A300040F2FA21786800F0C8F80346FB76FB7E96
:101A4000002B01D001235FE007F11203012240F2D5
:101A50000E31786800F0B9F80346FB76FB7E002B68
:101A600001D0012350E07B68D3ED037A9FED2A7A01
:101A700067EE877AB7EEE77A9FED256B27EE067B58
:101A8000FCEEC77B17EE903A9BB27B8107F10A030D
:101A90000122CC21786800F098F80346FB76FB7EA3
:101AA000002B01D001232FE064233B8107F10803C1
:101AB000012240F26B21786800F087F80346FB763C
:101AC000FB7E002B01D001231EE007F11803012249
:101AD00040F2A921786800F078F80346FB76FB7E97
:101AE000002B01D001230FE007F11603012240F281
:101AF000AA21786800F069F80346FB76FB7E002B8C
:101B000001D0012300E0002318462037BD4680BDE8
:101B10009A9999999999E93F00007A4480B584B0DF
:101B200000AF78600A23FB8107F10E03012240F227
:101B30006B21786800F049F8034618461037BD4617
:101B400080BD80B584B000AF7860396007F10E03C6
:101B500019467868FFF779FD0346FB73FB7B002B82
:101B600004D03B68FF221A70012303E0BA7B3B6874
:101B70001A70002318461037BD4680BD80B582B06C
:101B800000AF786012F0BCF900BF0837BD4680BDD9
:101B900080B584B000AF786039600023BB603B68DB
:101BA0001B149BB23B813B689BB27B8107F108030E
:101BB000022240F2C111786800F007F80346FB7377
:101BC000FB7B18461037BD4680BD80B58CB002AF98
:101BD000F8607B600B467B8113463B81FB681B7A78
:101BE0003B753B89012B02D910237B7501E006234D
:101BF0007B757B89FB823B893B837B68FB61FB6850
:101C000058683B6A009307F114030ECB12F096FA62
:101C10004FF0FF310120F3F739F903467B627B6A0D
:101C200013F10B0F07D07B6A13F1080F01D10123C9
:101C300002E0002300E0002318462837BD4680BD9F
:101C400080B58CB002AFF8607B600B467B81134699
:101C50003B81FB681B7A3B7503237B757B89FB8289
:101C60003B893B837B68FB61FB6858683B6A009358
:101C700007F114030ECB12F061FA4FF0FF3101208F
:101C8000F3F704F903467B627B6A13F10B0F07D06D
:101C90007B6A13F1080F01D1F6F771F9012300E017
:101CA000002318462837BD4680BD000080B582B0AD
:101CB00000AF7860054A7B681A607B681846FFF7BA
:101CC000BBFA7B6818460837BD4680BD14E303089D
:101CD00080B582B000AF78607868FFF7E7FF142125
:101CE000786816F09FFE7B6818460837BD4680BDB1
:101CF00080B582B000AF78607B680022A3F824230F
:101D00007B68002283F82623094A7B68136000223F
:101D100001210120F0F726FC0346064A13607B6888
:101D20000022A3F824237B6818460837BD4680BDEF
:101D3000200402242404022480B483B000AF78601D
:101D400039607B683A68C3F8202300BF0C37BD4672
:101D50005DF8047B7047000080B582B000AF78600A
:101D6000054A7B681A607B681846F4F719FC7B68A3
:101D700018460837BD4680BD60E3030880B582B0D1
:101D800000AF78607868FFF7E7FF1021786816F0F9
:101D900049FE7B6818460837BD4680BD80B58AB0CD
:101DA00000AF78600B46FB701346BB70334B1B686B
:101DB0004FF0FF311846F0F75FFC314B1B68FB61B9
:101DC000FB7887F82030BB7887F821307B68B3F840
:101DD00024337A68DB00134407F11C0292E8030005
:101DE00083E803007B68B3F8243301339AB27B683D
:101DF000A3F824237B68B3F82433642B03D17B68D6
:101E00000022A3F824237B6893F82633FA789A42B9
:101E100003D97B68FA7883F826237B6893F8263306
:101E2000022B06D97B68D3F82033FF221A70F9F70A
:101E3000D1FA124B1B681846F0F770FCFB7887F854
:101E40002430BB7887F825307B6893F8263387F8F1
:101E5000263007F1240207F108031146184600F066
:101E60005FF807F108031846F5F74AF807F1080389
:101E70001846FFF771FF2837BD4680BD24040224B1
:101E80002077022480B584B000AF78603960164BAB
:101E90001B684FF0FF311846F0F7EEFB3B6893F8F4
:101EA00026237B681A703B68B3F82433002B02D1D9
:101EB0006323FB8103E03B68B3F82433FB81FB8998
:101EC0007A6839680432DB000B4493E8030082E847
:101ED0000300054B1B681846F0F720FC00BF78682C
:101EE0001037BD4680BD00BF2404022480B582B0F7
:101EF00000AF03460A46FB711346BB71074B1B68D4
:101F0000002B06D0054B1B68BA79F9791846FFF704
:101F100045FF00BF0837BD4680BD00BF2004022436
:101F200080B582B000AF786039607B681846F5F7FD
:101F30005DF8064A7B681A603968786800F008F82E
:101F40007B6818460837BD4680BD00BF60E30308C4
:101F500080B582B000AF786039607B6808330322B7
:101F60003968184619F0B2FA00BF0837BD4680BD7F
:101F700080B483B000AF786039607B6805221A7046
:101F80007B6801221A727B6800225A727B681022D9
:101F90009A727B680022DA723B6803F108027B6860
:101FA000DA607B6803221A8200BF78680C37BD466E
:101FB0005DF8047B704780B582B000AF87ED010A01
:101FC000C7ED000AD7ED000A97ED010A16F0A2FD51
:101FD000F0EE407AB0EE670A0837BD4680BD0000DB
:101FE00080B483B000AF78607B6801221A707B6890
:101FF000054A5A607B6801221A727B6818460C37C2
:10200000BD465DF8047B70470000F04180B483B0AA
:1020100000AF78607B6801221A707B68054A5A60BD
:102020007B6801221A727B6818460C37BD465DF842
:10203000047B70470000F04180B483B000AF78604B
:102040007B6801221A707B68054A5A607B6801220E
:102050001A727B6818460C37BD465DF8047B7047E2
:102060000000F04180B483B000AF78607B6801224B
:102070001A707B68104A5A607B68104A9A607B68C5
:102080000F4ADA607B680E4A1A617B680D4A5A6112
:102090007B680C4A9A617B680B4ADA617B680B4A61
:1020A0001A627B680A229A847B6818460C37BD4600
:1020B0005DF8047B704700BF6F12033A0AD7A33B59
:1020C000CDCCCC3D9A99193E17B7D1386F12833ACF
:1020D00080B582B000AF78607B681846FFF780FF5C
:1020E0007B680C331846FFF791FF7B68183318465E
:1020F000FFF7A2FF7B6824331846FFF7B3FF7B6826
:1021000018460837BD4680BD80B582B000AF786004
:102110007B6844331846FFF7DBFF7B680022A3F897
:10212000902B7B6803F69833BFEE002BBFEE001BAD
:102130009FED2D0B184613F0EBFD7B6803F68843EB
:102140004FF000021A607B6803F68C434FF07E521A
:102150001A607B6803F549634FF000021A607B68E0
:10216000002283F8942C7B6803F698434FF07E524C
:102170001A607B6803F69C434FF000021A607B688C
:10218000002283F8A02C7B6803F6A4434FF07E5214
:102190001A607B6803F6A8434FF000021A607B6860
:1021A000002283F8AC2C7B68002283F8D42C7B6857
:1021B000012283F8D52C7B680022A3F8D62C7B68FB
:1021C000002283F8E42C7B6800221A707B6803F6F7
:1021D0009833B6EE000B184613F038FF7B681846AC
:1021E0000837BD4680BD00BF7B14AE47E17A843F0F
:1021F00080B58EB000AFF8603B1D83E80600FB6839
:102200003C333A1D92E8030083E80300FB6893F82F
:102210004430002B2FD0FB689B6C7B63D7ED0D7A8D
:102220009FED627AF4EEC77AF1EE10FA01D5604BB9
:102230007B63604BBB62D7ED0D7A9FED5F7A67EEF3
:10224000877AC7ED097AD7ED097A9FED5C7A67EE58
:10225000876AD7ED097A9FED597A67EE877AB7EEEC
:10226000007A37EE877AC6EE877AFB6803F68C43EE
:10227000C3ED007A05E0FB6803F68C434FF07E5215
:102280001A60FB68002283F8942CFB6893F85030A6
:10229000002B2FD0FB685B6D3B63D7ED0C7A9FED75
:1022A000437AF4EEC77AF1EE10FA01D5404B3B6366
:1022B000404B3B62D7ED0C7A9FED3F7A67EE877A11
:1022C000C7ED077AD7ED077A9FED3C7A67EE876A0C
:1022D000D7ED077A9FED397A67EE877AB7EE007A05
:1022E00037EE877AC6EE877AFB6803F69843C3ED2C
:1022F000007A05E0FB6803F698434FF07E521A60BF
:10230000FB68002283F8A02CFB6893F85C30002B5C
:102310002FD0FB681B6EFB62D7ED0B7A9FED237A03
:10232000F4EEC77AF1EE10FA01D5214BFB62214B96
:10233000BB61D7ED0B7A9FED207A67EE877AC7ED08
:10234000057AD7ED057A9FED1D7A67EE876AD7ED9E
:10235000057A9FED1A7A67EE877AB7EE007A37EE44
:10236000877AC6EE877AFB6803F6A443C3ED007A4A
:1023700005E0FB6803F6A4434FF07E521A60FB6849
:10238000002283F8AC2CF86800F036FFFB680122CD
:102390001A70002201210120F0F7E4F80246FB68E0
:1023A000C3F8942B00BF3837BD4680BD6F12833A07
:1023B0006F12833A0AD7233CDB0FC9400AD7233C6C
:1023C00080B582B000AF78607B68002283F8942CDF
:1023D0007B68002283F8A02C7B68002283F8AC2C59
:1023E000044A79680448EFF746FF00BF0837BD4646
:1023F00080BD00BF6CE30308A137020880B582B03E
:1024000000AF78607B6803F549634FF000021A6003
:102410007B68002283F8942C7B6803F69C434FF082
:1024200000021A607B68002283F8A02C7B6803F608
:10243000A8434FF000021A607B68002283F8AC2C9E
:102440007B68D3F8943B4FF0FF311846F0F714F94E
:102450007B684FF000025A607B684FF000029A6080
:102460007B684FF000029A617B684FF00002C3F86E
:1024700090207B684FF00002C3F894207B684FF0F7
:102480000002C3F898207B68D3F8943B1846F0F715
:1024900045F9786800F0B0FE7B68002283F8E42CF0
:1024A0007B68012283F8D52C7B68B3F88C207B688D
:1024B000A3F8D62C00BF0837BD4680BD80B584B0D8
:1024C00000AF78607B6802221A70EFF7BFFEF860F9
:1024D000786800F009F8FB680A331846EFF783FFC5
:1024E00000BFF2E700000000B0B5AAB000AF78600E
:1024F0007B681B6C184601F0D4F97B681A6C07F1F5
:1025000058031146184601F0DDF9D7ED1B7AB7EEF6
:10251000E77A87ED107BD7ED1C7AB7EEE77A87ED87
:10252000127BD7ED1D7AB7EEE77A87ED147BD7EDF6
:10253000187AB7EEE77A87ED0A7BD7ED197AB7EE0E
:10254000E77A87ED0C7BD7ED1A7AB7EEE77A87ED5D
:102550000E7B7B6803F6983307F1280207F14001F0
:10256000184613F04FFD7B6803F6983307F1080215
:102570001146184613F058FD97ED027BF7EEC77B26
:10258000C7ED267A97ED047BF7EEC77BC7ED257A7A
:1025900097ED067BF7EEC77BC7ED247A97ED087BB6
:1025A000F7EEC77BC7ED237A97ED267AD7ED257A2C
:1025B00027EE277AD7ED246AD7ED237A66EEA77A3D
:1025C00077EE277A77EEA76AD7ED257A27EEA77AF6
:1025D000D7ED247A67EEA77A77EE277A77EEA77A97
:1025E000B7EE007A77EE677AF0EE670AB0EE660A29
:1025F000FFF7E1FC87ED220AFB6EC7F88430D7F8BD
:102600008430C7F8A4307B6893F85030002B07D093
:1026100097ED210A786800F04FFC87ED290A09E060
:102620007B6803F69C43D7F884201A607B680122FC
:1026300083F8A02C97ED167AD7ED297A77EE277AD2
:10264000C7ED167A97ED177AD7ED297A77EE277AC4
:10265000C7ED177A97ED167AD7ED177A37EE277A06
:10266000F0EE006AC7EE267AB7EEE77A9FED646B6C
:1026700027EE066BB0EE005B86EE057BF7EEC77BC0
:10268000C7ED207AD7F88030C7F8A0307B6893F880
:102690004430002B07D097ED200A786800F04BFA01
:1026A00087ED280A09E07B6803F54963D7F88020A5
:1026B0001A607B68012283F8942C97ED177AD7ED86
:1026C000167A77EE677AB7EEE77A9FED4F6B27EED3
:1026D000066B9FED4F5B86EE057BF7EEC77BC7ED84
:1026E0001F7AFB6FC7F89C307B6893F85C30002B37
:1026F00007D097ED1F0A786800F028FC87ED270ABD
:1027000008E07B6803F6A843FA6F1A607B68012231
:1027100083F8AC2C7B6893F86830002B48D09FED91
:102720003E1AD7ED270A97ED280A786800F0BCFD1D
:102730007B6893F8E43C002B25D07A68134603F6B7
:10274000D843D3ED006A134603F6DC4393ED007AD9
:10275000134603F54E63D3ED007AB0EE660AF0EE51
:10276000470AB0EE671A786800F0E6FF7B6800223F
:1027700083F8E42C7B680022A3F8D62C7B68002227
:1027800083F8D52C60E07B68B3F8D63C01339AB26D
:102790007B68A3F8D62C7B68B3F8D62C7B68B3F89B
:1027A0008C309A4250D37B68012283F8D52C4BE0C1
:1027B0007B6893F8E43C002B32D07B6803F6D84367
:1027C0001A687B68C3F890207B6803F6DC431A68BC
:1027D0007B68C3F894207B6803F54E631A687B68B6
:1027E000C3F898207B68002283F8E42C7B680022E1
:1027F000A3F8D62C7B68002283F8D52C24E000BFF8
:10280000F2D24D621058B93FF2D24D621058A93F32
:102810007F6ABC749318C43F0AD7233C0000C842A7
:102820007B68B3F8D63C01339AB27B68A3F8D62C08
:102830007B68B3F8D62C7B68B3F88C309A4203D30C
:102840007B68012283F8D52C7B68D3F8943B4FF04A
:10285000FF311846EFF710FF7B68D7F8A020DA6049
:102860007B6803F6884393ED007AD7ED227A77EE02
:10287000277A7B68C3ED047A7B68D7F8A4205A6175
:102880007B68D3F898207B689A617B68D7F89C2096
:10289000DA617B68D3F890207B685A607B68D3F854
:1028A00094207B689A607B6893ED0A7A7B68B3F822
:1028B000903B19467A680B46DB005B1A9B00134479
:1028C000A833D3ED006A1FED2B6AC6EE867A37EE89
:1028D000677A7B68D3ED036A1FED306AC6EE867AAD
:1028E00077EE277A7B68C3ED0A7A7B6893ED0B7AE3
:1028F0007B68B3F8903B19467A680B46DB005B1A9D
:102900009B001344AC33D3ED006A1FED3C6AC6EE66
:10291000867A37EE677A7B68D3ED046A1FED416AE9
:10292000C6EE867A77EE277A7B68C3ED0B7A7B68F2
:1029300093ED0C7A7B68B3F8903B19467A680B46A6
:10294000DB005B1A9B001344B033D3ED006A1FED2C
:102950004D6AC6EE867A37EE677A7B68D3ED056AF4
:102960001FED526AC6EE867A77EE277A7B68C3ED52
:102970000C7A7B6893ED0D7A7B68B3F8903B19462F
:102980007A680B46DB005B1A9B001344B433D3ED2B
:10299000006A1FED5E6AC6EE867A37EE677A7B685C
:1029A000D3ED066A1FED636AC6EE867A77EE277A64
:1029B0007B68C3ED0D7A7B6893ED0E7A7B68B3F884
:1029C000903B19467A680B46DB005B1A9B00134468
:1029D000B833D3ED006A1FED6F6AC6EE867A37EE24
:1029E000677A7B68D3ED076A1FED746AC6EE867A54
:1029F00077EE277A7B68C3ED0E7A7B68B3F8903B5D
:102A000019467A680B46DB005B1A9B00134403F1FE
:102A1000A0027B6815461C1D0FCC0FC594E807006B
:102A200085E807007B68D3F8943B1846EFF776FEFD
:102A30007B68B3F8903B01339AB27B68A3F8902B84
:102A40007B68B3F8903B642B03D17B680022A3F82A
:102A5000902B00BFA837BD46B0BD00BF80B483B087
:102A600000AF786087ED000A7B6803F688433A6818
:102A70001A60012318460C37BD465DF8047B704789
:102A8000B0B582B000AF786039603B68D3F8943B52
:102A90004FF0FF311846EFF7EFFD7A683B681546B7
:102AA0001C1D0FCC0FC594E8070085E807003B68A4
:102AB000D3F8943B1846EFF731FE00BF786808372B
:102AC000BD46B0BD80B485B000AFF860F0EE406A9E
:102AD000B0EE607AF0EE417AC7ED006A87ED017AD8
:102AE000C7ED027AFB6890333A4607CA83E80700CD
:102AF00000BF1437BD465DF8047B7047B0B58AB09F
:102B000000AF786239627C6A3B46396A1846FFF743
:102B1000B7FF25463C460FCC0FC594E8070085E873
:102B200007003B6A93F8D52C7B6A1A7700BF786A56
:102B30002837BD46B0BD80B483B000AF786087ED64
:102B4000000A7B6893F84C30002B15D07B6893F813
:102B5000943C83F00103DBB2002B0DD07B6803F5BE
:102B600049633A681A607B68012283F8942C7B6879
:102B700003F549631B681FE07B6803F5496393ED28
:102B8000007A7B6803F68C43D3ED006A7B6803F51B
:102B90004963D3ED007A97ED006A76EE677A66EEC8
:102BA000A77A77EE277A7B6803F54963C3ED007A4D
:102BB0007B6803F549631B6807EE903AB0EE670A3D
:102BC0000C37BD465DF8047B704780B485B000AF1C
:102BD000F860F0EE406AB0EE607AF0EE417AC7ED50
:102BE000006A87ED017AC7ED027AFB6803F6D843E5
:102BF0003A4607CA83E80700FB68012283F8E42C01
:102C000000BF1437BD465DF8047B704790B482B0B6
:102C100000AF786039607A683B681446443393E8C3
:102C2000070084E8070078680837BD4690BC704705
:102C300080B489B000AFF860384680E80E00FB68C9
:102C400003F144023B4603CB106051601B781372C2
:102C5000FB6893F84430002B2FD0FB689B6CFB6122
:102C6000D7ED077A9FED1D7AF4EEC77AF1EE10FAF0
:102C700001D51B4BFB611B4BBB61D7ED077A9FED69
:102C80001A7A67EE877AC7ED057AD7ED057A9FED58
:102C9000177A67EE876AD7ED057A9FED147A67EEAB
:102CA000877AB7EE007A37EE877AC6EE877AFB68C6
:102CB00003F68C43C3ED007A05E0FB6803F68C4312
:102CC0004FF07E521A60FB68002283F8942C00BFFC
:102CD0002437BD465DF8047B704700BF6F12833A0E
:102CE0006F12833A0AD7233CDB0FC9400AD7233C33
:102CF00090B482B000AF786039607A683B6814465F
:102D0000503393E8070084E8070078680837BD4629
:102D100090BC704780B489B000AFF860384680E856
:102D20000E00FB6803F150023B4603CB106051607C
:102D30001B781372FB6893F85030002B2FD0FB6880
:102D40005B6DFB61D7ED077A9FED1D7AF4EEC77AD4
:102D5000F1EE10FA01D51B4BFB611B4BBB61D7EDAC
:102D6000077A9FED1A7A67EE877AC7ED057AD7ED75
:102D7000057A9FED177A67EE876AD7ED057A9FEDA2
:102D8000147A67EE877AB7EE007A37EE877AC6EE66
:102D9000877AFB6803F69843C3ED007A05E0FB6889
:102DA00003F698434FF07E521A60FB68002283F8C6
:102DB000A02C00BF2437BD465DF8047B704700BFE0
:102DC0006F12833A6F12833A0AD7233CDB0FC94054
:102DD0000AD7233C90B482B000AF786039607A683B
:102DE0003B6814465C3393E8070084E80700786882
:102DF0000837BD4690BC704780B489B000AFF8601A
:102E0000384680E80E00FB6803F15C023B4603CBCA
:102E1000106051601B781372FB6893F85C30002BD4
:102E20002FD0FB681B6EFB61D7ED077A9FED1D7AF3
:102E3000F4EEC77AF1EE10FA01D51B4BFB611B4B88
:102E4000BB61D7ED077A9FED1A7A67EE877AC7EDF7
:102E5000057AD7ED057A9FED177A67EE876AD7ED89
:102E6000057A9FED147A67EE877AB7EE007A37EE2F
:102E7000877AC6EE877AFB6803F6A443C3ED007A2F
:102E800005E0FB6803F6A4434FF07E521A60FB682E
:102E9000002283F8AC2C00BF2437BD465DF8047BCC
:102EA000704700BF6F12833A6F12833A0AD7233CF0
:102EB000DB0FC9400AD7233C80B483B000AF7860F1
:102EC00087ED000A7B6893F85830002B15D07B689B
:102ED00093F8A03C83F00103DBB2002B0DD07B689C
:102EE00003F69C433A681A607B68012283F8A02CA1
:102EF0007B6803F69C431B681FE07B6803F69C43DA
:102F000093ED007A7B6803F69843D3ED006A7B6803
:102F100003F69C43D3ED007A97ED006A76EE677A6C
:102F200066EEA77A77EE277A7B6803F69C43C3EDBB
:102F3000007A7B6803F69C431B6807EE903AB0EE7C
:102F4000670A0C37BD465DF8047B704780B483B0D8
:102F500000AF786087ED000A7B6893F86430002B3F
:102F600015D07B6893F8AC3C83F00103DBB2002BF7
:102F70000DD07B6803F6A8433A681A607B6801228B
:102F800083F8AC2C7B6803F6A8431B681FE07B68C2
:102F900003F6A84393ED007A7B6803F6A443D3EDD0
:102FA000006A7B6803F6A843D3ED007A97ED006AC8
:102FB00076EE677A66EEA77A77EE277A7B6803F675
:102FC000A843C3ED007A7B6803F6A8431B6807EEAD
:102FD000903AB0EE670A0C37BD465DF8047B704747
:102FE00080B582B000AF786039607A683B6810467F
:102FF00044334C22194618F069FA78680837BD4600
:1030000080BD000084B080B58CB000AF786007F15F
:103010003C0080E80E007B68443307F13C014C2201
:10302000184618F053FA7B6893F84430002B2FD0E1
:103030007B689B6CFB62D7ED0B7A9FED5D7AF4EEBB
:10304000C77AF1EE10FA01D55A4BFB625A4B3B623C
:10305000D7ED0B7A9FED597A67EE877AC7ED077A3D
:10306000D7ED077A9FED567A67EE876AD7ED077A34
:103070009FED537A67EE877AB7EE007A37EE877A5C
:10308000C6EE877A7B6803F68C43C3ED007A05E0D1
:103090007B6803F68C434FF07E521A607B680022F7
:1030A00083F8942C7B6893F85030002B2FD07B68EA
:1030B0005B6DBB62D7ED0A7A9FED3D7AF4EEC77A7D
:1030C000F1EE10FA01D53B4BBB623B4BBB61D7ED38
:1030D0000A7A9FED3A7A67EE877AC7ED057AD7EDDF
:1030E000057A9FED377A67EE876AD7ED057A9FED0F
:1030F000347A67EE877AB7EE007A37EE877AC6EED3
:10310000877A7B6803F69843C3ED007A05E07B6815
:1031100003F698434FF07E521A607B68002283F8D2
:10312000A02C7B6893F85C30002B2FD07B681B6E43
:103130007B62D7ED097A9FED1E7AF4EEC77AF1EE45
:1031400010FA01D51B4B7B621B4B3B61D7ED097A13
:103150009FED1A7A67EE877AC7ED037AD7ED037A87
:103160009FED177A67EE876AD7ED037A9FED147AA1
:1031700067EE877AB7EE007A37EE877AC6EE877AFF
:103180007B6803F6A443C3ED007A05E07B6803F691
:10319000A4434FF07E521A607B68002283F8AC2C67
:1031A00000BF3037BD46BDE8804004B0704700BF67
:1031B0006F12833A6F12833A0AD7233CDB0FC94060
:1031C0000AD7233C80B483B000AF78600B46FB7015
:1031D0007B68FA7883F86820FB7883F00103DBB220
:1031E000002B03D07B68012283F8D52C00BF0C375D
:1031F000BD465DF8047B704780B485B000AF786051
:103200007B684FF00002C3F890207B684FF000020B
:10321000C3F894207B684FF00002C3F89820002385
:10322000FB6019E00023BB6010E07968FA68134680
:103230005B001344BA68134403F54B739B000B44C3
:103240004FF000021A60BB680133BB60BB68022B01
:10325000EBDDFB680133FB60FB68022BE2DD7B6882
:1032600003F54B630F4A1A607B6803F54C630D4A04
:103270001A607B6803F54D630A4A1A607B68012275
:1032800083F8D42C7B68012283F8D52C7B68B3F8B3
:103290008C207B68A3F8D62C00BF1437BD465DF8A0
:1032A000047B70470AD7233C80B5A6B000AFF86016
:1032B00087ED020AC7ED010A87ED001AFB68D3F813
:1032C0009030C7F88C30FB68D3F89430C7F888305A
:1032D000FB68D3F89830C7F8843097ED210A15F0D1
:1032E0002FFE87ED200A97ED210A15F065FD87ED89
:1032F0001F0A97ED027AD7ED207A27EE277AD7EDCD
:10330000007A27EE277AD7ED237A77EE277AFB68C3
:10331000C3ED247A97ED027AD7ED1F7A27EE277A4C
:10332000D7ED007A27EE277AD7ED227A77EE277A43
:10333000FB68C3ED257A97ED017AD7ED007A27EE89
:10334000277AD7ED217A77EE277AFB68C3ED267AC4
:1033500009E0FB68D3ED267A9FEDDB7A77EEC77A3A
:10336000FB68C3ED267AFB68D3ED267A9FEDD77A0A
:10337000F4EEC77AF1EE10FAEBDC09E0FB68D3ED6E
:10338000267A9FEDD17A77EE877AFB68C3ED267AAD
:10339000FB68D3ED267A9FEDCE7AF4EEC77AF1EE94
:1033A00010FAEBD4D7ED027AB1EE677AD7ED1F7A37
:1033B00067EE277A97ED007A67EE277AC7ED1E7AD7
:1033C00097ED027AD7ED207A67EE277A97ED007AAB
:1033D00067EE277AC7ED1D7AD7ED027AF5EEC07A4F
:1033E000F1EE10FA02DBD7ED027A03E0D7ED027AB4
:1033F000F1EE677AC7ED1C7AD7ED017AF5EEC07A67
:10340000F1EE10FA02DBD7ED017A03E0D7ED017A95
:10341000F1EE677AC7ED1B7AFB6893ED1D7AFB68C6
:10342000D3ED1E6AD7ED1C7A66EEA77A77EE277A7F
:10343000C7ED1A7AFB6893ED1F7AFB68D3ED206A1B
:10344000D7ED1B7A66EEA77A77EE277AC7ED197A61
:10345000D7ED1A7A27EEA77AD7ED007A67EE277AAA
:1034600097ED007A67EE277AC7ED187AD7ED197ACB
:1034700027EEA77AD7ED007A67EE277A97ED007AE4
:1034800067EE277AC7ED177A07F138032422002167
:10349000184617F073FF3B6EBB633B6EBB64FB6D5E
:1034A000BB65FB6803F54B6393ED007AFB6803F69D
:1034B000C843D3ED006AD7ED1E7A66EEA77A37EEE1
:1034C000277AFB6803F6B843D3ED006AD7ED1E7A7E
:1034D00066EEA77A37EE277AFB6803F54D63D3EDE6
:1034E000006AD7ED1E7A66EEA76AD7ED1E7A66EE01
:1034F000A77A37EE277AD7ED0E7A77EE277AC7EDDF
:10350000057AFB6803F6B44393ED007AFB6803F693
:10351000CC43D3ED006AD7ED1E7A66EEA77A37EE7C
:10352000277AFB6803F6B843D3ED006AD7ED1D7A1E
:1035300066EEA77A37EE277AFB6803F54D63D3ED85
:10354000006AD7ED1E7A66EEA76AD7ED1D7A66EEA1
:10355000A77A77EE277AC7ED067AFB6803F6B843B9
:1035600093ED007AFB6803F54D63D3ED006AD7ED68
:103570001E7A66EEA77A77EE277AC7ED077AFB68A0
:1035800003F6BC4393ED007AFB6803F6C843D3ED22
:10359000006AD7ED1D7A66EEA77A37EE277AFB68C8
:1035A00003F6C443D3ED006AD7ED1E7A66EEA77A20
:1035B00037EE277AFB6803F54D63D3ED006AD7ED4C
:1035C0001D7A66EEA76AD7ED1E7A66EEA77A77EEC9
:1035D000277AC7ED087AFB6803F54C6393ED007A10
:1035E000FB6803F6CC43D3ED006AD7ED1D7A66EE97
:1035F000A77A37EE277AFB6803F6C443D3ED006A57
:10360000D7ED1D7A66EEA77A37EE277AFB6803F5C9
:103610004D63D3ED006AD7ED1D7A66EEA76AD7ED4C
:103620001D7A66EEA77A37EE277AD7ED127A77EE13
:10363000277AC7ED097AFB6803F6C44393ED007A55
:10364000FB6803F54D63D3ED006AD7ED1D7A66EE96
:10365000A77A77EE277AC7ED0A7AFB6803F6C843A4
:1036600093ED007AFB6803F54D63D3ED006AD7ED67
:103670001E7A66EEA77A77EE277AC7ED0B7AFB689B
:1036800003F6CC4393ED007AFB6803F54D63D3ED6D
:10369000006AD7ED1D7A66EEA77A77EE277AC7ED36
:1036A0000C7AFB6803F54D6393ED007AD7ED167A3B
:1036B00077EE277AC7ED0D7A0023C7F8943032E011
:1036C0000023C7F8903025E0DB0FC940DB0F4940ED
:1036D000DB0F49C0D7F8942013465B001344D7F89A
:1036E000902013449B0098333B44843B1968F8684E
:1036F000D7F8942013465B001344D7F89020134466
:1037000003F54B739B0003441960D7F890300133E5
:10371000C7F89030D7F89030022BDBDDD7F8943023
:103720000133C7F89430D7F89430022BC8DD00BFBE
:1037300000BF9837BD4680BD80B485B000AFF8604B
:10374000F0EE406AB0EE607AF0EE417AC7ED006AC2
:1037500087ED017AC7ED027A3A68FB68C3F89020DA
:103760007A68FB68C3F89420BA68FB68C3F89820AD
:10377000FB6803F54B63094A1A60FB6803F54C6369
:10378000064A1A60FB6803F54D63044A1A6000BFDD
:103790001437BD465DF8047B704700BF6F12833A53
:1037A00080B584B000AF78607B68FB60F868FEF796
:1037B00085FE00BF1037BD4680BD80B582B000AF2A
:1037C00078607B680433184613F05DFF7B68184609
:1037D0000837BD4680BD000090B58DB002AF78605F
:1037E0003960254B1B683B62244B1B68FB6107F16A
:1037F000080300221A605A609A60DA601A61204B4E
:10380000BB60204BFB604FF480533B8207F11203F7
:1038100007F120021068186007F1160307F11C0277
:10382000106818607B681C1D6A4607F1140393E852
:10383000030082E8030007F108030ECB204613F0D3
:1038400062FF034687F8273097F82730002B08D10E
:1038500005210320FEF74AFB7B68FF221A70002334
:1038600006E07B683A681A657B6800221A700123BB
:1038700018462C37BD4690BD2CDA030830DA030811
:10388000B40300240004025880B483B000AF786011
:103890007B6801221A7000BF0C37BD465DF8047BBF
:1038A000704780B582B000AF7860786800F01FF88C
:1038B000786800F03BF8786800F055F800BF0837EA
:1038C000BD4680BDB0B483B000AF786039607A681F
:1038D0003B68154603F154040FCC0FC50FCC0FC540
:1038E00023682B6078680C37BD46B0BC704780B544
:1038F00082B000AF78607B680433184614F030F86B
:103900007B6803F15C007B6820330C22194617F0BA
:10391000DDFD7B6803F168007B680C330C221946DF
:1039200017F0D4FD00BF0837BD4680BD80B584B018
:1039300000AF78607B681B6D1846FDF7BFF8B0EEEE
:10394000407AF0EE607A87ED027AC7ED037ABA68C2
:103950007B685A65FA687B689A65F4F710FB00BFCC
:103960001037BD4680BD80B584B000AF78607B68FD
:103970001B6D1846FDF7F8F887ED030A7B68FA68B7
:103980005A6700BF1037BD4680BD80B582B000AF1A
:10399000786015F040F802467B681A607B6818462C
:1039A0000837BD4680BD80B582B000AF78607A68C8
:1039B00041F6185313441846F2F712FE7A6841F2A2
:1039C000D073134418460FF0A9FD7B6818460837DA
:1039D000BD4680BD80B582B000AF78607B680022B4
:1039E0001A707B6803225A707B6800229A707B6889
:1039F000324A03331188927819809A707B680022CA
:103A00009A607B6810331846F2F70CFE7A6841F62C
:103A1000985313441846F6F721FC7A6845F62C13A0
:103A2000134418460EF034FA7A6845F6C01313446E
:103A30001846FEF769FB7A6846F2A86313441846F5
:103A40000EF015F97A6846F2D86313441846FFF76A
:103A5000B4FE7A6846F25073134418460DF0B3FF73
:103A60007A6846F6687313441846FCF7B1FE7A6824
:103A700046F69C7313441846FEF73AF97A6847F203
:103A8000C42313441846FDF7E7FB7A6847F2D823AE
:103A900013441846FDF7E0FB7B6803F5E043002282
:103AA00083F8ED227A6847F2F02313441846FFF7B3
:103AB0006CFF7B6818460837BD4680BD34DA0308C2
:103AC00080B500AF034A04490448EEF7D4FB00BFB9
:103AD00080BD00BF90E3030828040224E13A0208F5
:103AE00080B582B000AF7860786800F039FB00BF25
:103AF0000837BD4680BD80B582B000AF7860786879
:103B000000F060FA00BF0837BD4680BDF0B5BDB01B
:103B100008AF78600FF052FC0FF062FC0DF01CFF54
:103B2000002328227821C8480FF0A8FB0121C648AD
:103B30000FF0C2FB0122FA219FEDC40AC4480FF026
:103B4000DBFBC3480FF0F0FBFA20EEF731FC7B689B
:103B5000C7F8C4307A6846F69C731344D7F8C4108B
:103B60001846FEF7E9F807F198032C2200211846C1
:103B700017F004FCB74BC7F89830B74BC7F89C3028
:103B800040F6B833A7F8AC30B44BC7F8B0304FF4B8
:103B90008063A7F8B4300423A7F8B630B04BC7F859
:103BA000B830B04BC7F8BC304FF40043A7F8C03072
:103BB00007F1980308334FF40072AB49184614F02C
:103BC000A4FC7B6803F5A043D3F84C39C7F8A830B0
:103BD0007B6803F110066D4607F1A4040FCC0FC5F6
:103BE00094E80F0085E80F0007F198030ECB3046EC
:103BF000F2F74CFD7B6810331846F2F783FE7A68C3
:103C000046F668731344C7F894307A6846F2D8636E
:103C10001344D7F894101846FFF7DEFD7A6846F68D
:103C200068731344C7F88C307A6846F2D86313443B
:103C3000C7F890307A6845F6C013134407F18C0238
:103C400006CA1846FEF7D4FA07F1800300221A606C
:103C50005A609A60854BC7F888307A6845F6C01379
:103C60001344C7F880307A6846F668731344C7F87F
:103C700084307B6841F69850184407F180030ECBDE
:103C8000F6F73AFB7B6803F5A0431A46734BC2F87C
:103C9000B0387B6803F1B4007B6841F69851194451
:103CA000734BC7F8C8300023C7F8CC3007F1C803FE
:103CB0000CCB00F01FFB07F1740300221A605A605E
:103CC0009A60022387F87830012387F879304FF023
:103CD0007C53FB677A6841F6F03313447B677B685B
:103CE00047F2D820184407F174030ECBFDF7C6FA4B
:103CF00007F1680300221A605A609A60012387F86E
:103D00006C30FF2387F86D304FF07C533B677A6847
:103D100041F6F0331344BB667B6847F2C420184475
:103D200007F168030ECBFDF7A9FA524A07F15C03CD
:103D300007CA83E807007B6846F6687018447A680B
:103D400047F2C4231344796847F2D8220A44019207
:103D5000009307F15C030ECBFCF766FD07F130031F
:103D60002C220021184617F009FB434B3B64434BC0
:103D70007B64434BBB64434BFB6432233B65424B48
:103D80007B65414BBB657A6845F6C01313443B63C2
:103D90007A6846F6687313447B637A6841F69853F1
:103DA0001344BB637B681033FB637B6846F2A866F1
:103DB0001E446D4607F13C040FCC0FC594E80F007C
:103DC00085E80F0007F130030ECB30460DF05FFFA2
:103DD0007A6841F698531344BB627B681033FB62E8
:103DE0007A6845F62C13134407F1280206CA1846D0
:103DF0000EF082F87B68FB607A6841F698531344B2
:103E00003B617A6845F6C01313447B617A6846F2D9
:103E1000D8631344BB617A6846F668731344FB6148
:103E20007A6845F62C1313443B627A6846F69C7315
:103E300013447B627B6846F250741C446D4607F164
:103E400018030FCB22E000BF748B0224000048440B
:103E5000808B02243C070024000300240000003073
:103E6000A4050024000C0258001002580AD7233C75
:103E70005BB701084CDA03081C8902240000964253
:103E8000CDCCCC3DCDCC4C3DCDCC4C3E85E80F00CF
:103E900007F10C030ECB20460DF0A4FD7B6803F563
:103EA000E043002283F8EC2200231846D437BD46B5
:103EB000F0BD00BF80B584B000AF78607A6846F28C
:103EC000D86313441846FFF7DFFC7A6845F6C01341
:103ED00013441846FEF774FA7A6846F6687313447A
:103EE0001846FCF7D7FC0346FB73FB7B002B02D084
:103EF000F4F745F8FCE77A6841F6985313441846FE
:103F0000F6F764FA7A6846F2A863134418460DF08F
:103F1000D9FE7A6845F62C13134418460EF034F88F
:103F2000064A07490748EEF7A6F97B6801221A708E
:103F3000002318461037BD4680BD00BFB4E3030818
:103F400028040224F73A020880B582B000AF7860F6
:103F50007B6800221A701420EEF72AFA7B6810336F
:103F60001846F2F7FFFC7A6846F25073134418467D
:103F70000DF056FD7A6841F6985313441846F6F74B
:103F8000E2FB1420EEF714FA7B6800229A600A4BD9
:103F900000221A600122FA219FED080A08480FF05A
:103FA000ABF907480FF0C0F97B6801221A700123B2
:103FB00018460837BD4680BD2077022400006144C2
:103FC000808B022480B588B000AF7860EEF73EF9B0
:103FD000F8615B48FCF7ACFA0346FA2B8CBF01236F
:103FE0000023DBB2002B05D05548FCF783FA554877
:103FF00013F09FF85448FCF79BFA034642F20F7205
:1040000093428CBF01230023DBB2002B0CD04E481F
:10401000FCF770FA7B6893F9003019467B689B685F
:104020001A464A48F2F7FCFE7B6893F90030012BF0
:1040300007D0012B62DCB3F1FF3F4ED0002B45D0FF
:104040005CE07A6845F62C13134418460DF0C8FF5F
:104050007A6841F6985313441846F6F7E9FEB0EE35
:10406000407AF0EE607A87ED037AC7ED047A7A68D9
:1040700046F25073134418460DF0E0FC03461A460E
:104080007B6803F5E04383F8ED227B6803F5E043AA
:1040900093F8ED32012B09D17B6803F110007A68A7
:1040A00046F2507313441946F2F742FE00233C22B5
:1040B000002127480FF0E2F87B689B685A1C7B6858
:1040C0009A607B689B68234A13601EE002230222E9
:1040D00002211F480FF0D2F817E0002300227821B8
:1040E0001B480FF0CBF864233B7500237B7500233E
:1040F000BB75796918480EF0FCFD06E0002300222C
:10410000782113480FF0BAF800BFEEF79FF8024687
:10411000FB69D31ABB61BB690A2B0AD907210420AA
:10412000FDF7E4FEB9690D48F2F7CEFE7B68FF2289
:104130001A70FB690A331846EEF755F946E700BFD7
:1041400024770224308B02242877022458DA0308CB
:10415000748B0224207702243C8B022478DA030833
:1041600080B584B000AF78607868FFF7CFFC034675
:10417000FB73FB7B012B07D103210420FDF7B6FE67
:104180002448F2F7A1FE41E07868FFF793FE03466A
:10419000FB73FB7B012B07D104210420FDF7A6FE56
:1041A0001D48F2F791FE31E00122FA219FED1B0A32
:1041B0001B480FF0A1F81A480FF0B6F800230022B0
:1041C000002118480FF05AF8012116480FF074F832
:1041D0000021786800F036F87A6847F2F02313443B
:1041E0001846FCF7A5F90346F92B8CBF01230023E1
:1041F000DBB2002B06D07A6847F2F023134418464E
:10420000FCF778F96420EEF7D3F8E5E71037BD4600
:1042100080BD00BF9CDA0308B8DA030800006144DF
:10422000808B0224788B022480B483B000AF786046
:104230007B6893F9003018460C37BD465DF8047B67
:104240007047000080B586B000AF78600B46FB7009
:10425000FB78042B41D801A252F823F071420208E6
:10426000DB4202088D420208A3420208BF42020854
:104270001C4A07F108031268114619800233120C18
:104280001A70B96818480EF034FD27E000233B731C
:1042900006237B730023BB73F96813480EF029FDD6
:1042A0001CE0124A07F1100312681146198002330C
:1042B000120C1A7039690C480EF01BFD0EE00C4A06
:1042C00007F114031268114619800233120C1A7098
:1042D000796905480EF00DFD00E000BF00BF1837FA
:1042E000BD4680BDD0DA03083C8B0224D4DA030833
:1042F000D8DA030880B584B000AFF860B9603946F9
:1043000081E80C00FB681B68042B11DCFB681B6850
:104310005B01FA681344181D3B460CCBB96800F0EA
:104320000CF8FB681B685A1CFB681A60012300E04C
:10433000002318461037BD4680BDB0B58AB000AF27
:10434000F860B960394681E80C0007F110003B467F
:104350000CCBB96800F012F8FB6803F1080407F110
:1043600010050FCD0FC495E8030084E80300FB6837
:1043700001221A7100BF2837BD46B0BD80B584B098
:1043800000AFF860B960394681E80C003B460CCBC1
:10439000B968F86800F006F8FB6818461037BD46A3
:1043A00080BD000080B485B000AFF860B9603946C8
:1043B00081E80C00FB68BA681A60FB6804331A468F
:1043C0003B4693E8030082E80300FB68034A5A6116
:1043D00000BF1437BD465DF8047B7047E143020817
:1043E00080B586B000AFF860B9601346FB80FB680B
:1043F0007B61BB683B613B695B6803F00103002B99
:104400000BD03B695B685B101A467B6913441B68E1
:104410003A69126813441B6801E03B691B683A69FA
:104420005268521011467A690A44F9881046984732
:1044300000BF1837BD4680BD80B500AF0548FFF707
:10444000C9FA0548FFF7A1FA0448FFF79EFA00BF32
:1044500080BD00BF28040224247702242877022488
:1044600080B582B000AF78607A6847F2D8231344F1
:104470001846FDF71BFC7A6847F2C423134418461C
:10448000FDF714FC7B6810331846FFF78CFA7B6845
:1044900018460837BD4680BD80B500AF0248FFF71B
:1044A000DFFF00BF80BD00BF2804022480B500AF3D
:1044B000FFF7C2FF80BD80B500AFFFF7EDFF80BD05
:1044C00080B483B000AF7860002318460C37BD4637
:1044D0005DF8047B704780B483B000AF7860002340
:1044E00018460C37BD465DF8047B704780B483B036
:1044F00000AF786000BF0C37BD465DF8047B7047A5
:1045000080B485B000AFF860B9607A6000231846C7
:104510001437BD465DF8047B704780B483B000AFAC
:104520007860396000BF0C37BD465DF8047B70478A
:1045300080B483B000AF78603960002318460C3730
:10454000BD465DF8047B704780B483B000AF7860EF
:10455000002318460C37BD465DF8047B7047000009
:1045600080B483B000AF7860044A7B681A607B68CF
:1045700018460C37BD465DF8047B70475CED0308B8
:1045800080B483B000AF786039607B6818460C3720
:10459000BD465DF8047B7047B0B582B000AF78606F
:1045A00039607B683A6811461846FFF7E9FF3B68B7
:1045B0001A797B681A717A683B6802F1080403F182
:1045C00008050FCD0FC495E8030084E803007B685D
:1045D00018460837BD46B0BD80B582B000AF7860E0
:1045E0007B6808331846F1F71EFF00BF0837BD4649
:1045F00080BD80B584B000AFF860B9607A60FB68B8
:1046000008331846F1F70FFFFB681B6804331B687B
:10461000F8689847034618461037BD4680BD80B4F9
:1046200083B000AF7860002318460C37BD465DF8B4
:10463000047B704780B483B000AF786000231846D5
:104640000C37BD465DF8047B704780B483B000AF83
:1046500078607B689B7918460C37BD465DF8047B13
:104660007047000080B584B000AFF860B9603B606F
:104670001346FB71FB681846FFF772FF0E4AFB6892
:104680001A60FB681033184602F0EEF8FB68FA79FE
:104690001A73BB681B681B68FA68117BFA68B868F4
:1046A0009847FB683A689A60FB6803225A73FB6874
:1046B00018461037BD4680BD04ED030880B584B0B0
:1046C00000AFF860B9603B601346FB71FB681846A9
:1046D000FFF746FF0E4AFB681A60FB681433184662
:1046E00002F0E0F8FB68FA791A74BB681B681B6873
:1046F000FA68117CFA68B8689847FB683A68DA602B
:10470000FB6803225A74FB6818461037BD4680BD0B
:10471000D0EC030880B584B000AFF860B9603B60AE
:104720001346FB71FB681846FFF71AFF0E4AFB6839
:104730001A60FB681033184602F0D2F8FB68FA7969
:104740001A73BB681B681B68FA68117BFA68B86843
:104750009847FB683A689A60FB6803225A73FB68C3
:1047600018461037BD4680BD9CEC030880B584B068
:1047700000AFF860B9603B601346FB71FB681846F8
:10478000FFF7EEFE0E4AFB681A60FB68103318460E
:1047900002F0C4F8FB68FA791A73BB681B681B68DF
:1047A000FA68117BFA68B8689847FB683A689A60BB
:1047B000FB6803225A73FB6818461037BD4680BD5C
:1047C00068EC0308B0B582B000AF786039607B68F0
:1047D0003A6811461846FFF7D3FE3B681A797B68A2
:1047E0001A717A683B6802F1080403F108050FCDDD
:1047F0000FC495E8030084E803007B681846083777
:10480000BD46B0BD80B58CB000AFF860B9603B600C
:104810001346FB71FB681846FFF7A2FE164AFB68B9
:104820001A60FB6800221A61FB681833184602F010
:1048300093F8FB68FA791A75BB681B681B68FA68FD
:10484000117DFA68B868984707F1100007F138033E
:104850000CCB396802F09EF8FB68183307F11002A0
:1048600011461846FFF7AEFFFB6801225A75FB6838
:1048700018463037BD4680BD34EC0308B0B582B071
:1048800000AF786039607B683A6811461846FFF7D8
:1048900077FE3B681A797B681A717A683B6802F187
:1048A000080403F108050FCD0FC495E8030084E860
:1048B00003007B6818460837BD46B0BD80B58CB094
:1048C00000AFF860B9603B601346FB71FB681846A7
:1048D000FFF746FE164AFB681A60FB6800229A60E2
:1048E000FB681033184602F089F8FB68FA791A73EE
:1048F000BB681B681B68FA68117BFA68B868984740
:1049000007F1100007F138030CCB396802F094F876
:10491000FB68103307F1100211461846FFF7AEFF8F
:10492000FB6801225A73FB6818463037BD4680BDCC
:1049300000EC0308B0B582B000AF786039607B68E6
:104940003A6811461846FFF71BFE3B681A797B68E8
:104950001A717A683B6802F1080403F108050FCD6B
:104960000FC495E8030084E803007B681846083705
:10497000BD46B0BD80B58CB000AFF860B9603B609B
:104980001346FB71FB681846FFF7EAFD184AFB68FF
:104990001A60FB6800229A63FB684033184602F0F5
:1049A0007FF8FB68FA7983F83C20BB681B681B68BA
:1049B000FA6892F83C10FA68B868984707F1100056
:1049C00007F138030CCB396802F088F8FB684033F4
:1049D00007F1100211461846FFF7ACFFFB680122F1
:1049E00083F83D20FB6818463037BD4680BD00BFC8
:1049F000CCEB030880B584B000AFF860B9603B60D1
:104A00001346FB71FB681846FFF7AAFD104AFB68C6
:104A10001A60FB6800229A60FB681033184602F0A7
:104A200091F8FB68FA791A73BB681B681B68FA680F
:104A3000117BFA68B8689847FB683A689A60FB6827
:104A400004225A73FB6818461037BD4680BD00BF6C
:104A500098EB0308B0B582B000AF786039607B682E
:104A60003A6811461846FFF78BFD3B681A797B6858
:104A70001A717A683B6802F1080403F108050FCD4A
:104A80000FC495E8030084E803007B6818460837E4
:104A9000BD46B0BD80B58CB000AFF860B9603B607A
:104AA0001346FB71FB681846FFF75AFD154AFB6871
:104AB0001A60FB681033184602F062F8FB68FA7956
:104AC0001A73BB681B681B68FA68117BFA68B868C0
:104AD000984707F1100007F138030CCB396802F052
:104AE0006DF8FB68103307F1100211461846FFF706
:104AF000B1FFFB6801225A73FB6818463037BD4688
:104B000080BD00BF64EB030880B58CB000AFF860D7
:104B1000B9603B601346FB71FB681846FFF720FD48
:104B2000154AFB681A60FB681033184602F028F833
:104B3000FB68FA791A73BB681B681B68FA68117BFB
:104B4000FA68B868984707F1100007F138030CCBF2
:104B5000396802F067F8FB68103307F1100211465C
:104B60001846FFF777FFFB6801225A73FB68184667
:104B70003037BD4680BD00BF64EB030880B584B00C
:104B800000AFF860B9603B601346FB71FB681846E4
:104B9000FFF7E6FC0E4AFB681A60FB681033184604
:104BA00002F074F8FB68FA791A73BB681B681B681B
:104BB000FA68117BFA68B8689847FB683A689A60A7
:104BC000FB6803225A73FB6818461037BD4680BD48
:104BD00030EB0308B0B582B000AF786039607B6815
:104BE0003A6811461846FFF7CBFC3B681A797B6898
:104BF0001A717A683B6802F1080403F108050FCDC9
:104C00000FC495E8030084E803007B681846083762
:104C1000BD46B0BD80B58CB000AFF860B9603B60F8
:104C20001346FB71FB681846FFF79AFC164AFB68AF
:104C30001A60FB6800229A60FB681033184602F085
:104C400043F8FB68FA791A73BB681B681B68FA683B
:104C5000117BFA68B868984707F1100007F138032C
:104C60000CCB396802F04EF8FB68103307F11002E4
:104C700011461846FFF7AEFFFB6801225A73FB6826
:104C800018463037BD4680BDFCEA0308B0B582B097
:104C900000AF786039607B683A6811461846FFF7C4
:104CA0006FFC3B681A797B681A717A683B6802F17D
:104CB000080403F108050FCD0FC495E8030084E84C
:104CC00003007B6818460837BD46B0BD80B58CB080
:104CD00000AFF860B9603B601346FB71FB68184693
:104CE000FFF73EFC184AFB681A60FB680022DA6294
:104CF000FB683433184602F039F8FB68FA7983F818
:104D00003020BB681B681B68FA6892F83010FA689C
:104D1000B868984707F1100007F138030CCB3968E1
:104D200002F042F8FB68343307F1100211461846CE
:104D3000FFF7ACFFFB68012283F83120FB681846BF
:104D40003037BD4680BD00BFC8EA0308B0B582B0A9
:104D500000AF786039607B683A6811461846FFF703
:104D60000FFC3B681A797B681A717A683B6802F11C
:104D7000080403F108050FCD0FC495E8030084E88B
:104D800003007B6818460837BD46B0BD80B58CB0BF
:104D900000AFF860B9603B601346FB71FB681846D2
:104DA000FFF7DEFB164AFB681A60FB6800225A61B7
:104DB000FB681C33184602F02BF8FB68FA791A7668
:104DC000BB681B681B68FA68117EFA68B868984768
:104DD00007F1100007F138030CCB396802F036F800
:104DE000FB681C3307F1100211461846FFF7AEFFAF
:104DF000FB6801225A76FB6818463037BD4680BDF5
:104E000094EA0308B0B582B000AF786039607B687F
:104E10003A6811461846FFF7B3FB3B681A797B687E
:104E20001A717A683B6802F1080403F108050FCD96
:104E30000FC495E8030084E803007B681846083730
:104E4000BD46B0BD80B58CB000AFF860B9603B60C6
:104E50001346FB71FB681846FFF782FB164AFB6896
:104E60001A60FB6800225A61FB681C33184602F086
:104E700021F8FB68FA791A76BB681B681B68FA6828
:104E8000117EFA68B868984707F1100007F13803F7
:104E90000CCB396802F02CF8FB681C3307F11002C8
:104EA00011461846FFF7AEFFFB6801225A76FB68F1
:104EB00018463037BD4680BD60EA0308B0B582B001
:104EC00000AF786039607B683A6811461846FFF792
:104ED00057FB3B681A797B681A717A683B6802F164
:104EE000080403F108050FCD0FC495E8030084E81A
:104EF00003007B6818460837BD46B0BD80B58CB04E
:104F000000AFF860B9603B601346FB71FB68184660
:104F1000FFF726FB174AFB681A60FB6803F5DE7390
:104F2000184602F019F8FB68FA7983F8B821BB68D3
:104F30001B681B68FA6892F8B811FA68B868984755
:104F400007F1100007F138030CCB396802F022F8A2
:104F5000FB6803F5DE7307F1100211461846FFF7F0
:104F6000ADFFFB68012283F8B921FB681846303792
:104F7000BD4680BD2CEA030880B584B000AFF86060
:104F8000B9603B601346FB71FB681846FFF7E8FA0F
:104F9000104AFB681A60FB6800221A61FB6818332C
:104FA000184602F02BF8FB68FA791A75BB681B6883
:104FB0001B68FA68117DFA68B8689847FB683A6818
:104FC0001A61FB6804225A75FB6818461037BD4603
:104FD00080BD00BFF8E90308B0B582B000AF7860CB
:104FE00039607B683A6811461846FFF7C9FA3B6892
:104FF0001A797B681A717A683B6802F1080403F138
:1050000008050FCD0FC495E8030084E803007B6812
:1050100018460837BD46B0BD80B58CB000AFF8600B
:10502000B9603B601346FB71FB681846FFF798FABE
:10503000184AFB681A60FB680022DA64FB68543384
:10504000184601F0F9FFFB68FA7983F85020BB6835
:105050001B681B68FA6892F85010FA68B86898479D
:1050600007F1100007F138030CCB396802F002F8A1
:10507000FB68543307F1100211461846FFF7ACFFE6
:10508000FB68012283F85120FB6818463037BD4683
:1050900080BD00BFC4E90308B0B582B000AF78603E
:1050A00039607B683A6811461846FFF769FA3B6831
:1050B0001A797B681A717A683B6802F1080403F177
:1050C00008050FCD0FC495E8030084E803007B6852
:1050D00018460837BD46B0BD80B58CB000AFF8604B
:1050E000B9603B601346FB71FB681846FFF738FA5E
:1050F000184AFB681A60FB6800229A64FB68503308
:10510000184601F0EBFFFB68FA7983F84C20BB6886
:105110001B681B68FA6892F84C10FA68B8689847E0
:1051200007F1100007F138030CCB396801F0F4FFE8
:10513000FB68503307F1100211461846FFF7ACFF29
:10514000FB68012283F84D20FB6818463037BD46C6
:1051500080BD00BF90E90308B0B582B000AF7860B1
:1051600039607B683A6811461846FFF709FA3B68D0
:105170001A797B681A717A683B6802F1080403F1B6
:1051800008050FCD0FC495E8030084E803007B6891
:1051900018460837BD46B0BD80B58CB000AFF8608A
:1051A000B9603B601346FB71FB681846FFF7D8F9FE
:1051B000184AFB681A60FB6800221A62FB682833F1
:1051C000184601F0DDFFFB68FA7983F82420BB68FC
:1051D0001B681B68FA6892F82410FA68B868984748
:1051E00007F1100007F138030CCB396801F0E6FF36
:1051F000FB68283307F1100211461846FFF7ACFF91
:10520000FB68012283F82520FB6818463037BD462D
:1052100080BD00BF5CE90308B0B582B000AF786024
:1052200039607B683A6811461846FFF7A9F93B6870
:105230001A797B681A717A683B6802F1080403F1F5
:1052400008050FCD0FC495E8030084E803007B68D0
:1052500018460837BD46B0BD80B58CB000AFF860C9
:10526000B9603B601346FB71FB681846FFF778F99D
:10527000184AFB681A60FB6800225A62FB682C33EC
:10528000184601F0CFFFFB68FA7983F82820BB6845
:105290001B681B68FA6892F82810FA68B868984783
:1052A00007F1100007F138030CCB396801F0D8FF83
:1052B000FB682C3307F1100211461846FFF7ACFFCC
:1052C000FB68012283F82920FB6818463037BD4669
:1052D00080BD00BF28E90308B0B582B000AF786098
:1052E00039607B683A6811461846FFF749F93B6810
:1052F0001A797B681A717A683B6802F1080403F135
:1053000008050FCD0FC495E8030084E803007B680F
:1053100018460837BD46B0BD80B58CB000AFF86008
:10532000B9603B601346FB71FB681846FFF718F93C
:10533000164AFB681A60FB6800221A61FB68183382
:10534000184601F0C1FFFB68FA791A75BB681B6843
:105350001B68FA68117DFA68B868984707F1100071
:1053600007F138030CCB396801F0CCFFFB68183328
:1053700007F1100211461846FFF7AEFFFB68012245
:105380005A75FB6818463037BD4680BDF4E80308FF
:10539000B0B582B000AF786039607B683A6811467A
:1053A0001846FFF7EDF83B681A797B681A717A683E
:1053B0003B6802F1080403F108050FCD0FC495E81E
:1053C000030084E803007B6818460837BD46B0BD7B
:1053D00080B58CB000AFF860B9603B601346FB71DC
:1053E000FB681846FFF7BCF8164AFB681A60FB68B2
:1053F00000229A60FB681033184601F0B7FFFB6883
:10540000FA791A73BB681B681B68FA68117BFA6823
:10541000B868984707F1100007F138030CCB3968DA
:1054200001F0C2FFFB68103307F110021146184665
:10543000FFF7AEFFFB6801225A73FB68184630374E
:10544000BD4680BDC0E80308B0B582B000AF78604B
:1054500039607B683A6811461846FFF791F83B6857
:105460001A797B681A717A683B6802F1080403F1C3
:1054700008050FCD0FC495E8030084E803007B689E
:1054800018460837BD46B0BD80B58CB000AFF86097
:10549000B9603B601346FB71FB681846FFF760F884
:1054A000184AFB681A60FB6800221A62FB682833FE
:1054B000184601F0ADFFFB68FA7983F82420BB6839
:1054C0001B681B68FA6892F82410FA68B868984755
:1054D00007F1100007F138030CCB396801F0B6FF73
:1054E000FB68283307F1100211461846FFF7ACFF9E
:1054F000FB68012283F82520FB6818463037BD463B
:1055000080BD00BF8CE80308B0B582B000AF786002
:1055100039607B683A6811461846FFF731F83B68F6
:105520001A797B681A717A683B6802F1080403F102
:1055300008050FCD0FC495E8030084E803007B68DD
:1055400018460837BD46B0BD80B58CB000AFF860D6
:10555000B9603B601346FB71FB681846FFF700F823
:10556000164AFB681A60FB6800229A61FB682033C8
:10557000184601F09FFFFB68FA791A77BB681B6831
:105580001B68FA68117FFA68B868984707F110003D
:1055900007F138030CCB396801F0AAFFFB68203310
:1055A00007F1100211461846FFF7AEFFFB68012213
:1055B0005A77FB6818463037BD4680BD58E8030867
:1055C000B0B582B000AF786039607B683A68114648
:1055D0001846FEF7D5FF3B681A797B681A717A681E
:1055E0003B6802F1080403F108050FCD0FC495E8EC
:1055F000030084E803007B6818460837BD46B0BD49
:1056000080B58CB000AFF860B9603B601346FB71A9
:10561000FB681846FEF7A4FF154AFB681A60FB6892
:105620001C33184601F098FFFB68FA791A76BB68BC
:105630001B681B68FA68117EFA68B868984707F11A
:10564000100007F138030CCB396801F0A3FFFB68A9
:105650001C3307F1100211461846FFF7B1FFFB6833
:1056600001225A76FB6818463037BD4680BD00BF20
:1056700024E80308B0B582B000AF786039607B6879
:105680003A6811461846FEF77BFF3B681A797B683B
:105690001A717A683B6802F1080403F108050FCD1E
:1056A0000FC495E8030084E803007B6818460837B8
:1056B000BD46B0BD80B58CB000AFF860B9603B604E
:1056C0001346FB71FB681846FEF74AFF164AFB6853
:1056D0001A60FB680022DA60FB681433184601F098
:1056E0008DFFFB68FA791A74BB681B681B68FA683F
:1056F000117CFA68B868984707F1100007F1380381
:105700000CCB396801F098FFFB68143307F11002E5
:1057100011461846FFF7AEFFFB6801225A74FB687A
:1057200018463037BD4680BDF0E7030880B58CB021
:1057300000AFF860B9603B601346FB71FB68184628
:10574000FEF70EFF154AFB681A60FB68083318461F
:10575000F2F7DAF8FB68FA795A71BB681B681B68C4
:10576000FA685179FA68B868984707F1100007F1AC
:1057700038030CCB396801F093FFFB68083307F15D
:10578000100211461846FEF707FFFB6801229A71C6
:10579000FB6818463037BD4680BD00BF38ED0308B2
:1057A00080B58CB000AFF860B9603B601346FB7108
:1057B000FB681846FEF7D4FE164AFB681A60FB68C1
:1057C00000221A61FB681833184601F07DFDFB6862
:1057D000FA791A75BB681B681B68FA68117DFA684C
:1057E000B868984707F1100007F138030CCB396807
:1057F00001F08AFFFB68183307F1100211461846C2
:10580000FFF76AFDFB6801225A75FB6818463037BE
:10581000BD4680BDF4E80308B0B582B000AF786043
:1058200039607B683A6811461846FEF7A9FE3B6866
:105830001A797B681A717A683B6802F1080403F1EF
:1058400008050FCD0FC495E8030084E803007B68CA
:1058500018460837BD46B0BD80B58CB000AFF860C3
:10586000B9603B601346FB71FB681846FEF778FE93
:10587000164AFB681A60FB6800225A61FB681C33F9
:10588000184601F075FFFB68FA791A76BB681B6849
:105890001B68FA68117EFA68B868984707F110002B
:1058A00007F138030CCB396801F080FFFB681C332B
:1058B00007F1100211461846FFF7AEFFFB68012200
:1058C0005A76FB6818463037BD4680BDBCE70308F2
:1058D00080B58CB000AFF860B9603B601346FB71D7
:1058E000FB681846FEF73CFE154AFB681A60FB6829
:1058F00008331846F2F708F8FB68FA795A71BB6862
:105900001B681B68FA685179FA68B868984707F10C
:10591000100007F138030CCB396801F07BFFFB68FE
:10592000083307F1100211461846FEF735FEFB68F2
:1059300001229A71FB6818463037BD4680BD00BF12
:1059400038ED0308B0B582B000AF786039607B688D
:105950003A6811461846FEF713FE3B681A797B68D1
:105960001A717A683B6802F1080403F108050FCD4B
:105970000FC495E8030084E803007B6818460837E5
:10598000BD46B0BD80B58CB000AFF860B9603B607B
:105990001346FB71FB681846FEF7E2FD154AFB68EB
:1059A0001A60FB681C33184601F068FFFB68FA793F
:1059B0001A76BB681B681B68FA68117EFA68B868BB
:1059C000984707F1100007F138030CCB396801F054
:1059D00073FFFB681C3307F1100211461846FFF7EE
:1059E000B1FFFB6801225A76FB6818463037BD4686
:1059F00080BD00BF88E70308B0B582B000AF786013
:105A000039607B683A6811461846FEF7B9FD3B6875
:105A10001A797B681A717A683B6802F1080403F10D
:105A200008050FCD0FC495E8030084E803007B68E8
:105A300018460837BD46B0BD80B58CB000AFF860E1
:105A4000B9603B601346FB71FB681846FEF788FDA2
:105A5000164AFB681A60FB6800225A61FB681C3317
:105A6000184601F05DFFFB68FA791A76BB681B687F
:105A70001B68FA68117EFA68B868984707F1100049
:105A800007F138030CCB396801F068FFFB681C3361
:105A900007F1100211461846FFF7AEFFFB6801221E
:105AA0005A76FB6818463037BD4680BD54E7030878
:105AB000B0B582B000AF786039607B683A68114653
:105AC0001846FEF75DFD3B681A797B681A717A68A3
:105AD0003B6802F1080403F108050FCD0FC495E8F7
:105AE000030084E803007B6818460837BD46B0BD54
:105AF00080B58CB000AFF860B9603B601346FB71B5
:105B0000FB681846FEF72CFD154AFB681A60FB6817
:105B10001C33184601F056FFFB68FA791A76BB6809
:105B20001B681B68FA68117EFA68B868984707F125
:105B3000100007F138030CCB396801F061FFFB68F6
:105B40001C3307F1100211461846FFF7B1FFFB683E
:105B500001225A76FB6818463037BD4680BD00BF2B
:105B600020E70308B0B582B000AF786039607B6889
:105B70003A6811461846FEF703FD3B681A797B68C0
:105B80001A717A683B6802F1080403F108050FCD29
:105B90000FC495E8030084E803007B6818460837C3
:105BA000BD46B0BD80B58CB000AFF860B9603B6059
:105BB0001346FB71FB681846FEF7D2FC164AFB68D9
:105BC0001A60FB6800225A61FB681C33184601F01A
:105BD0004BFFFB68FA791A76BB681B681B68FA688A
:105BE000117EFA68B868984707F1100007F138038A
:105BF0000CCB396801F056FFFB681C3307F110022B
:105C000011461846FFF7AEFFFB6801225A76FB6883
:105C100018463037BD4680BDECE60308B0B582B00B
:105C200000AF786039607B683A6811461846FEF725
:105C3000A7FC3B681A797B681A717A683B6802F1A5
:105C4000080403F108050FCD0FC495E8030084E8AC
:105C500003007B6818460837BD46B0BD80B58CB0E0
:105C600000AFF860B9603B601346FB71FB681846F3
:105C7000FEF776FC154AFB681A60FB681C33184671
:105C800001F044FFFB68FA791A76BB681B681B6851
:105C9000FA68117EFA68B868984707F1100007F1B2
:105CA00038030CCB396801F04FFFFB681C3307F158
:105CB000100211461846FFF7B1FFFB6801225A7621
:105CC000FB6818463037BD4680BD00BFB8E6030804
:105CD000B0B582B000AF786039607B683A68114631
:105CE0001846FEF74DFC3B681A797B681A717A6892
:105CF0003B6802F1080403F108050FCD0FC495E8D5
:105D0000030084E803007B6818460837BD46B0BD31
:105D100080B58CB000AFF860B9603B601346FB7192
:105D2000FB681846FEF71CFC164AFB681A60FB6805
:105D300000225A61FB681C33184601F039FFFB68EA
:105D4000FA791A76BB681B681B68FA68117EFA68D4
:105D5000B868984707F1100007F138030CCB396891
:105D600001F044FFFB681C3307F11002114618468E
:105D7000FFF7AEFFFB6801225A76FB681846303702
:105D8000BD4680BD84E60308B0B582B000AF786040
:105D900039607B683A6811461846FEF7F1FB3B68AC
:105DA0001A797B681A717A683B6802F1080403F17A
:105DB00008050FCD0FC495E8030084E803007B6855
:105DC00018460837BD46B0BD80B58CB000AFF8604E
:105DD000B9603B601346FB71FB681846FEF7C0FBD9
:105DE000164AFB681A60FB685C33184601F032FF04
:105DF000FB68FA7983F85820BB681B681B68FA684F
:105E000092F85810FA68B868984707F1100007F13F
:105E100038030CCB396801F03BFFFB685C3307F1BA
:105E2000100211461846FFF7AFFFFB68012283F806
:105E30005920FB6818463037BD4680BD50E6030840
:105E4000B0B582B000AF786039607B683A681146BF
:105E50001846FEF795FB3B681A797B681A717A68D9
:105E60003B6802F1080403F108050FCD0FC495E863
:105E7000030084E803007B6818460837BD46B0BDC0
:105E800080B58CB000AFF860B9603B601346FB7121
:105E9000FB681846FEF764FB184AFB681A60FB684B
:105EA00000225A65FB685C33184601F025FFFB6849
:105EB000FA7983F85820BB681B681B68FA6892F867
:105EC0005810FA68B868984707F1100007F13803CE
:105ED0000CCB396801F02EFFFB685C3307F1100230
:105EE00011461846FFF7ACFFFB68012283F85920E2
:105EF000FB6818463037BD4680BD00BF1CE603086E
:105F0000B0B582B000AF786039607B683A681146FE
:105F10001846FEF735FB3B681A797B681A717A6878
:105F20003B6802F1080403F108050FCD0FC495E8A2
:105F3000030084E803007B6818460837BD46B0BDFF
:105F400080B58CB000AFF860B9603B601346FB7160
:105F5000FB681846FEF704FB164AFB681A60FB68EC
:105F600000229A60FB681033184601F017FFFB68A7
:105F7000FA791A73BB681B681B68FA68117BFA68A8
:105F8000B868984707F1100007F138030CCB39685F
:105F900001F022FFFB68103307F11002114618468A
:105FA000FFF7AEFFFB6801225A73FB6818463037D3
:105FB000BD4680BDE8E50308B0B582B000AF7860AB
:105FC00039607B683A6811461846FEF7D9FA3B6893
:105FD0001A797B681A717A683B6802F1080403F148
:105FE00008050FCD0FC495E8030084E803007B6823
:105FF00018460837BD46B0BD80B58CB000AFF8601C
:10600000B9603B601346FB71FB681846FEF7A8FABF
:10601000184AFB681A60FB680022DA65FB68643383
:10602000184601F00DFFFB68FA7983F86020BB6821
:106030001B681B68FA6892F86010FA68B86898479D
:1060400007F1100007F138030CCB396801F016FF97
:10605000FB68643307F1100211461846FFF7ACFFE6
:10606000FB68012283F86120FB6818463037BD4683
:1060700080BD00BFB4E50308B0B582B000AF786062
:1060800039607B683A6811461846FEF779FA3B6832
:106090001A797B681A717A683B6802F1080403F187
:1060A00008050FCD0FC495E8030084E803007B6862
:1060B00018460837BD46B0BD80B58CB000AFF8605B
:1060C000B9603B601346FB71FB681846FEF748FA5F
:1060D000164AFB681A60FB686033184601F002FF3D
:1060E000FB68FA7983F85C20BB681B681B68FA6858
:1060F00092F85C10FA68B868984707F1100007F149
:1061000038030CCB396801F00BFFFB68603307F1F3
:10611000100211461846FFF7AFFFFB68012283F813
:106120005D20FB6818463037BD4680BD80E503081A
:1061300080B58CB000AFF860B9603B601346FB716E
:10614000FB681846FEF70CFA154AFB681A60FB68F4
:106150001033184600F014FDFB68FA791A73BB6817
:106160001B681B68FA68117BFA68B868984707F1E2
:10617000100007F138030CCB396801F005FFFB680C
:10618000103307F1100211461846FEF763FCFB6856
:1061900001225A73FB6818463037BD4680BD00BFE8
:1061A00064EB0308B0B582B000AF786039607B68FB
:1061B0003A6811461846FEF7E3F93B681A797B689E
:1061C0001A717A683B6802F1080403F108050FCDE3
:1061D0000FC495E8030084E803007B68184608377D
:1061E000BD46B0BD80B58CB000AFF860B9603B6013
:1061F0001346FB71FB681846FEF7B2F9164AFB68B6
:106200001A60FB6800225A61FB681C33184601F0D3
:10621000EFFEFB68FA791A76BB681B681B68FA68A0
:10622000117EFA68B868984707F1100007F1380343
:106230000CCB396801F0FAFEFB681C3307F1100241
:1062400011461846FFF7AEFFFB6801225A76FB683D
:1062500018463037BD4680BD4CE50308B0B582B066
:1062600000AF786039607B683A6811461846FEF7DF
:1062700087F93B681A797B681A717A683B6802F182
:10628000080403F108050FCD0FC495E8030084E866
:1062900003007B6818460837BD46B0BD80B58CB09A
:1062A00000AFF860B9603B601346FB71FB681846AD
:1062B000FEF756F9184AFB681A60FB680022DA619B
:1062C000FB682433184601F0E5FEFB68FA7983F891
:1062D0002020BB681B681B68FA6892F82010FA68D7
:1062E000B868984707F1100007F138030CCB3968FC
:1062F00001F0EEFEFB68243307F110021146184648
:10630000FFF7ACFFFB68012283F82120FB681846E9
:106310003037BD4680BD00BF18E5030880B58CB09E
:1063200000AFF860B9603B601346FB71FB6818462C
:10633000FEF716F9154AFB681A60FB680833184621
:10634000F1F7E2FAFB68FA795A71BB681B681B68BF
:10635000FA685179FA68B868984707F1100007F1B0
:1063600038030CCB396801F0E7FEFB68083307F10E
:10637000100211461846FEF70FF9FB6801229A71C8
:10638000FB6818463037BD4680BD00BF38ED0308B6
:10639000B0B582B000AF786039607B683A6811466A
:1063A0001846FEF7EDF83B681A797B681A717A682F
:1063B0003B6802F1080403F108050FCD0FC495E80E
:1063C000030084E803007B6818460837BD46B0BD6B
:1063D00080B58CB000AFF860B9603B601346FB71CC
:1063E000FB681846FEF7BCF8154AFB681A60FB68A4
:1063F0001033184601F0D4FEFB68FA791A73BB68B3
:106400001B681B68FA68117BFA68B868984707F13F
:10641000100007F138030CCB396801F0DFFEFB6890
:10642000103307F1100211461846FFF7B1FFFB6861
:1064300001225A73FB6818463037BD4680BD00BF45
:10644000E4E40308B0B582B000AF786039607B68DF
:106450003A6811461846FEF793F83B681A797B684C
:106460001A717A683B6802F1080403F108050FCD40
:106470000FC495E8030084E803007B6818460837DA
:10648000BD46B0BD80B58CB000AFF860B9603B6070
:106490001346FB71FB681846FEF762F8164AFB6864
:1064A0001A60FB684433184601F0CCFEFB68FA79A9
:1064B00083F84020BB681B681B68FA6892F840109C
:1064C000FA68B868984707F1100007F138030CCB59
:1064D000396801F0D5FEFB68443307F1100211461C
:1064E0001846FFF7AFFFFB68012283F84120FB68E5
:1064F00018463037BD4680BDB0E40308B0B582B061
:1065000000AF786039607B683A6811461846FEF73C
:1065100037F83B681A797B681A717A683B6802F130
:10652000080403F108050FCD0FC495E8030084E8C3
:1065300003007B6818460837BD46B0BD80B58CB0F7
:1065400000AFF860B9603B601346FB71FB6818460A
:10655000FEF706F8154AFB681A60FB681033184608
:1065600001F0C2FEFB68FA791A73BB681B681B68EE
:10657000FA68117BFA68B868984707F1100007F1CC
:1065800038030CCB396801F0CDFEFB68103307F1FE
:10659000100211461846FFF7B1FFFB6801225A733B
:1065A000FB6818463037BD4680BD00BF7CE4030859
:1065B00080B58CB000AFF860B9603B601346FB71EA
:1065C000FB681846FDF7CCFF164AFB681A60FB68AB
:1065D0000022DA60FB681433184601F00FF8FB68FC
:1065E000FA791A74BB681B681B68FA68117CFA6830
:1065F000B868984707F1100007F138030CCB3968E9
:1066000001F0C4FEFB68143307F11002114618466E
:10661000FFF730F8FB6801225A74FB6818463037E0
:10662000BD4680BDF0E70308B0B582B000AF78602A
:1066300039607B683A6811461846FDF7A1FF3B6850
:106640001A797B681A717A683B6802F1080403F1D1
:1066500008050FCD0FC495E8030084E803007B68AC
:1066600018460837BD46B0BD80B58CB000AFF860A5
:10667000B9603B601346FB71FB681846FDF770FF7D
:10668000184AFB681A60FB6800221A66FB686833C8
:10669000184601F0AFFEFB68FA7983F86420BB6806
:1066A0001B681B68FA6892F86410FA68B868984723
:1066B00007F1100007F138030CCB396801F0B8FE80
:1066C000FB68683307F1100211461846FFF7ACFF6C
:1066D000FB68012283F86520FB6818463037BD4609
:1066E00080BD00BF48E40308B0B582B000AF786059
:1066F00039607B683A6811461846FDF741FF3B68F0
:106700001A797B681A717A683B6802F1080403F110
:1067100008050FCD0FC495E8030084E803007B68EB
:1067200018460837BD46B0BD80B58CB000AFF860E4
:10673000B9603B601346FB71FB681846FDF710FF1C
:10674000184AFB681A60FB680022DA61FB68243390
:10675000184601F0A1FEFB68FA7983F82020BB6897
:106760001B681B68FA6892F82010FA68B8689847A6
:1067700007F1100007F138030CCB396801F0AAFECD
:10678000FB68243307F1100211461846FFF7ACFFEF
:10679000FB68012283F82120FB6818463037BD468C
:1067A00080BD00BF14E40308B0B582B000AF7860CC
:1067B00039607B683A6811461846FDF7E1FE3B6890
:1067C0001A797B681A717A683B6802F1080403F150
:1067D00008050FCD0FC495E8030084E803007B682B
:1067E00018460837BD46B0BD80B58CB000AFF86024
:1067F000B9603B601346FB71FB681846FDF7B0FEBD
:10680000184AFB681A60FB6800221A62FB6828338A
:10681000184601F093FEFB68FA7983F82420BB68E0
:106820001B681B68FA6892F82410FA68B8689847E1
:1068300007F1100007F138030CCB396801F09CFE1A
:10684000FB68283307F1100211461846FFF7ACFF2A
:10685000FB68012283F82520FB6818463037BD46C7
:1068600080BD00BFE0E3030880B582B000AF786070
:106870007B681846EFF7B2FD094A7B681A607B68AF
:1068800000221A717B6808330021184601F0A8FE27
:106890007B6800221A717B6818460837BD4680BDA8
:1068A00028ED030880B582B000AF78607B68184699
:1068B000EFF794FD094A7B681A607B6800221A7121
:1068C0007B6808330021184601F098FE7B6800229F
:1068D0001A717B6818460837BD4680BDF4EC030882
:1068E00080B582B000AF78607B681846EFF776FD20
:1068F000094A7B681A607B6800221A717B6808333A
:106900000021184601F088FE7B6800221A717B681E
:1069100018460837BD4680BDC0EC030880B582B07C
:1069200000AF78607B681846EFF758FD094A7B682E
:106930001A607B6800221A717B68083300211846B0
:1069400001F078FE7B6800221A717B6818460837D0
:10695000BD4680BD8CEC030880B582B000AF786086
:106960007B681846EFF73AFD094A7B681A607B6836
:1069700000221A717B6808330021184601F068FE76
:106980007B6800221A717B6818460837BD4680BDB7
:1069900058EC0308B0B58AB000AFF860B96039466A
:1069A00081E80C00FB681846EFF718FD124AFB68F7
:1069B0001A60FB6800221A71FB6808330021184630
:1069C00001F046FE07F110003B460CCBB96801F020
:1069D0004DFEFB6803F1080407F110050FCD0FC44D
:1069E00095E8030084E80300FB6801221A71FB6844
:1069F00018462837BD46B0BD58EC030880B582B0B4
:106A000000AF78607B681846EFF7E8FC094A7B68BE
:106A10001A607B6800221A717B68083300211846CF
:106A200001F037FE7B6800221A717B681846083730
:106A3000BD4680BD24EC0308B0B58AB000AFF86055
:106A4000B960394681E80C00FB681846EFF7C6FCD0
:106A5000124AFB681A60FB6800221A71FB6808334F
:106A60000021184601F015FE07F110003B460CCB43
:106A7000B96801F01CFEFB6803F1080407F110057A
:106A80000FCD0FC495E8030084E80300FB680122E2
:106A90001A71FB6818462837BD46B0BD24EC0308C0
:106AA00080B582B000AF78607B681846EFF796FC3F
:106AB000094A7B681A607B6800221A717B68083378
:106AC0000021184601F006FE7B6800221A717B68DF
:106AD00018460837BD4680BDF0EB0308B0B58AB054
:106AE00000AFF860B960394681E80C00FB681846D1
:106AF000EFF774FC124AFB681A60FB6800221A71F7
:106B0000FB6808330021184601F0E4FD07F110008E
:106B10003B460CCBB96801F0EBFDFB6803F10804C0
:106B200007F110050FCD0FC495E8030084E80300BA
:106B3000FB6801221A71FB6818462837BD46B0BDB4
:106B4000F0EB030880B582B000AF78607B68184630
:106B5000EFF744FC094A7B681A607B6800221A71CF
:106B60007B6808330021184601F0D5FD7B680022C0
:106B70001A717B6818460837BD4680BDBCEB030818
:106B800080B582B000AF78607B681846EFF726FCCE
:106B9000094A7B681A607B6800221A717B68083397
:106BA0000021184601F0C5FD7B6800221A717B6840
:106BB00018460837BD4680BD88EB0308B0B58AB0DB
:106BC00000AFF860B960394681E80C00FB681846F0
:106BD000EFF704FC124AFB681A60FB6800221A7186
:106BE000FB6808330021184601F0A3FD07F11000EF
:106BF0003B460CCBB96801F0AAFDFB6803F1080421
:106C000007F110050FCD0FC495E8030084E80300D9
:106C1000FB6801221A71FB6818462837BD46B0BDD3
:106C200088EB0308B0B58AB000AFF860B9603946A8
:106C300081E80C00FB681846EFF7D0FB124AFB68AE
:106C40001A60FB6800221A71FB680833002118469D
:106C500001F06FFD07F110003B460CCBB96801F065
:106C600089FDFB6803F1080407F110050FCD0FC47F
:106C700095E8030084E80300FB6801221A71FB68B1
:106C800018462837BD46B0BD88EB030880B582B0F2
:106C900000AF78607B681846EFF7A0FB094A7B6875
:106CA0001A607B6800221A717B680833002118463D
:106CB00001F073FD7B6800221A717B681846083763
:106CC000BD4680BD54EB030880B582B000AF78604C
:106CD0007B681846EFF782FB094A7B681A607B687D
:106CE00000221A717B6808330021184601F063FD09
:106CF0007B6800221A717B6818460837BD4680BD44
:106D000020EB0308B0B58AB000AFF860B96039462F
:106D100081E80C00FB681846EFF760FB124AFB683D
:106D20001A60FB6800221A71FB68083300211846BC
:106D300001F041FD07F110003B460CCBB96801F0B2
:106D400048FDFB6803F1080407F110050FCD0FC4DF
:106D500095E8030084E80300FB6801221A71FB68D0
:106D600018462837BD46B0BD20EB030880B582B079
:106D700000AF78607B681846EFF730FB094A7B6804
:106D80001A607B6800221A717B680833002118465C
:106D900001F032FD7B6800221A717B6818460837C3
:106DA000BD4680BDECEA0308B0B58AB000AFF8601C
:106DB000B960394681E80C00FB681846EFF70EFB16
:106DC000124AFB681A60FB6800221A71FB680833DC
:106DD0000021184601F010FD07F110003B460CCBD6
:106DE000B96801F017FDFB6803F1080407F110050D
:106DF0000FCD0FC495E8030084E80300FB6801226F
:106E00001A71FB6818462837BD46B0BDECEA030886
:106E100080B582B000AF78607B681846EFF7DEFA85
:106E2000094A7B681A607B6800221A717B68083304
:106E30000021184601F001FD7B6800221A717B6871
:106E400018460837BD4680BDB8EA0308B0B58AB019
:106E500000AFF860B960394681E80C00FB6818465D
:106E6000EFF7BCFA124AFB681A60FB6800221A713D
:106E7000FB6808330021184601F0DFFC07F1100021
:106E80003B460CCBB96801F0E6FCFB6803F1080453
:106E900007F110050FCD0FC495E8030084E8030047
:106EA000FB6801221A71FB6818462837BD46B0BD41
:106EB000B8EA030880B582B000AF78607B681846F6
:106EC000EFF78CFA094A7B681A607B6800221A7116
:106ED0007B6808330021184601F0D0FC7B68002253
:106EE0001A717B6818460837BD4680BD84EA0308DE
:106EF000B0B58AB000AFF860B960394681E80C00DF
:106F0000FB681846EFF76AFA124AFB681A60FB68DA
:106F100000221A71FB6808330021184601F0AEFC0C
:106F200007F110003B460CCBB96801F0B5FCFB68DB
:106F300003F1080407F110050FCD0FC495E8030015
:106F400084E80300FB6801221A71FB6818462837A1
:106F5000BD46B0BD84EA030880B582B000AF78605A
:106F60007B681846EFF73AFA094A7B681A607B6833
:106F700000221A717B6808330021184601F09FFC3B
:106F80007B6800221A717B6818460837BD4680BDB1
:106F900050EA0308B0B58AB000AFF860B96039466E
:106FA00081E80C00FB681846EFF718FA124AFB68F4
:106FB0001A60FB6800221A71FB680833002118462A
:106FC00001F07DFC07F110003B460CCBB96801F0E5
:106FD00084FCFB6803F1080407F110050FCD0FC412
:106FE00095E8030084E80300FB6801221A71FB683E
:106FF00018462837BD46B0BD50EA030880B582B0B8
:1070000000AF78607B681846EFF7E8F9094A7B68BB
:107010001A607B6800221A717B68083300211846C9
:1070200001F06EFC7B6800221A717B6818460837F5
:10703000BD4680BD1CEA030880B582B000AF786011
:107040007B681846EFF7CAF9094A7B681A607B68C3
:1070500000221A717B6808330021184601F05EFC9B
:107060007B6800221A717B6818460837BD4680BDD0
:10707000E8E90308B0B58AB000AFF860B9603946F6
:1070800081E80C00FB681846EFF7A8F9124AFB6884
:107090001A60FB6800221A71FB6808330021184649
:1070A00001F03CFC07F110003B460CCBB96801F045
:1070B00043FCFB6803F1080407F110050FCD0FC472
:1070C00095E8030084E80300FB6801221A71FB685D
:1070D00018462837BD46B0BDE8E9030880B582B040
:1070E00000AF78607B681846EFF778F9094A7B684B
:1070F0001A607B6800221A717B68083300211846E9
:1071000001F02DFC7B6800221A717B681846083755
:10711000BD4680BDB4E90308B0B58AB000AFF860E1
:10712000B960394681E80C00FB681846EFF756F95C
:10713000124AFB681A60FB6800221A71FB68083368
:107140000021184601F00BFC07F110003B460CCB68
:10715000B96801F012FCFB6803F1080407F110059F
:107160000FCD0FC495E8030084E80300FB680122FB
:107170001A71FB6818462837BD46B0BDB4E903084C
:1071800080B582B000AF78607B681846EFF726F9CB
:10719000094A7B681A607B6800221A717B68083391
:1071A0000021184601F0FCFB7B6800221A717B6805
:1071B00018460837BD4680BD80E90308B0B58AB0DF
:1071C00000AFF860B960394681E80C00FB681846EA
:1071D000EFF704F9124AFB681A60FB6800221A7183
:1071E000FB6808330021184601F0DAFB07F11000B4
:1071F0003B460CCBB96801F0E1FBFB6803F10804E6
:1072000007F110050FCD0FC495E8030084E80300D3
:10721000FB6801221A71FB6818462837BD46B0BDCD
:1072200080E9030880B582B000AF78607B681846BB
:10723000EFF7D4F8094A7B681A607B6800221A715C
:107240007B6808330021184601F0CBFB7B680022E5
:107250001A717B6818460837BD4680BD4CE90308A3
:10726000B0B58AB000AFF860B960394681E80C006B
:10727000FB681846EFF7B2F8124AFB681A60FB6821
:1072800000221A71FB6808330021184601F0A9FB9F
:1072900007F110003B460CCBB96801F0B0FBFB686E
:1072A00003F1080407F110050FCD0FC495E80300A2
:1072B00084E80300FB6801221A71FB68184628372E
:1072C000BD46B0BD4CE9030880B582B000AF786020
:1072D0007B681846EFF782F8094A7B681A607B687A
:1072E00000221A717B6808330021184601F09AFBCE
:1072F0007B6800221A717B6818460837BD4680BD3E
:1073000018E90308B0B58AB000AFF860B960394633
:1073100081E80C00FB681846EFF760F8124AFB683A
:107320001A60FB6800221A71FB68083300211846B6
:1073300001F078FB07F110003B460CCBB96801F077
:107340007FFBFB6803F1080407F110050FCD0FC4A4
:1073500095E8030084E80300FB6801221A71FB68CA
:1073600018462837BD46B0BD18E9030880B582B07D
:1073700000AF78607B681846EFF730F8094A7B6801
:107380001A607B6800221A717B6808330021184656
:1073900001F069FB7B6800221A717B681846083788
:1073A000BD4680BDE4E80308B0B58AB000AFF86020
:1073B000B960394681E80C00FB681846EFF70EF813
:1073C000124AFB681A60FB6800221A71FB680833D6
:1073D0000021184601F047FB07F110003B460CCB9B
:1073E000B96801F04EFBFB6803F1080407F11005D2
:1073F0000FCD0FC495E8030084E80300FB68012269
:107400001A71FB6818462837BD46B0BDE4E803088A
:1074100080B582B000AF78607B681846EEF7DEFF7B
:10742000094A7B681A607B6800221A717B680833FE
:107430000021184601F038FB7B6800221A717B6836
:1074400018460837BD4680BDB0E80308B0B58AB01D
:1074500000AFF860B960394681E80C00FB68184657
:10746000EEF7BCFF124AFB681A60FB6800221A7133
:10747000FB6808330021184601F016FB07F11000E5
:107480003B460CCBB96801F01DFBFB6803F1080417
:1074900007F110050FCD0FC495E8030084E8030041
:1074A000FB6801221A71FB6818462837BD46B0BD3B
:1074B000B0E8030880B582B000AF78607B681846FA
:1074C000EEF78CFF094A7B681A607B6800221A710C
:1074D0007B6808330021184601F007FB7B68002217
:1074E0001A717B6818460837BD4680BD7CE80308E2
:1074F000B0B58AB000AFF860B960394681E80C00D9
:10750000FB681846EEF76AFF124AFB681A60FB68D0
:1075100000221A71FB6808330021184601F0E5FAD1
:1075200007F110003B460CCBB96801F0ECFAFB68A0
:1075300003F1080407F110050FCD0FC495E803000F
:1075400084E80300FB6801221A71FB68184628379B
:10755000BD46B0BD7CE8030880B582B000AF78605E
:107560007B681846EEF73AFF094A7B681A607B6829
:1075700000221A717B6808330021184601F0D6FA00
:107580007B6800221A717B6818460837BD4680BDAB
:1075900048E80308B0B58AB000AFF860B960394672
:1075A00081E80C00FB681846EEF718FF124AFB68EA
:1075B0001A60FB6800221A71FB6808330021184624
:1075C00001F0B4FA07F110003B460CCBB96801F0AA
:1075D000BBFAFB6803F1080407F110050FCD0FC4D7
:1075E00095E8030084E80300FB6801221A71FB6838
:1075F00018462837BD46B0BD48E8030880B582B0BC
:1076000000AF78607B681846EEF7E8FE094A7B68B1
:107610001A607B6800221A717B68083300211846C3
:1076200001F0A5FA7B6800221A717B6818460837BA
:10763000BD4680BD14E80308B0B58AB000AFF8605D
:10764000B960394681E80C00FB681846EEF7C6FEC3
:10765000124AFB681A60FB6800221A71FB68083343
:107660000021184601F083FA07F110003B460CCBCD
:10767000B96801F08AFAFB6803F1080407F1100504
:107680000FCD0FC495E8030084E80300FB680122D6
:107690001A71FB6818462837BD46B0BD14E80308C8
:1076A000B0B58AB000AFF860B960394681E80C0027
:1076B000FB681846EEF792FE124AFB681A60FB68F8
:1076C00000221A71FB68083300211846EFF72CFCE2
:1076D00007F110003B460CCBB96801F069FAFB6872
:1076E00003F1080407F110050FCD0FC495E803005E
:1076F00084E80300FB6801221A71FB6818462837EA
:10770000BD46B0BD9CE10308B0B58AB000AFF860DB
:10771000B960394681E80C00FB681846EEF75EFE5A
:10772000124AFB681A60FB6800221A71FB68083372
:107730000021184601F076F907F110003B460CCB0A
:10774000B96801F048FAFB6803F1080407F1100575
:107750000FCD0FC495E8030084E80300FB68012205
:107760001A71FB6818462837BD46B0BD18E90308F2
:1077700080B582B000AF78607B681846EEF72EFEC9
:10778000094A7B681A607B6800221A717B6808339B
:107790000021184601F032FA7B6800221A717B68DA
:1077A00018460837BD4680BDE0E70308B0B58AB08B
:1077B00000AFF860B960394681E80C00FB681846F4
:1077C000EEF70CFE124AFB681A60FB6800221A7181
:1077D000FB6808330021184601F010FA07F1100089
:1077E0003B460CCBB96801F017FAFB6803F10804BB
:1077F00007F110050FCD0FC495E8030084E80300DE
:10780000FB6801221A71FB6818462837BD46B0BDD7
:10781000E0E70308B0B58AB000AFF860B960394658
:1078200081E80C00FB681846EEF7D8FD124AFB68A9
:107830001A60FB6800221A71FB68083300211846A1
:10784000EFF772FB07F110003B460CCBB96801F073
:10785000F6F9FB6803F1080407F110050FCD0FC41A
:1078600095E8030084E80300FB6801221A71FB68B5
:1078700018462837BD46B0BD9CE1030880B582B0EC
:1078800000AF78607B681846EEF7A8FD094A7B6870
:107890001A607B6800221A717B6808330021184641
:1078A00001F0E0F97B6800221A717B6818460837FE
:1078B000BD4680BDACE70308B0B58AB000AFF86044
:1078C000B960394681E80C00FB681846EEF786FD82
:1078D000124AFB681A60FB6800221A71FB680833C1
:1078E0000021184601F0BEF907F110003B460CCB11
:1078F000B96801F0C5F9FB6803F1080407F1100548
:107900000FCD0FC495E8030084E80300FB68012253
:107910001A71FB6818462837BD46B0BDACE70308AE
:1079200080B582B000AF78607B681846EEF756FDF0
:10793000094A7B681A607B6800221A717B680833E9
:107940000021184601F0AFF97B6800221A717B68AC
:1079500018460837BD4680BD78E70308B0B58AB041
:1079600000AFF860B960394681E80C00FB68184642
:10797000EEF734FD124AFB681A60FB6800221A71A8
:10798000FB6808330021184601F08DF907F110005B
:107990003B460CCBB96801F094F9FB6803F108048D
:1079A00007F110050FCD0FC495E8030084E803002C
:1079B000FB6801221A71FB6818462837BD46B0BD26
:1079C00078E7030880B582B000AF78607B6818461E
:1079D000EEF704FD094A7B681A607B6800221A7181
:1079E0007B6808330021184601F07EF97B6800228D
:1079F0001A717B6818460837BD4680BD44E7030806
:107A0000B0B58AB000AFF860B960394681E80C00C3
:107A1000FB681846EEF7E2FC124AFB681A60FB6846
:107A200000221A71FB6808330021184601F05CF946
:107A300007F110003B460CCBB96801F063F9FB6815
:107A400003F1080407F110050FCD0FC495E80300FA
:107A500084E80300FB6801221A71FB681846283786
:107A6000BD46B0BD44E7030880B582B000AF786082
:107A70007B681846EEF7B2FC094A7B681A607B689F
:107A800000221A717B6808330021184601F04DF975
:107A90007B6800221A717B6818460837BD4680BD96
:107AA00010E70308B0B58AB000AFF860B960394696
:107AB00081E80C00FB681846EEF790FC124AFB6860
:107AC0001A60FB6800221A71FB680833002118460F
:107AD00001F02BF907F110003B460CCBB96801F01F
:107AE00032F9FB6803F1080407F110050FCD0FC44C
:107AF00095E8030084E80300FB6801221A71FB6823
:107B000018462837BD46B0BD10E7030880B582B0DF
:107B100000AF78607B681846EEF760FC094A7B6826
:107B20001A607B6800221A717B68083300211846AE
:107B300001F01CF97B6800221A717B68184608372F
:107B4000BD4680BDDCE60308B0B58AB000AFF86082
:107B5000B960394681E80C00FB681846EEF73EFC38
:107B6000124AFB681A60FB6800221A71FB6808332E
:107B70000021184601F0FAF807F110003B460CCB43
:107B8000B96801F001F9FB6803F1080407F1100579
:107B90000FCD0FC495E8030084E80300FB680122C1
:107BA0001A71FB6818462837BD46B0BDDCE60308ED
:107BB00080B582B000AF78607B681846EEF70EFCA7
:107BC000094A7B681A607B6800221A717B68083357
:107BD0000021184601F0EBF87B6800221A717B68DF
:107BE00018460837BD4680BDA8E60308B0B58AB080
:107BF00000AFF860B960394681E80C00FB681846B0
:107C0000EEF7ECFB124AFB681A60FB6800221A715F
:107C1000FB6808330021184601F0C9F807F110008D
:107C20003B460CCBB96801F0D0F8FB6803F10804BF
:107C300007F110050FCD0FC495E8030084E8030099
:107C4000FB6801221A71FB6818462837BD46B0BD93
:107C5000A8E6030880B582B000AF78607B6818465C
:107C6000EEF7BCFB094A7B681A607B6800221A7138
:107C70007B6808330021184601F0BAF87B680022BF
:107C80001A717B6818460837BD4680BD74E6030844
:107C9000B0B58AB000AFF860B960394681E80C0031
:107CA000FB681846EEF79AFB124AFB681A60FB68FD
:107CB00000221A71FB6808330021184601F098F879
:107CC00007F110003B460CCBB96801F09FF8FB6848
:107CD00003F1080407F110050FCD0FC495E8030068
:107CE00084E80300FB6801221A71FB6818462837F4
:107CF000BD46B0BD74E6030880B582B000AF7860C1
:107D00007B681846EEF76AFB094A7B681A607B6855
:107D100000221A717B6808330021184601F089F8A7
:107D20007B6800221A717B6818460837BD4680BD03
:107D300040E60308B0B58AB000AFF860B9603946D4
:107D400081E80C00FB681846EEF748FB124AFB6816
:107D50001A60FB6800221A71FB680833002118467C
:107D600001F067F807F110003B460CCBB96801F051
:107D70006EF8FB6803F1080407F110050FCD0FC47E
:107D800095E8030084E80300FB6801221A71FB6890
:107D900018462837BD46B0BD40E6030880B582B01E
:107DA00000AF78607B681846EEF718FB094A7B68DD
:107DB0001A607B6800221A717B680833002118461C
:107DC00001F058F87B6800221A717B681846083762
:107DD000BD4680BD0CE60308B0B58AB000AFF860C0
:107DE000B960394681E80C00FB681846EEF7F6FAF0
:107DF000124AFB681A60FB6800221A71FB6808339C
:107E00000021184601F036F807F110003B460CCB74
:107E1000B96801F03DF8FB6803F1080407F11005AB
:107E20000FCD0FC495E8030084E80300FB6801222E
:107E30001A71FB6818462837BD46B0BD0CE603082A
:107E400080B582B000AF78607B681846EEF7C6FA5E
:107E5000094A7B681A607B6800221A717B680833C4
:107E60000021184601F027F87B6800221A717B6810
:107E700018460837BD4680BDD8E50308B0B58AB0BE
:107E800000AFF860B960394681E80C00FB6818461D
:107E9000EEF7A4FA124AFB681A60FB6800221A7116
:107EA000FB6808330021184601F005F807F11000BF
:107EB0003B460CCBB96801F00CF8FB6803F10804F1
:107EC00007F110050FCD0FC495E8030084E8030007
:107ED000FB6801221A71FB6818462837BD46B0BD01
:107EE000D8E5030880B582B000AF78607B6818469B
:107EF000EEF774FA094A7B681A607B6800221A71EF
:107F00007B6808330021184600F0F6FF7B680022EA
:107F10001A717B6818460837BD4680BDA4E5030882
:107F2000B0B58AB000AFF860B960394681E80C009E
:107F3000FB681846EEF752FA124AFB681A60FB68B3
:107F400000221A71FB6808330021184600F0D4FFA4
:107F500007F110003B460CCBB96800F0DBFFFB6873
:107F600003F1080407F110050FCD0FC495E80300D5
:107F700084E80300FB6801221A71FB681846283761
:107F8000BD46B0BDA4E50308B0B58AB000AFF86047
:107F9000B960394681E80C00FB681846EEF71EFA16
:107FA000124AFB681A60FB6800221A71FB680833EA
:107FB0000021184600F0BDFB07F110003B460CCB3A
:107FC000B96800F0BAFFFB6803F1080407F1100577
:107FD0000FCD0FC495E8030084E80300FB6801227D
:107FE0001A71FB6818462837BD46B0BD88EB0308F8
:107FF00080B582B000AF78607B681846EEF7EEF986
:10800000094A7B681A607B6800221A717B68083312
:108010000021184600F0A4FF7B6800221A717B68DB
:1080200018460837BD4680BD70E50308B0B58AB074
:1080300000AFF860B960394681E80C00FB6818466B
:10804000EEF7CCF9124AFB681A60FB6800221A713D
:10805000FB6808330021184600F082FF07F110008A
:108060003B460CCBB96800F089FFFB6803F10804BC
:1080700007F110050FCD0FC495E8030084E8030055
:10808000FB6801221A71FB6818462837BD46B0BD4F
:1080900070E5030880B582B000AF78607B68184651
:1080A000EEF79CF9094A7B681A607B6800221A7116
:1080B0007B6808330021184600F073FF7B680022BC
:1080C0001A717B6818460837BD4680BD3CE5030839
:1080D000B0B58AB000AFF860B960394681E80C00ED
:1080E000FB681846EEF77AF9124AFB681A60FB68DB
:1080F00000221A71FB6808330021184600F051FF76
:1081000007F110003B460CCBB96800F058FFFB6844
:1081100003F1080407F110050FCD0FC495E8030023
:1081200084E80300FB6801221A71FB6818462837AF
:10813000BD46B0BD3CE50308B0B58AB000AFF860FD
:10814000B960394681E80C00FB681846EEF746F93D
:10815000124AFB681A60FB6800221A71FB68083338
:1081600000211846EEF7E0FE07F110003B460CCB6D
:10817000B968F3F7D6FCFB6803F1080407F11005B2
:108180000FCD0FC495E8030084E80300FB680122CB
:108190001A71FB6818462837BD46B0BD9CE103083C
:1081A00080B582B000AF78607B681846EEF716F9AC
:1081B000094A7B681A607B6800221A717B68083361
:1081C0000021184600F00EFF7B6800221A717B68C0
:1081D00018460837BD4680BD08E50308B0B58AB02B
:1081E00000AFF860B960394681E80C00FB681846BA
:1081F000EEF7F4F8124AFB681A60FB6800221A7165
:10820000FB6808330021184600F0ECFE07F110006F
:108210003B460CCBB96800F0F3FEFB6803F10804A1
:1082200007F110050FCD0FC495E8030084E80300A3
:10823000FB6801221A71FB6818462837BD46B0BD9D
:1082400008E5030880B582B000AF78607B68184607
:10825000EEF7C4F8094A7B681A607B6800221A713D
:108260007B6808330021184600F0DDFE7B680022A1
:108270001A717B6818460837BD4680BDD4E40308F0
:10828000B0B58AB000AFF860B960394681E80C003B
:10829000FB681846EEF7A2F8124AFB681A60FB6802
:1082A00000221A71FB6808330021184600F0BBFE5B
:1082B00007F110003B460CCBB96800F0C2FEFB682A
:1082C00003F1080407F110050FCD0FC495E8030072
:1082D00084E80300FB6801221A71FB6818462837FE
:1082E000BD46B0BDD4E4030880B582B000AF78606D
:1082F0007B681846EEF772F8094A7B681A607B685B
:1083000000221A717B6808330021184600F0ACFE89
:108310007B6800221A717B6818460837BD4680BD0D
:10832000A0E40308B0B58AB000AFF860B960394680
:1083300081E80C00FB681846EEF750F8124AFB681B
:108340001A60FB6800221A71FB6808330021184686
:1083500000F08AFE07F110003B460CCBB96800F034
:1083600091FEFB6803F1080407F110050FCD0FC45F
:1083700095E8030084E80300FB6801221A71FB689A
:1083800018462837BD46B0BDA0E40308B0B58AB092
:1083900000AFF860B960394681E80C00FB68184608
:1083A000EEF71CF8124AFB681A60FB6800221A718B
:1083B000FB6808330021184600F0D9FB07F11000D4
:1083C0003B460CCBB96800F070FEFB6803F1080473
:1083D00007F110050FCD0FC495E8030084E80300F2
:1083E000FB6801221A71FB6818462837BD46B0BDEC
:1083F00014E8030880B582B000AF78607B68184647
:10840000EDF7ECFF094A7B681A607B6800221A715D
:108410007B6808330021184600F05AFE7B68002272
:108420001A717B6818460837BD4680BD6CE40308A6
:10843000B0B58AB000AFF860B960394681E80C0089
:10844000FB681846EDF7CAFF124AFB681A60FB6822
:1084500000221A71FB6808330021184600F038FE2C
:1084600007F110003B460CCBB96800F03FFEFB68FB
:1084700003F1080407F110050FCD0FC495E80300C0
:1084800084E80300FB6801221A71FB68184628374C
:10849000BD46B0BD6CE4030880B582B000AF786023
:1084A0007B681846EDF79AFF094A7B681A607B687B
:1084B00000221A717B6808330021184600F029FE5B
:1084C0007B6800221A717B6818460837BD4680BD5C
:1084D00038E40308B0B58AB000AFF860B960394637
:1084E00081E80C00FB681846EDF778FF124AFB683C
:1084F0001A60FB6800221A71FB68083300211846D5
:1085000000F007FE07F110003B460CCBB96800F005
:108510000EFEFB6803F1080407F110050FCD0FC430
:1085200095E8030084E80300FB6801221A71FB68E8
:1085300018462837BD46B0BD38E4030880B582B080
:1085400000AF78607B681846EDF748FF094A7B6802
:108550001A607B6800221A717B6808330021184674
:1085600000F0F8FD7B6800221A717B681846083716
:10857000BD4680BD04E40308B0B58AB000AFF86022
:10858000B960394681E80C00FB681846EDF726FF14
:10859000124AFB681A60FB6800221A71FB680833F4
:1085A0000021184600F0D6FD07F110003B460CCB29
:1085B000B96800F0DDFDFB6803F1080407F1100560
:1085C0000FCD0FC495E8030084E80300FB68012287
:1085D0001A71FB6818462837BD46B0BD04E403088D
:1085E00080B582B000AF786039603968786800F093
:1085F000D2FD7B6818460837BD4680BD80B582B085
:1086000000AF786039603968786800F0D5FD7B6824
:1086100018460837BD4680BD80B582B000AF78608F
:1086200039603968786800F0D8FD7B6818460837EB
:10863000BD4680BD80B582B000AF786039603968D2
:10864000786800F0DBFD7B6818460837BD4680BDC2
:1086500080B582B000AF786039603968786800F022
:10866000DEFD7B6818460837BD4680BD80B584B006
:1086700000AFF860B960394681E80C003B460CCB8E
:10868000B968F86800F0DCFDFB6818461037BD4695
:1086900080BD80B582B000AF786039603968786895
:1086A00000F0ECFD7B6818460837BD4680BD80B5FC
:1086B00084B000AFF860B960394681E80C003B46F1
:1086C0000CCBB968F86800F0EBFDFB681846103772
:1086D000BD4680BD80B582B000AF78603960396832
:1086E000786800F0FBFD7B6818460837BD4680BD02
:1086F00080B584B000AFF860B960394681E80C00FD
:108700003B460CCBB968F86800F0FAFDFB681846E8
:108710001037BD4680BD80B582B000AF786039604B
:108720003968786800F00AFE7B6818460837BD464D
:1087300080BD80B582B000AF7860396039687868F4
:1087400000F00DFE7B6818460837BD4680BD80B539
:1087500084B000AFF860B960394681E80C003B4650
:108760000CCBB968F86800F00BFEFB6818461037B0
:10877000BD4680BD80B584B000AFF860B9603946B1
:1087800081E80C003B460CCBB968F86800F016FE97
:10879000FB6818461037BD4680BD80B582B000AF7B
:1087A000786039603968786800F026FE7B68184682
:1087B0000837BD4680BD80B582B000AF78603960B3
:1087C0003968786800F029FE7B6818460837BD468E
:1087D00080BD80B584B000AFF860B960394681E8EB
:1087E0000C003B460CCBB968F86800F027FEFB682C
:1087F00018461037BD4680BD80B582B000AF7860A6
:1088000039603968786800F037FE7B6818460837A9
:10881000BD4680BD80B584B000AFF860B960394610
:1088200081E80C003B460CCBB968F86800F036FED6
:10883000FB6818461037BD4680BD80B582B000AFDA
:10884000786039603968786800F046FE7B681846C1
:108850000837BD4680BD80B584B000AFF860B96010
:10886000394681E80C003B460CCBB968F86800F04B
:1088700045FEFB6818461037BD4680BD80B582B006
:1088800000AF786039603968786800F055FE7B6821
:1088900018460837BD4680BD80B584B000AFF8608B
:1088A000B960394681E80C003B460CCBB968F868E2
:1088B00000F054FEFB6818461037BD4680BD80B5F9
:1088C00082B000AF786039603968786800F064FE83
:1088D0007B6818460837BD4680BD80B584B000AFC0
:1088E000F860B960394681E80C003B460CCBB968AA
:1088F000F86800F063FEFB6818461037BD4680BD7F
:1089000080B582B000AF786039603968786800F06F
:1089100073FE7B6818460837BD4680BD80B582B0BF
:1089200000AF786039603968786800F076FE7B685F
:1089300018460837BD4680BD80B584B000AFF860EA
:10894000B960394681E80C003B460CCBB968F86841
:1089500000F074FEFB6818461037BD4680BD80B538
:1089600082B000AF786039603968786800F084FEC2
:108970007B6818460837BD4680BD80B584B000AF1F
:10898000F860B960394681E80C003B460CCBB96809
:10899000F86800F083FEFB6818461037BD4680BDBE
:1089A00080B582B000AF786039603968786800F0CF
:1089B00093FE7B6818460837BD4680BD80B584B0FD
:1089C00000AFF860B960394681E80C003B460CCB3B
:1089D000B968F86800F092FEFB6818461037BD468B
:1089E00080BD80B582B000AF786039603968786842
:1089F00000F0A2FE7B6818460837BD4680BD80B5F2
:108A000084B000AFF860B960394681E80C003B469D
:108A10000CCBB968F86800F0A1FEFB681846103767
:108A2000BD4680BD80B582B000AF786039603968DE
:108A3000786800F0B1FE7B6818460837BD4680BDF7
:108A400080B584B000AFF860B960394681E80C00A9
:108A50003B460CCBB968F86800F0B0FEFB681846DE
:108A60001037BD4680BD80B582B000AF78603960F8
:108A70003968786800F0C0FE7B6818460837BD4644
:108A800080BD80B584B000AFF860B960394681E838
:108A90000C003B460CCBB968F86800F0BFFEFB68E1
:108AA00018461037BD4680BD80B582B000AF7860F3
:108AB00039603968786800F0CFFE7B68184608375F
:108AC000BD4680BD80B584B000AFF860B96039465E
:108AD00081E80C003B460CCBB968F86800F0CEFE8C
:108AE000FB6818461037BD4680BD80B582B000AF28
:108AF000786039603968786800F0DEFE7B68184677
:108B00000837BD4680BD80B584B000AFF860B9605D
:108B1000394681E80C003B460CCBB968F86800F098
:108B2000DDFEFB6818461037BD4680BD80B582B0BB
:108B300000AF786039603968786800F0EDFE7B68D6
:108B400018460837BD4680BD80B584B000AFF860D8
:108B5000B960394681E80C003B460CCBB968F8682F
:108B600000F0ECFEFB6818461037BD4680BD80B5AE
:108B700082B000AF786039603968786800F0FCFE38
:108B80007B6818460837BD4680BD80B584B000AF0D
:108B9000F860B960394681E80C003B460CCBB968F7
:108BA000F86800F0FBFEFB6818461037BD4680BD34
:108BB00080B584B000AFF860B960394681E80C0038
:108BC0003B460CCBB968F86800F006FFFB68184616
:108BD0001037BD4680BD80B584B000AFF860B96085
:108BE000394681E80C003B460CCBB968F86800F0C8
:108BF00011FFFB6818461037BD4680BD80B582B0B6
:108C000000AF786039603968786800F021FF7B68D0
:108C100018460837BD4680BD80B584B000AFF86007
:108C2000B960394681E80C003B460CCBB968F8685E
:108C300000F020FFFB6818461037BD4680BD80B5A8
:108C400084B000AFF860B960394681E80C003B465B
:108C50000CCBB968F86800F02BFFFB68184610379A
:108C6000BD4680BD80B582B000AF7860396039689C
:108C7000786800F03BFF7B6818460837BD4680BD2A
:108C800080B584B000AFF860B960394681E80C0067
:108C90003B460CCBB968F86800F03AFFFB68184611
:108CA0001037BD4680BD80B582B000AF78603960B6
:108CB0003968786800F04AFF7B6818460837BD4677
:108CC00080BD80B584B000AFF860B960394681E8F6
:108CD0000C003B460CCBB968F86800F049FFFB6814
:108CE00018461037BD4680BD80B582B000AF7860B1
:108CF00039603968786800F059FF7B681846083792
:108D0000BD4680BD80B584B000AFF860B96039461B
:108D100081E80C003B460CCBB968F86800F058FFBE
:108D2000FB6818461037BD4680BD80B582B000AFE5
:108D3000786039603968786800F068FF7B681846A9
:108D40000837BD4680BD80B584B000AFF860B9601B
:108D5000394681E80C003B460CCBB968F86800F056
:108D600067FFFB6818461037BD4680BD80B582B0EE
:108D700000AF786039603968786800F077FF7B6809
:108D800018460837BD4680BD80B584B000AFF86096
:108D9000B960394681E80C003B460CCBB968F868ED
:108DA00000F076FFFB6818461037BD4680BD80B5E1
:108DB00082B000AF786039603968786800F086FF6B
:108DC0007B6818460837BD4680BD80B584B000AFCB
:108DD000F860B960394681E80C003B460CCBB968B5
:108DE000F86800F085FFFB6818461037BD4680BD67
:108DF00080B582B000AF786039603968786800F07B
:108E000095FF7B6818460837BD4680BD80B584B0A5
:108E100000AFF860B960394681E80C003B460CCBE6
:108E2000B968F86800F094FFFB6818461037BD4633
:108E300080BD80B582B000AF7860396039687868ED
:108E400000F0A4FF7B6818460837BD4680BD80B59A
:108E500084B000AFF860B960394681E80C003B4649
:108E60000CCBB968F86800F0A3FFFB681846103710
:108E7000BD4680BD80B582B000AF7860396039688A
:108E8000786800F0B3FF7B6818460837BD4680BDA0
:108E900080B584B000AFF860B960394681E80C0055
:108EA0003B460CCBB968F86800F0B2FFFB68184687
:108EB0001037BD4680BD80B582B000AF78603960A4
:108EC0003968786800F0C2FF7B6818460837BD46ED
:108ED00080BD80B584B000AFF860B960394681E8E4
:108EE0000C003B460CCBB968F86800F0C1FFFB688A
:108EF00018461037BD4680BD80B582B000AF78609F
:108F000039603968786800F0D1FF7B681846083707
:108F1000BD4680BD80B584B000AFF860B960394609
:108F200081E80C003B460CCBB968F86800F0D0FF34
:108F3000FB6818461037BD4680BD80B584B000AFD1
:108F4000F860B960394681E80C003B460CCBB96843
:108F5000F86800F0DBFFFB6818461037BD4680BD9F
:108F600080B582B000AF786039603968786800F009
:108F7000EBFF7B6818460837BD4680BD80B584B0DE
:108F800000AFF860B960394681E80C003B460CCB75
:108F9000B968F86800F0EAFFFB6818461037BD466C
:108FA00080BD80B582B000AF78603960396878687C
:108FB00000F0FAFF7B6818460837BD4680BD80B5D3
:108FC00084B000AFF860B960394681E80C003B46D8
:108FD0000CCBB968F86800F0F9FFFB681846103749
:108FE000BD4680BD80B582B000AF78603960396819
:108FF000786801F009F87B6818460837BD4680BDDF
:1090000080B584B000AFF860B960394681E80C00E3
:109010003B460CCBB968F86801F008F8FB681846C5
:109020001037BD4680BD80B582B000AF7860396032
:109030003968786801F018F87B6818460837BD462B
:1090400080BD80B584B000AFF860B960394681E872
:109050000C003B460CCBB968F86801F017F8FB68C8
:1090600018461037BD4680BD80B582B000AF78602D
:1090700039603968786801F027F87B681846083746
:10908000BD4680BD80B584B000AFF860B960394698
:1090900081E80C003B460CCBB968F86801F026F873
:1090A000FB6818461037BD4680BD80B584B000AF60
:1090B000F860B960394681E80C003B460CCBB968D2
:1090C000F86801F031F8FB6818461037BD4680BDDE
:1090D00080B582B000AF786039603968786801F097
:1090E00041F87B6818460837BD4680BD80B584B01E
:1090F00000AFF860B960394681E80C003B460CCB04
:10910000B968F86801F040F8FB6818461037BD46AA
:1091100080BD80B582B000AF78603960396878680A
:1091200001F050F87B6818460837BD4680BD80B511
:1091300084B000AFF860B960394681E80C003B4666
:109140000CCBB968F86801F04FF8FB681846103787
:10915000BD4680BD80B582B000AF786039603968A7
:10916000786801F05FF87B6818460837BD4680BD17
:1091700080B584B000AFF860B960394681E80C0072
:109180003B460CCBB968F86801F05EF8FB681846FE
:109190001037BD4680BD80B483B000AF78603960C1
:1091A0007B683A681A607B6800225A6100BF0C37FE
:1091B000BD465DF8047B704780B483B000AF786033
:1091C00039607B683A681A607B6800225A6100BF88
:1091D0000C37BD465DF8047B704780B483B000AFA8
:1091E000786039607B683A681A607B6800225A614F
:1091F00000BF0C37BD465DF8047B704780B483B078
:1092000000AF786039607B683A681A607B6800223A
:109210005A6100BF0C37BD465DF8047B704780B4CF
:1092200083B000AF786039607B683A681A607B6809
:1092300000225A6100BF0C37BD465DF8047B7047C1
:1092400080B485B000AFF860B960394681E80C00A1
:10925000FB68BA681A60FB6804331A463B4693E819
:10926000030082E80300FB68034A5A6100BF143719
:10927000BD465DF8047B704785A2020880B483B0C8
:1092800000AF786039607B683A681A607B680022BA
:109290005A6100BF0C37BD465DF8047B7047000083
:1092A00080B485B000AFF860B960394681E80C0041
:1092B000FB68BA681A60FB6804331A463B4693E8B9
:1092C000030082E80300FB68034A5A6100BF1437B9
:1092D000BD465DF8047B7047DFA2020880B483B00E
:1092E00000AF786039607B683A681A607B6800225A
:1092F0005A6100BF0C37BD465DF8047B7047000023
:1093000080B485B000AFF860B960394681E80C00E0
:10931000FB68BA681A60FB6804331A463B4693E858
:10932000030082E80300FB68034A5A6100BF143758
:10933000BD465DF8047B704735A3020880B483B056
:1093400000AF786039607B683A681A607B680022F9
:109350005A6100BF0C37BD465DF8047B704780B48E
:1093600083B000AF786039607B683A681A607B68C8
:1093700000225A6100BF0C37BD465DF8047B704780
:1093800080B485B000AFF860B960394681E80C0060
:10939000FB68BA681A60FB6804331A463B4693E8D8
:1093A000030082E80300FB68034A5A6100BF1437D8
:1093B000BD465DF8047B7047B1A3020880B485B058
:1093C00000AFF860B960394681E80C00FB68BA6804
:1093D0001A60FB6804331A463B4693E8030082E8B0
:1093E0000300FB68034A5A6100BF1437BD465DF8AD
:1093F000047B704705A4020880B483B000AF786096
:1094000039607B683A681A607B6800225A6100BF45
:109410000C37BD465DF8047B704780B483B000AF65
:10942000786039607B683A681A607B6800225A610C
:1094300000BF0C37BD465DF8047B704780B485B033
:1094400000AFF860B960394681E80C00FB68BA6883
:109450001A60FB6804331A463B4693E8030082E82F
:109460000300FB68034A5A6100BF1437BD465DF82C
:10947000047B704759A4020880B483B000AF7860C1
:1094800039607B683A681A607B6800225A6100BFC5
:109490000C37BD465DF8047B7047000080B485B092
:1094A00000AFF860B960394681E80C00FB68BA6823
:1094B0001A60FB6804331A463B4693E8030082E8CF
:1094C0000300FB68034A5A6100BF1437BD465DF8CC
:1094D000047B7047B3A4020880B483B000AF786007
:1094E00039607B683A681A607B6800225A6100BF65
:1094F0000C37BD465DF8047B7047000080B485B032
:1095000000AFF860B960394681E80C00FB68BA68C2
:109510001A60FB6804331A463B4693E8030082E86E
:109520000300FB68034A5A6100BF1437BD465DF86B
:10953000047B70470BA5020880B483B000AF78604D
:1095400039607B683A681A607B6800225A6100BF04
:109550000C37BD465DF8047B7047000080B485B0D1
:1095600000AFF860B960394681E80C00FB68BA6862
:109570001A60FB6804331A463B4693E8030082E80E
:109580000300FB68034A5A6100BF1437BD465DF80B
:10959000047B70477FA5020880B483B000AF786079
:1095A00039607B683A681A607B6800225A6100BFA4
:1095B0000C37BD465DF8047B7047000080B485B071
:1095C00000AFF860B960394681E80C00FB68BA6802
:1095D0001A60FB6804331A463B4693E8030082E8AE
:1095E0000300FB68034A5A6100BF1437BD465DF8AB
:1095F000047B7047F3A5020880B483B000AF7860A5
:1096000039607B683A681A607B6800225A6100BF43
:109610000C37BD465DF8047B704780B483B000AF63
:10962000786039607B683A681A607B6800225A610A
:1096300000BF0C37BD465DF8047B704780B485B031
:1096400000AFF860B960394681E80C00FB68BA6881
:109650001A60FB6804331A463B4693E8030082E82D
:109660000300FB68034A5A6100BF1437BD465DF82A
:10967000047B70474BA6020880B483B000AF7860CB
:1096800039607B683A681A607B6800225A6100BFC3
:109690000C37BD465DF8047B7047000080B485B090
:1096A00000AFF860B960394681E80C00FB68BA6821
:1096B0001A60FB6804331A463B4693E8030082E8CD
:1096C0000300FB68034A5A6100BF1437BD465DF8CA
:1096D000047B7047CDA6020880B483B000AF7860E9
:1096E00039607B683A681A607B6800225A6100BF63
:1096F0000C37BD465DF8047B7047000080B485B030
:1097000000AFF860B960394681E80C00FB68BA68C0
:109710001A60FB6804331A463B4693E8030082E86C
:109720000300FB68034A5A6100BF1437BD465DF869
:10973000047B70474FA7020880B483B000AF786005
:1097400039607B683A681A607B6800225A6100BF02
:109750000C37BD465DF8047B7047000080B485B0CF
:1097600000AFF860B960394681E80C00FB68BA6860
:109770001A60FB6804331A463B4693E8030082E80C
:109780000300FB68034A5A6100BF1437BD465DF809
:10979000047B7047C7A7020880B483B000AF78602D
:1097A00039607B683A681A607B6800225A6100BFA2
:1097B0000C37BD465DF8047B7047000080B485B06F
:1097C00000AFF860B960394681E80C00FB68BA6800
:1097D0001A60FB6804331A463B4693E8030082E8AC
:1097E0000300FB68034A5A6100BF1437BD465DF8A9
:1097F000047B70473FA8020880B483B000AF786054
:1098000039607B683A681A607B6800225A6100BF41
:109810000C37BD465DF8047B7047000080B485B00E
:1098200000AFF860B960394681E80C00FB68BA689F
:109830001A60FB6804331A463B4693E8030082E84B
:109840000300FB68034A5A6100BF1437BD465DF848
:10985000047B70479BA8020880B483B000AF786097
:1098600039607B683A681A607B6800225A6100BFE1
:109870000C37BD465DF8047B7047000080B485B0AE
:1098800000AFF860B960394681E80C00FB68BA683F
:109890001A60FB6804331A463B4693E8030082E8EB
:1098A0000300FB68034A5A6100BF1437BD465DF8E8
:1098B000047B7047F5A8020880B483B000AF7860DD
:1098C00039607B683A681A607B6800225A6100BF81
:1098D0000C37BD465DF8047B7047000080B485B04E
:1098E00000AFF860B960394681E80C00FB68BA68DF
:1098F0001A60FB6804331A463B4693E8030082E88B
:109900000300FB68034A5A6100BF1437BD465DF887
:10991000047B70476DA9020880B483B000AF786003
:1099200039607B683A681A607B6800225A6100BF20
:109930000C37BD465DF8047B7047000080B485B0ED
:1099400000AFF860B960394681E80C00FB68BA687E
:109950001A60FB6804331A463B4693E8030082E82A
:109960000300FB68034A5A6100BF1437BD465DF827
:10997000047B7047DBA9020880B483B000AF786035
:1099800039607B683A681A607B6800225A6100BFC0
:109990000C37BD465DF8047B7047000080B485B08D
:1099A00000AFF860B960394681E80C00FB68BA681E
:1099B0001A60FB6804331A463B4693E8030082E8CA
:1099C0000300FB68034A5A6100BF1437BD465DF8C7
:1099D000047B704733AA020880B485B000AFF860FA
:1099E000B960394681E80C00FB68BA681A60FB6808
:1099F00004331A463B4693E8030082E80300FB6801
:109A0000034A5A6100BF1437BD465DF8047B7047B6
:109A10008DAA020880B485B000AFF860B9603946FD
:109A200081E80C00FB68BA681A60FB6804331A46C8
:109A30003B4693E8030082E80300FB68034A5A614F
:109A400000BF1437BD465DF8047B7047DFAA0208EB
:109A500080B483B000AF786039607B683A681A6080
:109A60007B6800225A6100BF0C37BD465DF8047B5D
:109A70007047000080B485B000AFF860B960394627
:109A800081E80C00FB68BA681A60FB6804331A4668
:109A90003B4693E8030082E80300FB68034A5A61EF
:109AA00000BF1437BD465DF8047B70473BAB02082E
:109AB00080B485B000AFF860B960394681E80C0029
:109AC000FB68BA681A60FB6804331A463B4693E8A1
:109AD000030082E80300FB68034A5A6100BF1437A1
:109AE000BD465DF8047B7047BDAB020880B483B00F
:109AF00000AF786039607B683A681A607B68002242
:109B00005A6100BF0C37BD465DF8047B704700000A
:109B100080B485B000AFF860B960394681E80C00C8
:109B2000FB68BA681A60FB6804331A463B4693E840
:109B3000030082E80300FB68034A5A6100BF143740
:109B4000BD465DF8047B70470FAC020880B483B05B
:109B500000AF786039607B683A681A607B680022E1
:109B60005A6100BF0C37BD465DF8047B70470000AA
:109B700080B485B000AFF860B960394681E80C0068
:109B8000FB68BA681A60FB6804331A463B4693E8E0
:109B9000030082E80300FB68034A5A6100BF1437E0
:109BA000BD465DF8047B704767AC020880B483B0A3
:109BB00000AF786039607B683A681A607B68002281
:109BC0005A6100BF0C37BD465DF8047B704700004A
:109BD00080B485B000AFF860B960394681E80C0008
:109BE000FB68BA681A60FB6804331A463B4693E880
:109BF000030082E80300FB68034A5A6100BF143780
:109C0000BD465DF8047B7047CDAC020880B483B0DC
:109C100000AF786039607B683A681A607B68002220
:109C20005A6100BF0C37BD465DF8047B70470000E9
:109C300080B485B000AFF860B960394681E80C00A7
:109C4000FB68BA681A60FB6804331A463B4693E81F
:109C5000030082E80300FB68034A5A6100BF14371F
:109C6000BD465DF8047B704725AD020880B483B023
:109C700000AF786039607B683A681A607B680022C0
:109C80005A6100BF0C37BD465DF8047B7047000089
:109C900080B485B000AFF860B960394681E80C0047
:109CA000FB68BA681A60FB6804331A463B4693E8BF
:109CB000030082E80300FB68034A5A6100BF1437BF
:109CC000BD465DF8047B70478BAD020880B483B05D
:109CD00000AF786039607B683A681A607B68002260
:109CE0005A6100BF0C37BD465DF8047B7047000029
:109CF00080B485B000AFF860B960394681E80C00E7
:109D0000FB68BA681A60FB6804331A463B4693E85E
:109D1000030082E80300FB68034A5A6100BF14375E
:109D2000BD465DF8047B7047E3AD020880B483B0A4
:109D300000AF786039607B683A681A607B680022FF
:109D40005A6100BF0C37BD465DF8047B70470000C8
:109D500080B485B000AFF860B960394681E80C0086
:109D6000FB68BA681A60FB6804331A463B4693E8FE
:109D7000030082E80300FB68034A5A6100BF1437FE
:109D8000BD465DF8047B704749AE020880B483B0DD
:109D900000AF786039607B683A681A607B6800229F
:109DA0005A6100BF0C37BD465DF8047B7047000068
:109DB00080B485B000AFF860B960394681E80C0026
:109DC000FB68BA681A60FB6804331A463B4693E89E
:109DD000030082E80300FB68034A5A6100BF14379E
:109DE000BD465DF8047B7047A1AE020880B483B025
:109DF00000AF786039607B683A681A607B6800223F
:109E00005A6100BF0C37BD465DF8047B7047000007
:109E100080B485B000AFF860B960394681E80C00C5
:109E2000FB68BA681A60FB6804331A463B4693E83D
:109E3000030082E80300FB68034A5A6100BF14373D
:109E4000BD465DF8047B704725AF020880B483B03F
:109E500000AF786039607B683A681A607B680022DE
:109E60005A6100BF0C37BD465DF8047B70470000A7
:109E700080B485B000AFF860B960394681E80C0065
:109E8000FB68BA681A60FB6804331A463B4693E8DD
:109E9000030082E80300FB68034A5A6100BF1437DD
:109EA000BD465DF8047B70477DAF020880B483B087
:109EB00000AF786039607B683A681A607B6800227E
:109EC0005A6100BF0C37BD465DF8047B7047000047
:109ED00080B485B000AFF860B960394681E80C0005
:109EE000FB68BA681A60FB6804331A463B4693E87D
:109EF000030082E80300FB68034A5A6100BF14377D
:109F0000BD465DF8047B7047F5AF020880B485B0AC
:109F100000AFF860B960394681E80C00FB68BA68A8
:109F20001A60FB6804331A463B4693E8030082E854
:109F30000300FB68034A5A6100BF1437BD465DF851
:109F4000047B70474DB0020880B483B000AF7860E6
:109F500039607B683A681A607B6800225A6100BFEA
:109F60000C37BD465DF8047B7047000080B485B0B7
:109F700000AFF860B960394681E80C00FB68BA6848
:109F80001A60FB6804331A463B4693E8030082E8F4
:109F90000300FB68034A5A6100BF1437BD465DF8F1
:109FA000047B7047A1B0020880B483B000AF786032
:109FB00039607B683A681A607B6800225A6100BF8A
:109FC0000C37BD465DF8047B7047000080B485B057
:109FD00000AFF860B960394681E80C00FB68BA68E8
:109FE0001A60FB6804331A463B4693E8030082E894
:109FF0000300FB68034A5A6100BF1437BD465DF891
:10A00000047B704715B1020880B483B000AF78605C
:10A0100039607B683A681A607B6800225A6100BF29
:10A020000C37BD465DF8047B7047000080B485B0F6
:10A0300000AFF860B960394681E80C00FB68BA6887
:10A040001A60FB6804331A463B4693E8030082E833
:10A050000300FB68034A5A6100BF1437BD465DF830
:10A06000047B704781B1020880B483B000AF786090
:10A0700039607B683A681A607B6800225A6100BFC9
:10A080000C37BD465DF8047B7047000080B485B096
:10A0900000AFF860B960394681E80C00FB68BA6827
:10A0A0001A60FB6804331A463B4693E8030082E8D3
:10A0B0000300FB68034A5A6100BF1437BD465DF8D0
:10A0C000047B7047D5B1020880B483B000AF7860DC
:10A0D00039607B683A681A607B6800225A6100BF69
:10A0E0000C37BD465DF8047B7047000080B485B036
:10A0F00000AFF860B960394681E80C00FB68BA68C7
:10A100001A60FB6804331A463B4693E8030082E872
:10A110000300FB68034A5A6100BF1437BD465DF86F
:10A12000047B70472DB2020880B485B000AFF860A0
:10A13000B960394681E80C00FB68BA681A60FB68B0
:10A1400004331A463B4693E8030082E80300FB68A9
:10A15000034A5A6100BF1437BD465DF8047B70475F
:10A1600081B2020880B483B000AF786039607B6848
:10A170003A681A607B6800225A6100BF0C37BD46FE
:10A180005DF8047B7047000080B485B000AFF860D4
:10A19000B960394681E80C00FB68BA681A60FB6850
:10A1A00004331A463B4693E8030082E80300FB6849
:10A1B000034A5A6100BF1437BD465DF8047B7047FF
:10A1C000DBB2020880B483B000AF786039607B688E
:10A1D0003A681A607B6800225A6100BF0C37BD469E
:10A1E0005DF8047B7047000080B485B000AFF86074
:10A1F000B960394681E80C00FB68BA681A60FB68F0
:10A2000004331A463B4693E8030082E80300FB68E8
:10A21000034A5A6100BF1437BD465DF8047B70479E
:10A2200053B3020880B483B000AF786039607B68B4
:10A230003A681A607B6800225A6100BF0C37BD463D
:10A240005DF8047B7047000080B485B000AFF86013
:10A25000B960394681E80C00FB68BA681A60FB688F
:10A2600004331A463B4693E8030082E80300FB6888
:10A27000034A5A6100BF1437BD465DF8047B70473E
:10A28000BFB3020880B586B000AFF860B960394648
:10A2900081E80C00FB687B61BB683B613B695B68E4
:10A2A00003F00103002B0BD03B695B685B101A467F
:10A2B0007B6913441B683A69126813441B6801E008
:10A2C0003B691B683A695268521011467A69501806
:10A2D0003A4606CA984700BF1837BD4680BD80B5CC
:10A2E00086B000AFF860B9607A60FB687B61BB68DC
:10A2F0003B613B695B6803F00103002B0BD03B69BA
:10A300005B685B101A467B6913441B683A691268E4
:10A3100013441B6801E03B691B683A69526852109C
:10A3200011467A690A4479681046984700BF183781
:10A33000BD4680BD82B0F0B58FB00AAF786039609D
:10A3400007F1280181E80C007B68FB603B68BB607B
:10A35000BB685B6803F00103002B0BD0BB685B6834
:10A360005B101A46FB6813441B68BA6812681344F2
:10A370001E6801E0BB681E68BB685B685B101A461C
:10A38000FB6803EB020C6D4607F134040FCC0FC5DC
:10A390000FCC0FC523682B6007F128030ECB604656
:10A3A000B04700BF1437BD46BDE8F04002B070476B
:10A3B00080B584B000AF786039607B68FB603B6833
:10A3C000BB60BB685B6803F00103002B0BD0BB686C
:10A3D0005B685B101A46FB6813441B68BA68126816
:10A3E00013441B6801E0BB681B68BA6852685210CE
:10A3F0001146FA680A441046984703461846103733
:10A40000BD4680BD80B584B000AF786039607B68A0
:10A41000FB603B68BB60BB685B6803F00103002B1B
:10A420000BD0BB685B685B101A46FB6813441B6863
:10A43000BA68126813441B6801E0BB681B68BA68FD
:10A44000526852101146FA680A441046984703466B
:10A4500018461037BD4680BD80B586B000AFF860A5
:10A46000B9601346FB71FB687B61BB683B613B696C
:10A470005B6803F00103002B0BD03B695B685B104A
:10A480001A467B6913441B683A69126813441B68B7
:10A4900001E03B691B683A695268521011467A69BB
:10A4A0000A44F97910469847034618461837BD46BE
:10A4B00080BD80B586B000AFF860B9607A60FB6897
:10A4C0007B61BB683B613B695B6803F00103002B68
:10A4D0000BD03B695B685B101A467B6913441B68B1
:10A4E0003A69126813441B6801E03B691B683A69CA
:10A4F0005268521011467A690A44796810469847A2
:10A50000034618461837BD4680BD80B586B000AFFB
:10A51000F860B960B0EE407AF0EE607A87ED007ACC
:10A52000C7ED017AFB687B61BB683B613B695B6897
:10A5300003F00103002B0BD03B695B685B101A46EC
:10A540007B6913441B683A69126813441B6801E075
:10A550003B691B683A695268521011467A690A448D
:10A5600097ED007AD7ED017AB0EE470AF0EE670A70
:10A5700010469847034618461837BD4680BD80B53B
:10A5800086B000AFF860B960B0EE407AF0EE607A65
:10A5900087ED007AC7ED017AFB687B61BB683B61A0
:10A5A0003B695B6803F00103002B0BD03B695B68E0
:10A5B0005B101A467B6913441B683A69126813449E
:10A5C0001B6801E03B691B683A69526852101146EA
:10A5D0007A690A4497ED007AD7ED017AB0EE470A1E
:10A5E000F0EE670A10469847034618461837BD46EE
:10A5F00080BD80B586B000AFF860B9607A60BB6896
:10A600007B617B683B613B695B6803F00103002B66
:10A610000BD03B695B685B101A467B6913441B686F
:10A620003A69126813441B6801E03B691B683A6988
:10A630005268521011467A691144FA6810469847D8
:10A6400000BFF8681837BD4680BD82B0F0B593B042
:10A650000EAF7860396007F1280181E80C007B6853
:10A66000FB603B68BB60BB685B6803F00103002BC9
:10A670000BD0BB685B685B101A46FB6813441B6811
:10A68000BA68126813441E6801E0BB681E68BB68A4
:10A690005B685B101A46FB6803EB020C6D4607F122
:10A6A00034040FCC0FC50FCC0FC50FCC0FC52368DA
:10A6B0002B6007F128030ECB6046B04703461846CF
:10A6C0001437BD46BDE8F04002B0704782B0F0B527
:10A6D00091B00CAF7860396007F1280181E80C0077
:10A6E0007B68FB603B68BB60BB685B6803F0010391
:10A6F000002B0BD0BB685B685B101A46FB681344E9
:10A700001B68BA68126813441E6801E0BB681E68C3
:10A71000BB685B685B101A46FB6803EB020C6D4676
:10A7200007F134040FCC0FC50FCC0FC594E80F0010
:10A7300085E80F0007F128030ECB6046B0470346BB
:10A7400018461437BD46BDE8F04002B0704782B0ED
:10A75000B0B586B002AF7860396007F1200181E8BA
:10A760000C007B68FB603B68BB60BB685B6803F008
:10A770000103002B0BD0BB685B685B101A46FB68BB
:10A7800013441B68BA68126813441C6801E0BB6874
:10A790001C68BB685B685B101A46FB689D186A46BC
:10A7A00007F12C0393E8030082E8030007F120037C
:10A7B0000ECB2846A047034618461037BD46BDE8D5
:10A7C000B04002B0704782B0F0B589B004AF786095
:10A7D000396007F1280181E80C007B68FB603B6869
:10A7E000BB60BB685B6803F00103002B0BD0BB6848
:10A7F0005B685B101A46FB6813441B68BA681268F2
:10A8000013441C6801E0BB681C68BB685B685B1094
:10A810001A46FB689E186D4607F1340393E807005B
:10A8200085E8070007F128030ECB3046A047034612
:10A8300018461437BD46BDE8F04002B0704780B5F9
:10A8400086B000AFF860B96087ED010AFB687B61F4
:10A85000BB683B613B695B6803F00103002B0BD0D5
:10A860003B695B685B101A467B6913441B683A6955
:10A87000126813441B6801E03B691B683A6952681F
:10A88000521011467A690A4497ED010A104698471A
:10A89000034618461837BD4680BD80B586B000AF68
:10A8A000F860B9601346FB71FB687B61BB683B6174
:10A8B0003B695B6803F00103002B0BD03B695B68CD
:10A8C0005B101A467B6913441B683A69126813448B
:10A8D0001B6801E03B691B683A69526852101146D7
:10A8E0007A690A44F979104698470346184618379A
:10A8F000BD4680BD82B0B0B586B002AF7860396029
:10A9000007F1200181E80C007B68FB603B68BB60BD
:10A91000BB685B6803F00103002B0BD0BB685B686E
:10A920005B101A46FB6813441B68BA68126813442C
:10A930001C6801E0BB681C68BB685B685B101A465A
:10A94000FB689D186A4607F12C0393E8030082E830
:10A95000030007F120030ECB2846A0470346184604
:10A960001037BD46BDE8B04002B0704782B090B528
:10A9700087B002AF7860396007F1200181E80C00F0
:10A980007B68FB603B68BB60BB685B6803F00103EE
:10A99000002B0BD0BB685B685B101A46FB68134446
:10A9A0001B68BA68126813441C6801E0BB681C6825
:10A9B000BB685B685B101A46FB689818BB8DADF8E6
:10A9C000003007F120030ECBA0470346184614378A
:10A9D000BD46BDE8904002B0704780B586B000AF7C
:10A9E000F860B9607A60BB687B617B683B613B69FA
:10A9F0005B6803F00103002B0BD03B695B685B10C5
:10AA00001A467B6913441B683A69126813441B6831
:10AA100001E03B691B683A695268521011467A6935
:10AA20001144FA681046984700BFF8681837BD46C9
:10AA300080BD80B586B000AFF860B9601346FB807A
:10AA4000FB687B61BB683B613B695B6803F00103AA
:10AA5000002B0BD03B695B685B101A467B69134483
:10AA60001B683A69126813441B6801E03B691B6864
:10AA70003A695268521011467A690A44F9881046B8
:10AA80009847034618461837BD4680BD80B584B048
:10AA900000AF786039607B68FB603B68BB60BB6877
:10AAA0005B6803F00103002B0BD0BB685B685B1095
:10AAB0001A46FB6813441B68BA68126813441B6883
:10AAC00001E0BB681B68BA68526852101146FA6808
:10AAD0000A441046984700BF1037BD4680BD80B578
:10AAE00086B000AFF860B96087ED010AFB687B6152
:10AAF000BB683B613B695B6803F00103002B0BD033
:10AB00003B695B685B101A467B6913441B683A69B2
:10AB1000126813441B6801E03B691B683A6952687C
:10AB2000521011467A690A4497ED010A1046984777
:10AB3000034618461837BD4680BD80B588B000AFC3
:10AB400078613961F0EE406AB0EE607AF0EE417AF9
:10AB5000C7ED016A87ED027AC7ED037A7B69FB6175
:10AB60003B69BB61BB695B6803F00103002B0BD041
:10AB7000BB695B685B101A46FB6913441B68BA69C2
:10AB8000126813441B6801E0BB691B68BA6952680C
:10AB900052101146FA690A44D7ED016A97ED027A1C
:10ABA000D7ED037AB0EE660AF0EE470AB0EE671A08
:10ABB0001046984700BF2037BD4680BD80B584B0A1
:10ABC00000AF786039607B68FB603B68BB60BB6846
:10ABD0005B6803F00103002B0BD0BB685B685B1064
:10ABE0001A46FB6813441B68BA68126813441B6852
:10ABF00001E0BB681B68BA68526852101146FA68D7
:10AC00000A441046984700BF1037BD4680BD80B546
:10AC100086B000AFF860B9607A60BB687B617B6822
:10AC20003B613B695B6803F00103002B0BD03B6980
:10AC30005B685B101A467B6913441B683A691268AB
:10AC400013441B6801E03B691B683A695268521063
:10AC500011467A691144FA681046984700BFF868AF
:10AC60001837BD4680BD82B090B585B000AF786022
:10AC7000396007F1200181E80C007B68FB603B68CC
:10AC8000BB60BB685B6803F00103002B0BD0BB68A3
:10AC90005B685B101A46FB6813441B68BA6812684D
:10ACA00013441C6801E0BB681C68BB685B685B10F0
:10ACB0001A46FB68981807F120030ECBA04700BF87
:10ACC0001437BD46BDE8904002B0704780B586B0ED
:10ACD00000AFF860B9607A60BB687B617B683B61FC
:10ACE0003B695B6803F00103002B0BD03B695B6899
:10ACF0005B101A467B6913441B683A691268134457
:10AD00001B6801E03B691B683A69526852101146A2
:10AD10007A691144FA681046984700BFF8681837F6
:10AD2000BD4680BD82B090B585B000AF7860396017
:10AD300007F1200181E80C007B68FB603B68BB6089
:10AD4000BB685B6803F00103002B0BD0BB685B683A
:10AD50005B101A46FB6813441B68BA6812681344F8
:10AD60001C6801E0BB681C68BB685B685B101A4626
:10AD7000FB68981807F120030ECBA04700BF1437DB
:10AD8000BD46BDE8904002B0704780B586B000AFC8
:10AD9000F860B9607A60BB687B617B683B613B6946
:10ADA0005B6803F00103002B0BD03B695B685B1011
:10ADB0001A467B6913441B683A69126813441B687E
:10ADC00001E03B691B683A695268521011467A6982
:10ADD0001144FA681046984700BFF8681837BD4616
:10ADE00080BD82B090B585B000AF7860396007F162
:10ADF000200181E80C007B68FB603B68BB60BB689E
:10AE00005B6803F00103002B0BD0BB685B685B1031
:10AE10001A46FB6813441B68BA68126813441C681E
:10AE200001E0BB681C68BB685B685B101A46FB6886
:10AE3000981807F120030ECBA04700BF1437BD467A
:10AE4000BDE8904002B0704780B586B000AFF860B2
:10AE5000B9607A60BB687B617B683B613B695B681A
:10AE600003F00103002B0BD03B695B685B101A46B3
:10AE70007B6913441B683A69126813441B6801E03C
:10AE80003B691B683A695268521011467A6911444D
:10AE9000FA681046984700BFF8681837BD4680BD6D
:10AEA00082B0F0B595B010AF7860396007F1280135
:10AEB00081E80C007B68FB603B68BB60BB685B683B
:10AEC00003F00103002B0BD0BB685B685B101A46D4
:10AED000FB6813441B68BA68126813441E6801E0DB
:10AEE000BB681E68BB685B685B101A46FB6803EBB7
:10AEF000020C6D4607F134040FCC0FC50FCC0FC503
:10AF00000FCC0FC594E80F0085E80F0007F1280368
:10AF10000ECB6046B04700BF1437BD46BDE8F040D9
:10AF200002B0704780B586B000AFF860B9601346D4
:10AF3000FB71FB687B61BB683B613B695B6803F04D
:10AF40000103002B0BD03B695B685B101A467B69E1
:10AF500013441B683A69126813441B6801E03B699B
:10AF60001B683A695268521011467A690A44F979A5
:10AF70001046984700BF1837BD4680BD82B0B0B5B7
:10AF800096B012AF7860396007F1200181E80C00BB
:10AF90007B68FB603B68BB60BB685B6803F00103D8
:10AFA000002B0BD0BB685B685B101A46FB68134430
:10AFB0001B68BA68126813441C6801E0BB681C680F
:10AFC000BB685B685B101A46FB689D18684607F112
:10AFD0002C034422194610F079FA07F120030ECB16
:10AFE0002846A047034618461037BD46BDE8B04086
:10AFF00002B0704780B586B000AFF860B9607A6083
:10B00000BB687B617B683B613B695B6803F0010364
:10B01000002B0BD03B695B685B101A467B691344BD
:10B020001B683A69126813441B6801E03B691B689E
:10B030003A695268521011467A691144FA6810460A
:10B04000984700BFF8681837BD4680BD80B584B00A
:10B0500000AF786039607B68FB603B68BB60BB68B1
:10B060005B6803F00103002B0BD0BB685B685B10CF
:10B070001A46FB6813441B68BA68126813441B68BD
:10B0800001E0BB681B68BA68526852101146FA6842
:10B090000A4410469847034618461037BD4680BDFF
:10B0A00080B586B000AFF860B960B0EE407AF0EEDF
:10B0B000607A87ED007AC7ED017AFB687B61BB6837
:10B0C0003B613B695B6803F00103002B0BD03B69DC
:10B0D0005B685B101A467B6913441B683A69126807
:10B0E00013441B6801E03B691B683A6952685210BF
:10B0F00011467A690A4497ED007AD7ED017AB0EEED
:10B10000470AF0EE670A1046984703461846183774
:10B11000BD4680BD82B090B587B002AF786039601F
:10B1200007F1200181E80C007B68FB603B68BB6095
:10B13000BB685B6803F00103002B0BD0BB685B6846
:10B140005B101A46FB6813441B68BA681268134404
:10B150001C6801E0BB681C68BB685B685B101A4632
:10B16000FB689818FB6A009307F120030ECBA047F9
:10B17000034618461437BD46BDE8904002B07047FC
:10B1800080B584B000AF786039607B68FB603B6855
:10B19000BB60BB685B6803F00103002B0BD0BB688E
:10B1A0005B685B101A46FB6813441B68BA68126838
:10B1B00013441B6801E0BB681B68BA6852685210F0
:10B1C0001146FA680A441046984703461846103755
:10B1D000BD4680BD80B586B000AFF860B9607A60CA
:10B1E000BB687B617B683B613B695B6803F0010383
:10B1F000002B0BD03B695B685B101A467B691344DC
:10B200001B683A69126813441B6801E03B691B68BC
:10B210003A695268521011467A691144FA68104628
:10B22000984700BFF8681837BD4680BD80B584B028
:10B2300000AF786039607B68FB603B68BB60BB68CF
:10B240005B6803F00103002B0BD0BB685B685B10ED
:10B250001A46FB6813441B68BA68126813441B68DB
:10B2600001E0BB681B68BA68526852101146FA6860
:10B270000A4410469847034618461037BD4680BD1D
:10B2800080B586B000AFF860B9601346FB80FB68FC
:10B290007B61BB683B613B695B6803F00103002B8A
:10B2A0000BD03B695B685B101A467B6913441B68D3
:10B2B0003A69126813441B6801E03B691B683A69EC
:10B2C0005268521011467A690A44F9881046984724
:10B2D000034618461837BD4680BD82B0B0B596B05B
:10B2E00012AF7860396007F1200181E80C007B68BB
:10B2F000FB603B68BB60BB685B6803F00103002B2D
:10B300000BD0BB685B685B101A46FB6813441B6874
:10B31000BA68126813441C6801E0BB681C68BB680B
:10B320005B685B101A46FB689D18684607F12C03A2
:10B330004822194610F0CAF807F120030ECB284620
:10B34000A047034618461037BD46BDE8B04002B0DE
:10B35000704782B090B587B002AF7860396007F16E
:10B36000200181E80C007B68FB603B68BB60BB6828
:10B370005B6803F00103002B0BD0BB685B685B10BC
:10B380001A46FB6813441B68BA68126813441C68A9
:10B3900001E0BB681C68BB685B685B101A46FB6811
:10B3A0009818FB6A009307F120030ECBA0470346D1
:10B3B00018461437BD46BDE8904002B0704782B0D1
:10B3C000B0B586B002AF7860396007F1200181E83E
:10B3D0000C007B68FB603B68BB60BB685B6803F08C
:10B3E0000103002B0BD0BB685B685B101A46FB683F
:10B3F00013441B68BA68126813441C6801E0BB68F8
:10B400001C68BB685B685B101A46FB689D186A463F
:10B4100007F12C0393E8030082E8030007F12003FF
:10B420000ECB2846A047034618461037BD46BDE858
:10B43000B04002B07047000080B5F2B002AFCB4B15
:10B440000122CB49CB48F9F70DF9CB4B0222C84971
:10B45000CA48F9F733F9CA4B0322C549C948F9F775
:10B4600059F9C94B0422C249C848F9F77FF907F5D1
:10B47000E073A3F5E073C64A1A6007F5E073A3F51D
:10B48000E07300225A6007F5E073A3F5E0726B46A3
:10B4900092E8030083E80300BE4B0622B449BE488D
:10B4A000F9F7B0F907F5E073A3F5DC73BB4A1A604E
:10B4B00007F5E073A3F5DC7300225A6007F5E0732B
:10B4C000A3F5DC726B4692E8030083E80300B44BFB
:10B4D0000722A749B348F9F7F1F907F5E073A3F597
:10B4E000D873B14A1A6007F5E073A3F5D873002248
:10B4F0005A6007F5E073A3F5D8726B4692E8030033
:10B5000083E80300A64B08229949A848F9F732FAC4
:10B51000A74B09229649A748F9F76CFA07F5E0739B
:10B52000A3F5D473A44A1A6007F5E073A3F5D473A6
:10B5300000225A6007F5E073A3F5D4726B4692E8D7
:10B54000030083E80300894BF02289499B48F9F7FF
:10B55000A1FA07F5E073A3F5D073994A1A6007F5CD
:10B56000E073A3F5D07300225A6007F5E073A3F5EA
:10B57000D0726B4692E8030083E80300914BF122FE
:10B580007B499148F9F7C0FA904B202278499048BE
:10B59000F9F7F4FA07F5E073A3F5CC738D4A1A6056
:10B5A00007F5E073A3F5CC7300225A6007F5E0734A
:10B5B000A3F5CC726B4692E8030083E80300864B48
:10B5C00021226B498548F9F725FB07F5E073A3F5C0
:10B5D000C873834A1A6007F5E073A3F5C8730022A5
:10B5E0005A6007F5E073A3F5C8726B4692E8030052
:10B5F00083E80300784B22225D497A48F9F766FB1D
:10B6000007F5E073A3F5C473774A1A6007F5E07392
:10B61000A3F5C47300225A6007F5E073A3F5C47262
:10B620006B4692E8030083E803006B4B26225049E7
:10B630006E48F9F7ABFB07F5E073A3F5C0736C4AEE
:10B640001A6007F5E073A3F5C07300225A6007F58E
:10B65000E073A3F5C0726B4692E8030083E8030031
:10B660005D4B272242496348F9F7ECFB07F5E0738D
:10B67000A3F5BC73604A1A6007F5E073A3F5BC73C9
:10B6800000225A6007F5E073A3F5BC726B4692E89E
:10B69000030083E80300504B282235495748F9F747
:10B6A0002DFC574B2A2232495648F9F765FC07F51D
:10B6B000E073A3F5B873544A1A6007F5E073A3F575
:10B6C000B87300225A6007F5E073A3F5B8726B46B1
:10B6D00092E8030083E803003F4B302224494B48A3
:10B6E000F9F79AFC07F5E073A3F5B473484A1A60BA
:10B6F00007F5E073A3F5B47300225A6007F5E07311
:10B70000A3F5B4726B4692E8030083E80300324B62
:10B71000312217493F48F9F7DFFC07F5E073A3F53D
:10B72000B0733D4A1A6007F5E073A3F5B0730022C9
:10B730005A6007F5E073A3F5B0726B4692E8030018
:10B7400083E80300244B322209493448F9F764FCAA
:10B7500007F5E073A3F5AC73314A1A6007F5E0739F
:10B76000A3F5AC7300225A605CE000BF28040224F9
:10B77000CCEE01242C770224300402245C770224CE
:10B7800029040224907702242B040224C077022487
:10B7900045330308808B0224F0770224F32C03083E
:10B7A0003C8B022428780224332D03085878022485
:10B7B00014770224B8780224493F0208E87802246A
:10B7C0006D0902089073022418790224C121022411
:10B7D0004879022425A80108C0210224787902248E
:10B7E000E1A60108A8790224C1AA0108FC79022473
:10B7F00085AB0108387A022459A60108747A02241C
:10B80000E46A0224507C0224E9A30108887C022413
:10B810003BA40108FC7C02248DA401086C7D022459
:10B82000DFA4010807F5E073A3F5AC726B4692E85C
:10B83000030083E80300CF4B3322CF49CF48F9F709
:10B840004BFC07F5E073A3F5A873CD4A1A6007F522
:10B85000E073A3F5A87300225A6007F5E073A3F51F
:10B86000A8726B4692E8030083E80300C14B3522BF
:10B87000C149C448F9F790FC07F5E073A3F5A47338
:10B88000C14A1A6007F5E073A3F5A47300225A6059
:10B8900007F5E073A3F5A4726B4692E8030083E812
:10B8A0000300B44B3622B449B848F9F7D5FC07F584
:10B8B000E073A3F5A073B64A1A6007F5E073A3F529
:10B8C000A07300225A6007F5E073A3F5A0726B46DF
:10B8D00092E8030083E80300A64B3722A649AD484F
:10B8E000F9F71AFD07F5E073A3F59C73AA4A1A60ED
:10B8F00007F5E073A3F59C7300225A6007F5E07327
:10B90000A3F59C726B4692E8030083E80300994B11
:10B910003A229949A148F9F75BFD07F5E073A3F5D1
:10B9200098739F4A1A6007F5E073A3F59873002295
:10B930005A6007F5E073A3F598726B4692E803002E
:10B9400083E803008B4B3B228B499648F9F740FD77
:10B9500007F5E073A3F59473914A1A6007F5E07355
:10B96000A3F5947300225A6007F5E073A3F594726F
:10B970006B4692E8030083E803007E4B38227E4941
:10B980008948F9F725FD07F5E073A3F59073874A19
:10B990001A6007F5E073A3F5907300225A6007F56B
:10B9A000E073A3F590726B4692E8030083E803000E
:10B9B000704B3C2270497E48F9F766FD07F5E0734D
:10B9C000A3F58C737B4A1A6007F5E073A3F58C73BB
:10B9D00000225A6007F5E073A3F58C726B4692E87B
:10B9E000030083E80300634B3D2263497248F9F783
:10B9F000EFFC07F5E073A3F58873704A1A6007F54A
:10BA0000E073A3F5887300225A6007F5E073A3F58D
:10BA100088726B4692E8030083E80300554B3E2290
:10BA200055496748F9F778FC07F5E073A3F5847387
:10BA3000644A1A6007F5E073A3F5847300225A6024
:10BA400007F5E073A3F584726B4692E8030083E880
:10BA500003005D4B402248495C48F9F775FD07F546
:10BA6000E073A3F580735A4A1A6007F5E073A3F5F3
:10BA7000807300225A6007F5E073A3F580726B466D
:10BA800092E8030083E803004F4B43223A495148B0
:10BA9000F9F7B6FD504BC7F8C8300023C7F8CC30D3
:10BAA0006A4607F1C80393E8030082E80300464BA7
:10BAB000412231494948F9F7FDFD494BC7F8D030DB
:10BAC0000023C7F8D4306A4607F1D00393E8030097
:10BAD00082E803003C4B422227494248F9F726FE00
:10BAE000414BC7F8D8300023C7F8DC306A4607F16D
:10BAF000D80393E8030082E803003C4B50221E4920
:10BB00003B48F9F74DFE3B4BC7F8E0300023C7F840
:10BB1000E4306A4607F1E00393E8030082E803009B
:10BB2000324B512214493448F9F796FE334BC7F88B
:10BB3000E8300023C7F8EC306A4607F1E80393E8E1
:10BB4000030082E80300294B52220B492C48F9F7E5
:10BB500083FE2C4BC7F8F0300023C7F8F4306A4658
:10BB600007F1F00393E8030082E803001F4B532220
:10BB7000014949E0C0210224CCEE0124E07D0224E9
:10BB800031A50108507E022487A50108987E022471
:10BB900037A60108E47E022469AC01081C7F022458
:10BBA000C1AB01084C7F02247C7F0224E1A501087F
:10BBB000AC7F022411AD0108F47F022409AE010814
:10BBC0002480022465240308545D02245C8002243E
:10BBD000352503089C80022405210308D88002240F
:10BBE000ED2203080C8102245D2A0208E85D02248C
:10BBF00034810224C52A02086C810224CB2B02085E
:10BC0000A8810224FD230208D148F9F761FED14B37
:10BC1000C7F8F8300023C7F8FC306A4607F1F8038C
:10BC200093E8030082E80300CB4B5422CB49CC4875
:10BC3000F9F7A8FECB4BC7F800310023C7F8043151
:10BC40006A4607F5807393E8030082E80300C24B5D
:10BC50005522C249C448F9F7EFFEC44BC7F8083172
:10BC60000023C7F80C316A4607F5847393E8030094
:10BC700082E80300B84B5622B849BD48F9F738FFAF
:10BC8000BC4BC7F810310023C7F814316A4607F5DA
:10BC9000887393E8030082E80300AF4B5722AF4953
:10BCA000B548F9F77FFFB54BC7F818310023C7F83F
:10BCB0001C316A4607F58C7393E8030082E80300A1
:10BCC000A54B5922A549AE48F9F7C8FFAD4BC7F8B7
:10BCD00020310023C7F824316A4607F5907393E8B2
:10BCE000030082E803009C4B5A229C49A648FAF7BD
:10BCF0000FF8A64BC7F828310023C7F82C316A4645
:10BD000007F5947393E8030082E80300924B5B22EB
:10BD100092499F48FAF758F89E4BC7F830310023F4
:10BD2000C7F834316A4607F5987393E8030082E850
:10BD30000300894B5C2289499748FAF7A1F8974B91
:10BD4000C7F838310023C7F83C316A4607F59C73C1
:10BD500093E8030082E803007F4B58227F49904814
:10BD6000FAF7EEF88F4BC7F840310023C7F844319B
:10BD70006A4607F5A07393E8030082E803008A4B44
:10BD8000602276498948FAF737F9894BC7F8483174
:10BD90000023C7F84C316A4607F5A47393E8030003
:10BDA00082E80300804B61226C498248FAF784F9EB
:10BDB000814BC7F850310023C7F854316A4607F564
:10BDC000A87393E8030082E80300774B622263497B
:10BDD0007A48FAF7ADF97A4BC7F858310023C7F81B
:10BDE0005C316A4607F5AC7393E8030082E8030010
:10BDF0006D4B632259497348FAF7F4F9724BC7F84F
:10BE000060310023C7F864316A4607F5B07393E8E0
:10BE1000030082E80300644B642250496B48FAF740
:10BE20003DFA6B4BC7F868310023C7F86C316A469E
:10BE300007F5B47393E8030082E803005A4B6522C8
:10BE400046496448FAF76AFA634BC7F87031002331
:10BE5000C7F874316A4607F5B87393E8030082E8BF
:10BE60000300514B66223D495C48FAF757FA5C4B98
:10BE7000C7F878310023C7F87C316A4607F5BC73F0
:10BE800093E8030082E80300474B67223349554893
:10BE9000FAF744FA544BC7F880310023C7F88431CD
:10BEA0006A4607F5C07393E8030082E803003E4B3F
:10BEB00068222A494D48FAF78BFA4D4BC7F888316A
:10BEC0000023C7F88C316A4607F5C47393E8030072
:10BED00082E80300344B692220494648FAF7D2FA37
:10BEE000454BC7F890310023C7F894316A4607F5EF
:10BEF000C87393E8030082E803002B4B6A221749BA
:10BF00003E48FAF71BFB3E4BC7F898310023C7F8B1
:10BF10009C316A4607F5CC7393E8030082E803007E
:10BF2000214B6E220D493748FAF742FB364BC7F8D2
:10BF3000A0310023C7F8A4316A4607F5D07393E80F
:10BF4000030082E80300184B6F2204495EE000BF43
:10BF5000E48102240D2C0208E85D0224CCEE0124C9
:10BF60000C820224312C020848820224D52D0208BA
:10BF700084820224F92D0208C0820224F12C0208D6
:10BF8000FC820224152D020838830224E12F0208C6
:10BF90007483022405300208F0830224C5310208AC
:10BFA0006C84022495B40108C02102249C840224DC
:10BFB000C9B4010820850224EDB40108A08502243B
:10BFC0000BB50108D0850224A5B501080C86022412
:10BFD000F1B50108508602240DB6010878860224C6
:10BFE00029B60108A086022445B60108C8860224A5
:10BFF00063B60108F886022487B601085C8702242C
:10C000007DB501088C87022449B501082048FAF75C
:10C010002BFB204BC7F8A8310023C7F8AC316A4688
:10C0200007F5D47393E8030082E803001A4B6B22F0
:10C030001A491B48FAF778FB1A4BC7F8B0310023AE
:10C04000C7F8B4316A4607F5D87393E8030082E86D
:10C050000300114B6C2211491348FAF7C5FB134B2F
:10C06000C7F8B8310023C7F8BC316A4607F5DC735E
:10C0700093E8030082E80300074B6D2207490C4850
:10C08000FAF756F800BF07F5E077BD4680BD00BF60
:10C09000C0870224A5B60108C0210224CCEE0124E9
:10C0A00048880224F1B601088C8802243DB70108B3
:10C0B000D488022480B483B000AF7860142318467B
:10C0C0000C37BD465DF8047B704780B483B000AF89
:10C0D0007860012318460C37BD465DF8047B704735
:10C0E000B0B58AB004AFF860B9607A600023FB7520
:10C0F0000BE0FB7DBA681A44FB7D1178FA681344A3
:10C100000A461A72FB7D0133FB75FB7D132BF0D9B8
:10C11000FB6803F12804FB680833FA681C320292BA
:10C120006D4603F10C0292E8030085E803000ECB94
:10C13000204603F0B5F90023BB750AE0BA7DBB7D4C
:10C1400079680B44F9680A44127F1A70BB7D013389
:10C15000BB75BB7D002BF1D0FB681B6804331B68EB
:10C16000F8689847034618461837BD46B0BD80B4F6
:10C1700085B000AF786039607B6893F82530042B78
:10C1800013D17B681B6ABB600023FB730AE0FB7B57
:10C190003A681A44FB7BB9680B4412781A70FB7B2F
:10C1A0000133FB73FB7B132BF1D900BF1437BD4662
:10C1B0005DF8047B704780B485B000AF786039606B
:10C1C0007B6893F82530042B15D17B681B6ABB6014
:10C1D0000023FB730AE0FB7BBA681A44FB7B3968D7
:10C1E0000B4412781A70FB7B0133FB73FB7B002B33
:10C1F000F1D0012300E0002318461437BD465DF856
:10C20000047B704780B483B000AF78607B6893F89C
:10C21000253018460C37BD465DF8047B704780B466
:10C2200083B000AF7860102318460C37BD465DF828
:10C23000047B704780B483B000AF78600123184658
:10C240000C37BD465DF8047B704780B588B002AFFF
:10C25000F860B9607A600023FB750BE0FB7DBA687B
:10C260001A44FB7D1178FA6813440A461A72FB7D62
:10C270000133FB75FB7D0F2BF0D9FB6803F1240024
:10C28000FB680833FA6818320192DA6800920ECB24
:10C2900003F02AF90023BB750AE0BA7DBB7D7968FB
:10C2A0000B44F9680A44127E1A70BB7D0133BB75DA
:10C2B000BB7D002BF1D0FB681B6804331B68F8685A
:10C2C0009847034618461837BD4680BD80B485B0F0
:10C2D00000AF786039607B6893F82130042B13D16C
:10C2E0007B68DB69BB600023FB730AE0FB7B3A6879
:10C2F0001A44FB7BB9680B4412781A70FB7B01333C
:10C30000FB73FB7B0F2BF1D900BF1437BD465DF8E3
:10C31000047B704780B485B000AF786039607B687B
:10C3200093F82130042B15D17B68DB69BB600023B7
:10C33000FB730AE0FB7BBA681A44FB7B39680B4449
:10C3400012781A70FB7B0133FB73FB7B002BF1D05F
:10C35000012300E0002318461437BD465DF8047B36
:10C36000704780B483B000AF78607B6893F8213069
:10C3700018460C37BD465DF8047B704780B483B027
:10C3800000AF7860542318460C37BD465DF8047B37
:10C39000704780B483B000AF7860012318460C3733
:10C3A000BD465DF8047B7047B0B59AB014AFF86035
:10C3B000B9607A600023FB750BE0FB7DBA681A4414
:10C3C000FB7D1178FA6813440A461A72FB7D01332B
:10C3D000FB75FB7D532BF0D9FB6803F16805FB6807
:10C3E00003F10804FB685C331293684604F10C0304
:10C3F000482219460FF06AF894E80E00284603F028
:10C4000091F80023BB750BE0BA7DBB7D79680B44C6
:10C41000F9680A4492F85C201A70BB7D0133BB7541
:10C42000BB7D002BF0D0FB681B6804331B68F868E9
:10C430009847034618461837BD46B0BD80B485B04E
:10C4400000AF786039607B6893F86530042B13D1B6
:10C450007B681B6EBB600023FB730AE0FB7B3A68C2
:10C460001A44FB7BB9680B4412781A70FB7B0133CA
:10C47000FB73FB7B532BF1D900BF1437BD465DF82E
:10C48000047B704780B485B000AF786039607B680A
:10C4900093F86530042B15D17B681B6EBB600023BD
:10C4A000FB730AE0FB7BBA681A44FB7B39680B44D8
:10C4B00012781A70FB7B0133FB73FB7B002BF1D0EE
:10C4C000012300E0002318461437BD465DF8047BC5
:10C4D000704780B483B000AF78607B6893F86530B4
:10C4E00018460C37BD465DF8047B704780B483B0B6
:10C4F00000AF7860002318460C37BD465DF8047B1A
:10C50000704780B483B000AF7860022318460C37C0
:10C51000BD465DF8047B704780B586B000AFF8601B
:10C52000B9607A60FB6803F11002FB6806331946B4
:10C53000104603F01BF80023FB750AE0FA7DFB7D33
:10C5400079680B44F9680A4492791A70FB7D0133CB
:10C55000FB75FB7D012BF1D9FB681B6804331B685D
:10C56000F8689847034618461837BD4680BD80B422
:10C5700085B000AF786039607B685B7B032B15D199
:10C580007B689B68BB600023FB730AE0FB7BBA6897
:10C590001A44FB7B39680B4412781A70FB7B013319
:10C5A000FB73FB7B012BF1D9022300E0002318462B
:10C5B0001437BD465DF8047B704780B483B000AF8C
:10C5C00078607B685B7B18460C37BD465DF8047B62
:10C5D000704780B483B000AF7860002318460C37F2
:10C5E000BD465DF8047B704780B483B000AF7860CF
:10C5F000342318460C37BD465DF8047B704780B580
:10C6000086B000AFF860B9607A60FB6803F144025D
:10C61000FB6808331946104602F0BAFF0023FB7589
:10C620000AE0FA7DFB7D79680B44F9680A44127AC6
:10C630001A70FB7D0133FB75FB7D332BF1D9FB6851
:10C640001B6804331B68F868984703461846183778
:10C65000BD4680BD80B485B000AF786039607B682E
:10C6600093F84130032B15D17B68DB6BBB60002353
:10C67000FB730AE0FB7BBA681A44FB7B39680B4406
:10C6800012781A70FB7B0133FB73FB7B332BF1D9E0
:10C69000342300E0002318461437BD465DF8047BC0
:10C6A000704780B483B000AF78607B6893F8413006
:10C6B00018460C37BD465DF8047B704780B483B0E4
:10C6C00000AF7860002318460C37BD465DF8047B48
:10C6D000704780B483B000AF7860012318460C37F0
:10C6E000BD465DF8047B704780B586B000AFF8604A
:10C6F000B9607A60FB6803F11002FB6805331946E4
:10C70000104602F061FF0023FB750AE0FA7DFB7D15
:10C7100079680B44F9680A4452791A70FB7D013339
:10C72000FB75FB7D002BF1D0FB681B6804331B6895
:10C73000F8689847034618461837BD4680BD80B450
:10C7400085B000AF786039607B685B7B032B15D1C7
:10C750007B689B68BB600023FB730AE0FB7BBA68C5
:10C760001A44FB7B39680B4412781A70FB7B013347
:10C77000FB73FB7B002BF1D0012300E00023184664
:10C780001437BD465DF8047B704780B483B000AFBA
:10C7900078607B685B7B18460C37BD465DF8047B90
:10C7A000704780B483B000AF7860102318460C3710
:10C7B000BD465DF8047B704780B483B000AF7860FD
:10C7C000012318460C37BD465DF8047B704780B5E1
:10C7D00088B002AFF860B9607A600023FB750BE0A7
:10C7E000FB7DBA681A44FB7D1178FA6813440A4647
:10C7F0001A72FB7D0133FB75FB7D0F2BF0D9FB68B3
:10C8000003F12400FB680833FA6818320192DA68F1
:10C8100000920ECB02F0EAFE0023BB750AE0BA7D5F
:10C82000BB7D79680B44F9680A44127E1A70BB7D9F
:10C830000133BB75BB7D002BF1D0FB681B68043353
:10C840001B68F8689847034618461837BD4680BDF0
:10C8500080B485B000AF786039607B6893F8213090
:10C86000042B13D17B68DB69BB600023FB730AE0F8
:10C87000FB7B3A681A44FB7BB9680B4412781A7048
:10C88000FB7B0133FB73FB7B0F2BF1D900BF14370C
:10C89000BD465DF8047B704780B485B000AF78601A
:10C8A00039607B6893F82130042B15D17B68DB69F4
:10C8B000BB600023FB730AE0FB7BBA681A44FB7B76
:10C8C00039680B4412781A70FB7B0133FB73FB7BD6
:10C8D000002BF1D0012300E0002318461437BD4699
:10C8E0005DF8047B704780B483B000AF78607B68EC
:10C8F00093F8213018460C37BD465DF8047B70472D
:10C9000080B483B000AF7860082318460C37BD466A
:10C910005DF8047B704780B483B000AF786001237A
:10C9200018460C37BD465DF8047B704780B586B06D
:10C9300000AFF860B9607A600023FB750BE0FB7D07
:10C94000BA681A44FB7D1178FA6813440A461A72D1
:10C95000FB7D0133FB75FB7D072BF0D9FB6803F1F1
:10C960001C00FB680833FA68103293ED007AD3EDAF
:10C97000017A1146B0EE470AF0EE670A02F054FE63
:10C980000023BB750AE0BA7DBB7D79680B44F9686A
:10C990000A44127C1A70BB7D0133BB75BB7D002B32
:10C9A000F1D0FB681B6804331B68F868984703469E
:10C9B00018461837BD4680BD80B485B000AF78609A
:10C9C00039607B685B7E042B13D17B685B69BB603D
:10C9D0000023FB730AE0FB7B3A681A44FB7BB968CF
:10C9E0000B4412781A70FB7B0133FB73FB7B072B24
:10C9F000F1D900BF1437BD465DF8047B704780B4A1
:10CA000085B000AF786039607B685B7E042B15D100
:10CA10007B685B69BB600023FB730AE0FB7BBA6841
:10CA20001A44FB7B39680B4412781A70FB7B013384
:10CA3000FB73FB7B002BF1D0012300E000231846A1
:10CA40001437BD465DF8047B704780B483B000AFF7
:10CA500078607B685B7E18460C37BD465DF8047BCA
:10CA6000704780B483B000AF7860002318460C375D
:10CA7000BD465DF8047B704780B483B000AF78603A
:10CA8000502318460C37BD465DF8047B704780B5CF
:10CA900086B000AFF860B9607A60FB6803F16002AD
:10CAA000FB6808331946104602F0E0FD0023FB75D1
:10CAB0000AE0FA7DFB7D79680B44F9680A44127A32
:10CAC0001A70FB7D0133FB75FB7D4F2BF1D9FB68A1
:10CAD0001B6804331B68F8689847034618461837E4
:10CAE000BD4680BD80B485B000AF786039607B689A
:10CAF00093F85D30032B15D17B689B6DBB600023E1
:10CB0000FB730AE0FB7BBA681A44FB7B39680B4471
:10CB100012781A70FB7B0133FB73FB7B4F2BF1D92F
:10CB2000502300E0002318461437BD465DF8047B0F
:10CB3000704780B483B000AF78607B6893F85D3055
:10CB400018460C37BD465DF8047B704780B483B04F
:10CB500000AF7860502318460C37BD465DF8047B63
:10CB6000704780B483B000AF7860012318460C375B
:10CB7000BD465DF8047B7047B0B598B012AFF86061
:10CB8000B9607A600023FB750BE0FB7DBA681A443C
:10CB9000FB7D1178FA6813440A461A72FB7D013353
:10CBA000FB75FB7D4F2BF0D9FB6803F16405FB6837
:10CBB00003F10804FB6858331193684604F10C0331
:10CBC000442219460EF082FC94E80E00284602F03A
:10CBD00065FD0023BB750BE0BA7DBB7D79680B4416
:10CBE000F9680A4492F858201A70BB7D0133BB756E
:10CBF000BB7D002BF0D0FB681B6804331B68F86812
:10CC00009847034618461837BD46B0BD80B485B076
:10CC100000AF786039607B6893F86130042B13D1E2
:10CC20007B68DB6DBB600023FB730AE0FB7B3A682B
:10CC30001A44FB7BB9680B4412781A70FB7B0133F2
:10CC4000FB73FB7B4F2BF1D900BF1437BD465DF85A
:10CC5000047B704780B485B000AF786039607B6832
:10CC600093F86130042B15D17B68DB6DBB6000232A
:10CC7000FB730AE0FB7BBA681A44FB7B39680B4400
:10CC800012781A70FB7B0133FB73FB7B002BF1D016
:10CC9000012300E0002318461437BD465DF8047BED
:10CCA000704780B483B000AF78607B6893F86130E0
:10CCB00018460C37BD465DF8047B704780B483B0DE
:10CCC00000AF7860012318460C37BD465DF8047B41
:10CCD000704780B483B000AF7860002318460C37EB
:10CCE000BD465DF8047B704780B586B000AFF86044
:10CCF000B9607A600023FB750BE0FB7DBA681A44CB
:10CD0000FB7D1178FA6813440A465A71FB7D0133A2
:10CD1000FB75FB7D002BF0D0FB6803F11002FB6874
:10CD200005331B781946104602F0DCFCFB681B68D3
:10CD300004331B68F8689847034618461837BD4601
:10CD400080BD80B485B000AF786039607B685B7B64
:10CD5000022B13D17B689B68BB600023FB730AE046
:10CD6000FB7B3A681A44FB7BB9680B4412781A7053
:10CD7000FB7B0133FB73FB7B002BF1D000BF14372F
:10CD8000BD465DF8047B704780B483B000AF786027
:10CD90007B685B7B18460C37BD465DF8047B7047AB
:10CDA00080B483B000AF78604C2318460C37BD4682
:10CDB0005DF8047B704780B483B000AF78600023D7
:10CDC00018460C37BD465DF8047B7047F0B597B048
:10CDD00010AFF860B9607A600023FB750BE0FB7D53
:10CDE000BA681A44FB7D1178FA6813440A461A722D
:10CDF000FB7D0133FB75FB7D4B2BF0D9FB6803F109
:10CE00005C0CFB6803F108066D4606F10C040FCCC0
:10CE10000FC50FCC0FC50FCC0FC594E80F0085E8E8
:10CE20000F0096E80E00604602F06DFCFB681B6880
:10CE300004331B68F8689847034618461C37BD46FC
:10CE4000F0BD80B485B000AF786039607B6893F83E
:10CE50005930022B13D17B685B6DBB600023FB73E1
:10CE60000AE0FB7B3A681A44FB7BB9680B441278F2
:10CE70001A70FB7B0133FB73FB7B4B2BF1D900BF9B
:10CE80001437BD465DF8047B704780B483B000AFB3
:10CE900078607B6893F8593018460C37BD465DF8CA
:10CEA000047B704780B483B000AF786000231846DD
:10CEB0000C37BD465DF8047B704780B483B000AF8B
:10CEC00078604C2318460C37BD465DF8047B7047EC
:10CED00080B586B000AFF860B9607A60FB6803F196
:10CEE0005C02FB6808331946104602F032FC00234E
:10CEF000FB750AE0FA7DFB7D79680B44F9680A440A
:10CF0000127A1A70FB7D0133FB75FB7D4B2BF1D937
:10CF1000FB681B6804331B68F8689847034618468B
:10CF20001837BD4680BD80B485B000AF78603960E9
:10CF30007B6893F85930032B15D17B685B6DBB6020
:10CF40000023FB730AE0FB7BBA681A44FB7B396859
:10CF50000B4412781A70FB7B0133FB73FB7B4B2B6A
:10CF6000F1D94C2300E0002318461437BD465DF884
:10CF7000047B704780B483B000AF78607B6893F81F
:10CF8000593018460C37BD465DF8047B704780B4B5
:10CF900083B000AF78600C2318460C37BD465DF8AF
:10CFA000047B704780B483B000AF786000231846DC
:10CFB0000C37BD465DF8047B704780B586B000AF86
:10CFC000F860B9607A600023FB750BE0FB7DBA68FE
:10CFD0001A44FB7D1178FA6813440A461A72FB7DE5
:10CFE0000133FB75FB7D0B2BF0D9FB6803F11C00B3
:10CFF000FB6808330ECB02F0C4FBFB681B680433EC
:10D000001B68F8689847034618461837BD4680BD28
:10D0100080B485B000AF786039607B685B7E022B9E
:10D0200013D17B685B69BB600023FB730AE0FB7B69
:10D030003A681A44FB7BB9680B4412781A70FB7B80
:10D040000133FB73FB7B0B2BF1D900BF1437BD46BB
:10D050005DF8047B704780B483B000AF78607B6874
:10D060005B7E18460C37BD465DF8047B704780B484
:10D0700083B000AF7860002318460C37BD465DF8DA
:10D08000047B704780B483B000AF78600C231846EF
:10D090000C37BD465DF8047B704780B586B000AFA5
:10D0A000F860B9607A60FB6803F11C02FB68083322
:10D0B0001946104602F077FB0023FB750AE0FA7D63
:10D0C000FB7D79680B44F9680A44127A1A70FB7D7B
:10D0D0000133FB75FB7D0B2BF1D9FB681B68043317
:10D0E0001B68F8689847034618461837BD4680BD48
:10D0F00080B485B000AF786039607B685B7E032BBD
:10D1000015D17B685B69BB600023FB730AE0FB7B86
:10D11000BA681A44FB7B39680B4412781A70FB7B9F
:10D120000133FB73FB7B0B2BF1D90C2300E00023B5
:10D1300018461437BD465DF8047B704780B483B051
:10D1400000AF78607B685B7E18460C37BD465DF8A3
:10D15000047B704780B483B000AF78600C2318461E
:10D160000C37BD465DF8047B704780B483B000AFD8
:10D170007860002318460C37BD465DF8047B704785
:10D1800080B586B000AFF860B9607A600023FB75A7
:10D190000BE0FB7DBA681A44FB7D1178FA681344F2
:10D1A0000A461A72FB7D0133FB75FB7D0B2BF0D910
:10D1B000FB6803F11C00FB6808330ECB02F00EFB8A
:10D1C000FB681B6804331B68F868984703461846D9
:10D1D0001837BD4680BD80B485B000AF7860396037
:10D1E0007B685B7E022B13D17B685B69BB6000238D
:10D1F000FB730AE0FB7B3A681A44FB7BB9680B447B
:10D2000012781A70FB7B0133FB73FB7B0B2BF1D97C
:10D2100000BF1437BD465DF8047B704780B483B00F
:10D2200000AF78607B685B7E18460C37BD465DF8C2
:10D23000047B704780B483B000AF78600023184649
:10D240000C37BD465DF8047B704780B483B000AFF7
:10D2500078600C2318460C37BD465DF8047B704798
:10D2600080B586B000AFF860B9607A60FB6803F102
:10D270001C02FB6808331946104602F0C1FA00236D
:10D28000FB750AE0FA7DFB7D79680B44F9680A4476
:10D29000127A1A70FB7D0133FB75FB7D0B2BF1D9E4
:10D2A000FB681B6804331B68F868984703461846F8
:10D2B0001837BD4680BD80B485B000AF7860396056
:10D2C0007B685B7E032B15D17B685B69BB600023A9
:10D2D000FB730AE0FB7BBA681A44FB7B39680B449A
:10D2E00012781A70FB7B0133FB73FB7B0B2BF1D99C
:10D2F0000C2300E0002318461437BD465DF8047B7C
:10D30000704780B483B000AF78607B685B7E18465E
:10D310000C37BD465DF8047B704780B483B000AF26
:10D3200078600C2318460C37BD465DF8047B7047C7
:10D3300080B483B000AF7860002318460C37BD4638
:10D340005DF8047B704780B586B000AFF860B960C7
:10D350007A600023FB750BE0FB7DBA681A44FB7D05
:10D360001178FA6813440A461A72FB7D0133FB7583
:10D37000FB7D0B2BF0D9FB6803F11C00FB68083325
:10D380000ECB02F058FAFB681B6804331B68F86880
:10D390009847034618461837BD4680BD80B485B00F
:10D3A00000AF786039607B685B7E022B13D17B68AD
:10D3B0005B69BB600023FB730AE0FB7B3A681A449D
:10D3C000FB7BB9680B4412781A70FB7B0133FB734B
:10D3D000FB7B0B2BF1D900BF1437BD465DF8047BF6
:10D3E000704780B483B000AF78607B685B7E18467E
:10D3F0000C37BD465DF8047B704780B483B000AF46
:10D400007860002318460C37BD465DF8047B7047F2
:10D4100080B483B000AF78600C2318460C37BD464B
:10D420005DF8047B704780B586B000AFF860B960E6
:10D430007A60FB6803F11C02FB680833194610464A
:10D4400002F00BFA0023FB750AE0FA7DFB7D796898
:10D450000B44F9680A44127A1A70FB7D0133FB759C
:10D46000FB7D0B2BF1D9FB681B6804331B68F86844
:10D470009847034618461837BD4680BD80B485B02E
:10D4800000AF786039607B685B7E032B15D17B68C9
:10D490005B69BB600023FB730AE0FB7BBA681A443C
:10D4A000FB7B39680B4412781A70FB7B0133FB73EA
:10D4B000FB7B0B2BF1D90C2300E00023184614371B
:10D4C000BD465DF8047B704780B483B000AF7860E0
:10D4D0007B685B7E18460C37BD465DF8047B704761
:10D4E00080B483B000AF78600C2318460C37BD467B
:10D4F0005DF8047B704780B483B000AF7860002390
:10D5000018460C37BD465DF8047B704780B586B081
:10D5100000AFF860B9607A600023FB750BE0FB7D1B
:10D52000BA681A44FB7D1178FA6813440A461A72E5
:10D53000FB7D0133FB75FB7D0B2BF0D9FB6803F101
:10D540001C02FB680833D3ED006A93ED017AD3ED3A
:10D55000027AB0EE660AF0EE470AB0EE671A10469D
:10D5600002F096F9FB681B6804331B68F86898475B
:10D57000034618461837BD4680BD80B485B000AF5D
:10D58000786039607B685B7E022B13D17B685B69B6
:10D59000BB600023FB730AE0FB7B3A681A44FB7B09
:10D5A000B9680B4412781A70FB7B0133FB73FB7B69
:10D5B0000B2BF1D900BF1437BD465DF8047B7047D3
:10D5C00080B483B000AF78607B685B7E18460C3710
:10D5D000BD465DF8047B704780B483B000AF7860CF
:10D5E000022318460C37BD465DF8047B704780B4B3
:10D5F00083B000AF7860012318460C37BD465DF854
:10D60000047B704780B586B000AFF860B9607A607F
:10D610000023FB750BE0FB7DBA681A44FB7D117893
:10D62000FA6813440A469A71FB7D0133FB75FB7D52
:10D63000012BF0D9FB6803F11400FB68063319884D
:10D64000FB6808331A4602F048F90023BB750AE06C
:10D65000BA7DBB7D79680B44F9680A44127A1A7066
:10D66000BB7D0133BB75BB7D002BF1D0FB681B6814
:10D6700004331B68F8689847034618461837BD46B8
:10D6800080BD80B485B000AF786039607B685B7C1A
:10D69000042B13D17B68DB68BB600023FB730AE0BB
:10D6A000FB7B3A681A44FB7BB9680B4412781A700A
:10D6B000FB7B0133FB73FB7B012BF1D900BF1437DC
:10D6C000BD465DF8047B704780B485B000AF7860DC
:10D6D00039607B685B7C042B15D17B68DB68BB60A1
:10D6E0000023FB730AE0FB7BBA681A44FB7B3968B2
:10D6F0000B4412781A70FB7B0133FB73FB7B002B0E
:10D70000F1D0012300E0002318461437BD465DF830
:10D71000047B704780B483B000AF78607B685B7C2B
:10D7200018460C37BD465DF8047B704780B483B063
:10D7300000AF7860002318460C37BD465DF8047BC7
:10D74000704780B483B000AF78600E2318460C3762
:10D75000BD465DF8047B704780B586B000AFF860C9
:10D76000B9607A60FB6803F11C02FB680633194656
:10D77000104602F0C8F80023FB750AE0FA7DFB7D35
:10D7800079680B44F9680A4492791A70FB7D013379
:10D79000FB75FB7D0D2BF1D9FB681B6804331B68FF
:10D7A000F8689847034618461837BD4680BD80B4D0
:10D7B00085B000AF786039607B685B7E032B15D144
:10D7C0007B685B69BB600023FB730AE0FB7BBA6884
:10D7D0001A44FB7B39680B4412781A70FB7B0133C7
:10D7E000FB73FB7B0D2BF1D90E2300E000231846C1
:10D7F0001437BD465DF8047B704780B483B000AF3A
:10D8000078607B685B7E18460C37BD465DF8047B0C
:10D81000704780B483B000AF78600E2318460C3791
:10D82000BD465DF8047B704780B483B000AF78607C
:10D83000012318460C37BD465DF8047B7047B0B530
:10D8400088B002AFF860B9607A600023FB750BE026
:10D85000FB7DBA681A44FB7D1178FA6813440A46C6
:10D860009A71FB7D0133FB75FB7D0D2BF0D9FB68B5
:10D8700003F12000FB680633FA68143201921A683B
:10D8800011465C6822469D682C469B89ADF80030A5
:10D89000234602F054F80023BB750AE0BA7DBB7D35
:10D8A00079680B44F9680A44127D1A70BB7D013314
:10D8B000BB75BB7D002BF1D0FB681B6804331B6874
:10D8C000F8689847034618461837BD46B0BD80B47F
:10D8D00085B000AF786039607B685B7F042B13D123
:10D8E0007B689B69BB600023FB730AE0FB7B3A68A3
:10D8F0001A44FB7BB9680B4412781A70FB7B013326
:10D90000FB73FB7B0D2BF1D900BF1437BD465DF8CF
:10D91000047B704780B485B000AF786039607B6865
:10D920005B7F042B15D17B689B69BB600023FB7375
:10D930000AE0FB7BBA681A44FB7B39680B44127817
:10D940001A70FB7B0133FB73FB7B002BF1D00123AF
:10D9500000E0002318461437BD465DF8047B70478D
:10D9600080B483B000AF78607B685B7F18460C376B
:10D97000BD465DF8047B704780B483B000AF78602B
:10D98000142318460C37BD465DF8047B704780B4FD
:10D9900083B000AF7860012318460C37BD465DF8B0
:10D9A000047B7047B0B58AB004AFF860B9607A60A4
:10D9B0000023FB750BE0FB7DBA681A44FB7D1178F0
:10D9C000FA6813440A461A72FB7D0133FB75FB7D2E
:10D9D000132BF0D9FB6803F12804FB680833FA68BD
:10D9E0001C3202926D4603F10C0292E8030085E8B6
:10D9F00003000ECB204601F0C1FF0023BB750AE0F7
:10DA0000BA7DBB7D79680B44F9680A44127F1A70AD
:10DA1000BB7D0133BB75BB7D002BF1D0FB681B6860
:10DA200004331B68F8689847034618461837BD4604
:10DA3000B0BD80B485B000AF786039607B6893F882
:10DA40002530042B13D17B681B6ABB600023FB735A
:10DA50000AE0FB7B3A681A44FB7BB9680B441278F6
:10DA60001A70FB7B0133FB73FB7B132BF1D900BFD7
:10DA70001437BD465DF8047B704780B485B000AFB5
:10DA8000786039607B6893F82530042B15D17B686A
:10DA90001B6ABB600023FB730AE0FB7BBA681A4475
:10DAA000FB7B39680B4412781A70FB7B0133FB73E4
:10DAB000FB7B002BF1D0012300E000231846143734
:10DAC000BD465DF8047B704780B483B000AF7860DA
:10DAD0007B6893F8253018460C37BD465DF8047B0B
:10DAE000704780B483B000AF7860012318460C37CC
:10DAF000BD465DF8047B704780B483B000AF7860AA
:10DB0000012318460C37BD465DF8047B704780B58D
:10DB100086B000AFF860B9607A600023FB750BE057
:10DB2000FB7DBA681A44FB7D1178FA6813440A46F3
:10DB30005A71FB7D0133FB75FB7D002BF0D0FB6838
:10DB400003F11000FB6805331978FB6806331A46A9
:10DB500001F038FF0023BB750AE0BA7DBB7D796810
:10DB60000B44F9680A4492791A70BB7D0133BB7586
:10DB7000BB7D002BF1D0FB681B6804331B68F86881
:10DB80009847034618461837BD4680BD80B485B017
:10DB900000AF786039607B685B7B042B13D17B68B6
:10DBA0009B68BB600023FB730AE0FB7B3A681A4466
:10DBB000FB7BB9680B4412781A70FB7B0133FB7353
:10DBC000FB7B002BF1D000BF1437BD465DF8047B12
:10DBD000704780B485B000AF786039607B685B7B4C
:10DBE000042B15D17B689B68BB600023FB730AE0A4
:10DBF000FB7BBA681A44FB7B39680B4412781A70B5
:10DC0000FB7B0133FB73FB7B002BF1D0012300E096
:10DC1000002318461437BD465DF8047B704780B476
:10DC200083B000AF78607B685B7B18460C37BD46DD
:10DC30005DF8047B704780B483B000AF7860042344
:10DC400018460C37BD465DF8047B704780B483B03E
:10DC500000AF7860012318460C37BD465DF8047BA1
:10DC6000704780B586B000AFF860B9607A60002375
:10DC7000FB750BE0FB7DBA681A44FB7D1178FA68EE
:10DC800013440A461A72FB7D0133FB75FB7D032B9F
:10DC9000F0D9FB6803F11802FB680833D3ED007A72
:10DCA000FB680C331946B0EE670A104601F0A0FE7F
:10DCB0000023BB750AE0BA7DBB7D79680B44F96827
:10DCC0000A44127B1A70BB7D0133BB75BB7D002BF0
:10DCD000F1D0FB681B6804331B68F868984703465B
:10DCE00018461837BD4680BD80B485B000AF786057
:10DCF00039607B685B7D042B13D17B681B69BB603B
:10DD00000023FB730AE0FB7B3A681A44FB7BB9688B
:10DD10000B4412781A70FB7B0133FB73FB7B032BE4
:10DD2000F1D900BF1437BD465DF8047B704780B45D
:10DD300085B000AF786039607B685B7D042B15D1BE
:10DD40007B681B69BB600023FB730AE0FB7BBA683E
:10DD50001A44FB7B39680B4412781A70FB7B013341
:10DD6000FB73FB7B002BF1D0012300E0002318465E
:10DD70001437BD465DF8047B704780B483B000AFB4
:10DD800078607B685B7D18460C37BD465DF8047B88
:10DD9000704780B483B000AF7860182318460C3702
:10DDA000BD465DF8047B704780B483B000AF7860F7
:10DDB000012318460C37BD465DF8047B7047B0B5AB
:10DDC0008AB004AFF860B9607A600023FB750BE09D
:10DDD000FB7DBA681A44FB7D1178FA6813440A4641
:10DDE0001A72FB7D0133FB75FB7D172BF0D9FB68A5
:10DDF00003F12C05FB680833FA68203203926C4665
:10DE000003F10C0207CA84E807000ECB284601F094
:10DE100005FE0023BB750BE0BA7DBB7D79680B4422
:10DE2000F9680A4492F820201A70BB7D0133BB7553
:10DE3000BB7D002BF0D0FB681B6804331B68F868BF
:10DE40009847034618461837BD46B0BD80B485B024
:10DE500000AF786039607B6893F82930042B13D1C8
:10DE60007B685B6ABB600023FB730AE0FB7B3A685C
:10DE70001A44FB7BB9680B4412781A70FB7B0133A0
:10DE8000FB73FB7B172BF1D900BF1437BD465DF840
:10DE9000047B704780B485B000AF786039607B68E0
:10DEA00093F82930042B15D17B685B6ABB60002393
:10DEB000FB730AE0FB7BBA681A44FB7B39680B44AE
:10DEC00012781A70FB7B0133FB73FB7B002BF1D0C4
:10DED000012300E0002318461437BD465DF8047B9B
:10DEE000704780B483B000AF78607B6893F82930C6
:10DEF00018460C37BD465DF8047B704780B483B08C
:10DF000000AF7860142318460C37BD465DF8047BDB
:10DF1000704780B483B000AF7860012318460C3797
:10DF2000BD465DF8047B7047B0B58AB004AFF860B9
:10DF3000B9607A600023FB750BE0FB7DBA681A4478
:10DF4000FB7D1178FA6813440A461A72FB7D01338F
:10DF5000FB75FB7D132BF0D9FB6803F12804FB68EC
:10DF60000833FA681C3202926D4603F10C0292E803
:10DF7000030085E803000ECB204601F073FD00236B
:10DF8000BB750AE0BA7DBB7D79680B44F9680A4429
:10DF9000127F1A70BB7D0133BB75BB7D002BF1D0A6
:10DFA000FB681B6804331B68F868984703461846EB
:10DFB0001837BD46B0BD80B485B000AF7860396019
:10DFC0007B6893F82530042B13D17B681B6ABB60F8
:10DFD0000023FB730AE0FB7B3A681A44FB7BB968B9
:10DFE0000B4412781A70FB7B0133FB73FB7B132B02
:10DFF000F1D900BF1437BD465DF8047B704780B48B
:10E0000085B000AF786039607B6893F82530042BC9
:10E0100015D17B681B6ABB600023FB730AE0FB7BA6
:10E02000BA681A44FB7B39680B4412781A70FB7B80
:10E030000133FB73FB7B002BF1D0012300E00023B5
:10E0400018461437BD465DF8047B704780B483B032
:10E0500000AF78607B6893F8253018460C37BD46D2
:10E060005DF8047B704780B483B000AF78603C23D8
:10E0700018460C37BD465DF8047B704780B483B00A
:10E0800000AF7860012318460C37BD465DF8047B6D
:10E090007047F0B595B00EAFF860B9607A600023B4
:10E0A000FB750BE0FB7DBA681A44FB7D1178FA68BA
:10E0B00013440A461A72FB7D0133FB75FB7D3B2B33
:10E0C000F0D9FB6803F1500CFB6803F10806FB680C
:10E0D00044330C936D4606F10C040FCC0FC50FCCE6
:10E0E0000FC594E80F0085E80F0096E80E00604623
:10E0F00001F0DCFC0023BB750BE0BA7DBB7D7968C9
:10E100000B44F9680A4492F844201A70BB7D01332D
:10E11000BB75BB7D002BF0D0FB681B6804331B680C
:10E12000F8689847034618461C37BD46F0BD80B4D2
:10E1300085B000AF786039607B6893F84D30042B70
:10E1400013D17B689B6CBB600023FB730AE0FB7BF5
:10E150003A681A44FB7BB9680B4412781A70FB7B4F
:10E160000133FB73FB7B3B2BF1D900BF1437BD465A
:10E170005DF8047B704780B485B000AF786039608B
:10E180007B6893F84D30042B15D17B689B6CBB608A
:10E190000023FB730AE0FB7BBA681A44FB7B3968F7
:10E1A0000B4412781A70FB7B0133FB73FB7B002B53
:10E1B000F1D0012300E0002318461437BD465DF876
:10E1C000047B704780B483B000AF78607B6893F8BD
:10E1D0004D3018460C37BD465DF8047B704780B45F
:10E1E00083B000AF7860402318460C37BD465DF819
:10E1F000047B704780B483B000AF78600123184679
:10E200000C37BD465DF8047B7047F0B595B00EAF96
:10E21000F860B9607A600023FB750BE0FB7DBA689B
:10E220001A44FB7D1178FA6813440A461A72FB7D82
:10E230000133FB75FB7D3F2BF0D9FB6803F1540CD8
:10E24000FB6803F10806FB6848330D936D4606F141
:10E250000C040FCC0FC50FCC0FC50FCC0FC5236816
:10E260002B6096E80E00604601F048FC0023BB7569
:10E270000BE0BA7DBB7D79680B44F9680A4492F8DB
:10E2800048201A70BB7D0133BB75BB7D002BF0D0DD
:10E29000FB681B6804331B68F868984703461846F8
:10E2A0001C37BD46F0BD80B485B000AF78603960E2
:10E2B0007B6893F85130042B13D17B68DB6CBB6017
:10E2C0000023FB730AE0FB7B3A681A44FB7BB968C6
:10E2D0000B4412781A70FB7B0133FB73FB7B3F2BE3
:10E2E000F1D900BF1437BD465DF8047B704780B498
:10E2F00085B000AF786039607B6893F85130042BAB
:10E3000015D17B68DB6CBB600023FB730AE0FB7BF1
:10E31000BA681A44FB7B39680B4412781A70FB7B8D
:10E320000133FB73FB7B002BF1D0012300E00023C2
:10E3300018461437BD465DF8047B704780B483B03F
:10E3400000AF78607B6893F8513018460C37BD46B3
:10E350005DF8047B704780B483B000AF786004231D
:10E3600018460C37BD465DF8047B704780B483B017
:10E3700000AF7860042318460C37BD465DF8047B77
:10E38000704780B586B000AFF860B9607A6000234E
:10E39000FB750BE0FB7DBA681A44FB7D1178FA68C7
:10E3A00013440A461A72FB7D0133FB75FB7D032B78
:10E3B000F0D9FB6803F11802FB680833D3ED007A4B
:10E3C000FB680C331946B0EE670A104601F0BEFB3D
:10E3D0000023BB750AE0BA7DBB7D79680B44F96800
:10E3E0000A44127B1A70BB7D0133BB75BB7D032BC6
:10E3F000F1D9FB681B6804331B68F868984703462B
:10E4000018461837BD4680BD80B485B000AF78602F
:10E4100039607B685B7D042B13D17B681B69BB6013
:10E420000023FB730AE0FB7B3A681A44FB7BB96864
:10E430000B4412781A70FB7B0133FB73FB7B032BBD
:10E44000F1D900BF1437BD465DF8047B704780B436
:10E4500085B000AF786039607B685B7D042B15D197
:10E460007B681B69BB600023FB730AE0FB7BBA6817
:10E470001A44FB7B39680B4412781A70FB7B01331A
:10E48000FB73FB7B032BF1D9042300E00023184628
:10E490001437BD465DF8047B704780B483B000AF8D
:10E4A00078607B685B7D18460C37BD465DF8047B61
:10E4B000704780B483B000AF7860002318460C37F3
:10E4C000BD465DF8047B704780B483B000AF7860D0
:10E4D0004FF4D67318460C37BD465DF8047B704781
:10E4E00080B586B000AFF860B9607A60FB6803F56C
:10E4F000DE72FB6808331946104601F03EFB00232C
:10E50000FB75FA7DFB7D79680B44F9680A44127A41
:10E510001A70FB7D0133FB7500BFF2E780B485B054
:10E5200000AF786039607B6893F8B931032B12D162
:10E530007B68D3F8B431BB600023FB73FB7BBA6804
:10E540001A44FB7B39680B4412781A70FB7B013349
:10E55000FB7300BFF2E7002318461437BD465DF891
:10E56000047B704780B483B000AF78607B6893F819
:10E57000B93118460C37BD465DF8047B704780B44E
:10E5800083B000AF7860082318460C37BD465DF8AD
:10E59000047B704780B483B000AF786001231846D5
:10E5A0000C37BD465DF8047B704780B586B000AF80
:10E5B000F860B9607A600023FB750BE0FB7DBA68F8
:10E5C0001A44FB7D1178FA6813440A461A72FB7DDF
:10E5D0000133FB75FB7D072BF0D9FB6803F11C00B1
:10E5E000FB680833FA68103293ED007AD3ED017AB4
:10E5F0001146B0EE470AF0EE670A01F0E0FA002398
:10E60000BB750AE0BA7DBB7D79680B44F9680A44A2
:10E61000127C1A70BB7D0133BB75BB7D002BF1D022
:10E62000FB681B6804331B68F86898470346184664
:10E630001837BD4680BD80B485B000AF78603960C2
:10E640007B685B7E042B13D17B685B69BB60002316
:10E65000FB730AE0FB7B3A681A44FB7BB9680B4406
:10E6600012781A70FB7B0133FB73FB7B072BF1D90C
:10E6700000BF1437BD465DF8047B704780B485B099
:10E6800000AF786039607B685B7E042B15D17B68B6
:10E690005B69BB600023FB730AE0FB7BBA681A442A
:10E6A000FB7B39680B4412781A70FB7B0133FB73D8
:10E6B000FB7B002BF1D0012300E000231846143728
:10E6C000BD465DF8047B704780B483B000AF7860CE
:10E6D0007B685B7E18460C37BD465DF8047B70474F
:10E6E00080B483B000AF7860082318460C37BD466D
:10E6F0005DF8047B704780B483B000AF786001237D
:10E7000018460C37BD465DF8047B704780B586B06F
:10E7100000AFF860B9607A600023FB750BE0FB7D09
:10E72000BA681A44FB7D1178FA6813440A461A72D3
:10E73000FB7D0133FB75FB7D072BF0D9FB6803F1F3
:10E740001C00FB680833FA68103293ED007AD3EDB1
:10E75000017A1146B0EE470AF0EE670A01F051FA6D
:10E760000023BB750AE0BA7DBB7D79680B44F9686C
:10E770000A44127C1A70BB7D0133BB75BB7D002B34
:10E78000F1D0FB681B6804331B68F86898470346A0
:10E7900018461837BD4680BD80B485B000AF78609C
:10E7A00039607B685B7E042B13D17B685B69BB603F
:10E7B0000023FB730AE0FB7B3A681A44FB7BB968D1
:10E7C0000B4412781A70FB7B0133FB73FB7B072B26
:10E7D000F1D900BF1437BD465DF8047B704780B4A3
:10E7E00085B000AF786039607B685B7E042B15D103
:10E7F0007B685B69BB600023FB730AE0FB7BBA6844
:10E800001A44FB7B39680B4412781A70FB7B013386
:10E81000FB73FB7B002BF1D0012300E000231846A3
:10E820001437BD465DF8047B704780B483B000AFF9
:10E8300078607B685B7E18460C37BD465DF8047BCC
:10E84000704780B483B000AF7860202318460C373F
:10E85000BD465DF8047B704780B483B000AF78603C
:10E86000012318460C37BD465DF8047B704780B520
:10E8700086B000AFF860B9607A600023FB750BE0EA
:10E88000FB7DBA681A44FB7D1178FA6813440A4686
:10E890001A72FB7D0133FB75FB7D1F2BF0D9FB68E2
:10E8A00003F13400FB6803F10801FB6828331A46C2
:10E8B00001F0C9F90023BB750BE0BA7DBB7D796817
:10E8C0000B44F9680A4492F828201A70BB7D013382
:10E8D000BB75BB7D002BF0D0FB681B6804331B6845
:10E8E000F8689847034618461837BD4680BD80B47F
:10E8F00085B000AF786039607B6893F83130042BC5
:10E9000013D17B68DB6ABB600023FB730AE0FB7BEF
:10E910003A681A44FB7BB9680B4412781A70FB7B87
:10E920000133FB73FB7B1F2BF1D900BF1437BD46AE
:10E930005DF8047B704780B485B000AF78603960C3
:10E940007B6893F83130042B15D17B68DB6ABB60A0
:10E950000023FB730AE0FB7BBA681A44FB7B39682F
:10E960000B4412781A70FB7B0133FB73FB7B002B8B
:10E97000F1D0012300E0002318461437BD465DF8AE
:10E98000047B704780B483B000AF78607B6893F8F5
:10E99000313018460C37BD465DF8047B704780B4B3
:10E9A00083B000AF7860012318460C37BD465DF890
:10E9B000047B704780B483B000AF786001231846B1
:10E9C0000C37BD465DF8047B704780B586B000AF5C
:10E9D000F860B9607A600023FB750BE0FB7DBA68D4
:10E9E0001A44FB7D1178FA6813440A465A71FB7D7C
:10E9F0000133FB75FB7D002BF0D0FB6803F11000A9
:10EA0000FB6805331978FB6806331A4601F02FF9C5
:10EA10000023BB750AE0BA7DBB7D79680B44F968B9
:10EA20000A4492791A70BB7D0133BB75BB7D002B04
:10EA3000F1D0FB681B6804331B68F86898470346ED
:10EA400018461837BD4680BD80B485B000AF7860E9
:10EA500039607B685B7B042B13D17B689B68BB6050
:10EA60000023FB730AE0FB7B3A681A44FB7BB9681E
:10EA70000B4412781A70FB7B0133FB73FB7B002B7A
:10EA8000F1D000BF1437BD465DF8047B704780B4F9
:10EA900085B000AF786039607B685B7B042B15D153
:10EAA0007B689B68BB600023FB730AE0FB7BBA6852
:10EAB0001A44FB7B39680B4412781A70FB7B0133D4
:10EAC000FB73FB7B002BF1D0012300E000231846F1
:10EAD0001437BD465DF8047B704780B483B000AF47
:10EAE00078607B685B7B18460C37BD465DF8047B1D
:10EAF000704780B483B000AF7860002318460C37AD
:10EB0000BD465DF8047B704780B483B000AF786089
:10EB1000012318460C37BD465DF8047B704780B56D
:10EB200086B000AFF860B9607A60FB6803F110024C
:10EB3000FB6805331946104601F0AFF80023FB755A
:10EB40000AE0FA7DFB7D79680B44F9680A44527942
:10EB50001A70FB7D0133FB75FB7D002BF1D0FB6848
:10EB60001B6804331B68F868984703461846183733
:10EB7000BD4680BD80B485B000AF786039607B68E9
:10EB80005B7B032B15D17B689B68BB600023FB7309
:10EB90000AE0FB7BBA681A44FB7B39680B441278A5
:10EBA0001A70FB7B0133FB73FB7B002BF1D001233D
:10EBB00000E0002318461437BD465DF8047B70471B
:10EBC00080B483B000AF78607B685B7B18460C37FD
:10EBD000BD465DF8047B704780B483B000AF7860B9
:10EBE000002318460C37BD465DF8047B704780B49F
:10EBF00083B000AF7860012318460C37BD465DF83E
:10EC0000047B704780B586B000AFF860B9607A6069
:10EC1000FB6803F11002FB6805331946104601F04A
:10EC20004EF80023FB750AE0FA7DFB7D79680B4402
:10EC3000F9680A4452791A70FB7D0133FB75FB7D3C
:10EC4000002BF1D0FB681B6804331B68F8689847F9
:10EC5000034618461837BD4680BD80B485B000AF66
:10EC6000786039607B685B7B032B15D17B689B6880
:10EC7000BB600023FB730AE0FB7BBA681A44FB7B92
:10EC800039680B4412781A70FB7B0133FB73FB7BF2
:10EC9000002BF1D0012300E0002318461437BD46B5
:10ECA0005DF8047B704780B483B000AF78607B6808
:10ECB0005B7B18460C37BD465DF8047B704780B41B
:10ECC00083B000AF7860012318460C37BD465DF86D
:10ECD000047B704780B483B000AF7860012318468E
:10ECE0000C37BD465DF8047B704780B586B000AF39
:10ECF000F860B9607A600023FB750BE0FB7DBA68B1
:10ED00001A44FB7D1178FA6813440A465A71FB7D58
:10ED10000133FB75FB7D002BF0D0FB6803F1100085
:10ED2000FB685979FB6806331A4600F0DAFF0023C6
:10ED3000BB750AE0BA7DBB7D79680B44F9680A446B
:10ED400092791A70BB7D0133BB75BB7D002BF1D06E
:10ED5000FB681B6804331B68F8689847034618462D
:10ED60001837BD4680BD80B485B000AF786039608B
:10ED70007B685B7B042B13D17B689B68BB600023A3
:10ED8000FB730AE0FB7B3A681A44FB7BB9680B44CF
:10ED900012781A70FB7B0133FB73FB7B002BF1D0E5
:10EDA00000BF1437BD465DF8047B704780B485B062
:10EDB00000AF786039607B685B7B042B15D17B6882
:10EDC0009B68BB600023FB730AE0FB7BBA681A44B4
:10EDD000FB7B39680B4412781A70FB7B0133FB73A1
:10EDE000FB7B002BF1D0012300E0002318461437F1
:10EDF000BD465DF8047B704780B483B000AF786097
:10EE00007B685B7B18460C37BD465DF8047B70471A
:10EE100080B483B000AF7860302318460C37BD460D
:10EE20005DF8047B704780B483B000AF7860002346
:10EE300018460C37BD465DF8047B70472DE9F04756
:10EE400090B00AAFF860B9607A600023FB750BE000
:10EE5000FB7DBA681A44FB7D1178FA6813440A46B0
:10EE60005A71FB7D0133FB75FB7D2F2BF0D9FB68BD
:10EE700003F1400EFB6805331A6892465A689146C2
:10EE80009A68904603F10C046E4604F1200C354656
:10EE90002346186859689A68DB680FC51034103625
:10EEA0006445F4D1334622461068186051464A46FC
:10EEB0004346704600F02BFFFB681B6804331B6859
:10EEC000F8689847034618461837BD46BDE8F087EE
:10EED00080B485B000AF786039607B6893F83D30CE
:10EEE000022B13D17B689B6BBB600023FB730AE092
:10EEF000FB7B3A681A44FB7BB9680B4412781A70A2
:10EF0000FB7B0133FB73FB7B2F2BF1D900BF143745
:10EF1000BD465DF8047B704780B483B000AF786075
:10EF20007B6893F83D3018460C37BD465DF8047B8E
:10EF3000704780B483B000AF7860032318460C3765
:10EF4000BD465DF8047B704780B483B000AF786045
:10EF5000002318460C37BD465DF8047B704780B52A
:10EF600086B000AFF860B9607A600023FB750BE0F3
:10EF7000FB7DBA681A44FB7D1178FA6813440A468F
:10EF80005A71FB7D0133FB75FB7D022BF0D9FB68C9
:10EF900003F11000FB6805331A78597809020A4317
:10EFA0009B781B041A43002362F31703194600F0F1
:10EFB000D0FEFB681B6804331B68F868984703465B
:10EFC00018461837BD4680BD80B485B000AF786064
:10EFD00039607B685B7B022B13D17B689B68BB60CD
:10EFE0000023FB730AE0FB7B3A681A44FB7BB96899
:10EFF0000B4412781A70FB7B0133FB73FB7B022BF3
:10F00000F1D900BF1437BD465DF8047B704780B46A
:10F0100083B000AF78607B685B7B18460C37BD46D9
:10F020005DF8047B704780B483B000AF786008233C
:10F0300018460C37BD465DF8047B704780B483B03A
:10F0400000AF7860002318460C37BD465DF8047B9E
:10F05000704780B586B000AFF860B9607A60002371
:10F06000FB750BE0FB7DBA681A44FB7D1178FA68EA
:10F0700013440A461A72FB7D0133FB75FB7D072B97
:10F08000F0D9FB6803F11800FB68083393E8060029
:10F0900000F06EFEFB681B6804331B68F868984735
:10F0A000034618461837BD4680BD80B485B000AF12
:10F0B000786039607B685B7D022B13D17B681B69AC
:10F0C000BB600023FB730AE0FB7B3A681A44FB7BBE
:10F0D000B9680B4412781A70FB7B0133FB73FB7B1E
:10F0E000072BF1D900BF1437BD465DF8047B70478C
:10F0F00080B483B000AF78607B685B7D18460C37C6
:10F10000BD465DF8047B704780B483B000AF786083
:10F11000002318460C37BD465DF8047B704780B469
:10F1200083B000AF7860032318460C37BD465DF806
:10F13000047B704780B586B000AFF860B9607A6034
:10F14000FB6803F11002FB6805331946104600F016
:10F1500022FE0023FB750AE0FA7DFB7D79680B44F3
:10F16000F9680A4452791A70FB7D0133FB75FB7D07
:10F17000022BF1D9FB681B6804331B68F8689847B9
:10F18000034618461837BD4680BD80B485B000AF31
:10F19000786039607B685B7B032B15D17B689B684B
:10F1A000BB600023FB730AE0FB7BBA681A44FB7B5D
:10F1B00039680B4412781A70FB7B0133FB73FB7BBD
:10F1C000022BF1D9032300E0002318461437BD4673
:10F1D0005DF8047B704780B483B000AF78607B68D3
:10F1E0005B7B18460C37BD465DF8047B704780B4E6
:10F1F00083B000AF7860002318460C37BD465DF839
:10F20000047B704780B483B000AF78600223184657
:10F210000C37BD465DF8047B704780B586B000AF03
:10F22000F860B9607A60FB6803F11002FB6805338F
:10F230001946104600F0C7FD0023FB750AE0FA7D71
:10F24000FB7D79680B44F9680A4452791A70FB7D9A
:10F250000133FB75FB7D012BF1D9FB681B6804337F
:10F260001B68F8689847034618461837BD4680BDA6
:10F2700080B485B000AF786039607B685B7B032B1E
:10F2800015D17B689B68BB600023FB730AE0FB7BA6
:10F29000BA681A44FB7B39680B4412781A70FB7BFE
:10F2A0000133FB73FB7B012BF1D9022300E0002328
:10F2B00018461437BD465DF8047B704780B483B0B0
:10F2C00000AF78607B685B7B18460C37BD465DF805
:10F2D000047B704780B483B000AF78600023184689
:10F2E0000C37BD465DF8047B704780B483B000AF37
:10F2F0007860042318460C37BD465DF8047B7047E0
:10F3000080B586B000AFF860B9607A60FB6803F141
:10F310001402FB6808331946104600F06AFD00230A
:10F32000FB750AE0FA7DFB7D79680B44F9680A44B5
:10F33000127A1A70FB7D0133FB75FB7D032BF1D92B
:10F34000FB681B6804331B68F86898470346184637
:10F350001837BD4680BD80B485B000AF7860396095
:10F360007B685B7C032B15D17B68DB68BB6000236B
:10F37000FB730AE0FB7BBA681A44FB7B39680B44D9
:10F3800012781A70FB7B0133FB73FB7B032BF1D9E3
:10F39000042300E0002318461437BD465DF8047BC3
:10F3A000704780B483B000AF78607B685B7C1846A0
:10F3B0000C37BD465DF8047B704780B483B000AF66
:10F3C0007860002318460C37BD465DF8047B704713
:10F3D00080B483B000AF7860012318460C37BD4677
:10F3E0005DF8047B704780B586B000AFF860B96007
:10F3F0007A60FB6803F11002FB680533194610467A
:10F4000000F008FD0023FB750AE0FA7DFB7D7968BA
:10F410000B44F9680A4452791A70FB7D0133FB757D
:10F42000FB7D002BF1D0FB681B6804331B68F86878
:10F430009847034618461837BD4680BD80B485B04E
:10F4400000AF786039607B685B7B032B15D17B68EC
:10F450009B68BB600023FB730AE0FB7BBA681A441D
:10F46000FB7B39680B4412781A70FB7B0133FB730A
:10F47000FB7B002BF1D0012300E00023184614375A
:10F48000BD465DF8047B704780B483B000AF786000
:10F490007B685B7B18460C37BD465DF8047B704784
:10F4A00084B090B585B002AF786007F11C0080E8A9
:10F4B0000E007B6803F108046A4607F1280393E80D
:10F4C000030082E8030007F11C030ECB204600F086
:10F4D000B3FC03461A463B6B1A7000BF0C37BD469F
:10F4E000BDE8904004B0704784B080B584B002AFEE
:10F4F000786007F1140080E80E007B6803F10800D3
:10F500003B6A009307F114030ECB00F0B3FC0346F3
:10F510001A467B6A1A7000BF0837BD46BDE88040B6
:10F5200004B0704784B090B595B012AF786007F121
:10F530001C0080E80E007B6803F10804684607F1B0
:10F540002803482219460BF0C1FF07F11C030ECB1C
:10F55000204600F0A8FC03461A463B6F1A7000BF15
:10F560000C37BD46BDE8904004B0704780B582B00E
:10F5700000AF786039607B680833184600F0B1FC52
:10F5800003461A463B681A8000BF0837BD4680BD57
:10F59000B0B590B000AFF863B963FB6B03F108023C
:10F5A000BC6B3B461146184600F0A7FC25463C467E
:10F5B0000FCC0FC50FCC0FC50FCC0FC523682B6028
:10F5C00000BF4037BD46B0BD80B582B000AF7860A7
:10F5D00039607B680833184600F09EFC03461A46E3
:10F5E0003B681A7000BF0837BD4680BD84B080B547
:10F5F00084B002AF786007F1140080E80E007B68E9
:10F6000003F108003B6A009307F114030ECB00F0EE
:10F610008FFC03461A467B6A1A7000BF0837BD4646
:10F62000BDE8804004B0704780B584B000AFF8609A
:10F63000B0EE407AF0EE607A396087ED017AC7ED7E
:10F64000027AFB68083397ED017AD7ED027AB0EEC3
:10F65000470AF0EE670A184600F083FC03461A4694
:10F660003B681A7000BF1037BD4680BD90B597B09B
:10F6700000AF786539657B6D03F108023C6D3B4650
:10F680001146184600F089FC20463B465022194698
:10F690000BF01CFF00BF5C37BD4690BD84B090B539
:10F6A00095B012AF786007F11C0080E80E007B680F
:10F6B00003F10804684607F12803442219460BF0B9
:10F6C00005FF07F11C030ECB204600F075FC034636
:10F6D0001A46FB6E1A7000BF0C37BD46BDE890405D
:10F6E00004B0704780B582B000AF78600B46FB7005
:10F6F0007B680833FA781146184600F07BFC00BF9F
:10F700000837BD4680BD84B0F0B593B010AF7860C7
:10F7100007F1240080E80E007B6803F108066D46BF
:10F7200007F130040FCC0FC50FCC0FC50FCC0FC5A0
:10F7300094E80F0085E80F0007F124030ECB304654
:10F7400000F067FC00BF0C37BD46BDE8F04004B0D8
:10F75000704790B597B000AF786539657B6D03F160
:10F7600008023C6D3B461146184600F075FC2046E9
:10F770003B464C2219460BF0A9FE00BF5C37BD4644
:10F7800090BD80B584B000AFF860384680E80E00C8
:10F79000FB6803F108003B460ECB00F06CFC00BF99
:10F7A0001037BD4680BD80B586B000AF7860396047
:10F7B0007B6803F1080207F10C031146184600F0BC
:10F7C0006AFC3B681A4607F10C0303CB10605160DA
:10F7D0001B78137200BF1837BD4680BD80B584B05A
:10F7E00000AFF860384680E80E00FB6803F10800BF
:10F7F0003B460ECB00F05EFC00BF1037BD4680BD1F
:10F8000080B586B000AF786039607B6803F108028C
:10F8100007F10C031146184600F05CFC3B681A46E1
:10F8200007F10C0303CB106051601B78137200BF0B
:10F830001837BD4680BD80B584B000AFF86038464B
:10F8400080E80E00FB6803F108003B460ECB00F099
:10F8500050FC00BF1037BD4680BD80B586B000AFFC
:10F86000786039607B6803F1080207F10C031146E8
:10F87000184600F04EFC3B681A4607F10C0303CB18
:10F88000106051601B78137200BF1837BD4680BDF1
:10F8900080B584B000AFF860F0EE406AB0EE607AF8
:10F8A000F0EE417AC7ED006A87ED017AC7ED027A82
:10F8B000FB680833D7ED006A97ED017AD7ED027A3D
:10F8C000B0EE660AF0EE470AB0EE671A184600F08E
:10F8D0002FFC00BF1037BD4680BD80B584B000AF9F
:10F8E000F8600B467A607B81FB6808337A891146A1
:10F8F000184600F040FC03461A467B681A7000BFA9
:10F900001037BD4680BD90B587B000AF78613961D2
:10F910007B6903F108023C693B461146184600F03A
:10F920003AFC22463B461C6858689968146050604F
:10F9300091609B89938100BF1C37BD4690BD84B008
:10F9400080B584B002AF786007F1140080E80E0043
:10F950007B6803F108003B8CADF8003007F114031D
:10F960000ECB00F027FC03461A467B6A1A7000BFD4
:10F970000837BD46BDE8804004B0704784B090B5FC
:10F9800085B002AF786007F11C0080E80E007B684C
:10F9900003F108046A4607F1280393E8030082E8AC
:10F9A000030007F11C030ECB204600F01DFC0346AC
:10F9B0001A463B6B1A7000BF0C37BD46BDE890403D
:10F9C00004B0704780B584B000AFF8600B467A6031
:10F9D000FB72FB680833FA7A1146184600F022FCE5
:10F9E00003461A467B681A7000BF1037BD4680BDBB
:10F9F00080B584B000AFF86087ED020A7960FB68DB
:10FA0000083397ED020A184600F01CFC03461A461C
:10FA10007B681A7000BF1037BD4680BD84B0B0B59A
:10FA200086B004AF786007F11C0080E80E007B68A8
:10FA300003F108056C4607F1280393E8070084E802
:10FA4000070007F11C030ECB284600F00BFC034611
:10FA50001A467B6B1A7000BF0837BD46BDE8B04040
:10FA600004B0704784B090B585B002AF786007F1FC
:10FA70001C0080E80E007B6803F108046A4607F169
:10FA8000280393E8030082E8030007F11C030ECB70
:10FA9000204600F005FC03461A463B6B1A7000BF77
:10FAA0000C37BD46BDE8904004B0704784B0F0B557
:10FAB0008FB00CAF786007F1240080E80E007B68FF
:10FAC00003F108066D4607F130040FCC0FC50FCCCB
:10FAD0000FC594E80F0085E80F0007F124030ECB53
:10FAE000304600F0FBFB03461A463B6E1A7000BF1F
:10FAF0000C37BD46BDE8F04004B0704784B0F0B5A7
:10FB000091B00EAF786007F1240080E80E007B68AA
:10FB100003F108066D4607F130040FCC0FC50FCC7A
:10FB20000FC50FCC0FC523682B6007F124030ECB44
:10FB3000304600F0F5FB03461A467B6E1A7000BF94
:10FB40000C37BD46BDE8F04004B0704780B584B0C6
:10FB500000AFF86087ED020A7960FB68083397ED23
:10FB6000020A184600F0FEFBF0EE407A7B68C3ED17
:10FB7000007A00BF1037BD4680BD90B5EFB000AF32
:10FB8000C7F8B401C7F8B011D7F8B43103F10802CF
:10FB9000D7F8B0413B461146184600F0F5FB07F593
:10FBA000DC73A3F5DC73204619464FF4D6731A466E
:10FBB0000BF08CFC00BF07F5DE77BD4690BD80B52D
:10FBC00084B000AFF860B0EE407AF0EE607A396051
:10FBD00087ED017AC7ED027AFB68083397ED017A69
:10FBE000D7ED027AB0EE470AF0EE670A184600F049
:10FBF000DAFB03461A463B681A7000BF1037BD4651
:10FC000080BD80B584B000AFF860B0EE407AF0EE11
:10FC1000607A396087ED017AC7ED027AFB680833B4
:10FC200097ED017AD7ED027AB0EE470AF0EE670A57
:10FC3000184600F0D4FB03461A463B681A7000BF12
:10FC40001037BD4680BD80B584B000AFF860B960A4
:10FC50007A60FB680833B968184600F0DCFB03469D
:10FC60001A467B681A7000BF1037BD4680BD80B54C
:10FC700084B000AFF8600B467A60FB72FB68083313
:10FC8000FA7A1146184600F0D4FB03461A467B6800
:10FC90001A7000BF1037BD4680BD80B582B000AF7E
:10FCA000786039607B680833184600F0D2FB034661
:10FCB0001A463B681A7000BF0837BD4680BD80B544
:10FCC00082B000AF786039607B680833184600F076
:10FCD000CCFB03461A463B681A7000BF0837BD4686
:10FCE00080BD80B584B000AFF8600B467A60FB72CF
:10FCF000FB680833FA7A1146184600F0C2FB034647
:10FD00001A467B681A7000BF1037BD4680BD84B0AC
:10FD1000F0B58DB00AAF786007F1240080E80E00DE
:10FD20007B6803F108066D4607F130040FCC0FC560
:10FD30000FCC0FC523682B6007F124030ECB304690
:10FD400000F0AFFB00BF0C37BD46BDE8F04004B08B
:10FD5000704780B582B000AF786039607B68083347
:10FD60003968184600F0BCFB00BF0837BD4680BDAF
:10FD700080B584B000AFF8603B1D83E80600FB68E7
:10FD800003F108003B1D93E8060000F0B6FB00BF3E
:10FD90001037BD4680BD80B582B000AF7860396055
:10FDA0007B680833184600F0B9FB02463B681146F1
:10FDB0001970C2F307215970C2F307429A7000BF4D
:10FDC0000837BD4680BD80B582B000AF786039602D
:10FDD0007B680833184600F0BFFB02463B6812B24E
:10FDE00011461970C2F307225A7000BF0837BD468A
:10FDF00080BD80B582B000AF786039607B68083321
:10FE0000184600F0BDFB02463B681A6000BF083789
:10FE1000BD4680BD80B582B000AF786039607B6838
:10FE20000833184600F0B8FB03461A463B681A70C0
:10FE300000BF0837BD4680BD84B080B584B002AF36
:10FE4000786007F1140080E80E006A4607F120038D
:10FE500093E8030082E8030007F114030ECB7868EF
:10FE600000F0A6FB034618460837BD46BDE88040B3
:10FE700004B0704784B080B584B002AF786007F1F9
:10FE8000140080E80E003B6A009307F114030ECBC8
:10FE9000786800F0CEFB034618460837BD46BDE83B
:10FEA000804004B0704784B080B594B012AF7860E1
:10FEB00007F1140080E80E00684607F1200348228D
:10FEC00019460BF003FB07F114030ECB786800F022
:10FED000EEFB034618460837BD46BDE8804004B037
:10FEE000704780B582B000AF7860786800F024FC7D
:10FEF000034618460837BD4680BD80B582B000AFC6
:10FF0000786039607B683968184600F03DFC00BFB6
:10FF100078680837BD4680BD80B582B000AF786094
:10FF2000786800F060FC034618460837BD4680BD7F
:10FF300084B080B584B002AF786007F1140080E827
:10FF40000E003B6A009307F114030ECB786800F0B3
:10FF500072FC034618460837BD46BDE8804004B031
:10FF6000704780B584B000AFF860B0EE407AF0EE34
:10FF7000607A87ED017AC7ED027A97ED017AD7EDC5
:10FF8000027AB0EE470AF0EE670AF86800F091FCDA
:10FF9000034618461037BD4680BD80B582B000AF1D
:10FFA000786039607B683968184600F0C2FC00BF91
:10FFB00078680837BD4680BD84B080B594B012AF74
:10FFC000786007F1140080E80E00684607F120030E
:10FFD000442219460BF07AFA07F114030ECB786825
:10FFE00000F0D9FC034618460837BD46BDE88040FE
:10FFF00004B0704780B582B000AF78600B46FB70EC
:020000040803EF
:10000000FB781946786800F011FD00BF0837BD463F
:1000100080BD84B0B0B592B010AF786007F11C001D
:1000200080E80E006D4607F128040FCC0FC50FCCF9
:100030000FC50FCC0FC594E80F0085E80F0007F13E
:100040001C030ECB786800F01AFD00BF0837BD46D0
:10005000BDE8B04004B0704780B582B000AF7860B2
:1000600039607B683968184600F051FD00BF786838
:100070000837BD4680BD80B584B000AFF860384613
:1000800080E80E003B460ECBF86800F072FD00BF22
:100090001037BD4680BD80B582B000AF7860396052
:1000A0007B683968184600F092FD00BF7868083711
:1000B000BD4680BD80B584B000AFF860384680E8AA
:1000C0000E003B460ECBF86800F0B6FD00BF1037BF
:1000D000BD4680BD80B582B000AF786039607B6876
:1000E0003968184600F0D6FD00BF78680837BD466D
:1000F00080BD80B584B000AFF860384680E80E005F
:100100003B460ECBF86800F0FAFD00BF1037BD4645
:1001100080BD80B582B000AF786039607B68396897
:10012000184600F01AFE00BF78680837BD4680BD4B
:1001300080B584B000AFF860F0EE406AB0EE607A4F
:10014000F0EE417AC7ED006A87ED017AC7ED027AD9
:10015000D7ED006A97ED017AD7ED027AB0EE660A24
:10016000F0EE470AB0EE671AF86800F02BFE00BF09
:100170001037BD4680BD80B582B000AF78600B46B9
:100180007B807B881946786800F065FE0346184638
:100190000837BD4680BD80B582B000AF7860396059
:1001A0007B683968184600F082FE00BF786808371F
:1001B000BD4680BD84B080B584B002AF786007F1E1
:1001C000140080E80E003B8CADF8003007F11403FA
:1001D0000ECB786800F099FE034618460837BD46F6
:1001E000BDE8804004B0704784B080B584B002AFF1
:1001F000786007F1140080E80E006A4607F12003DA
:1002000093E8030082E8030007F114030ECB78683B
:1002100000F0BAFE034618460837BD46BDE88040E8
:1002200004B0704780B582B000AF78600B46FB70B9
:10023000FB781946786800F0E8FE03461846083750
:10024000BD4680BD80B582B000AF786087ED000A02
:1002500097ED000A786800F004FF03461846083757
:10026000BD4680BD84B090B587B004AF786007F11B
:100270001C0080E80E006C4607F1280393E8070095
:1002800084E8070007F11C030ECB786800F017FF25
:10029000034618460C37BD46BDE8904004B0704791
:1002A00084B080B584B002AF786007F1140080E8B4
:1002B0000E006A4607F1200393E8030082E803007A
:1002C00007F114030ECB786800F03EFF0346184692
:1002D0000837BD46BDE8804004B0704784B0B0B573
:1002E0008EB00CAF786007F11C0080E80E006D4600
:1002F00007F128040FCC0FC50FCC0FC594E80F00F1
:1003000085E80F0007F11C030ECB786800F05DFF55
:10031000034618460837BD46BDE8B04004B07047F4
:1003200084B0B0B590B00EAF786007F11C0080E8E3
:100330000E006D4607F128040FCC0FC50FCC0FC57A
:100340000FCC0FC523682B6007F11C030ECB786818
:1003500000F08AFF034618460837BD46BDE8B040A6
:1003600004B0704780B582B000AF786087ED000AB6
:1003700097ED000A786800F0C9FFF0EE407AB0EE21
:10038000670A0837BD4680BD80B582B000AF78608F
:1003900039607B683968184600F0ECFF00BF786868
:1003A0000837BD4680BD80B584B000AFF860B0EEC0
:1003B000407AF0EE607A87ED017AC7ED027A97ED28
:1003C000017AD7ED027AB0EE470AF0EE670AF868D4
:1003D00001F003F8034618461037BD4680BD80B5CE
:1003E00084B000AFF860B0EE407AF0EE607A87ED4E
:1003F000017AC7ED027A97ED017AD7ED027AB0EE75
:10040000470AF0EE670AF86801F027F80346184635
:100410001037BD4680BD80B582B000AF78603960CE
:100420003968786801F059F8034618460837BD4620
:1004300080BD80B582B000AF78600B46FB70FB7862
:100440001946786801F073F8034618460837BD4628
:1004500080BD80B582B000AF7860786801F093F815
:10046000034618460837BD4680BD80B582B000AF50
:100470007860786801F0AFF8034618460837BD4643
:1004800080BD80B582B000AF78600B46FB70FB7812
:100490001946786801F0C7F8034618460837BD4684
:1004A00080BD84B0B0B58CB00AAF786007F11C0095
:1004B00080E80E006D4607F128040FCC0FC50FCC65
:1004C0000FC523682B6007F11C030ECB786801F081
:1004D000D6F800BF0837BD46BDE8B04004B070474D
:1004E00080B582B000AF786039603968786801F013
:1004F00010F900BF0837BD4680BD80B584B000AF9D
:10050000F8603B1D83E806003B1D93E80600F86891
:1005100001F026F900BF1037BD4680BD80B584B01C
:1005200000AF7860786801F047F903461A463A73DD
:10053000C3F307227A73C3F30743BB7300233A7BE9
:1005400062F307037A7B62F30F23BA7B62F31743EC
:1005500018461037BD4680BD80B584B000AF7860C6
:10056000786801F070F90346BB8100233A7B62F39F
:1005700007037A7B62F30F2318461037BD4680BD10
:1005800080B582B000AF7860786801F090F90346DA
:1005900018460837BD4680BD80B582B000AF786090
:1005A000786801F0ACF9034618460837BD4680BDAF
:1005B00084B0F0B587B004AF786007F1240080E81C
:1005C0000E007B685B69002B0DD17B681B68002BDC
:1005D00009D07B681C687B6B009307F124030FCB69
:1005E000A04703461EE07B685B69002B19D07B683F
:1005F0001B68002B15D07B685D697B681E687B6873
:1006000003F1040C6C4607F12C0393E8070084E81F
:10061000070007F124030CCB61463046A847034688
:1006200000E0002318460C37BD46BDE8F04004B09A
:10063000704784B0F0B585B002AF786007F1240050
:1006400080E80E007B685B69002B0BD17B681B6820
:10065000002B07D07B681C6807F124030FCBA04751
:1006600003461DE07B685B69002B18D07B681B6824
:10067000002B14D07B685C697B681D687B681E1D3D
:100680006A4607F12C0393E8030082E8030007F1B0
:1006900024030CCB31462846A047034600E0002344
:1006A00018460C37BD46BDE8F04004B0704784B032
:1006B000F0B597B014AF786007F1240080E80E0021
:1006C0007B685B69002B12D17B681B68002B0ED006
:1006D0007B681C68684607F13403442219460AF017
:1006E000F5FE07F124030FCBA04703461DE07B680E
:1006F0005B69002B18D07B681B68002B14D07B68CB
:100700005C697B681D687B681E1D684607F12C03C9
:100710004C2219460AF0DAFE07F124030CCB3146CD
:100720002846A047034600E0002318460C37BD4684
:10073000BDE8F04004B0704780B582B000AF78608B
:100740007B685B69002B08D17B681B68002B04D099
:100750007B681B689847034612E07B685B69002B47
:100760000DD07B681B68002B09D07B685B697A68B9
:1007700010687A68043211469847034600E0002367
:1007800018460837BD4680BD80B582B000AF78609E
:1007900039603B685B69002B09D13B681B68002B03
:1007A00005D03B681B687A681046984717E03B689D
:1007B0005B69002B0CD03B681B68002B08D03B68A2
:1007C0005B693A6811683A6804327868984706E0CD
:1007D0007B68184634231A4600210AF0CFFD78685A
:1007E0000837BD4680BD80B582B000AF78607B68B9
:1007F0005B69002B08D17B681B68002B04D07B68E9
:100800001B689847034612E07B685B69002B0DD09C
:100810007B681B68002B09D07B685B697A6810686D
:100820007A68043211469847034600E000231846D0
:100830000837BD4680BD84B0F0B585B002AF7860A2
:1008400007F1240080E80E007B685B69002B0BD168
:100850007B681B68002B07D07B681C6807F12403AA
:100860000FCBA04703461DE07B685B69002B18D0C7
:100870007B681B68002B14D07B685C697B681D68F3
:100880007B681E1D6A4607F12C0393E8030082E88B
:10089000030007F124030CCB31462846A04703464A
:1008A00000E0002318460C37BD46BDE8F04004B018
:1008B000704780B584B000AFF860B0EE407AF0EEDB
:1008C000607A87ED017AC7ED027AFB685B69002BDD
:1008D00010D1FB681B68002B0CD0FB681B6897EDE0
:1008E000017AD7ED027AB0EE470AF0EE670A984730
:1008F00003461AE0FB685B69002B15D0FB681B6898
:10090000002B11D0FB685B69FA681068FA68043242
:1009100097ED017AD7ED027AB0EE470AF0EE670A5A
:1009200011469847034600E0002318461037BD469D
:1009300080BD80B582B000AF786039603B685B698C
:10094000002B09D13B681B68002B05D03B681B6856
:100950007A68104698471AE03B685B69002B0CD018
:100960003B681B68002B08D03B685B693A681168DC
:100970003A6804327868984709E07B681846502343
:100980001A4600210AF0FAFC7868E9F7D7FB786884
:100990000837BD4680BD84B0F0B595B012AF786021
:1009A00007F1240080E80E007B685B69002B18D1FA
:1009B0007B681B68002B14D07B681E686D4607F1AE
:1009C00034040FCC0FC50FCC0FC50FCC0FC594E866
:1009D0000F0085E80F0007F124030FCBB047034653
:1009E0001DE07B685B69002B18D07B681B68002BBF
:1009F00014D07B685C697B681D687B681E1D684637
:100A000007F12C03482219460AF060FD07F1240380
:100A10000CCB31462846A047034600E00023184689
:100A20000C37BD46BDE8F04004B0704780B582B0D9
:100A300000AF78600B46FB707B685B69002B09D1C7
:100A40007B681B68002B05D07B681B68FA78104612
:100A5000984711E07B685B69002B0CD07B681B68B2
:100A6000002B08D07B685B697A6810687A68111D72
:100A7000FA78984700E000BF0837BD4680BD84B0D3
:100A8000F0B595B012AF786007F1240080E80E0051
:100A90007B685B69002B17D17B681B68002B13D028
:100AA0007B681E686D4607F134040FCC0FC50FCC70
:100AB0000FC50FCC0FC594E8070085E8070007F1C4
:100AC00024030FCBB0471CE07B685B69002B17D079
:100AD0007B681B68002B13D07B685C697B681D6892
:100AE0007B681E1D684607F12C03442219460AF054
:100AF000EDFC07F124030CCB31462846A04700E06B
:100B000000BF0C37BD46BDE8F04004B0704780B56B
:100B100082B000AF786039603B685B69002B09D117
:100B20003B681B68002B05D03B681B687A68104641
:100B300098471AE03B685B69002B0CD03B681B6848
:100B4000002B08D03B685B693A6811683A68043248
:100B50007868984709E07B6818464C231A460021BC
:100B60000AF00CFC7868F1F7B3FA78680837BD46EC
:100B700080BD90B587B002AFF860384680E80E00BF
:100B8000FB685B69002B0AD1FB681B68002B06D051
:100B9000FB681C683B4693E80700A04714E0FB682D
:100BA0005B69002B0FD0FB681B68002B0BD0FB6828
:100BB0005C69FB681868FB68191DBB6800933B46BD
:100BC0000CCBA04700E000BF1437BD4690BD80B5F8
:100BD00082B000AF786039603B685B69002B09D157
:100BE0003B681B68002B05D03B681B687A68104681
:100BF00098471DE03B685B69002B0CD03B681B6885
:100C0000002B08D03B685B693A6811683A68043287
:100C1000786898470CE07B6800221A707B684FF078
:100C200000025A607B6800221A727868F1F7EEF9C8
:100C300078680837BD4680BD90B587B002AFF860D0
:100C4000384680E80E00FB685B69002B0AD1FB6820
:100C50001B68002B06D0FB681C683B4693E8070026
:100C6000A04714E0FB685B69002B0FD0FB681B6892
:100C7000002B0BD0FB685C69FB681868FB68191DCA
:100C8000BB6800933B460CCBA04700E000BF143785
:100C9000BD4690BD80B582B000AF786039603B68DA
:100CA0005B69002B09D13B681B68002B05D03B68B2
:100CB0001B687A68104698471DE03B685B69002B0B
:100CC0000CD03B681B68002B08D03B685B693A6816
:100CD00011683A680432786898470CE07B68002213
:100CE0001A707B684FF000025A607B6800221A720B
:100CF0007868F1F7A1F978680837BD4680BD90B5EE
:100D000087B002AFF860384680E80E00FB685B6988
:100D1000002B0AD1FB681B68002B06D0FB681C68FF
:100D20003B4693E80700A04714E0FB685B69002B93
:100D30000FD0FB681B68002B0BD0FB685C69FB685D
:100D40001868FB68191DBB6800933B460CCBA04795
:100D500000E000BF1437BD4690BD80B582B000AF43
:100D6000786039603B685B69002B09D13B681B6880
:100D7000002B05D03B681B687A68104698471DE039
:100D80003B685B69002B0CD03B681B68002B08D0CC
:100D90003B685B693A6811683A680432786898473A
:100DA0000CE07B6800221A707B684FF000025A60EA
:100DB0007B6800221A727868F1F712F978680837B0
:100DC000BD4680BD80B584B000AFF860F0EE406AEB
:100DD000B0EE607AF0EE417AC7ED006A87ED017AF5
:100DE000C7ED027AFB685B69002B13D1FB681B68B7
:100DF000002B0FD0FB681B68D7ED006A97ED017AD6
:100E0000D7ED027AB0EE660AF0EE470AB0EE671A46
:100E100098471DE0FB685B69002B18D0FB681B68D6
:100E2000002B14D0FB685B69FA681068FA6804321A
:100E3000D7ED006A97ED017AD7ED027AB0EE660A37
:100E4000F0EE470AB0EE671A1146984700E000BF7F
:100E50001037BD4680BD80B582B000AF78600B46CC
:100E60007B807B685B69002B0AD17B681B68002B49
:100E700006D07B681B687A8810469847034612E0C4
:100E80007B685B69002B0DD07B681B68002B09D049
:100E90007B685B697A6810687A68111D7A88984760
:100EA000034600E0002318460837BD4680BD80B5E4
:100EB00082B000AF786039603B685B69002B09D174
:100EC0003B681B68002B05D03B681B687A6810469E
:100ED000984716E03B685B69002B0CD03B681B68A9
:100EE000002B08D03B685B693A6811683A680432A5
:100EF0007868984705E07B6800221A605A609A601B
:100F00009A8178680837BD4680BD84B0F0B585B059
:100F100002AF786007F1240080E80E007B685B690F
:100F2000002B0BD17B681B68002B07D07B681C68EB
:100F300007F124030FCBA04703461EE07B685B69E3
:100F4000002B19D07B681B68002B15D07B685C696F
:100F50007B681D687B681E1D6B4607F12C0292E8BA
:100F6000030018600433198007F124030CCB3146C9
:100F70002846A047034600E0002318460C37BD462C
:100F8000BDE8F04004B0704784B0F0B587B004AF5E
:100F9000786007F1240080E80E007B685B69002B15
:100FA0000DD17B681B68002B09D07B681C687B6BAC
:100FB000009307F124030FCBA04703461EE07B6894
:100FC0005B69002B19D07B681B68002B15D07B68F0
:100FD0005D697B681E687B6803F1040C6C4607F151
:100FE0002C0393E8070084E8070007F124030CCBE7
:100FF00061463046A847034600E0002318460C37F8
:10100000BD46BDE8F04004B0704780B582B000AF87
:1010100078600B46FB707B685B69002B0AD17B68AC
:101020001B68002B06D07B681B68FA78104698472F
:10103000034612E07B685B69002B0DD07B681B6860
:10104000002B09D07B685B697A6810687A68111D8B
:10105000FA789847034600E0002318460837BD4653
:1010600080BD80B582B000AF786087ED000A7B68F4
:101070005B69002B0AD17B681B68002B06D07B685C
:101080001B6897ED000A9847034614E07B685B698C
:10109000002B0FD07B681B68002B0BD07B685B6933
:1010A0007A6810687A68043297ED000A114698470A
:1010B000034600E0002318460837BD4680BD84B0D3
:1010C000F0B587B004AF786007F1240080E80E0027
:1010D0007B685B69002B12D17B681B68002B0ED0EC
:1010E0007B681C686A4607F1340393E8030082E8D2
:1010F000030007F124030FCBA04703461DE07B68E4
:101100005B69002B18D07B681B68002B14D07B68B0
:101110005D697B681E687B6803F1040C6C4607F10F
:101120002C030FCB84E80F0007F124030CCB61469E
:101130003046A847034600E0002318460C37BD465A
:10114000BDE8F04004B0704784B0F0B587B004AF9C
:10115000786007F1240080E80E007B685B69002B53
:101160000DD17B681B68002B09D07B681C687B6BEA
:10117000009307F124030FCBA04703461EE07B68D2
:101180005B69002B19D07B681B68002B15D07B682E
:101190005D697B681E687B6803F1040C6C4607F18F
:1011A0002C0393E8070084E8070007F124030CCB25
:1011B00061463046A847034600E0002318460C3736
:1011C000BD46BDE8F04004B0704784B0F0B591B0C2
:1011D0000EAF786007F1240080E80E007B685B6941
:1011E000002B16D17B681B68002B12D07B681E6811
:1011F0006D4607F134040FCC0FC50FCC0FC594E832
:10120000070085E8070007F124030FCBB04703462A
:1012100023E07B685B69002B1ED07B681B68002B7A
:101220001AD07B685E697B681B683B607B6803F152
:10123000040C6D4607F12C040FCC0FC50FCC0FC565
:101240000FCC0FC523682B6007F124030CCB61463C
:101250003868B047034600E0002318460C37BD4607
:10126000BDE8F04004B0704784B0F0B591B00EAF67
:10127000786007F1240080E80E007B685B69002B32
:1012800016D17B681B68002B12D07B681E686D46E8
:1012900007F134040FCC0FC50FCC0FC594E80F0035
:1012A00085E80F0007F124030FCBB047034625E084
:1012B0007B685B69002B20D07B681B68002B1CD0EF
:1012C0007B685E697B681B683B607B6803F1040C8C
:1012D0006D4607F12C040FCC0FC50FCC0FC50FCCFA
:1012E0000FC594E8030085E8030007F124030CCB45
:1012F00061463868B047034600E0002318460C37C3
:10130000BD46BDE8F04004B07047000080B582B033
:1013100000AF786087ED000A7B685B69002B0BD11A
:101320007B681B68002B07D07B681B6897ED000A61
:101330009847F0EE407A16E07B685B69002B10D08E
:101340007B681B68002B0CD07B685B697A6810682F
:101350007A68043297ED000A11469847F0EE407A19
:1013600001E0DFED037AB0EE670A0837BD4680BDC5
:101370000000000080B582B000AF786039603B6843
:101380005B69002B09D13B681B68002B05D03B68CB
:101390001B687A68104698471BE03B685B69002B26
:1013A0000CD03B681B68002B08D03B685B693A682F
:1013B00011683A680432786898470AE07B681846F2
:1013C0004FF4D6731A46002109F0D8FF7868E8F781
:1013D00019FF78680837BD4680BD80B584B000AF7E
:1013E000F860B0EE407AF0EE607A87ED017AC7EDF2
:1013F000027AFB685B69002B10D1FB681B68002B2D
:101400000CD0FB681B6897ED017AD7ED027AB0EE3D
:10141000470AF0EE670A984703461AE0FB685B69E3
:10142000002B15D0FB681B68002B11D0FB685B6993
:10143000FA681068FA68043297ED017AD7ED027AFB
:10144000B0EE470AF0EE670A11469847034600E0FF
:10145000002318461037BD4680BD80B584B000AF6C
:10146000F860B0EE407AF0EE607A87ED017AC7ED71
:10147000027AFB685B69002B10D1FB681B68002BAC
:101480000CD0FB681B6897ED017AD7ED027AB0EEBD
:10149000470AF0EE670A984703461AE0FB685B6963
:1014A000002B15D0FB681B68002B11D0FB685B6913
:1014B000FA681068FA68043297ED017AD7ED027A7B
:1014C000B0EE470AF0EE670A11469847034600E07F
:1014D000002318461037BD4680BD80B582B000AFEE
:1014E000786039607B685B69002B09D17B681B6879
:1014F000002B05D07B681B6838689847034612E0CC
:101500007B685B69002B0DD07B681B68002B09D0C2
:101510007B685B697A6810687A68111D3A68984739
:10152000034600E0002318460837BD4680BD80B55D
:1015300082B000AF78600B46FB707B685B69002B64
:101540000AD17B681B68002B06D07B681B68FA7881
:1015500010469847034612E07B685B69002B0DD06C
:101560007B681B68002B09D07B685B697A68106810
:101570007A68111DFA789847034600E00023184660
:101580000837BD4680BD80B582B000AF78607B680B
:101590005B69002B08D17B681B68002B04D07B683B
:1015A0001B689847034612E07B685B69002B0DD0EF
:1015B0007B681B68002B09D07B685B697A681068C0
:1015C0007A68043211469847034600E00023184623
:1015D0000837BD4680BD80B582B000AF78607B68BB
:1015E0005B69002B08D17B681B68002B04D07B68EB
:1015F0001B689847034612E07B685B69002B0DD09F
:101600007B681B68002B09D07B685B697A6810686F
:101610007A68043211469847034600E000231846D2
:101620000837BD4680BD80B582B000AF78600B46FC
:10163000FB707B685B69002B0AD17B681B68002B01
:1016400006D07B681B68FA7810469847034612E07C
:101650007B685B69002B0DD07B681B68002B09D071
:101660007B685B697A6810687A68111DFA78984718
:10167000034600E0002318460837BD4680BD84B00D
:10168000F0B58DB00AAF786007F1240080E80E0055
:101690007B685B69002B13D17B681B68002B0FD024
:1016A0007B681E686D4607F134040FCC0FC594E8C3
:1016B0000F0085E80F0007F124030FCBB04722E0AD
:1016C0007B685B69002B1DD07B681B68002B19D0E1
:1016D0007B685E697B681B683B607B6803F1040C78
:1016E0006D4607F12C040FCC0FC50FCC0FC594E845
:1016F000030085E8030007F124030CCB614638683A
:10170000B04700E000BF0C37BD46BDE8F04004B074
:10171000704780B582B000AF786039607B685B69E4
:10172000002B08D17B681B68002B04D07B681B68EA
:101730003868984711E07B685B69002B0CD07B68A8
:101740001B68002B08D07B685B697A6810687A6830
:10175000111D3A68984700E000BF0837BD4680BDBC
:1017600090B585B000AFF8603B1D83E80600FB68CC
:101770005B69002B0AD1FB681B68002B06D0FB6855
:101780001B683A1D92E80300984712E0FB685B690A
:10179000002B0DD0FB681B68002B09D0FB685C692F
:1017A000FB681868FB68191D3B1D0CCBA04700E0C7
:1017B00000BF1437BD4690BD80B584B000AF7860DF
:1017C0007B685B69002B10D17B681B68002B0CD0F9
:1017D0007B681B68984703461A463A73C3F307228F
:1017E0007A73C3F30743BB731FE07B685B69002B0D
:1017F00015D07B681B68002B11D07B685B697A6809
:1018000010687A6804321146984703461A463A73BC
:10181000C3F307227A73C3F30743BB7305E00023C6
:101820003B7300237B730023BB7300233A7B62F37B
:1018300007037A7B62F30F23BA7B62F317431846E0
:101840001037BD4680BD80B584B000AF78607B683E
:101850005B69002B09D17B681B68002B05D07B6876
:101860001B6898470346BB8116E07B685B69002BC9
:101870000ED07B681B68002B0AD07B685B697A6896
:1018800010687A680432114698470346BB8103E02A
:1018900000233B7300237B7300233A7B62F307032F
:1018A0007A7B62F30F2318461037BD4680BD80B5A2
:1018B00082B000AF78607B685B69002B08D17B68E1
:1018C0001B68002B04D07B681B689847034612E016
:1018D0007B685B69002B0DD07B681B68002B09D0EF
:1018E0007B685B697A6810687A68043211469847A9
:1018F000034600E0002318460837BD4680BD80B58A
:1019000082B000AF78607B685B69002B08D17B6890
:101910001B68002B04D07B681B689847034612E0C5
:101920007B685B69002B0DD07B681B68002B09D09E
:101930007B685B697A6810687A6804321146984758
:10194000034600E0002318460837BD4680BD80B539
:1019500000AFF9F771FD80BD80B500AF034805F019
:10196000D8FB034805F0D5FB00BF80BD04890224E5
:101970000C89022480B500AF01220A490A4805F00B
:10198000B4FB02220749094805F0AFFB02220849CF
:10199000084805F085FB01220549074805F080FB52
:1019A00000BF80BD00000258048902240C89022473
:1019B00000080258148902241C89022480B500AF53
:1019C000FFF7D8FF80BD80B483B000AF78607B683C
:1019D0000022C3F814287B6818460C37BD465DF812
:1019E000047B704784B0B0B483B000AF786007F177
:1019F0001C0080E80E007B6803F5FF6407F11C05FE
:101A00000FCD0FC495E8070084E807007B6800222B
:101A1000C3F8142800BF0C37BD46B0BC04B07047F3
:101A200080B483B000AF78607B680022C3F81428CC
:101A300000BF0C37BD465DF8047B7047B0B5A0B061
:101A400000AFF867FB6FD3F81438684A1268F96F73
:101A5000CC2000FB03F30B441A60FB6FD3F8F8179C
:101A6000FB6FD3F81438FA6FCC2000FB03F3134458
:101A70001C1D0846F2F7D8FB2070FB6FD3F8101836
:101A8000FB6FD3F81438FA6FCC2000FB03F3134438
:101A900003F1080407F168031846F0F7F3F907F1BA
:101AA000680393E8070084E80700FB6FD3F8FC178E
:101AB000FB6FD3F81438FA6FCC2000FB03F3134408
:101AC00003F110043B461846E8F7E6FF231D3946AC
:101AD0006422184609F0FAFCFB6FD3F80018FB6F7C
:101AE000D3F81438FA6FCC2000FB03F3134403F14E
:101AF00078043B461846F1F701F825463C460FCCE2
:101B00000FC594E80F0085E80F00FB6FD3F80418A9
:101B1000FB6FD3F81438FA6FCC2000FB03F31344A7
:101B200003F198043B461846F1F7CCFE25463C46A7
:101B30000FCC0FC50FCC0FC523682B60FB6FD3F8FC
:101B40000818FB6FD3F81438FA6FCC2000FB03F3AE
:101B5000134403F1B8040846EFF7B8FA03461A46EF
:101B60002271C3F307226271C3F30743A371FB6FB2
:101B7000D3F80C18FB6FD3F81438FA6FCC2000FBA5
:101B800003F3134403F1C0043B46184600F026FD5E
:101B900022463B4693E8030082E80300FB6FD3F83C
:101BA000F827FB6FD3F81438F96FCC2000FB03F350
:101BB0000B44C83302F5E04292F8EC221A70FB6F36
:101BC000D3F814385A1CFB6FC3F81428FB6FD3F8F2
:101BD00014380A2B05D1FB6F0022C3F81428012307
:101BE00000E0002318468037BD46B0BD20770224B0
:101BF00080B483B000AF78607B68074A1A607B6866
:101C0000064A5A607B6832229A607B6818460C3715
:101C1000BD465DF8047B7047CDCCCC3DCDCC4C3D72
:101C200080B483B000AF78607B68064A1A607B6836
:101C3000044A5A607B6818460C37BD465DF8047B41
:101C4000704700BFCDCC4C3E80B582B000AF78600D
:101C50007B6818331846FFF7CBFF7B6824331846A0
:101C6000FFF7DEFF7B6818460837BD4680BD80B5AC
:101C700082B000AF78607B681846FFF7E5FF7B68AD
:101C80000022DA627B6818460837BD4680BD84B002
:101C9000B0B483B000AF786007F11C0080E80E009C
:101CA0007B681D4607F11C040FCC0FC50FCC0FC578
:101CB00094E8070085E8070000BF0C37BD46B0BCBC
:101CC00004B0704780B582B000AF7860044A79688C
:101CD0000448E0F7D0FA00BF0837BD4680BD00BF1A
:101CE00078ED0308291E030880B582B000AF786044
:101CF0000848EEF7FFFB786800F018F8786800F005
:101D00000BF8786800F068F83220E0F751FB00BF6C
:101D1000F1E700BF2489022480B483B000AF78606B
:101D200000BF0C37BD465DF8047B704780B584B0BA
:101D300000AF78607B685B681B7C022B46D07B68B9
:101D40005B681846EEF7BAFEB0EE407AF0EE607AC5
:101D500087ED027AC7ED037AD7ED027AB0EE670A13
:101D6000E7F743FEB0EE407A7B68D3ED057AB4EE38
:101D7000E77AF1EE10FA0FDCD7ED037AB0EE670ADE
:101D8000E7F733FEB0EE407A7B68D3ED057AB4EE28
:101D9000E77AF1EE10FA01DD012300E00023002BC9
:101DA00015D00C48E5F774F87B685B681846EEF7C9
:101DB00045FE0220E0F7FCFA7B689B681846E8F7CE
:101DC000C2FC01210120F0F791F800E000BF1037BC
:101DD000BD4680BDE4DA030880B582B000AF78600C
:101DE0007B681B69184605F06FF90346002B06D186
:101DF0007B689B685B78002B01D0012300E0002307
:101E0000002B0BD07B689B681846E8F79CFC0221EE
:101E10000120F0F76BF80348E5F73AF800BF083700
:101E2000BD4680BD10DB030880B584B000AF78608C
:101E30007B68FB60F868FFF757FF00BF1037BD46AF
:101E400080BD000080B500AF0248F1F79EFD00BFE5
:101E500080BD00BF2489022480B500AFFFF7F2FFE8
:101E600080BD80B582B000AF78607B681846E5F72A
:101E7000EDFA7B6820331846E5F7E8FA7B684033D3
:101E80001846E5F7E3FA7B6818460837BD4680BD7B
:101E900080B582B000AF78607B6800221A707B68E2
:101EA00000225A607B68083300221A605A607B68FF
:101EB000103300221A605A609A609A817B680C4A3B
:101EC0001A627B680B4A5A627B68002283F82820DA
:101ED0007B6800225A857B680022DA627B68303397
:101EE0001846FFF7BEFF7B6818460837BD4680BD21
:101EF00000200030A0AC003080B588B000AFF860A2
:101F00003B1D83E80600FB6808333A1D92E8030096
:101F100083E80300FB6800225A60FB6800221A7005
:101F2000144AFB681360F86800F042FBFB68DB684A
:101F30001846114B3B6100237B6107F110030CCB6A
:101F4000F96800F0F7FBFB689B6803F531700B4BF9
:101F5000BB610023FB6107F118030CCBF96800F0AB
:101F60000CFC074A00210748D2F742FE00BF203789
:101F7000BD4680BD288902242D260308E9260308D2
:101F80000D270308500B002480B483B000AF7860A5
:101F900000BF0C37BD465DF8047B704780B582B04A
:101FA00000AF7860054A7B681A607B681846E4F7E2
:101FB000F7FA7B6818460837BD4680BDA4ED0308D4
:101FC00080B582B000AF78607868FFF7E7FF18212E
:101FD000786806F027FD7B6818460837BD4680BD47
:101FE00080B58EB000AF78607B681B78002B14D171
:101FF0007B6893F82830002B0FD03F4B19683F4B7C
:10200000A3FB0123DA0813469B0013445B00CA1AA2
:10201000002A02D1786800F0DBF87B681B78012B7E
:1020200065D17B685B68002B2CD107F1200300226F
:102030001A605A609A60012387F820307B681B8AF7
:102040007B842D4B1B68BB6207F1200207F108035C
:102050001146184600F0B4FB07F108031846E4F7F0
:102060004FFF7B689B6800211846E8F7FDFD7B6801
:102070009B6800211846E8F7A3FD07F108031846FE
:10208000FFF78CFF7B685B687A68528A934209D3BA
:10209000786800F08BF97B689B6801211846E8F7A7
:1020A0008FFD25E07B685A68154913465B00134491
:1020B0009B00CA1807F12C0307CA83E807007B6856
:1020C0009B7E022B0DD17B689B68386B7A6B03F586
:1020D000405101F53261086003F5405303F62433A3
:1020E0001A607B685B685A1C7B685A6000E000BF1E
:1020F0003837BD4680BD00BF20770224CDCCCCCC84
:10210000A0AC003080B582B000AF78600B467B8019
:102110007B6800225A607B681B78012B07D17B68A3
:102120001B8A19462448E4F7CFFE002340E07B6871
:102130001B7F83F00103DBB2002B06D07B8819469E
:102140001E48E4F7C1FE002332E07B681B8A7A88D0
:102150009A4208D079887B681B8A1A461848E4F7A7
:10216000B3FE002324E07B689B685A787B689B7EE3
:102170009A420AD079887B689B685A787B689B7EF4
:102180001048E4F7A1FE002312E07B68012283F8E7
:1021900028207B687A885A850B4B1A687B68DA623C
:1021A0007B88094A126819460848E4F739FE01237A
:1021B00018460837BD4680BD1CDB03085CDB0308FE
:1021C00084DB0308B8DB030820770224F8DB03086C
:1021D00080B582B000AF78607B6893F8283083F0D8
:1021E0000103DBB2002B01D0002371E07B681B7F71
:1021F00083F00103DBB2002B0ED07B685B8D1946A8
:102200003548E4F761FE7B68002283F8282078686F
:1022100000F0A4F900235BE07B681A8A7B685B8D81
:102220009A4211D07B685B8D19467B681B8A1A46DF
:102230002A48E4F749FE7B68002283F82820786862
:1022400000F08CF9002343E07B689B685A787B6838
:102250009B7E9A4213D07B681B8A19467B689B68D9
:102260005A787B689B7E1E48E4F72EFE7B6800222E
:1022700083F82820786800F071F9002328E07B6853
:1022800000225A607B6801221A707B689B6818469E
:10229000E8F74DFC7B681B8A19467B685B8A1A4607
:1022A000104B1B681048E4F7D7FD7B6893F8343077
:1022B000002B08D07B6803F130027B681B8A19462B
:1022C0001046E5F757F97B68002283F828200123A0
:1022D00018460837BD4680BD3CDC030884DB030894
:1022E000B8DB03082077022470DC030880B58CB0CB
:1022F00000AF78607B689B681846E8F707FC7B684E
:102300009B681846E8F724FC7B6802221A707B68F9
:102310001B8A19462348E4F7BBFD07F1240300227A
:102320001A605A609A60032387F824307B681B8AFE
:10233000FB847B685B68BB621B4B1B68FB6207F11D
:10234000240207F108031146184600F039FA07F194
:1023500008031846E4F7D4FD7B6893F87430002B2B
:1023600008D07B6803F170027B681B8A194610460F
:10237000E5F700F97B689B6801211846E8F720FC27
:102380007B68002283F828207B6800225A857868C1
:1023900000F00EF907F108031846FFF7FFFD30378C
:1023A000BD4680BDB0DC03082077022480B58CB028
:1023B00000AF78607B6800221A707B681B8A194620
:1023C0002648E4F749FD07F1240300221A605A6009
:1023D0009A60022387F824307B681B8AFB847B6821
:1023E0005B68BB621E4B1B68FB6207F1240207F1AE
:1023F00008031146184600F0E3F907F108031846F0
:10240000E4F77EFD7B6893F85430002B08D07B689E
:1024100003F150027B681B8A19461046E5F7AAF8BB
:102420007B689A687B68DB7E19461046E8F7FAF904
:10243000786800F0BDF87B689B681846E8F766FB93
:102440007B689B681846E8F783FB07F1080318468A
:10245000FFF7A4FD3037BD4680BD00BFD0DC0308C8
:102460002077022484B090B583B000AF786007F184
:102470001C0080E80E00BB8B1946FB8B1A462848CF
:10248000E4F7CEFC7B681B78012B07D17B681B8AA5
:1024900019462448E4F718FD002339E0BB8B002BD4
:1024A00004D12148E4F710FD002331E0FB8B40F616
:1024B000B83293420AD9BB8B1946FB8B1A4640F6B9
:1024C000B8331A48E4F700FD002321E097F82630DE
:1024D000022B07D097F8263019461548E4F7F4FC8C
:1024E000002315E07B6803F1100407F11C030FCBF8
:1024F00007C423807B6800221A777B6800221A7049
:102500007B68002283F828207B6800225A850123FB
:1025100018460C37BD46BDE8904004B0704700BF78
:10252000E8DC030808DD030840DD030864DD030878
:1025300090DD030890B482B000AF786039607A68AB
:102540003B681446103307CB20606160A2601B8893
:10255000A38178680837BD4690BC704780B58CB0C1
:1025600000AF786007F1240300221A605A609A6075
:10257000032387F824307B681B8AFB840B4B1B6882
:10258000FB6207F1240207F108031146184600F028
:1025900017F907F108031846E4F7B2FC07F108033E
:1025A0001846FFF7FBFC3037BD4680BD207702247C
:1025B00090B482B000AF78607B68074A03F11004E2
:1025C00013460FCB07C423807B6800225A6000BFEC
:1025D0000837BD4690BC7047C4DD030880B483B0A3
:1025E00000AF786039607B681A460023136053603F
:1025F0003B681A787B681A703B681B78012B08D1FE
:102600003B681A8A7B685A803B685A687B685A60C4
:1026100005E07B6800225A807B6800225A6000BF78
:1026200078680C37BD465DF8047B704780B582B092
:1026300000AF78600B467B807B681B8A002B05D13E
:102640007B8819460C48E4F73FFC11E07B681B7F50
:10265000002B06D07B681B8A19460848E4F734FC37
:1026600006E00749074A48F6A0430748D0F7C8FBE9
:102670000837BD4680BD00BFD4DD030810DE030867
:1026800000200030A0AC0030500B002480B58CB08E
:1026900000AF78607B6801221A7707F124030022DB
:1026A0001A605A609A60042387F824307B681B8A7A
:1026B000FB840C4B1B68FB6207F1240207F1080343
:1026C0001146184600F07CF807F108031846E4F7B5
:1026D00017FC07F108031846FFF760FC3037BD46CA
:1026E00080BD00BF2077022480B582B000AF786043
:1026F0000B46FB707B681B78012B03D17868FFF7D2
:10270000F5FD00E000BF0837BD4680BD80B582B052
:1027100000AF7860064B1B68002B04D0044B1B688D
:102720001846FFF7B3FF00BF0837BD4680BD00BFA6
:102730002889022480B584B000AFF860B9603946BA
:1027400081E80C00FB681B68042B11DCFB681B682C
:102750005B01FA681344181D3B460CCBB96800F0C6
:1027600047F8FB681B685A1CFB681A60012300E0ED
:10277000002318461037BD4680BD80B584B000AF39
:10278000F860B960394681E80C00FB681B68032BD0
:1027900011DCFB681B685B01FA681344181D3B469B
:1027A0000CCBB96800F045F8FB681B685A1CFB6845
:1027B0001A60012300E0002318461037BD4680BD93
:1027C00080B582B000AF786039607B681846E4F766
:1027D0000DFC064A7B681A603968786800F04AF890
:1027E0007B6818460837BD4680BD00BFA4ED0308CE
:1027F000B0B58AB000AFF860B960394681E80C0026
:1028000007F110003B460CCBB96800F043F8FB68B9
:1028100003F1080407F110050FCD0FC495E803007C
:1028200084E80300FB6801221A7100BF2837BD4607
:10283000B0BDB0B58AB000AFF860B960394681E884
:102840000C0007F110003B460CCBB96800F035F8DE
:10285000FB6803F1080407F110050FCD0FC495E8DC
:10286000030084E80300FB6801221A7100BF2837C7
:10287000BD46B0BD80B582B000AF786039607B687E
:1028800008330C223968184608F020FE00BF0837CC
:10289000BD4680BD80B584B000AFF860B9603946F0
:1028A00081E80C003B460CCBB968F86800F018F8DA
:1028B000FB6818461037BD4680BD80B584B000AFB8
:1028C000F860B960394681E80C003B460CCBB9682A
:1028D000F86800F023F8FB6818461037BD4680BD45
:1028E00080B485B000AFF860B960394681E80C006B
:1028F000FB68BA681A60FB6804331A463B4693E8E3
:10290000030082E80300FB68034A5A6100BF1437E2
:10291000BD465DF8047B70475929030880B485B033
:1029200000AFF860B960394681E80C00FB68BA680E
:102930001A60FB6804331A463B4693E8030082E8BA
:102940000300FB68034A5A6100BF1437BD465DF8B7
:10295000047B7047B129030880B586B000AFF860EA
:10296000B9601346FB80FB687B61BB683B613B69D8
:102970005B6803F00103002B0BD03B695B685B10C5
:102980001A467B6913441B683A69126813441B6832
:1029900001E03B691B683A695268521011467A6936
:1029A0000A44F9881046984700BF1837BD4680BDD5
:1029B00080B586B000AFF860B9601346FB71FB6864
:1029C0007B61BB683B613B695B6803F00103002BE3
:1029D0000BD03B695B685B101A467B6913441B682C
:1029E0003A69126813441B6801E03B691B683A6945
:1029F0005268521011467A690A44F979104698478C
:102A000000BF1837BD4680BD80B483B000AF78608A
:102A100039607B6805221A707B6801221A727B6814
:102A200000225A727B6841229A727B680022DA7215
:102A30003B6803F108027B68DA607B680C221A822B
:102A400000BF78680C37BD465DF8047B704780B4E2
:102A500083B000AF0346FB71FB799BB21A4652006C
:102A600013445B009BB246339BB218460C37BD46FD
:102A70005DF8047B704780B483B000AFEFF3108340
:102A80003B603B687B6072B600BF7B6818460C37C2
:102A9000BD465DF8047B704780B483B000AF7860BA
:102AA0007B6803F00103002B01D162B600BF00BFB9
:102AB0000C37BD465DF8047B704780B483B000AF2F
:102AC00078607B684FF000025A637B6818460C37C9
:102AD000BD465DF8047B704780B483B000AF78607A
:102AE00039607B683A681A60044A7B68136000BFEB
:102AF0000C37BD465DF8047B704700BFB08A0224E6
:102B000080B588B004AF78600B46FB70FB78FB7330
:102B10007B681868642302930123019307F10F0374
:102B2000009301231C220221D4F75AF800BF10376A
:102B3000BD4680BD80B588B004AF78600B46FB70A1
:102B40001346BB70BB78DB01DBB2FB73FB78022B57
:102B500024D0022B31DC002B02D0012B0FD02CE033
:102B60007B6818680A2302930123019307F10F037E
:102B70000093012320220221D4F732F81EE07B6863
:102B800018680A2302930123019307F10F030093AE
:102B9000012326220221D4F723F80FE07B6818686E
:102BA0000A2302930123019307F10F0300930123EA
:102BB0002C220221D4F714F800E000BF00BF103728
:102BC000BD4680BD80B586B004AF7860084611462A
:102BD0001A460346FB700B46BB7013467B70FB78AE
:102BE000022B58D0022B7FDC002B02D0012B29D0E6
:102BF0007AE07B6818680A23029301230193BB1CC7
:102C00000093012321220221D3F7EAFF7B68186891
:102C10000A230293012301937B1C009301232222A8
:102C20000221D3F7DDFF7B6818680A230293012392
:102C3000019307F110030093012323220221D3F70C
:102C4000CFFF52E07B6818680A23029301230193A7
:102C5000BB1C0093012327220221D3F7C1FF7B680D
:102C600018680A230293012301937B1C009301231C
:102C700028220221D3F7B4FF7B6818680A23029345
:102C80000123019307F1100300930123292202215C
:102C9000D3F7A6FF29E07B6818680A230293012373
:102CA0000193BB1C009301232D220221D3F798FF2F
:102CB0007B6818680A230293012301937B1C00930D
:102CC00001232E220221D3F78BFF7B6818680A2389
:102CD00002930123019307F11003009301232F2294
:102CE0000221D3F77DFF00E000BF00BF0837BD46DB
:102CF00080BD80B584B000AF786039600023FB737D
:102D00000EE0FA7B796813465B0013440B440433EE
:102D10003A461188927819809A70FB7B0133FB73D5
:102D2000FB7B0F2BEDD900F0FFF900BF1037BD463C
:102D300080BD84B0B0B582B000AF786007F11C00F0
:102D400080E80E007B681C1D07F11C050FCD0FC429
:102D50000FCD0FC495E80F0084E80F0000F0E4F9F0
:102D600000BF0837BD46BDE8B04004B07047000062
:102D700080B58AB004AFF86087ED020A0B46FB808D
:102D800013467B7197ED027AF2EE046AC7EE267A5B
:102D9000FCEEE77AC7ED007A3B78DBB2FB75FB8887
:102DA000194AA2FB0323DB089BB2DBB2BB75FB68AD
:102DB00018680A2302930123019307F11703009374
:102DC000012335220221D3F70BFFFB6818680A2381
:102DD00002930123019307F1160300930123372285
:102DE0000221D3F7FDFEFB6818680A230293012332
:102DF00001937B1D0093012338220221D3F7F0FEBB
:102E000000BF1837BD4680BDCDCCCCCC80B588B0D6
:102E100004AF78600123FB737B6818680A23029370
:102E20000123019307F10F030093012334220221B0
:102E3000D3F7D6FE00BF1037BD4680BD90B585B034
:102E400000AF0023FB736B4B00221A700023BB738F
:102E5000BFE0694B1968BA7B13465B001344CA187C
:102E600007F1080304321188927819809A70BA7BAE
:102E7000624913465B001344CA183B1D11889278BF
:102E800019809A7000237B733A7A3B799A4227D053
:102E9000FB7B2F2B24D8FB7B5A1CFA731C46BB7B75
:102EA0001846FFF7D4FD034601339AB2397A544BE2
:102EB00023F83420524AE30013440A469A70504AD9
:102EC000E30013440022DA704D4AE3001344002269
:102ED0001A714B4AE30013440122DA8001237B7309
:102EE0007A7A7B799A4227D0FB7B2F2B24D8FB7BE5
:102EF0005A1CFA731C46BB7B1846FFF7A8FD034615
:102F000002339AB2797A3E4B23F834203C4AE300EC
:102F100013440A469A703A4AE30013440022DA70D6
:102F2000374AE300134400221A71354AE300134480
:102F30000122DA8001237B73BA7ABB799A4227D0C7
:102F4000FB7B2F2B24D8FB7B5A1CFA731C46BB7BC4
:102F50001846FFF77CFD034603339AB2B97A284B33
:102F600023F83420264AE30013440A469A70244A80
:102F7000E30013440022DA70214AE30013440022E4
:102F80001A711F4AE30013440122DA8001237B7384
:102F90007B7B002B1AD0174B1B780F2B16D8BA7BD4
:102FA000184913465B0013440B441A4607F1080303
:102FB00019889B7811809370B97B0E4B1B785A1C33
:102FC000D0B20C4A10701A460F4B9954BB7B013398
:102FD000BB73BB7B0F2B03D8FB7B2F2B7FF639AF4B
:102FE0000A4AFB7B13700A4B00221A7000BF143789
:102FF000BD4690BD248B0224B08A0224B48A0224E8
:103000002C890224E48A0224148B0224AC8A022430
:10301000AD8A022480B586B002AF394B1B68002B05
:1030200068D0384B1B78DAB2374B1B78DBB29A4248
:103030002CBF01230023DBB2002B35D00023FB7310
:1030400017E0FB7B314AD35CBB71BA79B979304860
:103050000B465B000B4418442E4913465B00134497
:10306000CA1803461188927819809A70FB7B013345
:10307000FB73294B1B78FA7B9A42E2D3264B002242
:103080001A70264B00221A70254B1B78DBB2002BDE
:1030900014BF01230023DBB2002B2DD0204B0022D4
:1030A0001A7000F041F827E0164B1B78DBB2DB000A
:1030B0001C4A1344BB60124B1B681868BB68198814
:1030C000BB680233BA68D2880192009301230A4692
:1030D0000221D3F799FE0346FB71FB79002B0CD03C
:1030E000084B1B78DBB20133DAB2064B1A70FFF7DC
:1030F00091FF02E000BF00E000BF1037BD4680BD79
:10310000B08A0224AD8A0224AC8A0224148B0224E1
:10311000B48A0224E48A0224248B0224AE8A022484
:10312000AF8A02242C89022480B582B000AF1A4BEA
:103130001B68002B2CD0FFF79EFC7860174B1B7888
:10314000DBB2002B14BF01230023DBB2002B06D01F
:10315000134B01221A707868FFF79EFC19E00F4BA1
:1031600001221A707868FFF797FCFFF767FE0D4B96
:103170001B78DBB2002B0CBF01230023DBB2002B3A
:1031800003D0064B00221A7003E0FFF743FF00E074
:1031900000BF0837BD4680BDB08A0224AE8A022433
:1031A000AF8A0224AC8A022480B582B000AF786076
:1031B0000B4B1B68002B0FD0094B1B681B687A68F0
:1031C0009A420AD1074B1B78DBB20133DAB2054BC6
:1031D0001A70FFF71FFF00E000BF0837BD4680BD33
:1031E000B08A0224AD8A022480B582B000AF786034
:1031F000144B1B68002B21D0124B1B681B687A688C
:103200009A421CD1104B00221A70104B00221A70E7
:103210000F4B00221A700F4B00221A700E4B1B78B6
:10322000DBB2002B14BF01230023DBB2002B06D03E
:10323000094B00221A70FFF777FF00E000BF083744
:10324000BD4680BDB08A0224248B0224AC8A0224AD
:10325000AD8A0224AE8A0224AF8A022480B483B0ED
:1032600000AF78600B46FB707B68FA781A707B6859
:1032700018460C37BD465DF8047B704780B584B0B6
:1032800002AF7860084611461A460346FB700B46AB
:10329000BB7013467B707B681978B878FA787B78B6
:1032A000009303460348FFF78DFC00BF0837BD4677
:1032B00080BD00BF3C8B022480B582B000AF786037
:1032C0000B46FB707B681B78FA7819460348FFF7BA
:1032D00031FC00BF0837BD4680BD00BF3C8B0224D7
:1032E00080B483B000AF78607B6818460C37BD4669
:1032F0005DF8047B7047000080B584B000AFF860D3
:1033000087ED020A0B46FB8013467B717A79FB88B6
:10331000194697ED020A0348FFF72AFD00BF103750
:10332000BD4680BD3C8B022480B582B000AF786082
:103330000348FFF76BFD00BF0837BD4680BD00BFE7
:103340003C8B022480B584B000AFF8603B1D83E85D
:103350000600D7ED017A3B89BA7A1946B0EE670AC2
:10336000F868FFF7C9FF054803F0E3FEF868FFF7C8
:10337000DBFF00BF1037BD4680BD00BF288B022495
:1033800080B483B000AF78607B6818460C37BD46C8
:103390005DF8047B7047000080B582B000AF7860B4
:1033A0000B46FB7097F9033019460348FFF7A8FB5B
:1033B00000BF0837BD4680BD3C8B022480B582B07B
:1033C00000AF054B7B6079680448FFF785FB00BFC1
:1033D0000837BD4680BD00BFAC0200243C8B0224F0
:1033E00080B582B000AF00210848FFF7D5FF002369
:1033F0003B7100237B710023BB7179680448FFF7A0
:1034000078FC00BF0837BD4680BD00BF388B022462
:103410003C8B022480B500AF4FF4004211491248A2
:1034200003F063FE08220F49104803F05EFE1048C7
:10343000FFF7A6FF0F48FFF740FB00210E48FFF7FC
:103440000DFF01210D48FFF709FF02210C48FFF78E
:1034500005FF0C48FFF744FF0B4803F0F9FD00BFE0
:1034600080BD00BF00100258288B0224308B02243C
:10347000388B02243C8B0224748B0224788B022428
:103480007C8B0224808B0224848B022480B500AFC5
:10349000FFF7C0FF80BD80B582B000AF78607B6869
:1034A000184600F0B3FA7B6818460837BD4680BD61
:1034B000B0B582B000AF78607B6803F5C4730724B1
:1034C0001D4604E02846FFF7E6FF013C2835002CA6
:1034D000F8DA7B6803F5327307241D4604E02846BA
:1034E000FFF7D9FF013C2835002CF8DA0120DFF77F
:1034F000D2FC02467B68C3F8082400223021102049
:10350000DFF751FC02467B685A607B680022C3F8F3
:103510000C247B6818460837BD46B0BD80B584B022
:1035200000AF78607B68D3F808344FF0FF3118465D
:10353000E0F74AF80023FB6019E07968FB685A1C41
:1035400013465B001344DB000B4404331B78002B51
:103550000AD07968FB685A1C13465B001344DB00F1
:103560000B44043300221A70FB680133FB60FB68D4
:103570000F2BE2DD7B68D3F8080400230022002132
:10358000DFF710FD7B68D3F808341846E0F7AEF992
:103590007B685B681846E0F7A9F97B681846103726
:1035A000BD4680BDB0B582B000AF786039607B6841
:1035B0003A6811461846F0F7E3FF3B681A797B68D2
:1035C0001A717A683B6802F1080403F108050FCD0F
:1035D0000FC495E8030084E803007B6818460837A9
:1035E000BD46B0BD80B596B000AF78603960744A12
:1035F0007B6813607B683A681A6000237B6521E072
:1036000079687A6D13465B001344DB000B44083382
:1036100000221A6079687B6D5A1C13465B001344C4
:10362000DB000B4400221A6079687B6D5A1C13463C
:103630005B001344DB000B44043300221A707B6DE3
:1036400001337B657B6D0F2BDADD00233B655BE08F
:1036500079683A6D13469B001344DB000B4403F575
:10366000D47300221A6079683A6D13469B001344A4
:10367000DB000B4403F5D67340F2FF721A607968E1
:103680003A6D13469B001344DB000B4403F5C673ED
:1036900000221A7007F12C030021184600F0D4F91B
:1036A0003A6D13469B001344DB0003F532737A68CE
:1036B000134407F12C0211461846FFF773FF79688F
:1036C0003A6D13469B001344DB000B4403F53A7339
:1036D00000221A6079683A6D13469B001344DB00A0
:1036E0000B4403F53B736FF060421A6079683A6DE2
:1036F00013469B001344DB000B4403F53373002295
:103700001A703B6D01333B653B6D072BA0DD002339
:10371000FB6000233B6100237B610223BB6100232C
:10372000FB6140F2FF733B627B681B6807F10C0290
:1037300011461846D2F796F8034687F84F3097F8A7
:103740004F30002B02D097F84F3035E04FF08043D8
:10375000FB6001233B6100237B610123BB610023EC
:10376000FB616FF060433B627B681B6807F10C02F2
:1037700011461846D2F776F8034687F84F3097F887
:103780004F30002B02D097F84F3015E07B681B6854
:10379000002201211846D2F773FA034687F84F300A
:1037A0007B681B68002210211846D2F769FA03468D
:1037B00087F84F3097F84F3018465837BD4680BDD0
:1037C000AC8B022480B586B002AF78607B681B6842
:1037D0001846D2F7BDF80346FB737B6803F20C432F
:1037E0000193012300937B68802204490448E0F799
:1037F000B1FAFB7B18461037BD4680BD34DE0308A6
:10380000E738030880B586B000AFF860B9607A6029
:10381000FB68D3F808344FF0FF311846DFF7D4FEC9
:1038200000237B6150E0F9687B695A1C13465B00FA
:103830001344DB000B4404331B78002B41D0F968A0
:103840007A6913465B001344DB000B4408331A68A3
:10385000BB681B689A4234D1BB68DB68FB747A6929
:1038600013465B001344DB000833FA681344043347
:10387000FA7C7968184607F029FEF9687A691346D8
:103880005B001344DB000B441433FA7C1A70F968B4
:103890007B695A1C13465B001344DB000B44043362
:1038A00000221A70F9687B695A1C13465B001344A6
:1038B000DB000B441868002302220021E1F732FBF1
:1038C00005E07B6901337B617B690F2BABDDFB6816
:1038D000D3F80804002300220021DFF763FB00BFB8
:1038E0001837BD4680BD80B590B000AF78607B686A
:1038F000FB63FB6B5B6807F10C014FF0FF3218466E
:10390000DFF780FD0346012B0CBF01230023DBB250
:10391000002BEED007F10C0303F1280207F10C0392
:103920001946F86BFFF76EFFE3E7000080B590B033
:1039300000AF7860396007F11003283307F11002F7
:1039400040217868D2F730F80346002B0CBF0123E2
:103950000023DBB2002B18D00023FB600D4B1B684B
:10396000586807F10C0207F110010023DFF71CFC77
:103970000346012BFB68002B07D0074B4FF080520A
:103980001A60BFF34F8FBFF36F8F00BF4037BD4644
:1039900080BD00BFAC8B022404ED00E080B590B088
:1039A00000AF7860396007F11003283307F1100287
:1039B00041217868D1F7F8FF0346002B0CBF0123A3
:1039C0000023DBB2002B18D00023FB600D4B1B68DB
:1039D000586807F10C0207F110010023DFF7E4FB40
:1039E0000346012BFB68002B07D0074B4FF080529A
:1039F0001A60BFF34F8FBFF36F8F00BF4037BD46D4
:103A000080BD00BFAC8B022404ED00E080B582B025
:103A100000AF78607B681846E2F7E0FC094A7B68F3
:103A20001A607B6800221A717B68083300211846EF
:103A300000F03AF87B6800221A717B681846083754
:103A4000BD4680BDB8ED0308B0B588B000AF786062
:103A500039607B681846E2F7C1FC124A7B681A603D
:103A60007B6800221A717B6808330021184600F039
:103A70001BF807F108033968184600F015F87B6851
:103A800003F1080407F108050FCD0FC495E8030002
:103A900084E803007B6801221A717B68184620378E
:103AA000BD46B0BDB8ED030880B582B000AF786008
:103AB00039603968786800F005F87B68184608377F
:103AC000BD4680BD80B483B000AF786039607B684C
:103AD0003A681A607B6800225A6100BF0C37BD4605
:103AE0005DF8047B704780B582B000AF78607B687A
:103AF000A833184601F031F97B6818460837BD46EF
:103B000080BD000080B586B002AFF860384680E81E
:103B10000E00FB6803F596733A4607CA83E8070070
:103B20003C4B1B78012B71D8FB68A833184601F079
:103B30001FF9394AF9683948DEF79DFB0246FB68F0
:103B4000C3F89820FB681E22A3F88E20FB68B3F808
:103B50008E301946FB68D3F8A030314A009200221B
:103B60003048E1F725FC0246FB68C3F8A020FB685B
:103B7000D3F8A030002B01D100BFFDE700221021B7
:103B80002820DEF70FFE0346274A1360264B1B68EA
:103B9000002B01D100BFFDE7FB68D3F89830002B64
:103BA00001D100BFFDE7FB68D3F89C301F4A0092AB
:103BB000002201211E48E1F7FBFB0246FB68C3F827
:103BC0009C20FB68D3F89C30002B01D100BFFDE79F
:103BD000184A01210120DEF7C5FC0246FB68C3F844
:103BE000A420FB68D3F8A430002B01D100BFFDE76F
:103BF000084B1B781946104AFB6842F82130054BE8
:103C00001B780133DAB2034B1A7000E0FEE710377D
:103C1000BD4680BDB88B0224C0ED0308813F030878
:103C20003148030860DE0308BC8B0224BD4703084B
:103C300070DE0308E4ED0308B08B022480B582B087
:103C400000AF78607B68D3F82C311846DAF77AFF3A
:103C50007B68D3F83031002B09D07B68D3F8300172
:103C60007B68B3F8343100221946D2F7CFFE00BF8B
:103C70007B68D3F82C311846DBF730FE0346202B47
:103C800014BF01230023DBB2002BF1D17B6893F832
:103C90003631012B1BD17B68D3F82C31854A0321A7
:103CA0001846DAF76FFC7B68D3F82C017B689233F7
:103CB00001221946DAF7E4FD0346002B14BF012365
:103CC0000023DBB2002B00F0DC8000BFFDE77B6847
:103CD00093F83631022B40F0D4807B68D3F82C3136
:103CE00075491846DAF708FD7B68D3F82C31734A1A
:103CF00001211846DAF746FC7B68D3F82C017B6873
:103D0000A8337F221946DEF74EF90346002B14BF75
:103D100001230023DBB2002B01D000BFFDE77B684D
:103D2000D3F82C31D3F880301B68654A934200F0F9
:103D300087807B68D3F82C31D3F880301B68614AC8
:103D400093427DD07B68D3F82C31D3F880301B6848
:103D50005D4A934274D07B68D3F82C31D3F880301D
:103D60001B685A4A93426BD07B68D3F82C31D3F846
:103D700080301B68564A934262D07B68D3F82C315E
:103D8000D3F880301B68534A934259D07B68D3F8EC
:103D90002C31D3F880301B684F4A934250D07B6857
:103DA000D3F82C31D3F880301B684C4A934247D06B
:103DB0007B68D3F82C31D3F880301B68484A934293
:103DC0003ED07B68D3F82C31D3F880301B68454A4D
:103DD000934235D07B68D3F82C31D3F880301B6800
:103DE000414A93422CD07B68D3F82C31D3F88030F1
:103DF0001B683E4A934223D07B68D3F82C31D3F81A
:103E000080301B683A4A93421AD07B68D3F82C3131
:103E1000D3F880301B68374A934211D07B68D3F8BF
:103E20002C31D3F880301B68334A934208D07B682A
:103E3000D3F82C31D3F880301B68304A934210D12C
:103E40007B68D3F82C31D3F880301B681A687B6804
:103E5000D3F82C31D3F880301B6822F008021A60A6
:103E60000FE07B68D3F82C31D3F880301B681A68D8
:103E70007B68D3F82C31D3F880301B6822F0040221
:103E80001A607B68002283F881207B68002283F817
:103E900080207B680022A3F888207B680022A3F89A
:103EA0008A207B680022A3F88C2000BF0837BD461B
:103EB00080BD00BFFF430308154403083D470308C6
:103EC000100002402800024040000240580002401A
:103ED0007000024088000240A0000240B80002408A
:103EE00010040240280402404004024058040240EA
:103EF0007004024088040240A0040240B80402405A
:103F000080B582B000AF0C4B1B783B6000237B6018
:103F100009E00A4A7B6852F82330184600F010F88E
:103F20007B6801337B607A683B689A42F1DB00BFB3
:103F300000BF0837BD4680BDB88B0224B08B022479
:103F400080B582B000AF78600C4B1B78013BDAB2D1
:103F50000A4B1A707B68D3F894301846E0F758F88B
:103F60007B6803F596730ECB7868FFF7CBFD786816
:103F7000FFF764FE00BF0837BD4680BDB88B022442
:103F800080B58CB002AF78607B687B62E0F7E0FDC3
:103F900002467B6AC3F89420674B186807F10C014E
:103FA0004FF0FF330022DEF7D1FC786ABB69009343
:103FB00007F10C030ECB00F069FCC8210120E0F7EB
:103FC00065FF38627B6A00221A703B6A002B18D0AA
:103FD0007B6A002283F893207B6AF8221A707B6A3E
:103FE000B3F88C3001339AB27B6AA3F88C20B8699D
:103FF0007B6A93F90030194600230322E0F792FF11
:1040000098E0786A00F0B0F97B6A93F88030052B6D
:1040100018D87B6A002283F893207B6AFA221A70F0
:104020007B6AB3F88C3001339AB27B6AA3F88C2098
:10403000B8697B6A93F90030194600230322E0F740
:1040400071FF77E07B6AD3F8A00000230093002380
:1040500000220321E1F74AFA786A00F011F90346D9
:10406000FB7797F91F30002B10D07B6A002283F872
:1040700093207B6AFA7F1A70B8697B6A93F90030E3
:10408000194600230322E0F74DFF53E07B6AFA7FD5
:104090001A707B6AD3F8A4304FF0FF311846DEF770
:1040A000EBFA7B6A9B78013B0F2B2BD801A252F8CD
:1040B00023F000BFF5400308F5400308FD40030866
:1040C000FD400308054103080541030805410308B5
:1040D000054103080541030805410308054103089C
:1040E000054103080541030805410308054103088C
:1040F00005410308786A00F03FF804E0786A00F0B0
:1041000091F800E000BF7B6A002283F893207B6A6D
:1041100093F90030002B0CD17B6AD3F8A4301846F9
:10412000DEF7FCFAB869002303226FF00A01E0F71A
:10413000F9FE00BF30E700BFBC8B022484B080B51D
:1041400082B000AF786007F1140080E80E00DEF75F
:1041500024F903463B62074B186807F1140100235A
:104160000022DEF793FB00BF0837BD46BDE8804064
:1041700004B07047BC8B022490B585B000AF786066
:104180000323BB730023FB7342E0FB7B03F00103BB
:10419000002B1CD0FA7BBB7B13447A6813445878FD
:1041A0007B68D3F88420FB7B5B08DBB25B001344A5
:1041B0001B88D9B27B68D3F88420FB7B5B08DBB219
:1041C0005B00D41800F070FD034623801DE07B687F
:1041D000D3F88420FB7B5B08DBB25B0013441B88B5
:1041E0001B0A9BB2D8B2FA7BBB7B13447A68134498
:1041F00059787B68D3F88420FB7B5B08DBB25B00DB
:10420000D41800F051FD03462380FB7B0133FB7380
:104210007B68DB78FA7B9A42B7D300BF00BF1437C4
:10422000BD4690BD90B585B000AF78600323FB73A9
:104230000023BB7318E0FB7B7A6813445878FB7B40
:1042400001337A68134459787B68D3F88420BB7BA8
:104250005B00D41800F028FD03462380FB7B02336B
:10426000FB73BB7B0133BB737B68DB785B08DBB222
:10427000BA7B9A42DFD300BF00BF1437BD4690BD62
:1042800080B584B000AF78607B6893F88030023BE3
:104290007A6813445B781BB21B021AB27B6893F8EE
:1042A0008030013B79680B445B781BB213431BB22F
:1042B000BB817B685A1C7B6893F88030023BDBB281
:1042C0001946104600F003FD03461A46BB89934287
:1042D00014BF01230023DBB2002B09D07B68B3F8A5
:1042E0008C3001339AB27B68A3F88C20FC2334E035
:1042F0007B689B785BB2002B09DA7B68B3F88C3063
:1043000001339AB27B68A3F88C20FB2325E00023BD
:10431000FB730023BB730CE0BB7B124AD25C7B684F
:104320009B789A4202D10123FB7305E0BB7B0133EA
:10433000BB73BB7B072BEFD9FB7B83F00103DBB2A5
:10434000002B09D07B68B3F88C3001339AB27B68BC
:10435000A3F88C20012300E0002318461037BD4647
:1043600080BD00BFF4ED030880B584B000AF786075
:104370007B6893F83631012B05D17B68D3F82C315B
:104380001846DAF7EDFC7B6893F82B31002B08D048
:104390007B68A833184600F0EBFC4FF6FD73FB81F9
:1043A00019E07B6803F1A8027B68013319461046C7
:1043B00000F0F8FC03461A467B6883F880207B688F
:1043C000B3F8883001339AB27B68A3F888207B6801
:1043D00093F88030FB817B6893F83631012B08D14C
:1043E0007B68D3F82C017B68923301221946DAF7F7
:1043F00047FAB7F90E3018461037BD4680BD80B574
:1044000082B000AF7860E3F7BAFD00BF0837BD4661
:1044100080BD000080B586B002AF78600B467B801F
:104420000023BB600023FB604AE1B14AFB6852F8FD
:104430002330D3F82C317A689A4240F03E81AC4A5E
:10444000FB6852F8233093F83631022B40F040815C
:104450007B88002B00F03C81A54AFB6852F8233092
:104460007A88D2B283F82A21A14AFB6852F8233015
:10447000002283F82B2108E09D4AFB6852F8233084
:10448000D3F82C311846DAF7C7FA994AFB6852F884
:104490002330D3F82C01964AFB6852F82330A83316
:1044A0007F221946DDF77FFD0346002B14BF012351
:1044B0000023DBB2002BDFD18D4AFB6852F823309A
:1044C000D3F82C31D3F880301B688A4A934200F02D
:1044D000B880874AFB6852F82330D3F82C31D3F8E0
:1044E00080301B68844A934200F0AB80804AFB68AE
:1044F00052F82330D3F82C31D3F880301B687F4A30
:10450000934200F09E807A4AFB6852F82330D3F839
:104510002C31D3F880301B68794A934200F09180A7
:10452000734AFB6852F82330D3F82C31D3F880302B
:104530001B68744A934200F084806D4AFB6852F80D
:104540002330D3F82C31D3F880301B686E4A934265
:1045500077D0674AFB6852F82330D3F82C31D3F870
:1045600080301B68694A93426BD0614AFB6852F8FD
:104570002330D3F82C31D3F880301B68644A93423F
:104580005FD05B4AFB6852F82330D3F82C31D3F864
:1045900080301B685F4A934253D0554AFB6852F8FB
:1045A0002330D3F82C31D3F880301B685A4A934219
:1045B00047D04F4AFB6852F82330D3F82C31D3F858
:1045C00080301B68554A93423BD0494AFB6852F8F9
:1045D0002330D3F82C31D3F880301B68504A9342F3
:1045E0002FD0434AFB6852F82330D3F82C31D3F84C
:1045F00080301B684B4A934223D03D4AFB6852F8F7
:104600002330D3F82C31D3F880301B68464A9342CC
:1046100017D0374AFB6852F82330D3F82C31D3F83F
:1046200080301B68414A93420BD0314AFB6852F8F4
:104630002330D3F82C31D3F880301B683C4A9342A6
:1046400016D12B4AFB6852F82330D3F82C31D3F81B
:1046500080301B681A682649FB6851F82330D3F86C
:104660002C31D3F880301B6822F008021A6015E064
:104670001F4AFB6852F82330D3F82C31D3F880302E
:104680001B681A681A49FB6851F82330D3F82C319B
:10469000D3F880301B6822F004021A60144AFB68C9
:1046A00052F82330D3F8940007F108030093002355
:1046B00003220021E0F7F8FC0AE0FB680133FB600D
:1046C0001C4B1B781A46FB689342FFF6AEAE00E027
:1046D00000BFBB68002B07D0174B4FF080521A6009
:1046E000BFF34F8FBFF36F8F00BF1037BD4680BD44
:1046F000B08B02241000024028000240400002401B
:10470000580002407000024088000240A0000240B1
:10471000B800024010040240280402404004024055
:10472000580402407004024088040240A004024081
:10473000B8040240B88B022404ED00E080B586B0D6
:1047400002AF78600023BB600023FB601AE0184AC8
:10475000FB6852F82330D3F82C317A689A420ED194
:10476000134AFB6852F82330D3F8940007F108038A
:104770000093002300220021E0F796FC08E0FB688C
:104780000133FB600B4B1B781A46FB689342DEDB60
:10479000BB68002B07D0084B4FF080521A60BFF364
:1047A0004F8FBFF36F8F00BF1037BD4680BD00BF76
:1047B000B08B0224B88B022404ED00E080B586B0F3
:1047C00002AF78600023FB6023E0174AFB6852F8D1
:1047D0002330D3F89C307A689A4217D1124AFB688A
:1047E00052F82330D3F8A0000023009300230022C6
:1047F0000321E0F77BFE0C4AFB6852F82330D3F824
:104800009400002303220021E0F78CFBFB680133B6
:10481000FB60064B1B781A46FB689342D5DB00BF52
:1048200000BF1037BD4680BDB08B0224B88B022478
:1048300080B584B000AF78600023FB6017E0114AB8
:10484000FB6852F82330D3F8A0307A689A420BD133
:104850000C4AFB6852F82330D3F89400002303225B
:104860006FF00701E0F75EFBFB680133FB60064B6E
:104870001B781A46FB689342E1DB00BF00BF10378C
:10488000BD4680BDB08B0224B88B022484B080B5B5
:1048900084B000AF786007F11C0080E80E000023B0
:1048A000BB737B68D3F8A4304FF0FF311846DDF7B7
:1048B000E3FE7B6893F99330002B01D0FE23BB739A
:1048C0003B7F002B02D03B7FF72B01D9F723BB7333
:1048D00097F90E30002B0BD07B68BA7B1A707B687F
:1048E000D3F8A4301846DDF719FF97F90E3025E10B
:1048F0007A6A7B68C3F884203A7F7B685A707A7F33
:104900007B689A70FB8B1B0A9BB2DAB27B68DA7009
:10491000FB8BDAB27B681A717B7F013B0F2B00F2B5
:10492000FC8001A252F823F0694903086949030891
:10493000694903086949030887490308A949030825
:104940001B4B03081B4B03081B4B03081B4B0308A3
:104950001B4B03081B4B03081B4B03081B4B030893
:10496000CB490308854A03083B8C1B0A9BB2DAB289
:104970007B685A713B8CDAB27B689A717B6806223D
:1049800083F88020C9E07B6A1B88002B01D0FF22BE
:1049900000E000227B685A717B6800229A717B6874
:1049A000062283F88020B8E07B6A1B881B0A9BB232
:1049B000DAB27B685A717B6A1B88DAB27B689A71BB
:1049C0007B68062283F88020A7E03B8C1B099BB202
:1049D0007B727B7A5B00FB733B8C03F00F03002B35
:1049E00005D0FB7B0133FB737B7A01337B723B8CFD
:1049F0001B0A9BB2DAB27B685A713B8CDAB27B68D5
:104A00009A717B68FA7BDA717B68072283F88020D1
:104A10000023BB8130E0BB8903F00103002B0FD0E2
:104A20007A6ABB895B089BB25B0013441A887B6877
:104A300093F880301946D2B27B680B445A7010E06C
:104A40007A6ABB895B089BB25B0013441B881B0A14
:104A50009AB27B6893F880301946D2B27B680B44D7
:104A60005A707B6893F880300133DAB27B6883F840
:104A70008020BB890133BB81FB7B9BB2BA899A4200
:104A8000C9D34AE03B8C1B0A9BB2DAB27B685A71ED
:104A90003B8CDAB27B689A713B8CDBB25B00DAB29A
:104AA0007B68DA717B68072283F8802000237B8192
:104AB0002EE07A6A7B895B0013441B881B0A9AB23A
:104AC0007B6893F880301946D2B27B680B445A70E9
:104AD0007B6893F880300133DAB27B6883F88020FA
:104AE0007A6A7B895B0013441A887B6893F880306C
:104AF0001946D2B27B680B445A707B6893F88030B9
:104B00000133DAB27B6883F880207B8901337B81B3
:104B10003B8C7A899A42CCD300BF786800F016F8B3
:104B20007B68D3F8A4301846DDF7F8FD7B680122D6
:104B300083F893207B6800221A70002318461037F0
:104B4000BD46BDE8804004B0704700BF90B587B057
:104B500002AF78607B685A1C7B6893F880301946F6
:104B6000104600F0B4F80346FB81FB891B0A9AB299
:104B70007B6893F880301946D2B27B680B445A7038
:104B80007B6893F880300133DAB27B6883F8802049
:104B90007B6893F880301946FB89DAB27B680B4456
:104BA0005A707B6893F880300133DAB27B6883F8FF
:104BB00080207B68D3F83031002B0FD07B68D3F88E
:104BC0002C311846DAF7E2FD7B68D3F830017B68B8
:104BD000B3F8343101221946D1F718FF7B6893F8F6
:104BE0003631012B0BD17B68D3F82C017B68591C23
:104BF0007B6893F880301A46D9F7AEFD0FE07B68EA
:104C000093F83631022B0AD17B68D3F82C017B68EC
:104C1000591C7B6893F880301A46D9F77DFE142121
:104C20000120E0F733F900BF7B68D3F82C311B6813
:104C3000DB6903F04003002B0CBF01230023DBB230
:104C4000002BF1D17B68D3F83031002B0FD07B687B
:104C5000D3F830017B68B3F8343100221946D1F71C
:104C6000D5FE7B68D3F82C311846DAF7E3FD7B6874
:104C7000D3F8A040DFF712FC024600230093002384
:104C800002212046E0F732FC7B68002283F8802076
:104C90007B68B3F88A3001339AB27B68A3F88A2024
:104CA00000BF1437BD4690BD80B485B000AF034649
:104CB0000A46FB711346BB71BB793B73FB797B736F
:104CC000BB8918461437BD465DF8047B704780B435
:104CD00087B000AF78600B46FB704FF6FF737B61C7
:104CE0000023FB7422E0FB7C7A6813441B781A468D
:104CF0007B6953407B610123BB7411E07B6903F046
:104D00000103BB607B695B087B61BB68002B04D03F
:104D10007A694AF2010353407B61BB7C0133BB7467
:104D2000BB7C082BEAD9FB7C0133FB74FA7CFB7853
:104D30009A42D8D37B691B0AFB607B691B02FA6825
:104D400013437B617B699BB27B617B699BB2184695
:104D50001C37BD465DF8047B704780B483B000AF5C
:104D600078607B6818460C37BD465DF8047B704759
:104D700080B483B000AF78607B68002283F8802025
:104D80007B68002283F881207B68002283F88220E0
:104D90007B68002283F8832000BF0C37BD465DF896
:104DA000047B704780B582B000AF786039607B6863
:104DB00093F882301A463968786800F005F803469F
:104DC00018460837BD4680BD80B586B000AFF86094
:104DD000B9601346FB71FB6893F88230002B02D058
:104DE000FB79002B01D100233EE0FB79802B01D918
:104DF000002339E00023FB751BE0FB6893F880304B
:104E00001946FB7DBA681344FA68525C1A70FB6855
:104E100093F8803001335A4203F07F0302F07F029F
:104E200058BF5342DAB2FB6883F88020FB7D013320
:104E3000FB75FA7DFB799A4205D2FB6893F88230C4
:104E4000FA7D9A42D9D3FB6893F88220FB7DD31A6E
:104E5000DAB2FB6883F88220FB68002283F88320A3
:104E6000F868FFF785FFFB7D18461837BD4680BD03
:104E700080B485B000AF786039607B685A683B6861
:104E80005A607B681A7A3B681A727B685A7A3B6868
:104E90005A727B689A7A3B689A727B681A783B6888
:104EA0001A707B681A8A3B681A820023FB600CE048
:104EB0007B68DA68FB681A443B68D968FB680B4476
:104EC00012781A70FB680133FB607B681B8A1A46F4
:104ED000FB689342ECDB00BF00BF1437BD465DF8B2
:104EE000047B704780B584B000AF786039603B6860
:104EF00055221A707B685A683B6801331946104680
:104F000003F099FA3B6805337A6812781A703B68A7
:104F100006337A68127A1A703B6807337A68527AD5
:104F20001A703B6808337A68927A1A703B680933C2
:104F30007A68D27A1A707B681B8A1B0A9AB23B681D
:104F40000A33D2B21A707B681A8A3B680B33D2B22A
:104F50001A700023FB730DE07B68DA68FB7B1A4450
:104F6000FB7B0C3319463B680B4412781A70FB7BB1
:104F70000133FB73FB7B7A68128A9342ECDB7B681C
:104F80001B8A0C331A463B68134400221A707B6854
:104F90001B8ADBB20D33DBB218461037BD4680BD2D
:104FA00080B586B000AFF860B9601346FB80FB881F
:104FB0000C2B01D8002319E0BB681B78552B01D0BE
:104FC000002313E0BB680A331A78BB680B331B78E5
:104FD0001946104603F0CAF90346FB82FA88FB8A99
:104FE000D31A0D2B01D0002300E0012318461837F7
:104FF000BD4680BD80B586B000AFF860B96013468D
:10500000FB80FB881A46B968F868FFF7C9FF0346BA
:10501000002B0CBF01230023DBB2002B01D00023A7
:105020003FE0BB680133184603F0E6F90246FB682F
:105030005A60BB685A79FB681A70BB689A79FB683A
:105040001A72BB68DA79FB685A72BB681A7AFB6815
:105050009A72BB685A7AFB68DA72BB680A331A78AC
:10506000BB680B331B781946104603F07FF90346E3
:105070001A46FB681A820023FB750CE0FB7D0C339B
:10508000BA681A44FB68D968FB7D0B4412781A7021
:10509000FB7D0133FB75FB7DFA68128A9342EDDBE1
:1050A000012318461837BD4680BD80B582B000AFD9
:1050B000786039603B6819683B689B881A46786855
:1050C000FFF798FF034618460837BD4680BD00002D
:1050D00080B400AF044A054B1B68136000BFBD4697
:1050E0005DF8047B704700BF200000241C000024F2
:1050F00080B500AFFFF7ECFF80BD80B485B000AF96
:1051000087ED030AC7ED020A87ED011A97ED037ACE
:10511000D7ED027AB4EEE77AF1EE10FA01D5BB686A
:105120000BE097ED037AD7ED017AB4EEE77AF1EE72
:1051300010FA01DD7B6800E0FB6807EE903AB0EE04
:10514000670A1437BD465DF8047B704780B582B0AE
:1051500000AF78607B684FF00002DA637B684FF045
:1051600000021A647B684FF000025A647B684FF0BB
:1051700000029A64786800F01FF87B6818460837C8
:10518000BD4680BDB0B582B000AF786039607A6846
:105190003B6814461D460FCD0FC40FCD0FC40FCD75
:1051A0000FC495E8070084E80700786800F004F869
:1051B00000BF0837BD46B0BD80B483B000AF786093
:1051C0007B684FF00002DA637B684FF000021A64DC
:1051D0007B684FF000025A647B684FF000029A64CB
:1051E00000BF0C37BD465DF8047B704780B588B0C2
:1051F00000AF786087ED000A7B681B7C002B05D12F
:105200007B683A68DA637B68DB6B4BE07B68DB6862
:10521000FB61D7ED077AF5EEC07AF1EE10FA05D80A
:105220007B683A68DA637B68DB6B3BE07B68D3EDD5
:10523000057AF0EEE77AC7ED067AD7ED067AF5EE55
:10524000C07AF1EE10FA02D87B68DB6B2AE097EDAA
:10525000067AD7ED077A67EE277AC7ED057A7B687D
:10526000D3ED0F7A97ED007A77EE677AC7ED047A7F
:10527000D7ED057AF1EE677A97ED051AF0EE670A39
:1052800097ED040AFFF739FF87ED030A7B6893ED7A
:105290000F7AD7ED037A77EE277A7B68C3ED0F7A22
:1052A0007B68DB6B07EE903AB0EE670A2037BD46AD
:1052B00080BD80B487B000AF786087ED000A7B685E
:1052C000DB687B61D7ED057AF5EEC07AF1EE10FA76
:1052D00002D84FF0000347E07B68D3ED107A97EDDA
:1052E000007A77EE676A97ED057AC6EE877AC7EDA2
:1052F000047A7B681B7E002B05D17B683A695A646F
:105300007B685B6C30E07B68DB69FB60D7ED037A20
:10531000F5EEC07AF1EE10FA05D87B683A695A6466
:105320007B685B6C20E097ED037AD7ED057A37EE6A
:10533000277AD7ED056AC6EE877AC7ED027A7B68D1
:1053400093ED117A7B68D3ED117AD7ED046A76EE8E
:10535000E76AD7ED027A66EEA77A77EE277A7B685E
:10536000C3ED117A7B685B6C07EE903AB0EE670A8A
:105370001C37BD465DF8047B7047000080B586B0E1
:1053800000AF786087ED000A7B6893F82030002B2F
:1053900007D07B68D3ED027AF5EE407AF1EE10FA91
:1053A00002D1DFED2E7A54E07B685B6AFB60D7EDBB
:1053B000037AF5EEC07AF1EE10FA17D8D7ED007A3D
:1053C000F5EEC07AF1EE10FA03DD4FF07E537B610B
:1053D00018E0D7ED007AF5EEC07AF1EE10FA02D5BA
:1053E0001F4B7B610EE0DFED1D7A32E097ED007A16
:1053F000D7ED037AC7EE276AB0EE660A03F018FF0E
:1054000087ED050A4FF07E533B617B68D3ED0A7A46
:10541000F5EEC07AF1EE10FA10DDD7ED007AF0EE7D
:10542000E77AB1EE677A7B68D3ED0A7AC7EE276A2E
:10543000B0EE660A03F0FAFA87ED040A7B6893ED92
:10544000027AD7ED057A27EE277AD7ED047A67EE50
:10545000277AB0EE670A1837BD4680BD000000000D
:10546000000080BF80B584B000AF786087ED000A8F
:105470007B6893F82C30002B02D1D7ED007A1FE027
:105480007B68D3ED0C7AF0EEE77AC7ED037AD7EDBF
:10549000037AF5EEC07AF1EE10FA02D8DFED0B7A5E
:1054A0000EE0D7ED037AF1EE677A97ED031AF0EE8E
:1054B000670A97ED000AFFF720FEF0EE407A00BF82
:1054C000B0EE670A1037BD4680BD00BF0000000087
:1054D00080B588B000AF786087ED000A7B6893F8EC
:1054E0003430002B02D1D7ED007A44E07B68DB68D2
:1054F000FB61D7ED077AF5EEC07AF1EE10FA02D82B
:10550000D7ED007A37E07B68D3ED0E7AF0EEE77ADC
:10551000C7ED067AD7ED067AF5EEC07AF1EE10FA0D
:1055200003D87B68D3ED127A25E097ED067AD7EDA4
:10553000077A67EE277AC7ED057A7B68D3ED127A92
:1055400097ED007A77EE677AC7ED047AD7ED057AA2
:10555000F1EE677A97ED051AF0EE670A97ED040A07
:10556000FFF7CBFD87ED030A7B6893ED127AD7ED49
:10557000037A77EE277AB0EE670A2037BD4680BD02
:1055800080B58AB000AF786087ED000A7B68DB6881
:105590007B62D7ED097AF5EEC07AF1EE10FA02D807
:1055A0007B689B6C4EE097ED000A7868FFF71EFE63
:1055B00087ED080A97ED080A7868FFF77AFE87ED0D
:1055C000070A7B68D3ED007A97ED087A67EE277AB1
:1055D000C7ED067A7B68D3ED017A97ED077A67EE1F
:1055E000277AC7ED057A97ED080A7868FFF7C6FEB7
:1055F00087ED040A97ED067AD7ED057A77EE277ADC
:1056000097ED047A77EE277AC7ED037A97ED030AD0
:105610007868FFF727FF87ED030A97ED030A78689C
:10562000FFF756FF87ED030A97ED030A7868FFF747
:1056300019FF87ED030A7B683A6A1A647B68FA6887
:105640009A64FB6807EE903AB0EE670A2837BD46C9
:1056500080BD000080B582B000AF78607B681846DE
:1056600040231A46002105F089FE7B68034ADA6070
:1056700000BF78680837BD4680BD00BF0AD7233C0D
:1056800080B485B000AF87ED030AC7ED020A87ED4D
:10569000011A97ED037AD7ED027AB4EEE77AF1EECC
:1056A00010FA01D5BB680BE097ED037AD7ED017ACC
:1056B000B4EEE77AF1EE10FA01DD7B6800E0FB68FA
:1056C00007EE903AB0EE670A1437BD465DF8047BEA
:1056D0007047B0B592B000AF78647B6C4FF00002B9
:1056E0001A647B6C4FF000025A647B6C4FF000022E
:1056F0009A647B6C4FF00002DA647B6C4FF000021E
:105700001A657C6C3B461846FFF7A4FF25463C46CD
:105710000FCC0FC50FCC0FC50FCC0FC594E80F00F1
:1057200085E80F00786C00F005F87B6C1846483768
:10573000BD46B0BD80B483B000AF78607B684FF0E9
:1057400000021A647B684FF000025A647B684FF0D5
:1057500000029A647B684FF00002DA647B684FF0C5
:1057600000021A6500BF0C37BD465DF8047B704728
:1057700080B584B000AF786087ED000A7B6893F84D
:105780002030002B02D1D7ED007A1FE07B68D3EDEB
:10579000097AF0EEE77AC7ED037AD7ED037AF5EEF2
:1057A000C07AF1EE10FA02D8DFED0B7A0EE0D7EDF9
:1057B000037AF1EE677A97ED031AF0EE670A97ED38
:1057C000000AFFF75DFFF0EE407A00BFB0EE670A17
:1057D0001037BD4680BD00BF0000000080B588B016
:1057E00000AF786087ED000A7B6893F83030002BBB
:1057F00002D1D7ED007A44E07B68DB68FB61D7ED2E
:10580000077AF5EEC07AF1EE10FA02D8D7ED007AF9
:1058100037E07B68D3ED0D7AF0EEE77AC7ED067AD4
:10582000D7ED067AF5EEC07AF1EE10FA03D87B6870
:10583000D3ED137A25E097ED067AD7ED077A67EE78
:10584000277AC7ED057A7B68D3ED137A97ED007A56
:1058500077EE677AC7ED047AD7ED057AF1EE677ACD
:1058600097ED051AF0EE670A97ED040AFFF708FFB7
:1058700087ED030A7B6893ED137AD7ED037A77EE11
:10588000277AB0EE670A2037BD4680BD80B588B064
:1058900000AF786087ED000A7B6893F83830002B02
:1058A00005D17B683A681A657B681B6D4BE07B68A5
:1058B000DB68FB61D7ED077AF5EEC07AF1EE10FAFE
:1058C00005D87B683A681A657B681B6D3BE07B688E
:1058D000D3ED0F7AF0EEE77AC7ED067AD7ED067AC8
:1058E000F5EEC07AF1EE10FA02D87B681B6D2AE063
:1058F00097ED067AD7ED077A67EE277AC7ED057A36
:105900007B68D3ED147A97ED007A77EE677AC7ED6E
:10591000047AD7ED057AF1EE677A97ED051AF0EE85
:10592000670A97ED040AFFF7ABFE87ED030A7B6871
:1059300093ED147AD7ED037A77EE277A7B68C3ED7F
:10594000147A7B681B6D07EE903AB0EE670A203739
:10595000BD4680BD80B487B000AF786087ED000A97
:105960007B68DB687B61D7ED057AF5EEC07AF1EEF6
:1059700010FA02D84FF0000340E07B68D3ED117AB3
:1059800097ED007A77EE676A97ED057AC6EE877A2B
:10599000C7ED047A7B6893F82830002B01D13B696E
:1059A0002CE07B68DB6AFB60D7ED037AF5EEC07A0A
:1059B000F1EE10FA01D83B6920E097ED037AD7EDBC
:1059C000057A37EE277AD7ED056AC6EE877AC7EDF6
:1059D000027A7B6893ED127A7B68D3ED127AD7ED69
:1059E000046A76EEE76AD7ED027A66EEA77A77EE7A
:1059F000277A7B68C3ED127A7B689B6C07EE903A3E
:105A0000B0EE670A1C37BD465DF8047B7047B0B541
:105A100082B000AF786039607868FFF78BFE7A68F3
:105A20003B6814461D460FCD0FC40FCD0FC40FCDDC
:105A30000FC495E80F0084E80F0000BF0837BD468B
:105A4000B0BD80B586B000AFF86087ED020AC7ED43
:105A5000010A97ED020AF868FFF718FF87ED050ABB
:105A600097ED057AD7ED017A77EE677AC7ED047A7C
:105A700097ED040AF86800F007F8F0EE407AB0EE0F
:105A8000670A1837BD4680BD80B52DED028B8AB000
:105A900000AF786087ED000A7B68DB68FB61D7EDBB
:105AA000077AF5EEC07AF1EE10FA02D87B68DB6C6B
:105AB000C4E07B68D3ED007A97ED007A67EE277A31
:105AC000C7ED067A7B6893ED028A97ED000A786845
:105AD000FFF740FFF0EE407A68EE277AC7ED057ACF
:105AE0007B6893ED107AD7ED067A77EE277A97EDFB
:105AF000057A77EE277AC7ED097A002387F82330F5
:105B00007B6893F82030002B29D07B68D3ED097A8D
:105B1000F0EEE77AF5EEC07AF1EE10FA1FDD7B6861
:105B2000D3ED097AF0EEE77AC7ED047A97ED097ABA
:105B3000D7ED047AB4EEE77AF1EE10FA0ADCD7ED8D
:105B4000047AF1EE677A97ED097AB4EEE77AF1EE2E
:105B500010FA01D5012300E0002387F8233097F8DD
:105B6000233083F00103DBB2002B52D07B68D3EDEE
:105B7000017AF5EE407AF1EE10FA4AD07B6893EDA7
:105B8000107A7B68D3ED016AD7ED007A66EEA76ADA
:105B9000D7ED077A66EEA77A77EE277A7B68C3EDB2
:105BA000107A7B681B7C002B26D07B68D3ED057AAE
:105BB000F0EEE77AC7ED037AD7ED037AF5EEC07A17
:105BC000F1EE10FA14DD7B6893ED107AD7ED037ACD
:105BD000F1EE677A97ED031AF0EE670AB0EE470A26
:105BE000FFF74EFDF0EE407A7B68C3ED107A03E0DC
:105BF0007B684FF000021A647B6893ED107AD7ED52
:105C0000067A77EE277A97ED057A77EE277AC7ED51
:105C1000097A97ED090A7868FFF7AAFD87ED020A6D
:105C200097ED020A7868FFF7D9FD87ED020A7B68D5
:105C30003A685A647B68BA68DA64BB6807EE903ADF
:105C4000B0EE670A2837BD46BDEC028B80BD80B43C
:105C500000AF00231846BD465DF8047B7047000086
:105C600080B400AF4FF00002044B43EC172BB0EEB2
:105C7000470BBD465DF8047B704700BF0000B03C99
:105C800080B400AF4FF00002044B43EC172BB0EE92
:105C9000470BBD465DF8047B704700BF0000F87FEE
:105CA00080B483B000AF87ED000B97ED006B97EDEC
:105CB000007BB4EE476BF1EE10FA6CBF01230023BA
:105CC000DBB2002B14BF01230023DBB218460C37D4
:105CD000BD465DF8047B704780B483B000AF786048
:105CE00079684FF00002084BC1E9002379684FF052
:105CF0000002064BC1E902237B6818460C37BD46FB
:105D00005DF8047B704700BF00000840000022409F
:105D100080B588B000AFF86187ED040B87ED021BFA
:105D200087ED002BFB691846FFF7D6FFF969D7E925
:105D30000423C1E92A2397ED027BB5EEC07BF1EE87
:105D400010FA02DDD7E9022301E0D7E90423F9695B
:105D5000C1E92C2397ED007BB5EEC07BF1EE10FA84
:105D600002DDD7E9002301E0D7E90423F969C1E99D
:105D70002E23F86900F0A0FFFB6918462037BD46C6
:105D800080BD80B592B000AF78603960032138687B
:105D900000F048FC87ED100B7B6893ED2A7B97EDB4
:105DA000106B26EE077B87ED0E7BFFF759FFB0EEF9
:105DB000406B97ED107BB4EEC67BF1EE10FACCBFD2
:105DC00001230023DBB2002B4FD097ED0E7BB0EE0A
:105DD000005B87EE056BB0EE460B03F0D5F987ED5F
:105DE0000C0B97ED0E7BB0EE005B87EE056BB0EE13
:105DF000460B03F089FAB0EE405B97ED106B85EE31
:105E0000067B87ED0A7BD7E90C23C7E902233B68B1
:105E100093ED006B97ED0A7B26EE077B87ED047B05
:105E20003B68083393ED006B97ED0A7B26EE077B0A
:105E300087ED067B3B68103393ED006B97ED0A7B93
:105E400026EE077B87ED087B7B6803F110007B68FB
:105E500003F1100207F10803194600F08FF97B687F
:105E600010330421184600F011FC00BF4837BD462E
:105E700080BD00000000000090B595B002AF7860D2
:105E800039603B6893ED007BB5EE407BF1EE10FA94
:105E900012D13B68083393ED007BB5EE407BF1EE09
:105EA00010FA09D13B68103393ED007BB5EE407BCF
:105EB000F1EE10FA00F09A807B68103307F12802A7
:105EC0003968184600F066FA7B6893ED007B7B68C2
:105ED00093ED2C6B7B6803F1C0017B6803F1D80460
:105EE0007B6870337A68583207F12800019200937A
:105EF00023460A46B0EE461BB0EE470B032100F0E6
:105F0000FDFD7B6803F130007B68583307F1280200
:105F1000194600F03FFA07F128030321184600F064
:105F2000B5FB97ED0E7BB7EE006B37EE067BB0EE60
:105F3000005B87EE056BB0EE460B03F0FDF887EDD6
:105F4000100B97ED107B9FED2C6BB4EEC67BF1EE42
:105F500010FA22DDD7E91023C7E9022397ED0C7B65
:105F6000B6EE006B27EE065B97ED106B85EE067BB9
:105F700087ED047B97ED0A7BBEEE006B27EE065B98
:105F800097ED106B85EE067B87ED067B4FF00002E8
:105F90004FF00003C7E9082316E04FF000024FF06E
:105FA0000003C7E902234FF00002154BC7E90423A1
:105FB0004FF000024FF00003C7E906234FF0000244
:105FC0004FF00003C7E908237B6803F130017B68C9
:105FD00003F1300207F10803184600F0CFF87B68A0
:105FE00030330421184600F051FB00E000BF4C376D
:105FF000BD4690BDAFF300808DEDB5A0F7C6B03EB5
:106000000000F03F80B584B000AFF860B9607A60FE
:10601000B968F868FFF7B5FE7968F868FFF72CFFF4
:1060200000BF1037BD4680BD80B582B000AF78603C
:1060300039607B6803F130007B6810333A68194699
:1060400000F09CF800BF0837BD4680BD80B594B015
:1060500004AFF86087ED000BFB6893ED007B97EDD4
:10606000006BB4EE476BF1EE10FA41D0F968D7E956
:106070000023C1E90023FB6893ED007BFB6893EDEF
:106080002C6B07F1100207F1280311461846B0EEF9
:10609000461BB0EE470B00F093FBFB6803F1580082
:1060A000FB6803F1C002FB6803F1D801FB687033A1
:1060B000029307F11003019307F1280300930B46A5
:1060C000032100F05FFC07F128031833FA68C0329F
:1060D00007F12800194600F055FE07F110031033B0
:1060E000FA68D83207F11000194600F04BFE00E0C4
:1060F00000BF4037BD4680BDB0B586B000AF786008
:106100007B681033184600F017F97B683033184667
:1061100000F012F979684FF000024FF00003C1E976
:1061200014237B6803F158007B685833183300222E
:10613000FA6007F10C02194600F03CFE7B6803F19F
:1061400070047B68703303F13005FFF799FDB0EE02
:10615000407B87ED047B07F110031A462946204651
:1061600000F037FE79684FF00002034BC1E92823A5
:1061700000BF1837BD46B0BD0000F03F80B48DB001
:1061800000AFF860B9607A60FB6893ED006BBB68A4
:1061900093ED007B26EE076BFB68083393ED005B05
:1061A000BB68083393ED007B25EE077B36EE476B2B
:1061B000FB68103393ED005BBB68103393ED007BFD
:1061C00025EE077B36EE476BFB68183393ED005BDB
:1061D000BB68183393ED007B25EE077B36EE477BDB
:1061E00087ED0A7BFB6893ED006BBB68083393ED8A
:1061F000007B26EE076BFB68083393ED005BBB6802
:1062000093ED007B25EE077B36EE076BFB681033C2
:1062100093ED005BBB68183393ED007B25EE077BA5
:1062200036EE076BFB68183393ED005BBB681033E9
:1062300093ED007B25EE077B36EE477B87ED087BF1
:10624000FB6893ED006BBB68103393ED007B26EE8B
:10625000076BFB68083393ED005BBB68183393ED65
:10626000007B25EE077B36EE476BFB68103393ED22
:10627000005BBB6893ED007B25EE077B36EE076B7A
:10628000FB68183393ED005BBB68083393ED007B2C
:1062900025EE077B36EE077B87ED067BFB6893EDEB
:1062A000006BBB68183393ED007B26EE076BFB6831
:1062B000083393ED005BBB68103393ED007B25EE54
:1062C000077B36EE076BFB68103393ED005BBB6812
:1062D000083393ED007B25EE077B36EE476BFB68BA
:1062E000183393ED005BBB6893ED007B25EE077BD5
:1062F00036EE077B87ED047B7968D7E90A23C1E98D
:1063000000237B6803F10801D7E90823C1E90023D2
:106310007B6803F11001D7E90623C1E900237B68FC
:1063200003F11801D7E90423C1E9002300BF343782
:10633000BD465DF8047B704780B483B000AF7860E1
:1063400079684FF00002124BC1E900237B6803F12A
:1063500008014FF000024FF00003C1E900237B6801
:1063600003F110014FF000024FF00003C1E90023D8
:106370007B6803F118014FF000024FF00003C1E900
:10638000002300BF0C37BD465DF8047B704700BF9B
:106390000000F03F80B48BB000AFF860B9607A6065
:1063A000FB68103393ED007B37EE076BFB6810330F
:1063B00093ED007B26EE077BB7EE006B36EE476B66
:1063C000FB68183393ED007B37EE075BFB681833EF
:1063D00093ED007B25EE077B36EE476BBB6893EDB4
:1063E000007B26EE076BBB68083393ED007B37EE2E
:1063F000075BFB68103393ED004BFB68083393EDAC
:10640000007B24EE074BFB6893ED003BFB681833E1
:1064100093ED007B23EE077B34EE477B25EE077B75
:1064200036EE076BBB68103393ED007B37EE075BEE
:10643000FB6893ED004BFB68103393ED007B24EE7B
:10644000074BFB68183393ED003BFB68083393ED73
:10645000007B23EE077B34EE077B25EE077B36EED1
:10646000077B87ED087BBB6893ED007B37EE076BFE
:10647000FB6893ED005BFB68183393ED007B25EE22
:10648000075BFB68103393ED004BFB68083393ED1B
:10649000007B24EE077B35EE077B26EE076BBB689F
:1064A000083393ED005BFB68083393ED007B37EE18
:1064B000074BFB68083393ED007B24EE077BB7EEB8
:1064C000004B34EE474BFB68183393ED007B37EEFF
:1064D000073BFB68183393ED007B23EE077B34EE1C
:1064E000477B25EE077B36EE076BBB68103393EDD9
:1064F000007B37EE075BFB68103393ED004BFB68C6
:10650000183393ED007B24EE074BFB68083393EDC3
:10651000003BFB6893ED007B23EE077B34EE477B6B
:1065200025EE077B36EE077B87ED067BBB6893ED98
:10653000007B37EE076BFB68183393ED005BFB685D
:10654000083393ED007B25EE075BFB6893ED004B72
:10655000FB68103393ED007B24EE077B35EE477B21
:1065600026EE076BBB68083393ED007B37EE075BC5
:10657000FB6893ED004BFB68083393ED007B24EE42
:10658000074BFB68183393ED003BFB68103393ED2A
:10659000007B23EE077B34EE077B25EE077B36EE90
:1065A000076BBB68103393ED005BFB68083393ED1A
:1065B000007B37EE074BFB68083393ED007B24EE3E
:1065C000077BB7EE004B34EE474BFB68103393ED7F
:1065D000007B37EE073BFB68103393ED007B23EE27
:1065E000077B34EE477B25EE077B36EE077B87ED96
:1065F000047B7968D7E90823C1E900237B6803F1AC
:106600000801D7E90623C1E900237B6803F11001E3
:10661000D7E90423C1E9002300BF2C37BD465DF84C
:10662000047B704780B586B000AF786039604FF06A
:1066300000024FF00003C7E904230023FB6016E0CB
:10664000FB68DB007A68134493ED006BFB68DB00AA
:106650007A68134493ED007B26EE077B97ED046B7D
:1066600036EE077B87ED047BFB680133FB60FA683D
:106670003B689A42E4D397ED040B02F05DFDB0EE67
:10668000407BB0EE470B1837BD4680BD80B586B065
:1066900000AF7860396039687868FFF7C3FF87ED2D
:1066A000020BFFF7DDFAB0EE406B97ED027BB4EE24
:1066B000C67BF1EE10FA4CBF01230023DBB2002BA6
:1066C0001AD100237B6112E07B69DB007A681344F6
:1066D00093ED005B7B69DB007A68134497ED026BF6
:1066E00085EE067B83ED007B7B6901337B617A69F4
:1066F0003B689A42E8D300E000BF1837BD4680BD32
:1067000080B584B000AF87ED020B87ED001B97EDDD
:10671000007BB5EEC07BF1EE10FA06DC1A4B1B4A8B
:1067200040F251111A4803F0EFFF97ED027BB5EEEE
:10673000C07BF1EE10FA02D59FED117B1BE097EDC7
:10674000027BB5EE407BF1EE10FA02D1B7EE007B92
:1067500011E097ED007BB1EE476B97ED027B86EE83
:10676000075BB0EE450B02F0D7F9B0EE407BB7EE19
:10677000006B36EE477BB0EE470B1037BD4680BD51
:1067800000000000000000007CDE030884DE030837
:10679000C4DE030880B582B000AF78607B6807EE86
:1067A000903AB8EEE77BB0EE470B02F0C5FCB0EED6
:1067B000407BB0EE470B0837BD4680BD00000000AF
:1067C00080B52DED028B8EB000AF87ED040B87ED09
:1067D000021B7860396097ED047BB5EEC07BF1EE6B
:1067E00010FA06DC4C4B4D4A40F25D114C4803F068
:1067F0008BFF97ED027BB5EEC07BF1EE10FA06DC65
:10680000484B464A4FF4AF71454803F07DFF9FED7A
:106810003E5B97ED046B85EE067B87ED0C7B97ED79
:106820000C7B9FED3B6B27EE066B97ED027B26EE14
:10683000077BB0EE470B02F0B3FD87ED0A0B97ED37
:106840000A7B27EE078B0220FFF7A4FFB0EE406B18
:1068500097ED0A7B26EE077B38EE077BB7EE006BE1
:1068600037EE067B87ED087B97ED0A7B27EE075B0B
:1068700097ED086B85EE067B87ED067B7968D7E997
:106880000623C1E900237B68083397ED067B37EECA
:10689000077B83ED007B7B6803F11001D7E90623BA
:1068A000C1E9002397ED0A7B27EE077BB7EE006B6B
:1068B00037EE467B37EE075B97ED086B85EE067B80
:1068C0003B6883ED007B0220FFF764FFB0EE406B76
:1068D00097ED0A7B26EE077BB7EE006B36EE476B33
:1068E00097ED0A7B27EE077B36EE075B3B680833A4
:1068F00097ED086B85EE067B83ED007B00BF383794
:10690000BD46BDEC028B80BD2266BE2964CFCC3F64
:10691000182D4454FB2109403CDF030844DF0308E1
:10692000C4DE03087CDE030880B487B000AF87EDC7
:10693000040BF860B9607A60FB6893ED007BB7EEFA
:10694000006B36EE476B97ED047B26EE077B7B688A
:1069500083ED007BFB68103393ED006BBB6808335D
:1069600093ED007B36EE476B7B68083397ED047B35
:1069700026EE077B83ED007B00BF1C37BD465DF82C
:10698000047B704780B586B000AFF860B9607A606C
:106990003B60BB6A93ED007BB0EE470BFFF780F9DD
:1069A0000346002B54D100237B614CE07B691B0123
:1069B000BA6A134493ED006B7B6893ED005B3B6A0E
:1069C00093ED007B35EE475B7B69DB00FA6813448F
:1069D00093ED007B25EE077B7B691B01BA6A1344AC
:1069E00036EE077B83ED007B7B691B010833BA6AB7
:1069F000134493ED006B7B68083393ED005B3B6AB7
:106A0000083393ED007B35EE475B3B6893ED007BED
:106A100035EE475B7B6A93ED007B35EE075B7B6968
:106A2000DB00FA68134493ED007B25EE077B7B695E
:106A30001B010833BA6A134436EE077B83ED007BF3
:106A40007B6901337B617A69BB689A42AED300E00F
:106A500000BF1837BD4680BD80B489B000AF87ED58
:106A6000040BF860B9607A60FB6893ED006B97EDFA
:106A7000047B26EE076B7B6893ED007B36EE077B8D
:106A800087ED067BFB68083393ED006B97ED047B85
:106A900026EE076BBB6893ED005B97ED067B25EE5A
:106AA000077B36EE476B7B68083393ED007B36EE51
:106AB000077B7B6883ED007BFB68103393ED006BF5
:106AC00097ED047B26EE076BBB68083393ED005B04
:106AD00097ED067B25EE077B7B68083336EE477B18
:106AE00083ED007BD7E9062343EC172BB0EE470B71
:106AF0002437BD465DF8047B7047000090B58DB02B
:106B000000AFF861B96187ED040B87ED021B7A6075
:106B10003B60BB69012B06D8644B654A4FF4C771D3
:106B2000644803F0F1FD3B6C93ED007BB0EE470B46
:106B3000FFF7B6F80346002B00F092803B6C083359
:106B400093ED007BB0EE470BFFF7AAF80346002B4E
:106B50001DD03B6C03F108014FF000024FF0000321
:106B6000C1E900230023FB620DE0FB6A0233DB0076
:106B70003A6CD1184FF000024FF00003C1E9002336
:106B8000FB6A0133FB62FA6ABB699A42EDD33B6C44
:106B9000083393ED007BB7EE006B37EE067B83ED99
:106BA000007B0023BB622BE0BB6A0233DB003A6C44
:106BB000134493ED006BBB6ADB00FA69134493ED59
:106BC000007BBB6A0233DB003A6C134436EE077B72
:106BD00083ED007BBB6A0233DB003A6C134493ED18
:106BE000005B3B6C083393ED006BBB6ADB007A6C97
:106BF000134485EE067B83ED007BBB6A0133BB62E9
:106C0000BA6ABB699A42CFD33B6C083393ED006BF1
:106C100097ED027B26EE077B97ED046BB4EEC76B16
:106C2000F1EE10FA00D93EE000237B6213E07B6AAC
:106C3000DB007A6C134493ED007B7B6A1B013A6C9A
:106C400013441A4639687868B0EE470BFFF76CFEBC
:106C50007B6A01337B627A6ABB699A42E7D322E09E
:106C600000233B621BE03B6ADB00FA69134493EDAF
:106C7000007B3B6A1B013A6CD1183B6ADB007A6CE3
:106C8000D4180A4639687868B0EE470BFFF7E4FE7F
:106C9000B0EE407B84ED007B3B6A01333B623A6A95
:106CA000BB699A42DFD33437BD4690BD94DF0308F9
:106CB0009CDF0308C4DE030880B582B000AF7860B3
:106CC0007B6893ED2A7BB5EEC07BF1EE10FA06DC13
:106CD000274B284A40F2AD11274803F015FD7B6889
:106CE00093ED2C7BB5EEC07BF1EE10FA06DC234B66
:106CF000204A4FF4D771204803F006FD7B6893EDDE
:106D00002E7BB5EEC07BF1EE10FA06DC1C4B194A67
:106D100040F2AF11184803F0F7FC7B6893ED007B5D
:106D20007B6893ED2C6B7B6803F1C0027B68D833E2
:106D300019461046B0EE461BB0EE470BFFF740FD7C
:106D40007B6893ED027B7B6893ED2E6BB0EE461B68
:106D5000B0EE470BFFF7D4FCB0EE407B7B6883EDD1
:106D60003A7B7868FFF7C8F900BF0837BD4680BD99
:106D700024E0030838E00308C4DE030850E00308F9
:106D800064E0030890B585B000AFF860B9607A6040
:106D9000F86800F02DF80446B86800F029F80346BA
:106DA0007A681946204600F02EF803461846143734
:106DB000BD4690BD80B584B000AFF860B9607A6020
:106DC0007A68B968F86800F041F800BF1037BD462E
:106DD00080BD80B584B000AFF860B9607A607A6831
:106DE000B968F86800F041F800BF1037BD4680BDB3
:106DF00080B483B000AF78607B6818460C37BD461E
:106E00005DF8047B7047B0B584B000AFF860B9603E
:106E10007A60F86800F038F80446B86800F034F892
:106E200005467B68184600F02FF803461A462946A7
:106E3000204600F040F802463B1D1146184600F07F
:106E40002EF8034618461037BD46B0BD80B584B055
:106E500000AFF860B9607A607A68B968F86800F0E5
:106E60003AF800BF1037BD4680BD80B584B000AF92
:106E7000F860B9607A607A68B968F86800F04BF831
:106E800000BF1037BD4680BD80B483B000AF7860CE
:106E90007B6818460C37BD465DF8047B704780B4AC
:106EA00083B000AF786039603B6818460C37BD4648
:106EB0005DF8047B704780B584B000AFF860B960BE
:106EC0007A607A68B968F86800F044F803461846B2
:106ED0001037BD4680BD80B487B000AFF860B960A0
:106EE0007A607B681B687B610AE07B6907EE903AF9
:106EF000B8EEE77BFB6883ED007BFB680833FB6043
:106F0000FA68BB689A42F0D100BF00BF1C37BD468B
:106F10005DF8047B704780B487B000AFF860B9605B
:106F20007A607B68D3E90023C7E9042307E0F968A6
:106F3000D7E90423C1E90023FB680833FB60FA6842
:106F4000BB689A42F3D100BF00BF1C37BD465DF855
:106F5000047B704780B584B000AFF860B9607A6098
:106F6000FEF775FE0346002B06D07A68B968F8680C
:106F700000F00DF8034606E07A68B968F86800F09A
:106F80002BF8034600BF18461037BD4680BD80B4BD
:106F900087B000AFF860B9607A60BA68FB68D31A4E
:106FA000DB107B610EE0FB68D3E900237968C1E95F
:106FB0000023FB680833FB607B6808337B607B69D8
:106FC000013B7B617B69002BEDDC7B6818461C373D
:106FD000BD465DF8047B704780B586B000AFF860B1
:106FE000B9607A60BA68FB68D31ADB107B617B6991
:106FF000012BCCBF01230023DBB2002B07D07B6920
:10700000DB001A46F968786804F09EF906E07B69AF
:10701000012B03D1F968786800F008F87B69DB0080
:107020007A68134418461837BD4680BD80B483B0D3
:1070300000AF786039603B68D3E900237968C1E923
:10704000002300BF0C37BD465DF8047B704700008D
:1070500080B483B000AF78607B684FF07C521A60D8
:107060007B684FF07E529A617B684FF00002DA61D4
:107070007B684FF000021A627B684FF000025A6290
:107080007B68064A1A617B6800221A757B6818467D
:107090000C37BD465DF8047B704700BF0AD7233C20
:1070A00080B485B000AFF860B9601346FB80FB6820
:1070B000BA681A60FB68FA889A80FB681846143729
:1070C000BD465DF8047B704780B582B000AF786044
:1070D0007B681A687B689B8819461046CFF77EFC50
:1070E000034618460837BD4680BD80B485B000AF62
:1070F000F860B9601346FB80FB68BA681A60FB68E9
:10710000FA889A80FB6818461437BD465DF8047B00
:10711000704780B582B000AF78607B6818687B6884
:107120009B8801221946CFF771FC00BF0837BD4686
:1071300080BD80B582B000AF78607B681A687B68DC
:107140009B8819461046CFF77AFC00BF0837BD462A
:1071500080BD000080B582B000AF7860064B1B6830
:10716000002B04D0044B1B68184600F035F900BF13
:107170000837BD4680BD00BFC08B022480B582B0F9
:1071800000AF7860064B1B68002B04D0044B1B68D3
:10719000184600F032F900BF0837BD4680BD00BF79
:1071A000C08B022480B582B000AF7860084B1B68AA
:1071B000002B09D0064B1B68184600F030F9044B31
:1071C0001B68184600F019F900BF0837BD4680BD9E
:1071D000C08B022480B582B000AF7860064B1B687C
:1071E000002B04D0044B1B68184600F02AF900BF9E
:1071F0000837BD4680BD00BFC08B022480B582B079
:1072000000AF78607B681846E0F77EFB7B68203330
:107210001846E0F779FB7B6840331846E0F774FBCB
:107220007B6860331846E0F76FFB7B6818460837C9
:10723000BD4680BD80B582B000AF78607B680C33FE
:107240001846FFF7DBFF7B6818460837BD4680BD50
:1072500090B585B000AFF860384680E80E00FB6856
:107260001C463B4693E8070084E80700184AFB6881
:107270001360FB6800221A74FB68002283F8302038
:10728000FB68002283F85020FB68002283F87020FE
:10729000FB681B680F4A01211846D4F7F7FEFB680C
:1072A0001B680D4A00211846D4F7F0FEFB681B68E6
:1072B0000A4A02211846D4F7E9FEFB681B68084A0F
:1072C00006211846D4F7E2FE00BF1437BD4690BD34
:1072D000C08B0224557103087D710308A571030852
:1072E000D571030880B483B000AF786000BF0C375D
:1072F000BD465DF8047B704780B582B000AF786012
:107300007B681B681846D5F7CDFE7B681B6818465E
:10731000D5F7B6FF00BF0837BD4680BD80B584B045
:1073200000AFF860B9601346FB80FB681B68FA8801
:10733000B9681846D5F7B6FB00BF1037BD4680BD0B
:1073400080B584B000AFF860B9603B601346FB8045
:10735000FB681868FB883A68B968D5F7EBFC00BF92
:107360001037BD4680BD000080B584B000AFF86026
:107370000B467A60FB72FB7A032B27D801A252F8E6
:1073800023F000BF95730308A3730308B1730308C8
:10739000BF730308FB680C3379681846E1F744F9BA
:1073A00015E0FB682C3379681846E1F73DF90EE0EB
:1073B000FB684C3379681846E1F736F907E0FB685B
:1073C0006C3379681846E1F72FF900E000BF00BF81
:1073D0001037BD4680BD00BF80B582B000AF786079
:1073E0007B681B7C002B04D07B680C331846DFF7CE
:1073F0001AF800BF0837BD4680BD80B582B000AF27
:1074000078607B6893F83030002B04D07B682C3395
:107410001846DFF708F800BF0837BD4680BD80B5C5
:1074200082B000AF78607B6893F85030002B04D0B6
:107430007B684C331846DEF7F6FF00BF0837BD46C1
:1074400080BD80B582B000AF78607B681B681B6828
:107450001A687B681B681B6822F001021A60786852
:1074600000F027F87B681B681B689A697B681B68BB
:107470001B6842F040029A617B681B681B681A68AF
:107480007B681B681B6842F001021A607B681B68FE
:107490001846D5F707FE7B6893F87030002B04D0B0
:1074A0007B686C331846DEF7BEFF00BF0837BD4669
:1074B00080BD80B483B000AF786003E07B681B6858
:1074C0001B681B6B7B681B681B685B6903F001030F
:1074D000012B0CBF01230023DBB2002BEED100BF38
:1074E00000BF0C37BD465DF8047B704780B584B0A3
:1074F00000AF78600B467B800023FB602BE01B4ACB
:10750000FB6852F82330002B12D0184AFB6852F85F
:1075100023301B6804331B681449FA6851F8222091
:107520001046984702467B68934201D1012300E050
:107530000023002B0CD00D4AFB6852F823301B6847
:107540001B680A49FA6851F8222079881046984742
:10755000FB680133FB60064B1B781A46FB689342BD
:10756000CDDB00BF00BF1037BD4680BDC48B0224F9
:10757000D88B022480B483B000AF87ED010AD7ED29
:10758000017A9FED087A67EE877A9FED077AC7EE5A
:10759000876AF0EE667AB0EE670A0C37BD465DF892
:1075A000047B7047DB0F49400000344380B584B052
:1075B00000AF7860DAF702FEF860FB68022B03D1B7
:1075C0007868DAF7F5FE02E07868CAF797FF00BF3F
:1075D0001037BD4680BD80B483B000AF78607B6853
:1075E0004FF000021A607B684FF000025A607B681F
:1075F0004FF000029A607B6818460C37BD465DF874
:10760000047B704780B483B000AF78607B680B2246
:107610001A707B6820225A707B6800229A707B68FF
:107620000122DA707B6818460C37BD465DF8047B92
:10763000704780B483B000AF78607B680A221A700C
:107640007B6820225A707B6808229A707B6800222F
:10765000DA707B6818460C37BD465DF8047B7047CE
:1076600080B582B000AF78607B680A331846FFF7B8
:10767000C9FF7B680E331846FFF7DBFF7B681846AF
:107680000837BD4680BD80B582B000AF78607B68AA
:107690002C331846FFF79FFF7B6838331846FFF7F7
:1076A000DFFF7B6818460837BD4680BD80B582B0D5
:1076B00000AF78600B46FB701346BB707B68D86BDD
:1076C0007B68B3F8403000221946CFF79FF97B68FA
:1076D000986BF91C01230122D4F784FD7B68986B19
:1076E000B91C01230122D4F77DFD7B68D86B7B6830
:1076F000B3F8403001221946CFF788F90123184624
:107700000837BD4680BD84B0B0B584B000AF7860A6
:1077100007F1240080E80E007B6803F1380507F1CB
:1077200024040FCC28606960AA60EB6023882B8258
:107730007B68D86B7B68B3F8403001221946CFF7DD
:1077400065F9FA20FFF732FF786800F0E9F80346A0
:10775000002B0CBF01230023DBB2002B01D0002340
:107760006EE0786800F033FDFA20FFF71FFF7F21FD
:10777000786800F06CF80021786800F0F3FC7B6812
:1077800093F846207B6893F847301343D9B27B685F
:1077900093F848301A46786800F0CBFC7B6893F881
:1077A00042207B6893F843301343D9B27B6893F847
:1077B00044301A46786800F0A3FC4021786800F055
:1077C00046F80346FB734121786800F040F8034611
:1077D000BB734221786800F03AF803467B7343217B
:1077E000786800F034F803463B737B6893F84620D2
:1077F0007B6893F847301343DBB2FA7B9A4201D09F
:1078000000231DE07B6893F84830BA7B9A4201D090
:10781000002315E07B6893F842207B6893F843309F
:107820001343DBB27A7B9A4201D0002308E07B68E5
:1078300093F844303A7B9A4201D0002300E00123C0
:1078400018461037BD46BDE8B04004B0704780B55B
:1078500084B000AF78600B46FB700023FB73FB78AD
:1078600063F07F03DBB2FB707B68D86B7B68B3F897
:10787000403000221946CFF7C9F87B68986BF91C95
:107880000A230122D4F7AEFC7B68986B07F10F0145
:107890000A230122D4F794FE7B68D86B7B68B3F887
:1078A000403001221946CFF7B1F8FB7B184610375C
:1078B000BD4680BD80B584B000AFF8607A601A46DE
:1078C0000B46FB721346BB72FB7A63F07F03DBB29D
:1078D000FB72FB68D86BFB68B3F840300022194696
:1078E000CFF794F8FB68986B07F10B010A2301228C
:1078F000D4F778FCFB68986BBB7A9AB20A23796854
:10790000D4F75EFEFB68D86BFB68B3F84030012209
:107910001946CFF77BF8012318461037BD4680BDC6
:1079200080B584B000AF7860786800F00CF803464A
:10793000FB73FB7BD12B01D0002300E00123184611
:107940001037BD4680BD80B582B000AF78600021A1
:107950007868FFF77CFF034618460837BD4680BDB0
:1079600080B582B000AF7860786800F007F878687A
:1079700000F016F800BF0837BD4680BD80B582B064
:1079800000AF7860786800F057FB786800F086FBFD
:10799000012318460837BD4680BD000000000000E6
:1079A00080B582B000AF78607B6893F84430042BD8
:1079B00000F2008201A252F823F000BFF97C030814
:1079C000057C0308497B03088D7A0308D1790308F5
:1079D0007B68B3F9003007EE903AB8EEE76B9FEDA5
:1079E000C25B86EE057B9FEDB66B27EE067BF7EE5E
:1079F000C77BB0EE670AFFF7BDFDB0EE407A7B684B
:107A0000D3ED0B7A77EE677A7B68C3ED027A7B68F9
:107A1000B3F9023007EE903AB8EEE76B9FEDB25B38
:107A200086EE057B9FEDA66B27EE067BF7EEC77B08
:107A3000B0EE670AFFF79EFDB0EE407A7B68D3EDAB
:107A40000C7A77EE677A7B68C3ED037A7B68B3F9CB
:107A5000043007EE903AB8EEE76B9FEDA35B86EE3D
:107A6000057B9FED976B27EE067BF7EEC77BB0EEAD
:107A7000670AFFF77FFDB0EE407A7B68D3ED0D7AA1
:107A800077EE677A7B68C3ED047A93E17B68B3F99C
:107A9000003007EE903AB8EEE76B9FED935B86EE11
:107AA000057B9FED896B27EE067BF7EEC77BB0EE7B
:107AB000670AFFF75FFDB0EE407A7B68D3ED0B7A83
:107AC00077EE677A7B68C3ED027A7B68B3F90230A0
:107AD00007EE903AB8EEE76B9FED835B86EE057B91
:107AE0009FED796B27EE067BF7EEC77BB0EE670A5A
:107AF000FFF740FDB0EE407A7B68D3ED0C7A77EE6D
:107B0000677A7B68C3ED037A7B68B3F9043007EECC
:107B1000903AB8EEE76B9FED745B86EE057B9FEDC8
:107B20006A6B27EE067BF7EEC77BB0EE670AFFF7BE
:107B300021FDB0EE407A7B68D3ED0D7A77EE677A5F
:107B40007B68C3ED047A35E17B68B3F9003007EE5A
:107B5000903AB8EEE76B9FED645B86EE057B9FED98
:107B60005C6B27EE067BF7EEC77BB0EE670AFFF78C
:107B700001FDB0EE407A7B68D3ED0B7A77EE677A41
:107B80007B68C3ED027A7B68B3F9023007EE903A66
:107B9000B8EEE76B9FED545B86EE057B9FED4C6B7B
:107BA00027EE067BF7EEC77BB0EE670AFFF7E2FC35
:107BB000B0EE407A7B68D3ED0C7A77EE677A7B681B
:107BC000C3ED037A7B68B3F9043007EE903AB8EE60
:107BD000E76B9FED455B86EE057B9FED3D6B27EEEA
:107BE000067BF7EEC77BB0EE670AFFF7C3FCB0EE8B
:107BF000407A7B68D3ED0D7A77EE677A7B68C3EDC8
:107C0000047AD7E07B68B3F9003007EE903AB8EE1B
:107C1000E76B9FED355B86EE057B9FED2F6B27EEC7
:107C2000067BF7EEC77BB0EE670AFFF7A3FCB0EE6A
:107C3000407A7B68D3ED0B7A77EE677A7B68C3ED89
:107C4000027A7B68B3F9023007EE903AB8EEE76B40
:107C50009FED255B86EE057B9FED1F6B27EE067B78
:107C6000F7EEC77BB0EE670AFFF784FCB0EE407A10
:107C70007B68D3ED0C7A77EE677A7B68C3ED037A85
:107C80007B68B3F9043007EE903AB8EEE76B9FEDEE
:107C9000165B86EE057B9FED106B27EE067BF7EEFD
:107CA000C77BB0EE670AFFF765FCB0EE407A7B68F1
:107CB000D3ED0D7A77EE677A7B68C3ED047A79E0CD
:107CC0000000000000405F400000000000406F40E6
:107CD0000000000000407F400000000000408F4096
:107CE0000000000000409F40000000000000E04055
:107CF0001F85EB51B89E23407B68B3F9003007EE37
:107D0000903AB8EEE76B1FED085B86EE057B1FED42
:107D10000C6B27EE067BF7EEC77BB0EE670AFFF72A
:107D200029FCB0EE407A7B68D3ED0B7A77EE677A68
:107D30007B68C3ED027A7B68B3F9023007EE903AB4
:107D4000B8EEE76B1FED185B86EE057B1FED1C6B35
:107D500027EE067BF7EEC77BB0EE670AFFF70AFC5B
:107D6000B0EE407A7B68D3ED0C7A77EE677A7B6869
:107D7000C3ED037A7B68B3F9043007EE903AB8EEAE
:107D8000E76B1FED275B86EE057B1FED2B6B27EE68
:107D9000067BF7EEC77BB0EE670AFFF7EBFBB0EEB2
:107DA000407A7B68D3ED0D7A77EE677A7B68C3ED16
:107DB000047A00BF7B6893F84830033B092B00F23C
:107DC000358101A252F823F0F17D03082D800308CC
:107DD000777E03082D8003082D800308097F0308A0
:107DE0002D8003082D8003082D8003089B7F030846
:107DF0007B68B3F9143007EE903AB8EEE76B1FEDED
:107E0000465B86EE057B37EE077B1FED476B27EE63
:107E1000067BF7EEC77B7B68C3ED077A7B68B3F917
:107E2000163007EE903AB8EEE76B1FED515B86EE29
:107E3000057B37EE077B1FED526B27EE067BF7EED7
:107E4000C77B7B68C3ED087A7B68B3F9183007EE0F
:107E5000903AB8EEE76B1FED5C5B86EE057B37EE84
:107E6000077B1FED5D6B27EE067BF7EEC77B7B681C
:107E7000C3ED097ADAE07B68B3F9143007EE903A83
:107E8000B8EEE76B1FED685B86EE057BB1EE006B2D
:107E900027EE067B1FED6A6B27EE067BF7EEC77BAE
:107EA0007B68C3ED077A7B68B3F9163007EE903A2A
:107EB000B8EEE76B1FED745B86EE057BB1EE006BF1
:107EC00027EE067B1FED766B27EE067BF7EEC77B72
:107ED0007B68C3ED087A7B68B3F9183007EE903AF7
:107EE000B8EEE76B1FED805B86EE057BB1EE006BB5
:107EF00027EE067B1FED826B27EE067BF7EEC77B36
:107F00007B68C3ED097A91E07B68B3F9143007EE22
:107F1000903AB8EEE76B1FED8C5B86EE057BB2EE18
:107F2000006B27EE067B1FED8E6B27EE067BF7EED0
:107F3000C77B7B68C3ED077A7B68B3F9163007EE21
:107F4000903AB8EEE76B1FED985B86EE057BB2EEDC
:107F5000006B27EE067B1FED9A6B27EE067BF7EE94
:107F6000C77B7B68C3ED087A7B68B3F9183007EEEE
:107F7000903AB8EEE76B1FEDA45B86EE057BB2EEA0
:107F8000006B27EE067B1FEDA66B27EE067BF7EE58
:107F9000C77B7B68C3ED097A48E07B68B3F914308E
:107FA00007EE903AB8EEE76B1FEDB15B86EE057B0E
:107FB000B3EE006B27EE067B1FEDB36B27EE067B5F
:107FC000F7EEC77B7B68C3ED077A7B68B3F91630A1
:107FD00007EE903AB8EEE76B1FEDBD5B86EE057BD2
:107FE000B3EE006B27EE067B1FEDBF6B27EE067B23
:107FF000F7EEC77B7B68C3ED087A7B68B3F918306E
:1080000007EE903AB8EEE76B1FEDC95B86EE057B95
:10801000B3EE006B27EE067B1FEDCB6B27EE067BE6
:10802000F7EEC77B7B68C3ED097A00BF01231846D2
:108030000837BD4680BD00BF80B584B000AF786012
:1080400007F1080300221A609A8007F1080206234C
:108050000C217868FFF72EFC07F10803184600F0A2
:10806000B4F903461A467B681A8007F10803023305
:10807000184600F0AAF903461A467B685A8007F1B1
:1080800008030433184600F0A0F903461A467B683B
:108090009A80012318461037BD4680BD80B584B054
:1080A00000AF786007F1080300221A609A8007F198
:1080B0000802062312217868FFF7FCFB07F108038A
:1080C000184600F082F903461A467B689A8207F147
:1080D00008030233184600F078F903461A467B6815
:1080E000DA8207F108030433184600F06EF90346FC
:1080F0001A467B681A83012318461037BD4680BD97
:1081000080B582B000AF78600B46FB701346BB7041
:10811000BB781A4643217868FFF7C8FAFB781A46FD
:1081200042217868FFF7C2FA012318460837BD4696
:1081300080BD80B582B000AF78600B46FB701346FF
:10814000BB70FB781A4640217868FFF7AFFABB781E
:108150001A4641217868FFF7A9FA01231846083723
:10816000BD4680BD80B582B000AF78600B46FB7025
:10817000FB78002B13D16420FFF718FA15227E211B
:108180007868FFF793FAFA20FFF710FA11227E21A0
:108190007868FFF78BFAFA20FFF708FA12E0FB780D
:1081A000012B0FD110227E217868FFF77FFA64201F
:1081B000FFF7FCF914227E217868FFF777FA642034
:1081C000FFF7F4F9012318460837BD4680BD80B596
:1081D00082B000AF7860B6227E217868FFF766FA39
:1081E0000A20FFF7E3F900BF0837BD4680BD80B421
:1081F00089B000AFF8600B467A60FB727B68FB6168
:10820000FB695A1CFA61BB610123FB75FB683B618A
:1082100028E03B691B78002B09D03B691978FB6982
:108220005A1CFA610A461A70FB7D0133FB753B69E3
:108230001B78002B02D0FB7DFF2B10D1BB69FA7D90
:108240001A700123FB75FB69BB613B691B78002B2E
:1082500002D0FB7A002B02D0FB690133FB613B6942
:1082600001333B61FB7A5A1EFA72002B14BF0123C3
:108270000023DBB2002BCCD1BB69FA7D1A70FA69FE
:108280007B68D31ADBB218462437BD465DF8047B01
:10829000704780B489B000AFF8600B467A60FB721B
:1082A000FB68FB617B68BB61FF23FB750023BB752B
:1082B00021E0BB7D002B09D0FB695A1CFA611978BB
:1082C000BB695A1CBA610A461A7011E0FB7DFF2B8C
:1082D00004D0BB695A1CBA6100221A70FB695A1C8F
:1082E000FA611B78FB75FB7DBB75FB7D002B09D00C
:1082F000BB7D013BBB75FB7AFA681344FA699A426D
:10830000D7D300E000BFBA697B68D31ADBB2184646
:108310002437BD465DF8047B7047000080B584B00B
:1083200000AF78600B46FB70FB780F4A19467868FF
:10833000FFF7AFFF0346FB720023FB600AE0FB6818
:108340007A6813440849FA680A4412781A70FB687C
:108350000133FB60FB7AFA689A42F0DBFB7A18463D
:108360001037BD4680BD00BFDC8B022480B485B0D1
:1083700000AF03460A46FB711346BB71FB791BB283
:108380001B021AB2BB791BB213431BB2FB81FB89E0
:1083900018461437BD465DF8047B704780B485B03D
:1083A00000AF78607B6801331B781BB21B021AB2E6
:1083B0007B681B781BB213431BB2FB81FB891846F9
:1083C0001437BD465DF8047B704780B485B000AFBC
:1083D00078607B6801331B781BB21B021AB27B6882
:1083E0001B781BB21343FB81B7F90E3018461437C4
:1083F000BD465DF8047B704780B485B000AF7860FF
:108400000023FB607B6803331B781A067B6802330A
:108410001B781B041A437B6801331B781B02134330
:108420007A6812781343FB60FB6818461437BD4620
:108430005DF8047B704780B483B000AF786039602A
:108440007B68DAB23B681A707B681A0A3B680133B2
:10845000D2B21A707B681A0C3B680233D2B21A701F
:108460007B681A0E3B680333D2B21A7000BF0C3718
:10847000BD465DF8047B704780B483B000AF786080
:1084800000BFFDE780B485B000AF87ED030AC7EDFC
:10849000020A87ED011A97ED037AD7ED017AB4EE5F
:1084A000E77AF1EE10FA01DD7B68FB6097ED037A65
:1084B000D7ED027AB4EEE77AF1EE10FA01D5BB6897
:1084C000FB60FB6807EE903AB0EE670A1437BD46D2
:1084D0005DF8047B704780B582B000AF87ED010A7C
:1084E000C7ED000AD7ED007AF1EE677A97ED001A32
:1084F000F0EE670A97ED010AFFF7C4FFF0EE407A4D
:10850000B0EE670A0837BD4680BD80B485B000AFC5
:10851000F860B9601346FB80FB68BA681A60FB68B4
:10852000FA889A80FB6818461437BD465DF8047BCC
:10853000704780B582B000AF78607B681A687B684E
:108540009B8819461046CEF77AFA00BF0837BD4619
:1085500080BD000080B582B000AF03463960FB806B
:10856000FB88B3F5004F00F0DB80B3F5004F00F35C
:10857000DC80B3F5804F00F0CE80B3F5804F00F380
:10858000D480B3F5005F00F0C180B3F5005F00F365
:10859000CC80B3F5805F00F0B480B3F5805F00F36A
:1085A000C480B3F5006F00F0A780B3F5006F00F34F
:1085B000BC80B3F5806F00F09A80B3F5806F00F354
:1085C000B480B3F5007F00F08D80B3F5007F00F339
:1085D000AC80B3F5807F00F08080B3F5807F00F33E
:1085E000A480802B74D0802B00F39F80202B49DC4B
:1085F000002B40F39A80013B1F2B00F2968001A2D2
:1086000052F823F08B860308958603082B8703080E
:108610009F8603082B8703082B8703082B870308F3
:10862000A98603082B8703082B8703082B870308D9
:108630002B8703082B8703082B8703082B87030846
:10864000B38603082B8703082B8703082B870308AF
:108650002B8703082B8703082B8703082B87030826
:108660002B8703082B8703082B8703082B87030816
:108670002B8703082B8703082B8703082B87030806
:10868000BD860308402B1ED04FE039682948DFF72C
:10869000CBFF4AE039682848DFF7C6FF45E0396874
:1086A0002648DFF7C1FF40E039682548DFF7BCFF07
:1086B0003BE039682348DFF7B7FF36E039682248E6
:1086C000DFF7B2FF31E039682048DFF7ADFF2CE07B
:1086D00039681F48DFF7A8FF27E039681D48DFF732
:1086E000A3FF22E039681C48DFF79EFF1DE03968D0
:1086F0001A48DFF799FF18E039681948DFF794FF47
:1087000013E039681748DFF78FFF0EE03968164825
:10871000DFF78AFF09E039681448DFF785FF04E0D6
:1087200039681348DFF780FF00BF00BF0837BD4638
:1087300080BD00BFDC8C0224FC8C02241C8D022432
:108740003C8D02245C8D02247C8D02249C8D0224AD
:10875000BC8D0224DC8D0224FC8D02241C8E02249C
:108760003C8E02245C8E02247C8E02249C8E022489
:10877000BC8E022480B582B000AF0346FB80FB882C
:10878000184600F005F800BF0837BD4680BD000060
:1087900080B582B000AF0346FB80FB88B3F5004F85
:1087A00000F0F680B3F5004F00F3F980B3F5804F89
:1087B00000F0E780B3F5804F00F3F180B3F5005F80
:1087C00000F0D880B3F5005F00F3E980B3F5805F77
:1087D00000F0C980B3F5805F00F3E180B3F5006F6E
:1087E00000F0BA80B3F5006F00F3D980B3F5806F65
:1087F00000F0AB80B3F5806F00F3D180B3F5007F5C
:1088000000F09C80B3F5007F00F3C980B3F5807F52
:1088100000F08D80B3F5807F00F3C180802B7FD086
:10882000802B00F3BC80202B4ADC002B40F3B78068
:10883000013B1F2B00F2B38001A252F823F000BFCE
:10884000C7880308D38803089F890308DF880308C3
:108850009F8903089F8903089F890308EB88030801
:108860009F8903089F8903089F8903089F8903083C
:108870009F8903089F8903089F890308F7880308D5
:108880009F8903089F8903089F8903089F8903081C
:108890009F8903089F8903089F8903089F8903080C
:1088A0009F8903089F8903089F8903089F890308FC
:1088B0009F8903089F8903089F8903080589030886
:1088C000402B26D06BE0384B1B681B683648984716
:1088D00065E0354B1B6A1B68344898475FE0324BB4
:1088E0001B6C1B683248984759E02F4B1B6E1B6866
:1088F0003048984753E02C4BD3F880301B682E4803
:1089000098474CE0284BD3F8A0301B682B48984779
:1089100045E0254BD3F8C0301B68294898473EE016
:10892000214BD3F8E0301B682648984737E01E4BB0
:10893000D3F800311B682448984730E01A4BD3F82D
:1089400020311B682148984729E0174BD3F8403164
:108950001B681F48984722E0134BD3F860311B680F
:108960001C4898471BE0104BD3F880311B681A480D
:10897000984714E00C4BD3F8A0311B681748984770
:108980000DE0094BD3F8C0311B681548984706E045
:10899000054BD3F8E0311B681248984700BF00BF71
:1089A0000837BD4680BD00BFDC8C0224FC8C02244D
:1089B0001C8D02243C8D02245C8D02247C8D0224BB
:1089C0009C8D0224BC8D0224DC8D0224FC8D0224AB
:1089D0001C8E02243C8E02245C8E02247C8E022497
:1089E0009C8E0224BC8E0224B0B500AF064B0F242F
:1089F0001D4604E02846DEF787FF013C2035002CA9
:108A0000F8DA00BF00BFB0BDDC8C022480B500AF37
:108A1000FFF7EAFF80BD80B500AFD9F717FC03462A
:108A2000184680BD00F000B802F03CB910EE102AE4
:108A300040F22A41C2F30A538B4230B4B7EEC06A07
:108A40002AD912F5000F58D0B3F5FF6F03D330EEDB
:108A5000000A30BC7047DFED2A7AB4EEE70AF1EE87
:108A600010FA03DD30BC002000F030BBDFED257ACA
:108A7000B4EEE70AF1EE10FA03D530BC002000F0A6
:108A800019BBDFED217AB4EEE70AF1EE10FA03D557
:108A900030BC002000F014BB1C4BB7EE000B93ED74
:108AA0004A5B93ED484BB0EE447BA5EE067B17EE98
:108AB000100A37EE447B00F01F0295EE067B93ED23
:108AC0004C5B27EE074B93ED4E6B03EBC201A5EE1B
:108AD000076B53F832404D6893ED505B00210A1943
:108AE00005EBC033A5EE070B43EC172BA6EE040BEA
:108AF00020EE070BB7EEC00BABE79FED050AA8E72A
:108B00001772B142B4F1CFC2CF8ECEC200EE0308CD
:108B10000000000000F078BCFFB410EE903A6FF453
:108B20007272C3F30A54A2183E2A10EE101A22D908
:108B3000002A06DAB7EE007B30EE070B04B0F0BC7B
:108B40007047B4F5816F4FF0000013D913F5801F03
:108B500008BF814200F0A08040F2FF729442E9D049
:108B6000834203DA04B0F0BC00F0CAB804B0F0BC31
:108B700000F0CEB80446504991ED026B91ED005BD8
:108B8000B0EE467BA5EE007B17EE105A37EE467B23
:108B900091ED046B05F07F03A6EE070B91ED066BDC
:108BA000D81800F10F0301EBC000A6EE070B91ED02
:108BB0000A3B20EE007B90ED1C6B91ED084B30EEF4
:108BC000066B01EBC302A3EE004B91ED0E3BA4EE4E
:108BD000076B27EE077B91ED0C4B51F83370D2F801
:108BE00004C0A3EE004B0026F2190CEB4533A7EEB0
:108BF000046B002C4BD1B54210DB03F140419FEDDB
:108C0000287B01F57001104641EC100BA6EE000B1D
:108C100020EE070B04B0F0BC00F08EB803F17F51DA
:108C200001F50011104641EC170BB7EE004B26EE94
:108C3000076B37EE065BB4EEC45BF1EE10FA9FED06
:108C40001A0B1ED535EE043B37EE457B37EE067B1F
:108C500034EE436B36EE056B36EE076B36EE036B88
:108C600036EE445BB5EE405BF1EE10FA01D19FEDBC
:108C7000105B8DED000B9DED007B27EE007B8DEDF5
:108C8000027B25EE000B04B0F0BC00F049B843ECC9
:108C9000102BA6EE000B51E79FED050B4EE700BF32
:108CA000000000000000007F000000000000100035
:108CB000000000000000000048EF030810B52DED93
:108CC000028BB0EE408B044602F070FBB0EE480B16
:108CD000BDEC028B046010BD82B058B1B1EE407B98
:108CE0008DED007B9DED007B222020EE070B02B076
:108CF000FFF7E4BFB0EE407BF2E7000000000000A9
:108D00009FED010BFFF7E8BF00000000000000101E
:108D10009FED010BFFF7E0BF0000000000000070B6
:108D2000B5EE400BF1EE10FA02D12220FFF7C6BFDC
:108D300070470000000000009FED076BB0EEC07BA5
:108D4000B4EE467BF1EE10FA02DD2220FFF7B6BF4B
:108D5000704700BFAFF30080FFFFFFFFFFFFEF7F13
:108D6000CB0712D421EE005B90ED1A6B90ED187BCF
:108D7000A6EE017B90ED166B21EE051BA6EE050B12
:108D8000A7EE010BB7EEC00B704790ED146B21EE10
:108D9000015B90ED127B90ED0C0BA1EE067B90ED4C
:108DA0000E6BA1EE060B90ED106B21EE051BA5EEF0
:108DB000060BE5E70000000037B510EE104AC4F3DB
:108DC0000A53B3F57D7FB7EEC06AF0EE407A18D251
:108DD00026EE061BB3F5667F0AD214F0FF4F03D1CF
:108DE000B7EEC11B8DED011AB0EE670A03B030BDBE
:108DF0003B48B0EE460B002103B0BDE83040FFF722
:108E0000AFBF40F22E42934224D8354B93ED087BFE
:108E100026EE077BFDEEC77B03F1700017EE901A7C
:108E200001F50001091607EE901A01F0030203EBA9
:108E3000C202B8EEE75B92ED000B93ED0A7B11F0F6
:108E4000020FA5EE476B08BF184626EE061B20EE64
:108E5000060BD1E7B3F5FF6F37D22249C4F3836025
:108E600001EB8002C4F31603C4F3C25551F820107D
:108E7000106A126943F40003AB40A0FB035059434E
:108E8000E3FB020101F100539D0F03F04043C91AB7
:108E9000C7F70CFC05EBD474114B04F0030203EB91
:108EA000C2029FED0D6B92ED000B41EC170B14F01D
:108EB000020F27EE067B03F17000294608BF184613
:108EC00027EE071B20EE070B96E703B0BDE8304006
:108ED00000F002B9AFF30080182D4454FB21193C77
:108EE00018F80308B8F70308CB0712D421EE005B8B
:108EF00090ED1A6B90ED187BA6EE017B90ED166B52
:108F000021EE051BA6EE050BA7EE010BB7EEC00B7D
:108F1000704790ED146B21EE015B90ED127B90EDAC
:108F20000C0BA1EE067B90ED0E6BA1EE060B90ED07
:108F3000106B21EE051BA5EE060BE5E70000000017
:108F400038B510EE104AC4F30A53B3F57D7FB7EE7F
:108F5000C07A1FD227EE077BB3F5667FC0F0828010
:108F600027EE074B444B93ED145B93ED126B93ED9F
:108F70000C0BA7EE056B93ED0E5BA7EE050B93EDC7
:108F8000105B27EE047BA4EE050BA6EE070BB7EEF5
:108F9000C00B38BD40F22E42934229D8364B93ED98
:108FA000086B27EE066BFDEEC66B03F1700016EE44
:108FB000901A01F50001091606EE901A01F003025D
:108FC00003EBC202B8EEE65B92ED000B93ED0A6B89
:108FD00011F0020F81F00101A5EE467B08BF184693
:108FE00027EE071BBDE8384020EE070BFFF77CBFDC
:108FF000B3F5FF6F32D22149C4F3836001EB8002E5
:10900000C4F31603C4F3C25551F82010106A126954
:1090100043F40003AB40A0FB03505943E3FB0201C0
:1090200001F100539D0F03F04043C91AC7F73EFBFF
:1090300005EBD474104B9FED0E6B41EC170B04F055
:10904000030203EBC20292ED000B27EE067B03F155
:10905000700014F0020F85F00101BFE7BDE8384051
:1090600000F03AB8B7EE000A93E700BFAFF3008014
:10907000182D4454FB21193C18F80308B8F70308CD
:1090800010B52DED028BB0EE408A044602F08EF949
:10909000B0EE480ABDEC028B046010BD30B1F1EEB9
:1090A000407A27EE800A2220FFF7EABFF0EE407AEE
:1090B000F7E700009FED010AFFF7F0BF0000001086
:1090C0009FED010AFFF7EABF0000201A9FED010A99
:1090D000FFF7E4BF00000070F0EE407A30EE407A17
:1090E000F4EE677AF1EE10FA87EE070A02D6212035
:1090F000FFF7C6BF7047000008B52DED028BB0EE3C
:10910000408A00F022FAB4EE488AF1EE10FA0CD64A
:10911000DFED078AB4EEE88AF1EE10FA05D502F029
:1091200045F988EEA80A21230360BDEC028B08BD37
:10913000000000000000000008B52DED048BB0EE2B
:10914000408B00F0FFF9B4EE488BF1EE10FA0CD62C
:109150009FED079BB4EEC98BF1EE10FA05D502F036
:1091600025F989EE090B21230360BDEC048B08BDB2
:10917000000000000000000010EE103A23F0004351
:1091800000EE103A704700001FB5B0EE407B17EEBE
:10919000903A214A23F00043934206D89FED1C1BCE
:1091A00005B05DF804EB00F0E3BD1C4A934204D91E
:1091B00030EE400B05B05DF804FB684600F020FA85
:1091C00000F00300012809D0022810D0B0B99DEDAD
:1091D000021B9DED000B00F0CBFDEBE79DED021BAC
:1091E0009DED000B00F02CFEB1EE400BE2E79DED93
:1091F000021B9DED000B00F0BBFDF5E79DED021B92
:109200009DED000B012000F01BFED3E7AFF30080C3
:109210000000000000000000FB21E93FFFFFEF7F9E
:1092200051EC100B024621F0004343EC102B704729
:1092300038B510EE105A25F00043B3F1FF4F2DED75
:10924000028BF0EE407A0FD32A4BD3ED006A93EDF8
:10925000007A86EEA70A002DACBF30EE070A30EE8A
:10926000470ABDEC028B38BD234A934239D8B3F18B
:10927000105F07D21F4B93ED000A30EE270A20EE55
:10928000270AEEE7B3F17E5F1C4C19D3FFF774FF9A
:10929000D4ED007A20EE270A00F046FF154BD3EDFF
:1092A000007A94ED006A94ED007A37EE007AC6EE0B
:1092B000076A37EEE60A002DB8BFB1EE400AD0E7E4
:1092C00094ED008AFFF758FF28EE400A00F02CFFCB
:1092D000D4ED007A77EE807AB1EE407A87EE270AF5
:1092E000E9E7044B93ED000A054BD3ED007A30EE2D
:1092F000670AE0E700F90308FFFFAF41FCF8030845
:10930000F8F80308000000001FB5B0EE407B17EE30
:10931000903A214A23F00043934207D89FED1C1B4B
:10932000002005B05DF804EB00F08ABD1B4A9342B3
:1093300004D930EE400B05B05DF804FB684600F040
:109340005FF900F0030001280AD002280FD0C0B94D
:109350009DED021B9DED000B012000F071FDEAE781
:109360009DED021B9DED000B00F002FDE3E79DED7E
:10937000021B9DED000B012000F062FDB1EE400BE1
:10938000D9E79DED021B9DED000B00F0F1FCF5E728
:109390000000000000000000FB21E93FFFFFEF7F1D
:1093A0001FB5B0EE407B17EE903A154A23F000430C
:1093B000934207D89FED101B012005B05DF804EB28
:1093C00000F096BD0F4A934204D930EE400B05B031
:1093D0005DF804FB684600F013F9400000F002005D
:1093E0009DED021B9DED000BC0F1010000F080FD22
:1093F000EDE700BFAFF300800000000000000000B8
:10940000FB21E93FFFFFEF7F10EE902A22F00041A1
:10941000B1F1FF4F10B5F0EE407A06D810EE100A09
:1094200020F00043B3F1FF4F04D977EEA07AB0EEFD
:10943000670A10BDB2F17E5F03D1BDE8104000F0B5
:109440009BBF941704F0020444EAD0743BB9022C89
:109450005CD09FED337A032C47FE007AE7E739B9F9
:10946000DFED307A9FED307A002867FE277ADEE75D
:10947000B1F1FF4F10D1B3F1FF4F04F1FF3407D129
:10948000022C46D8294B03EB8403D3ED007ACEE7B8
:10949000022C41D8264BF6E7B3F1FF4FE0D05B1A20
:1094A000B3F1F45F4FEAE3511ADA002A01DA3C31F2
:1094B00019DB87EEA00AFFF75FFE00F05DFFF0EE1C
:1094C000407A012C12D0022C17D0002CAFD09FED87
:1094D000197A77EE877A9FED187A77EEC77AA6E742
:1094E000DFED117AEDE7DFED157AEAE717EE903A56
:1094F00003F1004307EE903A99E79FED0E7A77EE7D
:10950000877A9FED0D7A77EE677A90E7DFED0A7A3A
:109510008DE7DFED0B7A8AE7DFED087A87E700BF9A
:10952000DB0F49C0DB0FC9BFDB0FC93F10F90308D0
:1095300004F903082EBDBB33DB0F494000000000D7
:10954000DB0F493FB1EEC00B7047B1EEC00A704768
:1095500008B52DED028BB0EE408AF0EE608A00F087
:1095600031F830B9B0EE688AB0EE480ABDEC028B33
:1095700008BDB0EE680A00F025F80028F4D0B4EE7B
:10958000E88AF1EE10FAEDDDEEE708B52DED028B7D
:10959000B0EE408AF0EE608A00F014F830B9B0EE18
:1095A000688AB0EE480ABDEC028B08BDB0EE680ACE
:1095B00000F008F80028F4D0B4EEE88AF1EE10FAD2
:1095C000EDD5EEE710EE103A33F000400DD0A0F5E7
:1095D0000003B3F1FE4F0AD3074B421E9A4208D94B
:1095E000A0F1FF43584258417047022070470420C1
:1095F00070470320704700BFFEFF7F00000000009F
:1096000070B5B0EE407B17EE905A994B25F00046AE
:109610009E4288B0044607D80022002384ED000B48
:10962000C0E9022300201BE0924B9E423BD8A3F5E9
:109630001B23002D9FED7E6BA3F5F06319DD30EE4B
:10964000467B9E420ED09FED7C5B37EE456B37EE3E
:10965000467B84ED006B37EE457B84ED027B012079
:1096600008B070BD9FED766B9FED775B37EE467B64
:10967000EBE79E4230EE067B0ED09FED6F5B37EE40
:10968000056B37EE467B84ED006B37EE057B4FF0C4
:10969000FF3084ED027BE3E79FED696B9FED6A5B32
:1096A00037EE067BEBE7744B9E4270D8FFF7B8FDB0
:1096B000B6EE007B9FED666BA0EE067BFDEEC77BF2
:1096C000B8EEE75B17EE900AB1EE454B9FED587B85
:1096D000A5EE470B9FED587B1F2825EE077B30EE4C
:1096E000476B05DC654B421E53F82230B34209D16B
:1096F00016EE903AC3F30A53C3EB1653102B4FEAFE
:10970000265202DC84ED006B1AE09FED4D3BB0EE7B
:10971000406BA4EE036B30EE467BA4EE037B9FED23
:109720004A3B95EE037B36EE473B13EE903AC3F38C
:109730000A53D31A312B17DCB0EE460B84ED003BF5
:1097400094ED006B002D30EE460B30EE470B84EDB0
:10975000020B85DAB1EE466BB1EE400B84ED006B87
:1097600084ED020B40427BE79FED3B7BB0EE460B66
:10977000A4EE070B36EE406BA4EE076B9FED384B63
:10978000B0EE467B95EE047B30EE476BBAE73C4B80
:109790009E4206D930EE407B80ED027B80ED007B5F
:1097A00040E710EE103A3215A2F216421846A6EB28
:1097B000025141EC170BBDEEC76B9FED2B5BB8EE72
:1097C000C66B37EE467B8DED026B27EE057BBDEE5B
:1097D000C76B08A8B8EEC66B37EE467B8DED046B01
:1097E00027EE057B8DED067B032130ED027BB5EE88
:1097F000407BF1EE10FA0B4601F1FF31F5D0214923
:1098000001910221009102A8214600F03DF8002DAF
:10981000BFF626AF94ED007BB1EE477B84ED007B75
:1098200094ED027BB1EE477B84ED027B9AE700BFAB
:1098300000004054FB21F93F3163621A61B4D03D0E
:109840000000601A61B4D03D7370032E8A19A33BE7
:1098500083C8C96D305FE43F0000002E8A19A33B26
:10986000C14920259A837B39000000000000704127
:10987000FB21E93F7BD90240FB2139411CF9030858
:10988000FFFFEF7F9CF903082DE9F04F2DED068BCC
:10989000ADF5137D9B460F46B94BA299A39E53F895
:1098A0002190019012F1140FA8BFD31E0BF1FF3AC3
:1098B000B8BF00236FF017059FEDAB6BA4BF182056
:1098C00093FBF0F303FB0555A3EB0A04154409EBE6
:1098D0000A0C1AA806EB840E002262450EDD1AAAB5
:1098E00002EBCB020DF5D47800244C4523DC9FED30
:1098F0009E7BDDF804E09446002015E0D44209D4B4
:109900005EF8221007EE901AB8EEE77BA0EC027B1F
:109910000132E2E7B0EE467BF8E7BEEC025B3CEDDD
:10992000026B0130A5EE067B5045F6DDA8EC027B0C
:1099300001340832D9E706AA9FED8D9B9FED8EABCF
:1099400002EB890206EB8303039202934C46E30089
:10995000049392AB03EBC40313ED280B6AAA06AB86
:1099600002EBC4021E46204600284ADC2846059326
:1099700000F0D6FDB0EE408BB4EE000B28EE000BED
:1099800000F04AFEB2EE007BA0EE478BFDEEC87BF6
:10999000002D17EE908A059BB8EEE77B38EE478BDB
:1099A00041DD601E06AAC5F1180C52F8206046FA87
:1099B0000CF2904402FA0CF2B61A06AA42F82060A1
:1099C000C5F117021641002E3CDD4FF0000C08F1E6
:1099D000010860466FF07F4E644566DC002D03DDB4
:1099E000012D72D0022D7AD0022E2BD1B7EE000BB2
:1099F00030EE488B30B3284600F092FD38EE408BB5
:109A000020E020EE097BBDEEC77B0138B8EEC77BB6
:109A1000A7EE4A0BBDEEC00BA6EC010A32ED020B1D
:109A200037EE000BA0E705D1621E06A951F82260AF
:109A3000F615C8E7B6EE007BB4EEC78BF1EE10FA70
:109A400031DA0026B5EE408BF1EE10FA40F09C8042
:109A5000621E00204A4549DA002862D0013C06AB6C
:109A6000183D53F82430002BF8D0B7EE000B2846F1
:109A700000F056FD9FED3E6B621C6AA9D30001EB1E
:109A8000C2012246002A80F2A9802246002AC0F2A2
:109A9000C7806AA901EBC2059FED337BDFF8E4C004
:109AA0000020A11AB1E002268FE753F8042B48B931
:109AB00022B1C2F1807243F8042C01220CF1010C96
:109AC000104689E7AEEB0202F5E7621E06AB53F8DB
:109AD0002230C3F3160306A941F8223084E7621E40
:109AE00006AB53F82230C3F31503F4E706AB53F883
:109AF0002230013A1843ADE7013352F8040D002833
:109B0000FAD0049A02F512726A4404EB0B001AA907
:109B1000661C983A01EBC0002344B34204DA1C46A9
:109B200015E7039A0123E8E70299DDF804C051F82C
:109B30002610049107EE901AB8EEE77B0024A0EC03
:109B4000027B9FED097B8646544503DDA2EC027B38
:109B50000136E2E7BCEC025B3EED026B0134A5EEA0
:109B6000067BF1E7AFF3008000000000000000007A
:109B7000000000000000703E000000000000704186
:109B8000E8FA0308A8FA03086842B0EE480B00F0B0
:109B9000C7FC9FED716BB4EEC60BF1EE10FA17DB4C
:109BA0009FED6F7B20EE077BBDEEC77B06AAB8EE6C
:109BB000C75BA5EE460BBDEEC00B183510EE103A94
:109BC00042F8243017EE103A013442F824304CE7C2
:109BD000BDEEC00B06AA10EE103AF6E706A850F844
:109BE0002200019007EE900A013AB8EEE77B27EEDB
:109BF000007B20EE060B21ED027B43E7BCEC025B11
:109C0000B5EC026B0130A5EE067B484501DC8842CD
:109C1000F4DD42A800EBC10181ED007B013A35E79C
:109C2000A29A022A0ADC002A29DC42D008F00700A6
:109C30000DF5137DBDEC068BBDE8F08FA29A032ACB
:109C4000F4D142A9A3F108020A4411462046002893
:109C500050DC214601295DDC9FED437B42AA134481
:109C6000012C67DC9DED425B9DED446B002E67D1BE
:109C700087ED005B87ED026B87ED047BD6E79FEDF8
:109C80003A6B42AA13442246002A24DA4EB3B1EEBC
:109C9000467B87ED007B9DED427B44AA012337EE96
:109CA000467B9C4220DA0EB1B1EE477B87ED027B0A
:109CB000BCE79FED2D7B42AA1344002C05DA0EB1C0
:109CC000B1EE477B87ED007BB0E733ED026B013CE3
:109CD00037EE067BF1E733ED027B013A36EE076B98
:109CE000D2E7B0EE467BD4E7B2EC026B013337EE3D
:109CF000067BD6E731ED027B91ED025B013837EE52
:109D0000056B37EE467B81ED006B37EE057B81ED11
:109D1000027B9CE732ED027B92ED025B013937EE6C
:109D2000056B37EE467B82ED006B37EE057B82EDEF
:109D3000027B8FE733ED026B013C37EE067B8FE74A
:109D4000B1EE455BB1EE466B87ED005BB1EE477B54
:109D500087ED026B90E700BF00000000000070413B
:109D6000000000000000703E000000000000000045
:109D7000B0EE405B15EE901AB7EE000B21F00041FB
:109D8000B1F1795F04D2FDEEC57B17EE903A43B393
:109D900025EE056B21EE451B9FED1B7B9FED1C4BBC
:109DA000A6EE074B9FED1C7BA4EE067B9FED1C4BA4
:109DB000A7EE064B9FED1C7B1F4BA4EE067B9FED91
:109DC0001C4B9942A7EE064BB6EE007B24EE064BE9
:109DD00026EE077BA6EE041B04D837EE417B30EE5F
:109DE000470B7047154B994209D80022A1F5001383
:109DF00043EC162B30EE460B37EE467BEDE7B5EE27
:109E0000026BF7E7AFF30080D43888BEE9FAA8BD4B
:109E1000C4B1B4BD9EEE213EAD529C804F7E92BE39
:109E20009015CB19A001FA3E7751C1166CC156BFEF
:109E30004C5555555555A53F3233D33F0000E93FAA
:109E400010EE903A23F00043B3F1795F04D2FDEEB7
:109E5000C07B17EE903A5BB320EE006B20EE065B02
:109E60009FED157B9FED164BA6EE074B9FED167BE6
:109E7000A4EE067B9FED164BA7EE064B9FED167BDF
:109E8000A4EE067B30B99FED164BA6EE074BA4EE71
:109E9000050B704727EE457BB6EE004BA1EE047B29
:109EA00097EE061B9FED107BA5EE071B30EE410BD6
:109EB000704700BFAFF300807CD5CF5A3AD9E53D5B
:109EC000EB9C2B8AE6E55ABE7DFEB157E31DC73EEB
:109ED000D561C119A0012ABFA6F810111111813F47
:109EE000495555555555C5BF495555555555C53F06
:109EF000B0EE407B17EE903A894923F000428A4247
:109F000010B533D8FDEEC06B16EE901A002943D180
:109F100010EE104A431C2343134308D1FFF780F986
:109F2000B7EE006B86EE007BB0EE470B10BD01284C
:109F3000FAD030EE016BBFEE007B53EC162B87EEB0
:109F4000063B0A4643EC152BB7EE006B53EC132B84
:109F500035EE404B0A4643EC172B31EE444BA5EE51
:109F6000076BA4EE076BA6EE037BDDE76D498A4223
:109F700012D99FED4B6B002BB8BFB1EE407B36EE94
:109F8000476B9FED497BB8BFB1EE411B37EE417B7C
:109F90009FED471B37EE067B27EE075B9FED463BA9
:109FA00025EE056B9FED464BA6EE034B9FED463B22
:109FB000A4EE063B9FED464BA3EE064B9FED463BC2
:109FC000A4EE063B9FED464B9FED472BA3EE064BC1
:109FD0009FED473BA6EE023B9FED472BA3EE062BE2
:109FE0009FED473BA2EE063B9FED472BA3EE062BD2
:109FF0009FED473B4B49A2EE063B27EE052BB0EE0B
:10A00000446BB0EE414BA3EE056BA6EE024B9FED09
:10A01000426BA4EE051B8A42A2EE061B37EE013B03
:10A020001DD923EE032B9B1706EE900A03F00203C3
:10A03000C3F10103B8EEE65B06EE903A33EE053B62
:10A04000B8EEE64B82EE036BB0EE003B36EE416BB2
:10A0500037EE466BA6EE435B24EE057B64E70128F2
:10A060001AD0B7EE006B51EC130B002041EC140B2F
:10A0700034EE477B31EE471BBFEE007B87EE035B80
:10A0800053EC152B024643EC172BA4EE076BA1EE05
:10A09000076BA6EE057B47E7B0EE437B44E700BFC6
:10A0A000182D4454FB21E93F075C143326A6813C5C
:10A0B0000000000000000000735360DBCB75F3BEAE
:10A0C000A69237A0887E143F0165F2F2D844433F40
:10A0D000280356C9226D6D3F37D60684F464963F37
:10A0E0007AFE10111111C13FD47ABF74702AFB3E61
:10A0F000E9A7F0320FB8123F68108D1AF726303FEB
:10A100001583E0FEC8DB573F93846EE9E326823F68
:10A11000FE41B31BBAA1AB3F635555555555D53FCD
:10A12000FFFF2F3E2794E53F10EE103A834A03F0DD
:10A13000004023F0004393421ED9B3F1FF4F02D9F0
:10A1400030EE000A704705D1FFEE007A002800FECD
:10A15000270A704720B97A4A934263D9FEF7B6BFFF
:10A16000DFED787A70EE277AF5EEC07AF1EE10FA2C
:10A1700051D5BFEE000A7047734A934272D9734AB1
:10A18000934268D89FED727A00283DD130EE477A2D
:10A19000DFED706A012337EE660A77EE407A77EEDC
:10A1A000E67AF6EE005A20EE254A9FED6B6ADFED67
:10A1B0006B6A9FED6B5A20EE047AF0EE084AE7EEE8
:10A1C000066A9FED686AA6EE876ADFED676AE6EECB
:10A1D000076AB7EE006AA6EE875AF0EE466AE5EE29
:10A1E000076AE4EE664AB1EE084AA0EE644A36EE2B
:10A1F000E45AC5EE046A66EE876A002B40D190EE01
:10A20000267A30EE470A704730EE077ADFED576A5C
:10A210004FF0FF33BFE79FED567A20EE077AFEEE50
:10A22000007A05E09FED527A20EE077AF6EE007A8A
:10A2300077EE877AB0EE407AFDEEE77AF8EEE76ADD
:10A2400017EE903ADFED427AA6EEE77ADFED417A3B
:10A2500066EEA76A9FE79FED467A20EE077A002810
:10A26000E4D0DCE7B3F14C5F08D2DFED427A70EE68
:10A27000277A77EEE77A30EE670A7047002390E797
:10A2800076EEE76A5A1CD6EE807A77EEC77A06D168
:10A2900070EE677ABEEE000AA7EEA50A7047012BA2
:10A2A00018D1BDEE007AB4EEC70AF1EE10FA5BBF2A
:10A2B00070EE677AB0EE007A70EE255AA7EE876AE4
:10A2C00043BF77EEE57AB8EE000A27EE800AB0EEDB
:10A2D000460A70475A1C392A4FEAC3510BD977EE08
:10A2E000C07A76EE677A17EE903A194407EE901A24
:10A2F00037EEC60A7047162B11DC4FF0807242FA17
:10A3000003F3C3F17E5307EE103A77EEC07A77EE8F
:10A31000677A17EE903A0B4400EE103A7047C3F19B
:10A320007F03DB0507EE103A77EE877A70EE677AE7
:10A3300077EE867A17EE903AEDE700BF43B8954185
:10A340001772B1426042A20D1872B13E9115853F5D
:10A350008071313FD1F71737BBED57B4547E863645
:10A36000898808BDCD70A6B8010DD03AD1F717B7CE
:10A370003BAAB83FCAF2497138B510EE105A25F021
:10A380000044B4F1A14FF0EE407A0FD3B4F1FF4F87
:10A3900004D970EE007AB0EE670A38BDDFED4D7A71
:10A3A0009FED4D7A002D77FE277AF4E74B4B9C42C8
:10A3B00010D8B4F1445F0AD29FED497A30EE077AA3
:10A3C000F7EE006AB4EEE67AF1EE10FAE3DC4FF055
:10A3D000FF3313E0FEF7D0FE424B9C424FD8A3F56B
:10A3E000D0039C4241D8F0EE007ABFEE007AA0EE96
:10A3F000277A002330EE270AC7EE007A5A1C27EE90
:10A40000A76A9FED397ADFED395A9FED395A66EE2A
:10A41000066AE6EE875A9FED377AA5EEA67ADFED5B
:10A42000365AE7EE265A9FED357AA5EEA67ADFED8D
:10A43000345AE7EE265A9FED337AA6EE875A9FEDFF
:10A44000327AA5EE267A9FED315AA7EE265A9FED75
:10A45000307AA5EE267A27EE267AA5EE867A27EEC2
:10A46000877A21D177EEC77A95E7F7EE007A30EE5A
:10A47000677A30EE270A0123C7EE007ABEE7254B44
:10A480009C420BD8F7EE087AB7EE007AA0EE277A56
:10A49000022370EE676AC6EE877AAFE7BFEE007AF6
:10A4A000C7EE007A0323A9E71B4A1C4902EB83028B
:10A4B00001EB8303D3ED006A37EE667A002D37EEA9
:10A4C000677AD2ED007A77EEC77AB8BFF1EE677A95
:10A4D00061E700BFDB0FC9BFDB0FC93FFFFFDF3EF6
:10A4E000CAF24971FFFF973FD769853C59DA4B3D66
:10A4F0006BF16EBD356B883D6E2EBA3D2549123E1F
:10A50000ABAAAA3E21A215BD95879DBD388EE3BD9D
:10A51000CDCC4CBEFFFF1B4008FB0308F8FA030834
:10A5200010EE901AC1F30A538BB910EE103A21F0D5
:10A53000004119430AD09FED2A7B354B20EE070BD3
:10A5400098420BDA9FED287B20EE070B704740F214
:10A55000FF72934207D130EE000B704710EE901A55
:10A56000C1F30A53363B4CF2503290420DDD9FED61
:10A57000207B10EE903AB0EE476B9FED1F5B002BF7
:10A5800027FE057B27EE060B7047184440F2FE734A
:10A590009842ECDC002808DD53EC102B6FF31E51C1
:10A5A00041EA005343EC102B704710F1350F09DAE4
:10A5B0009FED0D7B10EE903AB0EE476B9FED105B78
:10A5C000002BDDE753EC102B36306FF31E5141EAC0
:10A5D00000539FED0D7B43EC102BB5E7AFF30080EC
:10A5E000000000000000504359F3F8C21F6EA5019F
:10A5F0009C7500883CE4377E9C7500883CE437FEFF
:10A6000059F3F8C21F6EA581000000000000903CC5
:10A61000B03CFFFF0000000010EE903AC3F30A5078
:10A6200010EE102AA0F2FF31132930B5154633DCA5
:10A63000002918DA9FED307B30EE070BB5EEC00B2A
:10A64000F1EE10FA0ADD002B50DA23F00043134339
:10A65000002293422A4B08BF4FF000431946104690
:10A6600041EC100B1FE02748084103EA00041443A3
:10A6700019D09FED217B30EE070BB5EEC00BF1EE4C
:10A6800010FAEBDD002BBEBF4FF480120A419B187D
:10A6900023EA00030022E1E7332905DDB1F5806FED
:10A6A00001D130EE000B30BDA0F213444FF0FF306B
:10A6B000E0401042F7D09FED107B30EE070BB5EE77
:10A6C000C00BF1EE10FAC9DD002B02DA142903D118
:10A6D000013322EA0002C1E70124C1F1340104FA86
:10A6E00001F10A44AA4238BF1B19F2E700221346BF
:10A6F000B4E700BFAFF300809C7500883CE4377E70
:10A700000000F0BFFFFF0F001FB514461A46094BAB
:10A710001B680546D8684CB1074B0091CDE9013460
:10A7200006492B4600F0A4FD00F0DEFE044B1C465B
:10A73000F3E700BF3400002418FB030825FB0308DF
:10A7400053FB0308F0B52DED028BB0EE408B85B0C6
:10A7500017460D9D0C9E18EE902A25F02005002A24
:10A76000B6BF2D220022B1EE408B462D0C461A704A
:10A7700004D0452D00D10134022100E0032103ABB8
:10A78000019302AB009322463346B0EE480B00F033
:10A790003BFF472D14D1FB070AD50219B5EE408BBC
:10A7A000F1EE10FA08BF03923021039B934219D3B4
:10A7B000039B0E9A1B1A136005B0BDEC028BF0BD13
:10A7C000462D00EB0402E9D10378302B07D1B5EE1A
:10A7D000408BF1EE10FA1CBFC4F101043460336801
:10A7E0001A44DBE75C1C03941970DEE7F7B5002917
:10A7F000BABF49422D232B2309290270437029DD5A
:10A800000DF107031D460A271A46B1FBF7F607FBB1
:10A810001614303402F8014C0C46632C03F1FF335C
:10A820003146F1DC3031941E03F8011C411C2346F3
:10A83000AB420AD30DF109039B1AAC4288BF002337
:10A8400002330344181A03B0F0BD13F8016B01F88A
:10A85000016FEDE7302330318370C170031DF1E7E4
:10A860002DE9F04F8DB00C46DDF8588016461F4696
:10A87000054600F0C9FDD0F800B05846C5F780FD88
:10A8800000230A93D8F8003094F8189022680590B5
:10A89000073323F0070303F10801C8F8001093ED14
:10A8A000000B9FED976BB0EEC07BB4EE467BF1EEF4
:10A8B00010FA84ED120B24DDB5EEC00BF1EE10FAA8
:10A8C00002D52D2384F843308F49904BB9F1470FBF
:10A8D0008CBF8846984622F004020323236122603D
:10A8E0004FF0000A009733460BAA2146284600F095
:10A8F00083FA013040F089804FF0FF300DB0BDE8A1
:10A90000F08FB4EE400BF1EE10FA09D710EE903A4A
:10A91000002BBCBF2D2384F843307D497D4BD5E708
:10A920006368591C09F0DF0A39D10623636042F4D9
:10A9300080620023226003930AABCDE9019309AB47
:10A94000009361680DF123032846FFF7FBFEBAF17F
:10A95000470F0999804629D1C81C02DB63689942D8
:10A9600041DDA9F102095FFA89F901394A4604F18A
:10A9700050000991FFF73AFF0A9A1318012A8246FC
:10A98000236102DC2268D20701D5013323619DF8DF
:10A990002330002BA6D02D2384F84330A2E7BAF150
:10A9A000470FC4D1002BC2D10123BFE7B9F1650F16
:10A9B000DBD9B9F1660F18D1002963680BDD21617D
:10A9C00013B92268D00702D501330B442361A16576
:10A9D0004FF0000ADBE713B92268D20701D5023332
:10A9E000F4E70123F2E74FF067090A9B994205DB80
:10A9F00023682161D807EAD54B1CE7E70029D4BFBB
:10AA0000C1F1020201221344E0E723685A0507D48A
:10AA10002369424631462846B84701302AD16BE7C0
:10AA2000B9F1650F40F2E08094ED127BB5EE407B0A
:10AA3000F1EE10FA33D1384A012331462846B8479F
:10AA400001303FF459AFDDE90938434502DB2368A3
:10AA5000D8070FD5059B5A4631462846B8470130DE
:10AA60003FF44AAF4FF0000908F1FF3804F11A0A29
:10AA7000C84509DC23689B0700F10781E0680B9B50
:10AA80009842B8BF184639E7012352463146284656
:10AA9000B84701303FF430AF09F10109E8E7099BFD
:10AAA000002B3BDC1C4A012331462846B8470130C5
:10AAB0003FF422AFDDE9093959EA030302D12368E3
:10AAC000D907D7D5059B5A4631462846B8470130A5
:10AAD0003FF412AF4FF0000A04F11A0B099B5B42DE
:10AAE000534501DC4B4694E701235A46314628463C
:10AAF000B84701303FF400AF0AF1010AEEE700BFAA
:10AB0000FFFFFFFFFFFFEF7F58FB030854FB030825
:10AB100060FB03085CFB030864FB0308A36DDDF81E
:10AB200028A05345A8BF5346002B994637DC002385
:10AB3000079329EAE97904F11A02A36D07990693AC
:10AB4000A3EB09038B4231DC099B9A453BDC23686C
:10AB5000DA0738D4099BAAEB0309069BAAEB030387
:10AB60009945A8BF9946B9F1000F34DC4FF00008B1
:10AB700029EAE97904F11A0B099BAAEB0303A3EB79
:10AB8000090343457FF776AF01235A4631462846ED
:10AB9000B84701303FF4B0AE08F10108ECE7424697
:10ABA00031462846B8470130C1D1A5E601233146D8
:10ABB00028460692B84701303FF49EAE079B069A9E
:10ABC00001330793B9E7059B5A4631462846B847F3
:10ABD0000130BFD190E6069A4B46424431462846A2
:10ABE000B8470130C2D187E6DDF82890B9F1010FEE
:10ABF00001DCDB0736D50123424631462846B847FB
:10AC000001303FF479AE059B5A4631462846B84795
:10AC100001303FF471AE94ED127BB5EE407BF1EE66
:10AC200010FA09F1FF3918D04B4608F101023146FC
:10AC30002846B84701300CD15EE601235A4631461A
:10AC40002846B84701303FF457AE08F10108C8451F
:10AC5000F3DB534604F15002DCE64FF0000804F148
:10AC60001A0BF4E701234246E1E701234A46314645
:10AC70002846B84701303FF43FAE08F10108E368C9
:10AC80000B995B1A4345F0DCF8E64FF0000804F13D
:10AC90001909F4E7024B0146186800F02DB800BF0F
:10ACA00034000024024B0146186801F00BBA00BFC3
:10ACB0003400002470B50F4E0C463168054611B9BA
:10ACC00000F064FB30602146284600F05FFB431C27
:10ACD00003D14FF0FF34204670BDC41C24F00304A0
:10ACE000A042F8D0211A284600F050FB0130F2D1E2
:10ACF000EFE700BFDC8E02242DE9F843CD1C25F0E0
:10AD0000030508350C2D38BF0C25002D064601DB48
:10AD1000A94204D90C2333600020BDE8F883DFF892
:10AD2000D48000F0F5F9D8F800301C4644BB294621
:10AD30003046FFF7BFFF431C044658D1D8F8004007
:10AD40002746002F43D1002C4BD02368394630468C
:10AD500004EB030900F01AFB814542D121686D1A0A
:10AD600029463046FFF7A6FF01303AD023682B442E
:10AD70002360D8F800305A6862BBC8F800700FE052
:10AD80002268521B20D40B2A17D96119A3422560CF
:10AD900018BF5960636808BFC8F8001062514B6063
:10ADA000304600F0BBF904F10B00231D20F0070032
:10ADB000C21A1CBF1B1AA350AFE76268A3420CBFA4
:10ADC000C8F800205A60EBE723466468AEE73C46CB
:10ADD0007F68B6E71A465B68A342FBD10023536045
:10ADE000DEE70C233360304600F098F994E7056005
:10ADF000D6E700BFE08E02242DE9F04716469846BC
:10AE00008A680B69DDF820909342B8BF134633601F
:10AE100091F8432007460C460AB10133336023689A
:10AE2000990642BF336802333360256815F0060582
:10AE300006D104F1190AE36832689B1AAB4226DC9A
:10AE400094F843302268003B18BF012392062BD4AC
:10AE500004F1430241463846C84701301ED02368FA
:10AE6000226903F00603042B02BFE5683368ED1A7C
:10AE7000A3680CBF25EAE57500259342C4BF9B1A61
:10AE8000ED1800261A34B5421AD1002008E001233B
:10AE9000524641463846C847013003D14FF0FF3093
:10AEA000BDE8F0870135C6E7E1185A1C302081F86B
:10AEB0004300224494F8451082F843100233C7E758
:10AEC0000123224641463846C8470130E6D00136C4
:10AED000D9E700002DE9FF470F7E0C9E782F9146A1
:10AEE00080460C469A4601F1430207D8622F0AD8E1
:10AEF000002F00F0D180582F00F0B88004F14206F6
:10AF000084F842703AE0A7F16303152BF6D801A14B
:10AF100051F823F06DAF030881AF0308FDAE0308BD
:10AF2000FDAE0308FDAE0308FDAE030881AF0308C4
:10AF3000FDAE0308FDAE0308FDAE0308FDAE030839
:10AF40007FB00308ABAF030839B00308FDAE0308B8
:10AF5000FDAE0308A1B00308FDAE0308ABAF0308C4
:10AF6000FDAE0308FDAE030841B0030833681A1DA7
:10AF70001B68326004F1420684F8423001239CE0F1
:10AF800033682068191D3160060601D51D6803E08D
:10AF90004506FBD5B3F90050002D03DA2D236D4291
:10AFA00084F8433058480A2311E0216833680806C2
:10AFB00053F8045B02D4490648BFADB26F2F524824
:10AFC000336014BF0A230823002184F84310666805
:10AFD000A660002E05DB21682E4321F004012160CC
:10AFE0004BD01646B5FBF3F103FB1157C75D06F8CE
:10AFF000017D2F46BB420D46F4D9082B0BD12368A7
:10B00000DF0708D5236961689942DEBF302306F85F
:10B01000013C06F1FF36921B2261CDF800A04B46A1
:10B0200003AA21464046FFF7E7FE01304AD14FF020
:10B03000FF3004B0BDE8F087236843F020032360AD
:10B040003248782784F84570236831681F0651F824
:10B05000045B02D45F0648BFADB23160D90744BF7C
:10B0600043F0200323601DB11023ADE72648E9E734
:10B07000236823F020032360F6E71646BDE7336814
:10B0800025686169181D30602E061B6801D519609E
:10B0900002E06806FBD51980002323611646BCE751
:10B0A00033681A1D32601E68626800213046C5F799
:10B0B00017F908B1801B606063682361002384F87E
:10B0C0004330AAE72369324649464046D04701301B
:10B0D000ADD023689B0713D4E068039B9842B8BFA8
:10B0E0001846A6E70123324649464046D04701307C
:10B0F0009DD00135E36803995B1AAB42F2DCEBE7C4
:10B10000002504F11906F5E766FB030877FB030841
:10B11000014800F076B900BF20900224014800F0F9
:10B1200071B900BF20900224002310B50446C0E985
:10B130000033C0E90433836081814366C281836147
:10B14000194608225C3000F019F90D4B63620D4B73
:10B15000A3620D4BE3620D4B23630D4B24629C42B3
:10B1600006D003F16802944202D0D0339C4205D14C
:10B1700004F15800BDE8104000F042B910BD00BF16
:10B18000D9CE0308FBCE030833CF030857CF0308FB
:10B19000E48E0224024A0349034800F0B7B800BF16
:10B1A0002800002495C703083800002441680C4B90
:10B1B000994210B5044601D001F0ECFAA168094BA0
:10B1C000994202D0204601F0E5FAE168064B994227
:10B1D00004D02046BDE8104001F0DCBA10BD00BF2D
:10B1E000E48E02244C8F0224B48F022410B50B4B42
:10B1F0000B4C0C4A1A60204600220421FFF794FFF2
:10B2000004F1680001220921FFF78EFF04F1D0004C
:10B210000222BDE810401221FFF786BF1C900224D5
:10B22000E48E022495B10308014800F0EAB800BF9B
:10B2300021900224014800F0E5B800BF21900224CB
:10B2400010B50446FFF7F0FF236A1BB1BDE81040BC
:10B25000FFF7F0BF044B2362044B1B68002BF5D1B2
:10B26000FFF7C4FFF2E700BFADB103081C90022452
:10B270000EB403B5014603AB054853F8042B006830
:10B28000019301F0EBF802B05DF804EB03B07047F6
:10B290003400002430B51446002C9BB005461A46F5
:10B2A00005DA8B2303604FF0FF301BB030BD4FF445
:10B2B0000273ADF80C304FF00003199314BF04F182
:10B2C000FF332346029305934FF6FF7300910491D9
:10B2D000ADF80E3069461E9B00F09AFF431CBCBFC0
:10B2E0008B232B60002CE0D0009B00221A70DCE73F
:10B2F00007B5009313460A46014603480068FFF766
:10B30000C9FF03B05DF804FB340000242DE9F843C5
:10B310000746884614460026D4E90195B9F101098B
:10B3200005D52468002CF7D13046BDE8F883AB89F9
:10B33000012B07D9B5F90E30013303D02946384621
:10B34000C04706436835E9E7884210B501EB0204BF
:10B3500002D98442234607D8431EA14208D011F8DF
:10B36000012B03F8012FF8E7024401468A4200D17D
:10B3700010BD13F8014D02F8014DF7E702440346F2
:10B38000934200D1704703F8011BF9E738B5064D29
:10B390000023044608462B60C6F76CFF431C02D10D
:10B3A0002B6803B1236038BD24900224014B186838
:10B3B000704700BF3400002470B50D4D0D4C641B68
:10B3C000A4100026A64209D10B4D0C4C01F0D4FF6D
:10B3D000641BA4100026A64205D170BD55F8043B9D
:10B3E00098470136EEE755F8043B98470136F2E7F7
:10B3F00094FE030894FE030894FE0308BCFE0308B1
:10B40000704770477047000000487047740100247F
:10B410002D4B1B68834270B5044653D0C3691BB3E0
:10B42000DB6863B10025E369DB685959B1B90435BC
:10B43000802DF8D1E3692046D96800F043FEE36926
:10B44000196811B1204600F03DFEE3699D685DB1C9
:10B45000294620462D6800F035FEF8E70E682046A4
:10B4600000F030FE3146E1E7616911B1204600F09D
:10B4700029FEE16911B1204600F024FE216B11B1D3
:10B48000204600F01FFE616B11B1204600F01AFE4D
:10B49000A16B11B1204600F015FEA16C11B1204640
:10B4A00000F010FE616C11B1204600F00BFEE16A65
:10B4B00011B1204600F006FE236A1BB12046BDE80C
:10B4C0007040184770BD00BF340000240A44914208
:10B4D00000F1FF3300D1704710B511F8014B03F8AC
:10B4E000014F9142F9D110BD08B5062001F084FE4C
:10B4F0000120C6F747FE2DE9F74F03690C69A34207
:10B5000007467EDB013C01F11408A30000F114059D
:10B51000009305EB8403019358F8243055F8242058
:10B5200001339A4208EB8409B2FBF3F62ED34FF0B5
:10B53000000AC446AE46D3465CF8043B98B206FB0C
:10B5400000A0020C1B0C06FB0323DEF8002080B2D7
:10B5500092B2121A5A44DEF800004FEA134A9BB224
:10B56000C3EB224303EB104392B242EA0342E145AC
:10B570004EF8042B4FEA234BDED2009BEB582BB93D
:10B58000019B043B9D421A462FD33C61384601F093
:10B590009BFB002825DB2946002058F8042BD1F816
:10B5A00000C01FFA82FE1FFA8CF3A3EB0E030344C4
:10B5B000120CC2EB234202EB1C429BB243EA024351
:10B5C000C14541F8043B4FEA2240E6D255F8242019
:10B5D00005EB840322B9043B9D421A460BD33C6120
:10B5E0000136304603B0BDE8F08F1268043B002AF4
:10B5F000CBD1013CC6E71268043B002AEFD1013CE5
:10B60000EAE70020EEE700002DE9F04F2DED028B78
:10B61000C76991B08DED020B55EC104B1C9E079144
:10B62000814609920D937FB91020FFF733FB024644
:10B63000C9F81C0020B9A04BEF21A048FFF764F81F
:10B64000C0E901770760C760D9F81C30196859B1A3
:10B650005A684A60012393408B60484601F002F922
:10B66000D9F81C3000221A602B1EBBBF23F0004308
:10B67000039300230122ACBF33603260904B039EE2
:10B68000B34310D10D9A42F20F731360C6F3130344
:10B69000234300F0E6841D9B8A4F002B00F0E884D2
:10B6A000FB1C00F0E3BC9DED028BB5EE408BF1EE90
:10B6B00010FA0AD10D9A012313601D9B13B11D9A34
:10B6C000814B1360814F00F0D3BC0EAA0FA94846EE
:10B6D000B0EE480B01F0A8FBC6F30A530E9A019096
:10B6E000002B45D0B0EE487B18EE901AC1F3130141
:10B6F00041F07F5141F44011A3F2FF33002507EEE2
:10B70000901AB7EE086B9FED665B37EE467B9FEDB8
:10B71000666BA7EE056B9FED665B07EE903AB8EEA1
:10B72000E74BB0EE467BA4EE057BFDEEC76BB5EEB6
:10B73000C07BF1EE10FA16EE908A08D5B8EEE66BF3
:10B74000B4EE476BF1EE10FA18BF08F1FF38B8F10C
:10B75000160F2BD85E4901EBC80191ED007BB4EECA
:10B76000C78BF1EE10FA01D508F1FF3800211EE079
:10B770000F9B134403F232412029C1BFC1F14001A4
:10B780008E4003F2124124FA01F1D6BFC1F120012B
:10B79000314304FA01F107EE901AB8EE677B013BE2
:10B7A00017EE901A0125A1F1F871A8E70121D21A2C
:10B7B000531E069345BFC2F10103049300230023E7
:10B7C0004CBF06930493B8F1000F0C9118DB069B55
:10B7D000CDF82880434406930023079A092A45D8C8
:10B7E000052AC4BF043A0792079AA2F10202CCBF0D
:10B7F00000240124032A44D8DFE802F03436170B72
:10B80000049B0022A3EB080304930A92C8F10003EF
:10B81000E3E701220892099A08EB020B0BF1010AF7
:10B820005246012AB8BF012206E001220892099A75
:10B83000002A29DD93469246D9F81C700021042085
:10B8400000F11406964226D979604846059300F027
:10B85000C9FF059B074600283ED11E4B024640F219
:10B86000AF11EAE60022E1E70022D3E7012400223B
:10B87000CDE907244FF0FF3B0021DA46122209915F
:10B88000DAE701220892F5E74FF0010BDA465A4653
:10B89000CDF824B0D0E701314000D1E7AFF300800C
:10B8A00061436F63A787D23FB3C8608B288AC63FC6
:10B8B000FB799F501344D33F95FB0308ACFB03086F
:10B8C0000000F07F91FB030865FB030864FB03089D
:10B8D000C0FC030804FC0308D9F81C20BAF10E0FC1
:10B8E00010606ED8002C6CD0B8F1000F40F3B4801B
:10B8F000C84A08F00F0102EBC10218F4807F92EDF4
:10B90000007B4FEA281100F09B80C34A92ED086B40
:10B9100088EE066B8DED026B01F00F010322BE482D
:10B92000002940F08F809DED026B86EE077B8DED48
:10B93000027B0C999DED027B002900F0B380B7EEED
:10B94000006BB4EEC67BF1EE10FA40F1AB80BAF1B9
:10B95000000F00F0A780BBF1000F30DDB2EE046BEA
:10B9600027EE067B8DED027B08F1FF310591013258
:10B970005C469DED026BB1EE0C5B07EE902AB8EED3
:10B98000E77BA7EE065B15EE902A51EC150BA2F1B2
:10B990005071002C40F08A80B1EE047B36EE476B8C
:10B9A00041EC170BB4EEC76BF1EE10FA00F36A82AC
:10B9B000B1EE477BB4EEC76BF1EE10FA23D48DEDF8
:10B9C000028B0F9A002AC0F22981B8F10E0F00F302
:10B9D0002581904B03EBC80393ED006B099B002B73
:10B9E00080F2C880BAF1000F00F3C4800BD1B1EE31
:10B9F000047B26EE076B9DED027BB4EEC76BF1EE88
:10BA000010FAC0F23C8200242546099BDB430593D3
:10BA10003E464FF000082146484600F023FF002D27
:10BA200000F0A280B8F1000F05D0A84503D0414630
:10BA3000484600F017FF2946484600F013FF93E000
:10BA400002226CE7CC0704D590ED006B013227EEA3
:10BA5000067B4910083063E722D0C8F100016D4A27
:10BA600001F00F0002EBC00292ED007B28EE077B95
:10BA70008DED027B684809110024022229B9002CAF
:10BA80003FF457AF8DED027B53E7CE0705D590ED20
:10BA9000006B0132012427EE067B49100830EDE7E8
:10BAA000022246E7CDF81480544662E7594A02EB79
:10BAB000C40212ED024B089A41EC170B3C444AB306
:10BAC000B6EE003BB7EE002B3E4683EE045BB2EED3
:10BAD000043B35EE477BFDEEC64B14EE902AB8EEE4
:10BAE000E45B303236EE456BB4EEC76BF1EE10FA24
:10BAF00006F8012B38D432EE465BB4EEC75BF1EEAC
:10BB000010FA6ED4A6423FF45AAF27EE037B26EE1E
:10BB1000036BE0E721463E4627EE047BB2EE043B92
:10BB2000FDEEC64B14EE902A303206F8012BA642E9
:10BB3000B8EEE45B36EE456B19D1B6EE005B37EE3E
:10BB4000054BB4EEC46BF1EE10FA4ADC35EE475B00
:10BB5000B4EEC56BF1EE10FA7FF531AF0E46013948
:10BB600016F8013C302BF9D0DDF8148027E026EEE2
:10BB7000036BD5E79DED027BB2EE044B3E4687EEAC
:10BB8000065BBDEEC55B15EE103A303306F8013B9F
:10BB9000F31B9A45B8EEC53BA3EE467B32D137EE98
:10BBA000077BB4EEC67BF1EE10FA18DCB4EE467BF0
:10BBB000F1EE10FA03D115EE103ADB070FD401991C
:10BBC000484600F04FFE00230D9A337008F1010340
:10BBD00013601D9B002B00F04B821E6048E2CDF8E5
:10BBE000148033461E4613F8012D392A06D19F4290
:10BBF000F8D1059A0132059230223A701A78013252
:10BC00001A70B1E727EE047BB5EE407BF1EE10FA37
:10BC1000B5D1D4E7C0FC030898FC030808990029B3
:10BC200000F0E9800799012900F3CB80002D00F096
:10BC3000C48002F23342049E1C460593049B1344C5
:10BC40000493069B012113444846069300F0BEFE70
:10BC5000059B054666B1069A002A09DDB2420499A1
:10BC6000A8BF3246891A04910699B61A8A1A069212
:10BC70000BB3089A002A00F0C580002C00F0BF80AA
:10BC80002946224648460B9300F058FF019A014688
:10BC90000546484600F0B0FE01990590484600F080
:10BCA000E1FD0B9B1B1B00F0B08005991A4648462E
:10BCB00000F044FF01900121484600F087FE0A9BF6
:10BCC0000446002B00F0DA811A460146484600F08F
:10BCD00035FF079B012B044600F3A080029B002B3D
:10BCE00040F09680039BC3F31302002A40F0928039
:10BCF00023F00042120D1205002A00F08D80049BF3
:10BD000001330493069B0133069301230B930A9B93
:10BD1000002B00F0B981226904EB8202106900F067
:10BD200009FEC0F12000069B184410F01F0000F02F
:10BD30008180C0F12002042A73DD049BC0F11C0045
:10BD400003440493069B064403440693049B002B80
:10BD500005DD01991A46484600F04AFF0190069B0E
:10BD6000002B05DD21461A46484600F041FF0446F7
:10BD70000C9B002B60D00198214600F0A5FF002805
:10BD80005ADA08F1FF330593019900230A22484645
:10BD900000F08AFD089B0190002B00F07781294676
:10BDA00000230A22484600F07FFDBBF1000F054644
:10BDB0006EDC079B022B48DC6AE00E9AC2F1360269
:10BDC00039E70AF1FF34A34207DBBAF1000FA3EB16
:10BDD00004040BDB049E52462FE7E21A0A9B049EE2
:10BDE00013440A9352462346002426E7049AA2EB02
:10BDF0000A06002221E7049E089D1C462AE7019AB4
:10BE0000059252E701991A4651E7059B019352E7C3
:10BE100000237BE7029B79E70B9278E700230B93E3
:10BE200079E793D0049B1C3213440493069B164479
:10BE300013448AE70246F5E7BAF1000FCDF8148003
:10BE4000D34621DC079B022B1EDDBBF1000F7FF4E4
:10BE5000DCAD21465B460522484600F025FD014643
:10BE60000446019800F030FF00287FF7CEAD3E4633
:10BE7000312306F8013B059B01330593C9E5CDF855
:10BE8000148054462546F2E7089B002B00F00281FF
:10BE9000002E05DD29463246484600F0A9FE05463B
:10BEA0000B9B002B58D06968484600F09BFC064667
:10BEB00028B9824B024640F2EF21FFF7BEBB2A6948
:10BEC0000232920005F10C010C30FFF7FFFA01225B
:10BED0003146484600F08CFE7B1C049307EB0B03B5
:10BEE0000993029B03F00103A84608930546049BAF
:10BEF0000198214603F1FF3BFFF7FDFA414602900E
:10BF000000F1300A019800F0DFFE2A460690214633
:10BF1000484600F0F5FEC2680646FAB901460198A7
:10BF200000F0D2FE0246314648460A9200F09AFCE2
:10BF3000079B0A9A049E42EA0301089B19430FD10A
:10BF4000BAF1390F28D0069B002B02DD029B03F1CA
:10BF5000310A8BF800A05EE52846BDE70122E2E742
:10BF6000069B002B04DB07990B4308990B4320D158
:10BF7000002AEEDD01990122484600F039FE2146F3
:10BF8000019000F0A1FE002803DCE2D11AF0010FBD
:10BF9000DFD0BAF1390FD9D139238BF800303346CD
:10BFA0001E46013B16F8012C392A52D001321A7074
:10BFB00031E5002A07DDBAF1390FEDD00AF10103AE
:10BFC0008BF8003027E5049B099A03F801AC9342F3
:10BFD00029D0019900230A22484600F065FCA845B3
:10BFE00001904FF000034FF00A024146484607D146
:10BFF00000F05AFC80460546049B0133049376E723
:10C0000000F052FC2946804600230A22484600F0F0
:10C010004BFC0546F0E7BBF1000FCCBF5E460126A6
:10C020003E444FF0000801990122484600F0E0FD2F
:10C030002146019000F048FE0028B0DC02D11AF041
:10C04000010FACD133461E4613F8012D302AFAD029
:10C05000E1E49F42A4D1059B0133059331233B705A
:10C06000D9E41D9B164F1BB107F108031D9A1360FD
:10C07000384611B0BDEC028BBDE8F08F079B012B59
:10C080007FF72CAE0A9B0B9301204CE6BBF1000F0F
:10C090007FF7D8AE3E4601982146FFF72CFA00F113
:10C0A000300A06F801ABF21B9345B4DD0199002379
:10C0B0000A22484600F0F8FB0190ECE704FC030874
:10C0C00088FB030838B50546002941D051F8043CE7
:10C0D0000C1F002BB8BFE418FFF71AF81D4A1368AD
:10C0E00033B9636014602846BDE83840FFF716B8DE
:10C0F000A34208D9206821188B4201BF19685B68E8
:10C1000009182160EDE71A465B680BB1A342FAD922
:10C1100011685018A0420BD1206801445018834286
:10C120001160E0D118685B68536008441060DAE77A
:10C1300002D90C232B60D6E7206821188B4204BF5C
:10C1400019685B68636004BF091821605460CAE71E
:10C1500038BD00BFE08E02242DE9F0478E681F46EF
:10C16000BE420B6882460C4690462DD8B1F90C2091
:10C1700012F4906F26D06569096905EB4505A3EBBC
:10C18000010905EBD5757B1C4B446D109D4238BFF2
:10C190001D46530527D52946FEF7AEFD064660B37A
:10C1A00021694A46FFF792F9A38923F4906343F08B
:10C1B0008003A381266165614E44A5EB09052660D5
:10C1C000A5603E46BE4200D93E4620683246414602
:10C1D000FFF7BAF8A3689B1BA3602368334423606E
:10C1E0000020BDE8F0872A4600F0B9FE0646002888
:10C1F000E0D121695046FFF765FF0C23CAF80030F3
:10C20000A38943F04003A3814FF0FF30E9E700002A
:10C210002DE9F04F98468B891B069DB007460D46C9
:10C22000144610D50B6973B94021FEF765FD2860EF
:10C23000286130B90C233B604FF0FF301DB0BDE8E2
:10C24000F08F40236B610023099320238DF8293060
:10C25000CDF80C803023DFF89C818DF82A304FF028
:10C26000010923469A4613F8012B0AB1252AF9D170
:10C27000BAEB040B0BD05B46224629463846FFF743
:10C280006BFF013000F0A780099A5A4409929AF88E
:10C290000030002B00F09F8000234FF0FF32CDE9EB
:10C2A00005230AF1010A049307938DF853301A937A
:10C2B0005446052214F8011B4E48C4F711F8049A9D
:10C2C000D8B9D00644BF20238DF85330110744BF9E
:10C2D0002B238DF853309AF800302A2B15D0079A6B
:10C2E000544600204FF00A0C214611F8013B303B28
:10C2F000092B4BD9B0B1079214E0A0EB080309FA5F
:10C3000003F313430493A246D2E7039B191D1B6852
:10C310000391002BBBBF5B4242F0020207930793DD
:10C32000B8BF049223782E2B0AD163782A2B32D1FE
:10C33000039B1A1D1B68039243EAE37302340593BF
:10C34000DFF8C0A0217803225046C3F7C9FF38B1F7
:10C35000049BA0EB0A004022824013430134049363
:10C3600014F8011B24488DF828100622C3F7B8FFE3
:10C37000002836D0214B1BBB039B073323F0070358
:10C3800008330393099B334409936AE70CFB023299
:10C390000C460120A8E700230134059319464FF00D
:10C3A0000A0C204610F8012B303A092A03D9002B39
:10C3B000C6D00591C4E70CFB012104460123F0E738
:10C3C00003AB00932A460E4B04A93846FEF748FA01
:10C3D000421C0646D6D1AB895B063FF52DAF0998C6
:10C3E0002CE703AB00932A46054B04A93846FEF719
:10C3F00071FDEDE715FC03081FFC030861A80308A5
:10C4000059C103081BFC03089368013B002B10B4BF
:10C41000936008DA9469A34201DB0A2903D15DF82D
:10C42000044B00F0CABD1368581C10601970084610
:10C430005DF8044B7047F8B506460F461446D5180C
:10C44000AC4201D1002007E014F8011B3A46304607
:10C45000FFF7DAFF431CF3D1F8BD00002DE9F04FE0
:10C460000D469DB014469846064618B1036A0BB9AE
:10C47000FEF7E6FE6B6ED90705D4AB899A0502D4A8
:10C48000A86DFEF7BEFFAB891B0701D52B699BB9D1
:10C490002946304600F0D0FD70B16B6EDC0704D544
:10C4A0004FF0FF301DB0BDE8F08FAB899805F7D491
:10C4B000A86DFEF7A7FFF3E70023099320238DF86B
:10C4C0002930CDF80C803023DFF8AC818DF82A308C
:10C4D0004FF0010923469A4613F8012B0AB1252A89
:10C4E000F9D1BAEB040B0BD05B4622462946304605
:10C4F000FFF7A1FF013000F0A780099A5A44099282
:10C500009AF80030002B00F09F8000234FF0FF329C
:10C51000CDE905230AF1010A049307938DF85330FE
:10C520001A935446052214F8011B5348C3F7D8FE4A
:10C53000049AD8B9D10644BF20238DF8533013078D
:10C5400044BF2B238DF853309AF800302A2B15D096
:10C55000079A544600204FF00A0C214611F8013B7F
:10C56000303B092B4BD9B0B1079214E0A0EB080384
:10C5700009FA03F313430493A246D2E7039B191D60
:10C580001B680391002BBBBF5B4242F00202079382
:10C590000793B8BF049223782E2B0AD163782A2BF5
:10C5A00032D1039B1A1D1B68039243EAE3730234E2
:10C5B0000593DFF8D4A0217803225046C3F790FEFC
:10C5C00038B1049BA0EB0A0040228240134301349F
:10C5D000049314F8011B29488DF828100622C3F78C
:10C5E0007FFE00283FD0264B1BBB039B073323F065
:10C5F000070308330393099B3B4409936AE70CFB49
:10C6000002320C460120A8E70023013405931946A5
:10C610004FF00A0C204610F8012B303A092A03D9B2
:10C62000002BC6D00591C4E70CFB01210446012371
:10C63000F0E703AB00932A46124B04A93046FEF7FD
:10C640000FF90746781CD6D16B6ED90705D4AB8994
:10C650009A0502D4A86DFEF7D5FEAB895B063FF5BF
:10C660001FAF09981EE703AB00932A46054B04A9A8
:10C670003046FEF72FFCE4E715FC03081FFC030817
:10C6800061A8030837C403081BFC0308B1F90C2098
:10C690002DE9F041160705460C4654D44B68002B93
:10C6A00002DC0B6C002B48DDE66A002E45D000232F
:10C6B00012F480522F68216A2B6030D0626DA389FA
:10C6C000590705D56368D21A636B0BB1236CD21A74
:10C6D0000023E66A216A2846B047431CA38906D195
:10C6E00029681D292BD82A4ACA40D60727D50022F7
:10C6F0006260D9042269226004D5421C01D12B68F2
:10C7000003B96065616B2F60B9B104F144039942CC
:10C7100002D02846FFF7D6FC002363630DE0012317
:10C720002846B0470246501CC9D12B68002BC6D002
:10C730001D2B01D0162B1ED12F60002022E043F0CC
:10C7400040031BB21BE00F69002FF6D093070E6861
:10C7500008BF4B690F6018BF0023A6EB07088B606A
:10C76000B8F1000FE9DD216AA66A43463A46284639
:10C77000B047002808DCB4F90C3043F04003A38133
:10C780004FF0FF30BDE8F0810744A8EB0008E7E771
:10C790000100402038B50B6905460C4613B9002549
:10C7A000284638BD18B1036A0BB9FEF749FDB4F944
:10C7B0000C30002BF3D0626ED00704D4990502D45C
:10C7C000A06DFEF71EFE28462146FFF75FFF636E51
:10C7D000DA070546E4D4A3899B05E1D4A06DFEF7F2
:10C7E00011FEDDE770B5C66904460D4676B9102026
:10C7F000FEF750FA0246E06120B9184B18486B2149
:10C80000FDF782FFC0E901660660C660E669F3686D
:10C8100083B1E369DB6853F82500B8B9012101FA57
:10C8200005F6721D9200204600F06AFD60B1C0E975
:10C8300001560EE021220421204600F061FDE3694B
:10C84000F060DB68002BE4D1002070BD026843F883
:10C8500025200023C0E90333F7E700BF95FB030859
:10C8600026FC030870B5C66905460C4676B910204B
:10C87000FEF710FA0246E86120B9094B09488F21FA
:10C88000FDF742FFC0E901660660C6603CB1EB6996
:10C890006268DB6853F82210216043F8224070BDC3
:10C8A00095FB030826FC03082DE9F0410D690746B6
:10C8B0000C461E4601F1140C0020DCF8003099B241
:10C8C00002FB01611E0C0B0C02FB063389B2013026
:10C8D00001EB034185424CF8041B4FEA1346ECDCA4
:10C8E0000EB3A368AB4219DC616838460131FFF72B
:10C8F00079FF804628B902460C4B0D48BA21FDF756
:10C9000003FF2269023204F10C0192000C30FEF7A1
:10C91000DDFD21463846FFF7A5FF444604EB8503BD
:10C9200001355E6125612046BDE8F08104FC030805
:10C9300026FC0308B0F5803F034636BF0304002001
:10C940001020B3F1807F3CBF1B020830B3F1805F41
:10C950003CBF1B010430B3F1804F3CBF9B00023051
:10C96000002B05DB13F0804F00F1010008BF2020F1
:10C9700070470368024613F007000BD0D90721D493
:10C98000980749BF5B089B08012013605CBF1360D8
:10C990000220704799B209B91B0C1020D9B209B90D
:10C9A00008301B0A190704BF1B090430990704BF8C
:10C9B0009B080230D90703D45B0800F1010003D0C3
:10C9C00013607047002070472020704710B50C4658
:10C9D0000121FFF707FF024628B9054B054840F241
:10C9E0004511FDF791FE01234461036110BD00BFB5
:10C9F00004FC030826FC03082DE9F04F17460A69DA
:10CA00003B699A42A8BF3B468946A4BF0F46994658
:10CA10003D69D9F810A0BB68796805EB0A06B342F6
:10CA200085B0B8BF0131FFF7DDFE30B90246414B9A
:10CA300041484FF4B171FDF767FE00F1140404EBB7
:10CA4000860E23460022734520D307F1140809F10E
:10CA5000140108EB850501EB8A030293EB1B153BE0
:10CA600023F0030304331537BD4238BF0423019379
:10CA7000029B03918B420CD8002E03DD5EF8043D2F
:10CA8000002B55D0066105B0BDE8F08F43F8042BAC
:10CA9000D9E7B1F800A0BAF1000F1FD0C446A146F3
:10CAA00000275CF8042BD9F800301FFA82FB9BB2F8
:10CAB0000AFB0B333B44D9F80070120C3F0C0AFB05
:10CAC000027202EB13429BB243EA0243654549F806
:10CAD000043B4FEA1247E4D8019BE750039BB3F8AD
:10CAE00002900431B9F1000F20D023684746A446D4
:10CAF0004FF0000AB7F800B0BCF8022009FB0B2287
:10CB000052449BB243EA02434CF8043B57F8043BBF
:10CB10004FEA134ABCF8003009FB0A3303EB124317
:10CB2000BD424FEA134AE5D8019AA35004349FE767
:10CB3000013EA1E704FC030826FC03082DE9F843A5
:10CB4000154612F0030207460E4607D0254C013A5F
:10CB5000002354F82220FFF7A7FE0646AD103DD073
:10CB6000FC697CB91020FEF795F80246F86128B9F7
:10CB70001D4B1E4840F2B311FDF7C6FDC0E901444C
:10CB80000460C460D7F81C80D8F808404CB940F263
:10CB900071213846FFF71AFF0023C8F80800044641
:10CBA00003604FF00009EB070AD5314622463846AC
:10CBB000FFF722FF314680463846FFF753FE4646D0
:10CBC0006D100BD0206838B9224621463846FFF751
:10CBD00013FF2060C0F800900446E4E73046BDE84B
:10CBE000F88300BF8CFC030895FB030826FC0308B0
:10CBF0002DE9F0470C464968236903EB6218A368E6
:10CC0000074691464FEA621A08F10106B3420BDB70
:10CC10003846FFF7E7FD054648B90246284B294844
:10CC20004FF4EF71FDF770FD01315B00EEE700237B
:10CC300000F1140100F110021846534533DB20695E
:10CC40002AEAEA7A04F1140319F01F0901EB8A01B8
:10CC500003EB800C2BD0C9F1200E8A460022186805
:10CC600000FA09F010434AF8040B53F8042B9C45D2
:10CC700022FA0EF2F3D8ACEB0403153B23F00303C6
:10CC8000043304F11500604588BF0423CA500AB17B
:10CC900008F10206013E38462E612146FFF7E2FD0B
:10CCA0002846BDE8F08742F8040F0133C5E7043990
:10CCB00053F8042B41F8042F9C45F9D8EAE700BF4C
:10CCC00004FC030826FC03080A6903460069801A6D
:10CCD00030B50ED11433143103EB820401EB820121
:10CCE00054F8045D51F8042D954203D005D24FF05D
:10CCF000FF3030BDA342F3D3FBE70120F9E700008A
:10CD00002DE9F74F89460646114648461446FFF777
:10CD1000DBFF051E12D129463046FFF763FD0246B0
:10CD200028B93F4B40F237213E48FDF7EDFC012387
:10CD3000C0E90435104603B0BDE8F08FBCBF4B46D8
:10CD4000A1463046D9F80410BABF1C46012500257B
:10CD5000FFF748FD024618B9314B40F24521E3E7A1
:10CD6000D9F810702669C56009F1100309F114059E
:10CD700004F1140E00F1140B05EB87080EEB860688
:10CD80000193D9464FF0000C019B5EF8040B53F859
:10CD900004AF01931FFA8AF3194683B2CB1A000C31
:10CDA0006344C0EB1A4000EB23409BB243EA0043CC
:10CDB000764549F8043B4FEA204CE5D8331B153B38
:10CDC00023F0030315340433A64238BF04231D4463
:10CDD0005B441E462C4644450ED308F10301491B13
:10CDE00021F00301033DA84538BF00210B4453F84F
:10CDF000041D91B117619DE754F8041BE646080C29
:10CE00001CFA81FC714400EB2C4089B241EA0041DC
:10CE100046F8041B4FEA204CDDE7013FE7E700BF7F
:10CE200004FC030826FC03082DE9F7430F46012103
:10CE300059EC108B1646FFF7D5FC044630B9024674
:10CE4000234B244840F20F31FDF75EFCC9F30A552D
:10CE5000C9F313030DB143F480130193B8F1000338
:10CE600023D068460093FFF784FDDDE90012D0B1BE
:10CE7000C0F1200302FA03F30B43C2406361019245
:10CE8000019BA361002B0CBF012202222261A5B1EC
:10CE9000A5F2334505443D60C0F1350030602046C1
:10CEA00003B0BDE8F0836161EAE701A8FFF761FD27
:10CEB000019B636120300122E8E704EB8203A0F2CA
:10CEC000324038601869FFF735FDC0EB4210E5E7E6
:10CED00004FC030826FC030810B50C46B1F90E103B
:10CEE00000F0B4F90028ABBF636DA3891B1823F4CD
:10CEF0008053ACBF6365A38110BD2DE9F0411F468F
:10CF00008B89DB0505460C46164605D5B1F90E1092
:10CF10000223002200F088F9A389B4F90E1023F44B
:10CF20008053A38132463B462846BDE8F04100F0DD
:10CF3000B3B910B50C46B1F90E1000F075F9431CE9
:10CF4000A38915BF606523F4805343F48053A38104
:10CF500018BFA38110BDB1F90E1000F0AFB92DE9D3
:10CF6000F041074614460D4621B9BDE8F04111468F
:10CF7000FDF7C2BE2AB9FFF7A5F825462846BDE849
:10CF8000F08100F0E3F98442064602D8B4EB500F7A
:10CF9000F4D821463846FDF7AFFE804608B945462D
:10CFA000ECE7B4422246294628BF3246FEF78EFA05
:10CFB00029463846FFF786F8F1E7F8B50E461446DD
:10CFC000054618B1036A0BB9FEF73AF9A369A360E5
:10CFD000A3891A0701D5236943B92146284600F0E1
:10CFE0002BF818B14FF0FF373846F8BD2368226997
:10CFF000981A6369F6B28342374605DC2146284613
:10D00000FFF7C8FB0028EDD1A368013BA3602368AC
:10D010005A1C22601E706269431C9A4204D0A38984
:10D02000DB07E1D50A2EDFD121462846FFF7B2FB08
:10D030000028D9D0D6E7000038B5294B0546186836
:10D040000C4618B1036A0BB9FEF7FAF8B4F90C30C4
:10D05000190722D4DA0607D409222A6043F04003D4
:10D06000A3814FF0FF3033E0580712D5616B41B117
:10D0700004F14403994202D02846FFF723F8002325
:10D080006363A38923F02403A381002363602369DE
:10D090002360A38943F00803A38123694BB9A389C3
:10D0A00003F42073B3F5007F03D02146284600F037
:10D0B0003FF8B4F90C3013F001020AD00022A2604C
:10D0C00062695242A261226942B913F08000C5D15F
:10D0D00038BD990758BF6269A260F4E70020F7E7FE
:10D0E0003400002470B50C46B1F90E10002996B03A
:10D0F00015461E460DDAA38913F0800F4FF000018C
:10D1000014BF40234FF48063002031602B6016B0C1
:10D1100070BD6A4600F0E2F80028ECDB019901F4EA
:10D120007041A1F50053594259414FF48063EBE738
:10D130008B89F7B59D0706460C4607D504F14703D2
:10D14000236023610123636103B0F0BD01AB6A4634
:10D15000FFF7C8FF009F054639463046FDF7CCFD76
:10D1600048B9B4F90C309A05EED423F0030343F028
:10D170000203A381E2E7A389206043F08003A38137
:10D18000019BC4E904075BB1B4F90E10304600F00E
:10D190003BF828B1A38923F0030343F00103A381E3
:10D1A000A3891D43A581CFE71F2938B505460C4645
:10D1B00004D9162303604FF0FF3038BDC26B12B1A3
:10D1C00052F821304BB9284600F064F82246014657
:10D1D0002846BDE8384000F04BB8012B0AD0591C56
:10D1E00003D1162303600120E7E7002142F8241051
:10D1F000204698470020E0E7024B01461868FFF7F9
:10D20000D3BF00BF3400002438B5064D00230446C8
:10D2100008462B60C5F716F8431C02D12B6803B1F2
:10D22000236038BD2490022438B5074D04460846D3
:10D23000114600222A601A46C5F70FF8431C02D196
:10D240002B6803B1236038BD2490022438B5074D04
:10D2500004460846114600222A601A46C4F79DFF7C
:10D26000431C02D12B6803B1236038BD24900224F3
:10D2700038B5074D00230446084611462B60C4F715
:10D2800071FF431C02D12B6803B1236038BD00BF7E
:10D2900024900224C4F75EBF38B5074D0446084603
:10D2A000114600222A601A46C4F794FF431C02D19B
:10D2B0002B6803B1236038BD2490022438B5064D95
:10D2C0000023044608462B60C4F7A0FF431C02D18C
:10D2D0002B6803B1236038BD2490022438B5074D74
:10D2E00000230446084611462B60C4F79BFF431CED
:10D2F00002D12B6803B1236038BD00BF2490022403
:10D3000070B5A1FB025434B92946FDF7F5FC064679
:10D3100028B9304670BD0C2202600026F9E72A4683
:10D320002146FEF72BF8F4E782B001B901A942B11A
:10D330004BB113780B601278101E18BF012002B099
:10D3400070471046FBE76FF00100F8E751F8043C26
:10D35000181F002BBCBF0B58C01870470346084667
:10D3600041B1FF2A04D98A221A604FF0FF3070477A
:10D370000A70012070470000F8B500BFF8BC08BC77
:10D380009E467047F8B500BFF8BC08BC9E46704783
:10D3900064656661756C745461736B006D79546972
:10D3A0006D657230320000000000000000000000D7
:10D3B000000000000000000000000000010000006C
:10D3C0000200000003000000040000000000000054
:10D3D0000500000000000000000000000000000048
:10D3E0000600000000000000000000000000000037
:10D3F0000700000049444C4500000000546D7220B5
:10D4000053766300546D72510000000057616974D7
:10D41000696E6720666F72207472616A6563746FEB
:10D42000727920776974682025642073746570733D
:10D430000000000057616974696E6720666F722092
:10D4400070617468207769746820256420706F6942
:10D450006E74730053504920436F6D6D616E64208C
:10D460004865616465722077726F6E673A20256443
:10D470002C2025642C2025642C202564000000002D
:10D4800062696C626F5F756172745F636F6D6D5F0F
:10D490007461736B0000000043616E6E6F742073E3
:10D4A0006574206D6F646520746F20256420776833
:10D4B000696C6520647269766520697320696E20E5
:10D4C0006572726F722073746174652E2054696383
:10D4D0006B3A202564000000536574206D6F64650D
:10D4E00020746F204449524543542E205469636B85
:10D4F0003A2025640000000043616E6E6F74207353
:10D500006574206D6F646520746F2056454C4F43E1
:10D510004954592066726F6D204F46462E20506C3C
:10D52000656173652073776974636820746F204246
:10D53000414C414E43494E47206F7220504F534952
:10D5400054494F4E2066697273742E205469636B80
:10D550003A2025640000000043616E6E6F742073F2
:10D560006574206D6F646520746F20504F5349546B
:10D57000494F4E2066726F6D204F46462E20506CEC
:10D58000656173652073776974636820746F2042E6
:10D59000414C414E43494E47206F722056454C4FF7
:10D5A000434954592066697273742E205469636B21
:10D5B0003A2025640000000050534920636F6E74C8
:10D5C000726F6C20656E61626C65642E20546963B5
:10D5D0006B3A20256400000050534920636F6E743D
:10D5E000726F6C2064697361626C65642E2054698B
:10D5F000636B3A202564000043616E6E6F74207384
:10D600007461727420706F736974696F6E207061D9
:10D610007468207768656E206E6F7420696E205084
:10D620004F534954494F4E206D6F64650000000010
:10D6300043616E6E6F74207475726E20746F206813
:10D64000656164696E67207768656E206E6F74200F
:10D65000696E20504F534954494F4E206D6F646599
:10D660000000000043616E6E6F74206D6F76652060
:10D67000746F20706F696E74207768656E206E6FAE
:10D680007420696E20504F534954494F4E206D6F9E
:10D6900064650000535049207061746820726563AE
:10D6A00065697665643A20256420706F696E7473CD
:10D6B00000000000504154482053544152543A2035
:10D6C0002564207074732C2025642073746F70732C
:10D6D0002C206D61785F73706565643D252E326620
:10D6E0002C206D61785F73706163696E673D252ED4
:10D6F00033662C20746F74616C5F6C656E3D252EF3
:10D7000032660000202053544F505B25645D203D5D
:10D7100020696E6465782025642028252E32662CC9
:10D7200020252E32662900005041544820454E44A1
:10D730003A2070726F673D252E31662F25642C20AC
:10D74000646973743D252E33662C20746F6C3D25FF
:10D750002E33662C206E6561723D25642C20765F29
:10D760007467743D252E32662C20765F636D643DB0
:10D77000252E326600000000504154482046494E94
:10D7800049534845443A2070726F67726573733D20
:10D79000252E31662C206C6173745F70745F646930
:10D7A00073743D252E33660053544F50205245412B
:10D7B000434845443A2073746F705B25645D20696B
:10D7C00064783D25642C2070726F67726573733DB9
:10D7D000252E31662C20646973743D252E33660036
:10D7E00053544F5020434F4D504C455445443A20DC
:10D7F00073746F705B25645D206964783D25642CCB
:10D80000206477656C6C3D252E3266730000000045
:10D810004F66660052657365740000005368757446
:10D82000646F776E00000000517569636B73746FED
:10D83000700000004669726D77617265000000003B
:10D8400050574D0046726565776865656C0000004D
:10D85000506F736974696F6E00000000506F7369D8
:10D8600074696F6E52616D700000000053706565E1
:10D8700064000000537065656452616D70000000C3
:10D8800053706565644C6F770000000053706565E8
:10D89000644C6F7752616D7000000000546F7271BC
:10D8A000756500004265657000000000486F6D6995
:10D8B0006E670000436F6767696E6700556E6B6E39
:10D8C0006F776E0064726976650000004472697655
:10D8D0006520726573657420726571756573746512
:10D8E0006420627574206E6F7420696E2065727298
:10D8F0006F72207374617465000000004472697671
:10D9000065207265736574207375636365737366F0
:10D91000756C20287469636B20256C7529000000E4
:10D920004472697665207265736574206661696CFE
:10D930006564202874696D656F7574206F72206D41
:10D940006F746F722072657374617274206661699E
:10D950006C656429000000004D6F746F72206C6567
:10D960006674206D6F6465206368616E6765643AF4
:10D97000202573202D3E2025730000004D6F746F0D
:10D9800072207269676874206D6F646520636861D6
:10D990006E6765643A202573202D3E2025730000B4
:10D9A0005253343835206D6F746F7220636F6D6D14
:10D9B000206661696C656420256420636F6E736501
:10D9C0006375746976652074696D65730000000085
:10D9D000447269766520726573657420617474653C
:10D9E0006D7074202564206661696C656420284C24
:10D9F0003D256420523D256429000000447269766B
:10DA000065207265736574206661696C6564206168
:10DA100066746572203320617474656D7074730070
:10DA2000657374696D6174696F6E00000B2000018D
:10DA30000A200800040101006669726D7761726551
:10DA400000000000636F6E74726F6C0001000000D4
:10DA50000000003F140000004669726D7761726536
:10DA60002073746174653A2025642C205469636BBB
:10DA70003A202564000000004C6F6F702074696DBF
:10DA800065206578636565646564202564206D7331
:10DA90002E2053687574646F776E00004572726F44
:10DAA0007220647572696E6720696E697469616C51
:10DAB000697A6174696F6E004572726F7220647565
:10DAC00072696E67207374617274696E670000001A
:10DAD0000303030000060600050005007361666588
:10DAE000747900004D617820776865656C207370EB
:10DAF0006565642064657465637465642E20456D96
:10DB0000657267656E63792053746F702E00000034
:10DB10004D616E75616C2053746F70005365717543
:10DB2000656E636520256420697320637572726574
:10DB30006E746C792072756E6E696E672E2043610B
:10DB40006E6E6F742073746172742061206E6577DD
:10DB50002073657175656E636500000043616E6ECC
:10DB60006F742073746172742073657175656E6370
:10DB7000652025642E204E6F74207265636569767A
:10DB80006564000043616E6E6F742073746172741B
:10DB90002073657175656E63652025642E204F7452
:10DBA0006865722073657175656E6365206C6F6161
:10DBB0006465643A2025640043616E6E6F7420735F
:10DBC000746172742073657175656E636520256478
:10DBD0002E2057726F6E6720636F6E74726F6C20A9
:10DBE0006D6F64653A2025642028526571756972ED
:10DBF00065643A2025642900517565756564207354
:10DC000074617274206F662073657175656E6365EB
:10DC1000202564206174207469636B20256C752055
:10DC20002877696C6C207374617274206F6E203178
:10DC30003020487A206772696429000043616E6E63
:10DC40006F742073746172742073657175656E638F
:10DC5000652025642E2053657175656E63652064AB
:10DC6000617461206E6F74206C6F61646564000084
:10DC700053746172742053657175656E63652025F8
:10DC8000642077697468206C656E67746820256409
:10DC90002028616C69676E656420737461727420FA
:10DCA0006174207469636B20256C75290000000085
:10DCB00053657175656E6365202564206861732006
:10DCC0006265656E2061626F7274656400000000B9
:10DCD00053657175656E63652025642066696E699C
:10DCE00073686564000000004C6F616420736571A7
:10DCF00075656E63652025642077697468206C659E
:10DD00006E6774682025640053657175656E636580
:10DD10002025642063757272656E746C792072754B
:10DD20006E6E696E672E2043616E6E6F74206C6F2D
:10DD30006164206E65772073657175656E6365003B
:10DD400053657175656E6365206E656564732061EA
:10DD50006E206964656E74696669657220213D2074
:10DD60003000000053657175656E63652025642081
:10DD7000746F6F206C6F6E673A2025642073616D3D
:10DD8000706C657320282564206D6178290000007F
:10DD900053657175656E6365207769746820636F7C
:10DDA0006E74726F6C206D6F6465202564206973DA
:10DDB000206E6F742079657420737570706F727443
:10DDC0006564000000000000010000000000000089
:10DDD00001000000526563656976656420736571B2
:10DDE00075656E6365206F66206C656E677468206C
:10DDF00025642C2062757420646964206E6F742021
:10DE00007761697420666F72206F6E652E00000066
:10DE100053657175656E63652025642068617320A4
:10DE2000616C7265616479206265656E206C6F61FA
:10DE30006465640043414E5F5461736B00000000F1
:10DE40005461736B4D6F646275734D617374657269
:10DE5000000000004D6F64427573537068720000DB
:10DE60007854696D657254696D656F757400000052
:10DE700054696D6572543335000000005473203EC0
:10DE800020300000737461746963207671665F727C
:10DE900065616C5F742042617369635651463A3A1A
:10DEA0006761696E46726F6D546175287671665F41
:10DEB0007265616C5F742C207671665F7265616C4F
:10DEC0005F7429002F55736572732F6C65686D61DF
:10DED0006E6E2F53656166696C652F776F726B2F5D
:10DEE00070726F6A656374732F62696C626F6C61C4
:10DEF000622F6C69627261726965732F736F6674E9
:10DF0000776172652F6370702F73746D33322F7366
:10DF1000746D33325F636F72655F6370705F6C69DD
:10DF2000622F657374696D6174696F6E2F626173BE
:10DF300069637671662E63707000000074617520ED
:10DF40003E20300073746174696320766F696420C9
:10DF500042617369635651463A3A66696C746572F8
:10DF6000436F65666673287671665F7265616C5F84
:10DF7000742C207671665F7265616C5F742C20640E
:10DF80006F75626C652A2C20646F75626C652A2936
:10DF9000000000004E3E3D320000000073746174CA
:10DFA000696320766F6964204261736963565146E4
:10DFB0003A3A66696C74657256656328636F6E736E
:10DFC00074207671665F7265616C5F742A2C2073B1
:10DFD000697A655F742C207671665F7265616C5F2B
:10DFE000742C207671665F7265616C5F742C20639F
:10DFF0006F6E737420646F75626C652A2C20636F7A
:10E000006E737420646F75626C652A2C20646F7562
:10E01000626C652A2C207671665F7265616C5F7434
:10E020002A290000636F656666732E6779725473E0
:10E03000203E203000000000766F6964204261734A
:10E0400069635651463A3A73657475702829000021
:10E05000636F656666732E6163635473203E203080
:10E0600000000000636F656666732E6D6167547310
:10E07000203E20300000000090D303080000000084
:10E08000000000000000000000000000000200008E
:10E090001800000000000000000000009CD30308EE
:10E0A0000000000000000000000000000000000070
:10E0B0000102030401020304060708090006101602
:10E0C000000610160001020304050607080C1014D0
:10E0D00018203040010002000400060008000A0079
:10E0E0000C0010002000400080000001010101032D
:10E0F00007010000080402040801010100000000FB
:10E1000000000000597801089D7101081D72010886
:10E1100081780108CB710108F97201085372010876
:10E12000A37201080000000000000000E165010882
:10E1300005660108B9780108000000000000000031
:10E14000FD630108116401080000000000000000E8
:10E1500000000000000000000000000000000000BF
:10E1600000000000FD6301081164010800000000C8
:10E170000000000057640108716401088B64010805
:10E18000BD640108F16401080B65010829650108F7
:10E19000436501080000000000000000276401083A
:10E1A000116401080000000000000000FD63010888
:10E1B0001164010880D40308000000000000000082
:10E1C000000000000000000000080000180000002F
:10E1D000000000000000000000000000000000003F
:10E1E000198B0108B9950108DD95010800000000B0
:10E1F00000000000FB95010879960108000000006E
:10E200000000000005800108198001082F80010826
:10E210000000000000000000AD7F0108C57F01087C
:10E220000000000000000000E1A7010805A80108A7
:10E2300045BD01080000000000000000FD6301086A
:10E24000116401080000000000000000FD630108E7
:10E25000116401080000000000000000D5F0010872
:10E26000F9F0010861010208000000000000000050
:10E27000FD630108116401080000000000000000B7
:10E28000FD63010811640108C4D803080000000000
:10E29000000000000000000000000000401F00001F
:10E2A0001800000000000000000000000000000056
:10E2B00000000000290902084D0902087511020832
:10E2C000000000000000000000000000000000004E
:10E2D000000000000000000000000000000000003E
:10E2E000000000000000000000000000000000002E
:10E2F000000000000000000000000000BB11020848
:10E30000CF110208E5110208FB110208000000000D
:10E3100000000000AD1C0208D11C020867130208AF
:10E32000A5130208C7130208311402086114020879
:10E33000F11402080915020861150208891602087D
:10E34000B1160208D51602087D1B0208E91802085A
:10E350001D1B0208431B0208000000000000000013
:10E36000591D02087D1D0208711F020820DA0308EA
:10E37000000000000000000000000000000000009D
:10E380000014000018000000000000000000000061
:10E3900038DA030800000000000000000000000060
:10E3A00000000000007D00001800000000000000D8
:10E3B0000000000044DA0308000000000000000034
:10E3C0000000000000000000803E00001800000077
:10E3D000000000000000000000000000000000003D
:10E3E000B5C00208CBC00208ED440208E1C0020833
:10E3F0006FC10208B7C1020805C202080000000090
:10E4000000000000FD630108116401080000000025
:10E41000000000001FC2020835C20208ED440208D5
:10E420004BC20208CDC2020815C3020863C302082A
:10E430000000000000000000FD63010811640108F5
:10E4400000000000000000007DC3020893C3020822
:10E45000ED440208A9C302083DC4020885C40208AD
:10E46000D3C402080000000000000000FD630108A2
:10E47000116401080000000000000000EDC4020863
:10E4800003C50208ED44020819C502081B4502082D
:10E490006FC50208BBC502080000000000000000B4
:10E4A000FD63010811640108000000000000000085
:10E4B000D3C50208E9C50208ED440208FFC50208F9
:10E4C0001B45020855C60208A3C60208000000004A
:10E4D00000000000FD630108116401080000000055
:10E4E00000000000BDC60208D3C60208ED440208C1
:10E4F000E9C602081B4502083FC702088BC702088D
:10E500000000000000000000FD6301081164010824
:10E510000000000000000000A3C70208B9C70208FD
:10E52000ED440208CFC7020851C8020899C8020882
:10E53000E7C802080000000000000000FD630108B9
:10E5400011640108000000000000000001C9020879
:10E5500017C90208ED4402082DC90208B9C902080A
:10E56000FFC902084BCA02080000000000000000BA
:10E57000FD630108116401080000000000000000B4
:10E5800063CA020879CA0208ED4402088FCA020869
:10E590001B450208E5CA020833CB02080000000050
:10E5A00000000000FD630108116401080000000084
:10E5B000000000004DCB020863CB0208ED440208C6
:10E5C00079CB02080DCC020855CC0208A3CC020876
:10E5D0000000000000000000FD6301081164010854
:10E5E0000000000000000000BDCC0208D3CC0208EF
:10E5F000ED440208E9CC020843CD02083145020887
:10E6000089CD02080000000000000000FD63010841
:10E61000116401080000000000000000A1CD020804
:10E62000B7CD0208ED440208CDCD020843CE020862
:10E63000314502088BCE02080000000000000000F7
:10E64000FD630108116401080000000000000000E3
:10E65000A5CE0208BBCE0208ED440208D1CE0208C6
:10E660001B45020827CF020875CF020800000000F2
:10E6700000000000FD6301081164010800000000B3
:10E68000000000008FCF0208A5CF0208ED44020869
:10E69000BBCF020811D002083145020857D002084A
:10E6A0000000000000000000FD6301081164010883
:10E6B00000000000000000006FD0020885D00208B2
:10E6C000ED4402089BD002081B450208F1D0020865
:10E6D0003DD102080000000000000000FD630108B9
:10E6E00011640108000000000000000055D102087C
:10E6F0006BD10208ED44020881D10208D7D102088B
:10E70000314502081DD20208000000000000000090
:10E71000FD63010811640108000000000000000012
:10E7200035D202084BD20208ED44020861D2020839
:10E730001B450208B7D2020803D3020800000000FC
:10E7400000000000FD6301081164010800000000E2
:10E75000000000001BD3020831D30208ED44020878
:10E7600047D302089DD3020831450208E3D30208CB
:10E770000000000000000000FD63010811640108B2
:10E780000000000000000000FBD3020811D40208C2
:10E79000ED44020827D402081B4502087DD4020874
:10E7A000C9D402080000000000000000FD63010859
:10E7B000116401080000000000000000E1D402081C
:10E7C000F7D40208ED4402080DD502087BD50208F3
:10E7D00031450208C1D50208000000000000000019
:10E7E000FD63010811640108000000000000000042
:10E7F000D9D50208EFD50208ED44020805D6020873
:10E8000083D60208C9D6020815D702080000000006
:10E8100000000000FD630108116401080000000011
:10E82000000000002DD7020843D70208ED4402087B
:10E8300059D702081B450208AFD70208FBD70208C8
:10E840000000000000000000FD63010811640108E1
:10E85000000000000000000013D8020829D80208B8
:10E86000ED4402083FD80208CFD8020815D90208A3
:10E8700061D902080000000000000000FD630108EB
:10E8800011640108000000000000000079D90208AE
:10E890008FD90208ED440208A5D9020833DA02082C
:10E8A0007BDA0208C9DA020800000000000000005C
:10E8B000FD63010811640108000000000000000071
:10E8C000E3DA0208F9DA0208ED4402080FDB020875
:10E8D0008DDB0208D3DB02081FDC02080000000009
:10E8E00000000000FD630108116401080000000041
:10E8F0000000000037DC02084DDC0208ED4402088D
:10E9000063DC0208E9DC02082FDD02087BDD020877
:10E910000000000000000000FD6301081164010810
:10E92000000000000000000093DD0208A9DD0208DD
:10E93000ED440208BFDD02084DDE020895DE020844
:10E94000E3DE02080000000000000000FD63010893
:10E95000116401080000000000000000FDDE020854
:10E9600013DF0208ED44020829DF0208B7DF0208BE
:10E97000FFDF02084DE00208000000000000000078
:10E98000FD630108116401080000000000000000A0
:10E9900067E002087DE00208ED44020893E0020807
:10E9A0002FE1020877E10208C5E10208000000003B
:10E9B00000000000FD630108116401080000000070
:10E9C00000000000DFE10208F5E10208ED44020862
:10E9D0000BE20208A7E20208EFE202083DE30208A8
:10E9E0000000000000000000FD6301081164010840
:10E9F000000000000000000057E302086DE3020879
:10EA0000ED44020883E3020809E402084FE4020827
:10EA10009BE402080000000000000000FD63010804
:10EA2000116401080000000000000000B3E40208C7
:10EA3000C9E40208ED440208E1E402081B450208AB
:10EA40001DE5020865E50208000000000000000066
:10EA5000FD630108116401080000000000000000CF
:10EA60007FE5020895E50208ED440208ABE50208DF
:10EA700037E602087DE60208C9E602080000000049
:10EA800000000000FD63010811640108000000009F
:10EA900000000000E1E60208F7E60208ED44020883
:10EAA0000DE7020899E70208DFE702082BE80208F1
:10EAB0000000000000000000FD630108116401086F
:10EAC000000000000000000043E8020859E80208C6
:10EAD000ED4402086FE80208EFE8020837E902088F
:10EAE00085E902080000000000000000FD63010845
:10EAF0001164010800000000000000009FE9020806
:10EB0000B5E90208ED440208CBE9020849EA020827
:10EB10008FEA0208DBEA02080000000000000000A3
:10EB2000FD630108116401080000000000000000FE
:10EB3000F3EA020809EB0208ED4402081FEB0208A1
:10EB40001B45020875EB0208C1EB0208000000003B
:10EB500000000000FD6301081164010800000000CE
:10EB600000000000D9EB0208EFEB0208ED440208B8
:10EB700005EC02081B4502085BEC0208A7EC020842
:10EB80000000000000000000FD630108116401089E
:10EB90000000000000000000BFEC0208D5EC0208F5
:10EBA000ED440208EBEC020867ED0208ADED020847
:10EBB000F9ED02080000000000000000FD630108FC
:10EBC00011640108000000000000000011EE0208BE
:10EBD00027EE0208ED4402083DEE0208D1EE0208DD
:10EBE0003145020819EF0208000000000000000093
:10EBF000FD6301081164010800000000000000002E
:10EC000033EF020849EF0208ED4402085FEF020803
:10EC1000C9EF0208314502080FF0020800000000A9
:10EC200000000000FD6301081164010800000000FD
:10EC30000000000027F002083DF00208ED44020841
:10EC400053F00208ABF0020831450208F1F0020867
:10EC50000000000000000000FD63010811640108CD
:10EC6000000000000000000009F102081FF1020886
:10EC7000ED44020835F102081B4502088BF1020839
:10EC8000D7F102080000000000000000FD63010849
:10EC9000116401080000000000000000EFF102080C
:10ECA00005F20208ED4402081BF202081B450208A7
:10ECB00071F20208BDF2020800000000000000002E
:10ECC000FD6301081164010800000000000000005D
:10ECD000D5F20208EBF20208ED44020801F3020843
:10ECE0001B45020857F30208A3F3020800000000C6
:10ECF00000000000FD63010811640108000000002D
:10ED000000000000BBF30208D1F30208ED44020842
:10ED1000E7F302081B4502083DF4020889F40208E3
:10ED20000000000000000000FD63010811640108FC
:10ED300000000000000000001F46020835460208DF
:10ED4000D9450208F34502081B450208314502086F
:10ED50004B4602080000000000000000C144020809
:10ED6000D7440208ED440208014502081B45020889
:10ED70003145020849450208DCDA030800000000BA
:10ED80000000000000000000000000000010000073
:10ED9000180000000000000000000000000000005B
:10EDA000000000009D1F0308C11F0308092A030873
:10EDB0000000000000000000FD630108116401086C
:10EDC00040DE03080000000000000000000000001A
:10EDD0000000000010100000120000000000000001
:10EDE0000000000054DE03080000000000000000E6
:10EDF000000000000102030405060F1000000000DF
:10EE0000000000000000F03F748515D3B0D9EF3F3B
:10EE10000F89F96C58B5EF3F515B12D00193EF3F6A
:10EE20007B517D3CB872EF3FAAB968318754EF3F00
:10EE30003862756E7A38EF3FE1DE1FF59D1EEF3FB9
:10EE400015B7310AFE06EF3FCBA93A37A7F1EE3FDF
:10EE50002234124CA6DEEE3F2D89616008CEEE3FD3
:10EE6000272A36D5DABFEE3F824F9D562BB4EE3FB0
:10EE7000295448DD07ABEE3F85553AB07EA4EE3FFE
:10EE8000CD3B7F669EA0EE3F745FECE8759FEE3F42
:10EE90008701EB7314A1EE3F13CE4C9989A5EE3F89
:10EEA000DBA02A42E5ACEE3FE5C5CDB037B7EE3F7B
:10EEB00090F0A38291C4EE3F5D253EB203D5EE3FB4
:10EEC000ADD35A999FE8EE3F475EFBF276FFEE3FE7
:10EED0009C5285DD9B19EF3F6990EFDC2037EF3FB7
:10EEE00087A4FBDC1858EF3F5F9B7B33977CEF3F99
:10EEF000DA90A4A2AFA4EF3F40456E5B76D0EF3F1F
:10EF0000000000000000E8429423914BF86AAC3FF7
:10EF1000F3C4FA50CEBFCE3FD6520CFF422EE63F8E
:10EF20000000000000003843FE822B654715474073
:10EF30009423914BF86ABC3EF3C4FA50CEBF2E3FE7
:10EF4000D6520CFF422E963FFE822B654715674036
:10EF500000000000000038430000FAFE422E76BF99
:10EF60003A3B9EBC9AF70CBDBDFDFFFFFFFFDF3FA4
:10EF70003C5455555555C53F912B17CF5555A53F79
:10EF800017D0A4671111813F000000000000C842A3
:10EF9000EF39FAFE422EE63F24C482FFBDBFCE3FCA
:10EFA000B5F40CD7086BAC3FCC5046D2ABB2833F24
:10EFB000843A4E9BE0D7553F00000000000000005F
:10EFC000000000000000F03F6EBF881A4F3B9B3CE2
:10EFD0003533FBA93DF6EF3F5DDCD89C136071BC77
:10EFE0006180773E9AECEF3FD16687107A5E90BCE5
:10EFF000857F6EE815E3EF3F13F6673552D28C3C00
:10F00000748515D3B0D9EF3FFA8EF92380CE8BBC2F
:10F01000DEF6DD296BD0EF3F61C8E6614EF7603C5C
:10F02000C89B751845C7EF3F99D3335BE4A3903C69
:10F0300083F3C6CA3EBEEF3F6D7B835DA69A973CC5
:10F040000F89F96C58B5EF3FFCEFFD921AB58E3C75
:10F05000F747722B92ACEF3FD19C2F703DBE3E3CE8
:10F06000A2D1D332ECA3EF3F0B6E908934036ABC7C
:10F070001BD3FEAF669BEF3F0EBD2F2A525695BCA9
:10F08000515B12D00193EF3F55EA4E8CEF8050BC9C
:10F09000CC316CC0BD8AEF3F16F4D5B923C991BC01
:10F0A000E02DA9AE9A82EF3FAF555CE9E3D3803CF7
:10F0B000518EA5C8987AEF3F4893A5EA151B80BCEE
:10F0C0007B517D3CB872EF3F3D32DE55F01F8FBC67
:10F0D000EA8D8C38F96AEF3FBF53133F8C898B3C24
:10F0E00075CB6FEB5B63EF3F26EB11769CD996BC3B
:10F0F000D45C0484E05BEF3F602F3A3EF7EC9A3C2F
:10F10000AAB968318754EF3F9D3886CB82E78FBC20
:10F110001DD9FC22504DEF3F8DC3A644416F8A3C60
:10F12000D68C62883B46EF3F7D04E4B0057A803C94
:10F1300096DC7D91493FEF3F94A8A8E3FD8E963C75
:10F140003862756E7A38EF3F7D4874F2185E873CFE
:10F150003FA6B24FCE31EF3FF2E71F982B47803CDE
:10F16000DD7CE265452BEF3F5E08713F7BB896BCC6
:10F170008163F5E1DF24EF3F31AB096DE1F7823CBC
:10F18000E1DE1FF59D1EEF3FFABF6F1A9B213DBCCC
:10F1900090D9DAD07F18EF3FB40A0C7282378B3CDB
:10F1A0000B03E4A68512EF3F8FCBCE8992146E3C01
:10F1B000562F3EA9AF0CEF3FB6ABB04D754D833C1B
:10F1C00015B7310AFE06EF3F4C74ACE20142863CB3
:10F1D00031D84CFC7001EF3F4AF8D35D39DD8F3CEC
:10F1E000FF1664B208FCEE3F045B8E3B80A386BC36
:10F1F000F19F925FC5F6EE3F68504BCCED4A92BC52
:10F20000CBA93A37A7F1EE3F8E2D511BF80799BCD9
:10F2100066D8056DAEECEE3FD236943EE8D171BCB7
:10F22000F79FE534DBE7EE3F151BCEB3191999BC08
:10F23000E5A813C32DE3EE3F6D4C2AA7489F853CFC
:10F240002234124CA6DEEE3F8A69287A601293BC03
:10F250001C80AC0445DAEE3F5B8917488FA758BC89
:10F260002A2EF7210AD6EE3F1B9A49679B2C7CBCBD
:10F2700097A850D9F5D1EE3F11ACC260ED63433C85
:10F280002D89616008CEEE3FEF64063B0966963C2F
:10F2900057001DED41CAEE3F7903A1DAE1CC6E3C87
:10F2A000D03CC1B5A2C6EE3F30120F3F8EFF933C5B
:10F2B000DED3D7F02AC3EE3FB0AF7ABBCE90763C18
:10F2C000272A36D5DABFEE3F77E054EBBD1D933CDD
:10F2D0000DDDFD99B2BCEE3F8EA3710034948FBC5E
:10F2E000A72C9D76B2B9EE3F49A393DCCCDE87BC58
:10F2F0004266CFA2DAB6EE3F5F380FBDC6DE78BCFD
:10F30000824F9D562BB4EE3FF65C7BEC461286BCDA
:10F310000F925DCAA4B1EE3F8ED7FD180535933C20
:10F32000DA27B53647AFEE3F059B8A2FB7987B3C6F
:10F33000FDC797D412ADEE3F09541CE2E163903C47
:10F34000295448DD07ABEE3FEAC6195085C7343C67
:10F35000B746598A26A9EE3F35C0642BE632943C65
:10F360004821AD156FA7EE3F9F7699614AE48CBCAA
:10F3700009DC76B9E1A5EE3FA84DEF3BC5338CBC67
:10F3800085553AB07EA4EE3FAEE92B89785384BC14
:10F3900020C3CC3446A3EE3F58585678DDCE93BCFC
:10F3A0002522558238A2EE3F64197E80AA10573C70
:10F3B00073A94CD455A1EE3F28225EBFEFB393BC96
:10F3C000CD3B7F669EA0EE3F82B93487AD126ABC0A
:10F3D000BFDA0B7512A0EE3FEEA96DB8EF6763BC04
:10F3E0002F1A653CB29FEE3F5188E0543DDC80BC53
:10F3F000849451F97D9FEE3FCF3E5A7E641F78BCC6
:10F40000745FECE8759FEE3FB07D8BC04AEE86BC22
:10F410007481A5489A9FEE3F8AE6551E321986BC34
:10F42000C9674256EB9FEE3FD3D4095ECB9C903C1C
:10F430003F5DDE4F69A0EE3F1DA54DB9DC327BBCC0
:10F440008701EB7314A1EE3F6BC06754FDEC943C55
:10F4500032C13001EDA1EE3F556CD6ABE1EB653C1E
:10F46000624ECF36F3A2EE3F42CFB32FC5A188BC88
:10F47000121A3E5427A4EE3F34373BF1B66993BCD1
:10F4800013CE4C9989A5EE3F1EFF193A845E80BCCD
:10F49000ADC723461AA7EE3F6E5772D850D494BC1E
:10F4A000ED92449BD9A8EE3F008A0E5B67AD903C7D
:10F4B00099668AD9C7AAEE3FB4EAF0C12FB78D3C4E
:10F4C000DBA02A42E5ACEE3FFFE7C59C60B665BC19
:10F4D0008C44B51632AFEE3F445FF35983F67B3C64
:10F4E00036771599AEB1EE3F833D1EA71F0993BC39
:10F4F000C6FF910B5BB4EE3F291E6C8BB8A95DBCB7
:10F50000E5C5CDB037B7EE3F59B9907CF9236CBC57
:10F510000F52C8CB44BAEE3FAAF9F422434392BC3F
:10F52000504EDE9F82BDEE3F4B8E66D76CCA85BCC7
:10F53000BA07CA70F1C0EE3F27CE912BFCAF713CE9
:10F5400090F0A38291C4EE3FBB730AE135D26D3CCB
:10F550002323E31963C8EE3F6322622204C587BCFC
:10F5600065E55D7B66CCEE3FD531E2E3861C8B3CE6
:10F57000332D4AEC9BD0EE3F15BBBCD3D1BB91BC25
:10F580005D253EB203D5EE3FD231EE9C31CC903CAE
:10F5900058B330139ED9EE3FB35A736E8469843CDE
:10F5A000BFFD79556BDEEE3FB49D8E97CDDF82BCFB
:10F5B0007AF3D3BF6BE3EE3F8733CB92771A8C3C61
:10F5C000ADD35A999FE8EE3FFAD9D14A8F7B90BCD0
:10F5D00066B68D2907EEEE3FBAAEDC56D9C355BCF0
:10F5E000FB154FB8A2F3EE3F40F6A63D0EA490BC2B
:10F5F0003A59E58D72F9EE3F3493AD38F4D668BCD4
:10F60000475EFBF276FFEE3F358A586BE2EE91BC27
:10F610004A06A130B005EF3FCDDD5F0AD7FF743C4D
:10F62000D2C14B901E0CEF3FAC9892FAFBBD91BC3F
:10F63000091ED75BC212EF3FB30CAF30AE6E733C06
:10F640009C5285DD9B19EF3F94FD9F5C32E38E3C1D
:10F650007AD0FF5FAB20EF3FAC5909D18FE0843CFB
:10F660004BD1572EF127EF3F671A4E38AFCD633C91
:10F67000B5E706946D2FEF3F6819926C2C6B673CD1
:10F680006990EFDC2037EF3FD2B5CC83188A80BC7D
:10F69000FAC35D550B3FEF3F6FFAFF3F5DAD8FBC87
:10F6A0007C89074A2D47EF3F49A97538AE0D90BCBC
:10F6B000F2890D08874FEF3FA7073DA685A3743C4D
:10F6C00087A4FBDC1858EF3F0F2240209E9182BC9C
:10F6D0009883C916E360EF3FAC92C1D5505A8E3C77
:10F6E0008532DB03E669EF3F4B6B01AC593A843C52
:10F6F00060B401F32173EF3F1F3EB40721D582BCF4
:10F700005F9B7B33977CEF3FC90D473BB92A89BC90
:10F7100029A1F5144686EF3FD3883A6004B6743CBD
:10F72000F63F8BE72E90EF3F71729D51ECC5833C05
:10F73000834CC7FB519AEF3FF091D38F12F78FBCE8
:10F74000DA90A4A2AFA4EF3F7D7423E298AE8DBC03
:10F75000F1678E2D48AFEF3F0820AA41BCC38E3C15
:10F76000275A61EE1BBAEF3F32EBA9C3942B843CBE
:10F7700097BA6B372BC5EF3FEE85D131A9648A3C30
:10F7800040456E5B76D0EF3FEDE33BE4BA378EBC8D
:10F7900014BE9CADFDDBEF3F9DCD914D3B89773C89
:10F7A000D8909E81C1E7EF3F89CC6041C105533CB1
:10F7B000F1718F2BC2F3EF3FA2000000F9A200000D
:10F7C00083F9A2006E83F9A24E6E83F9444E6E83D4
:10F7D00015444E6E2915444EFC29154427FC291565
:10F7E0005727FC29D15727FCF5D1572734F5D15796
:10F7F000DD34F5D1C0DD34F5DBC0DD3462DBC0DDE6
:10F800009562DBC0999562DB3C999562433C999582
:10F8100090433C994190433C000000000000F03FC1
:10F82000000000000000F0BF000000000000F0BF7A
:10F83000000000000000F03F83C8C96D305F6441E4
:10F84000182D4454FB21F93F000000000000F03F58
:10F850001C620CFDFFFFDFBF198F06E15355A53F6A
:10F860009D359AE887C056BFC3F87B024393F93EA3
:10F8700003A695595455C5BFC40B23057610813F87
:10F8800024CF7437EB9429BF000000000000F03F44
:10F89000000000000000F0BF000000000000F0BF0A
:10F8A000000000000000F03F83C8C96D305F644174
:10F8B000182D4454FB21F93F000000000000F0BF68
:10F8C0001C620CFDFFFFDF3F198F06E15355A5BFFA
:10F8D0009D359AE887C0563FC3F87B024393F9BE33
:10F8E00003A695595455C5BFC40B23057610813F17
:10F8F00024CF7437EB9429BF6042A20D0000004072
:10F900000000803F00000080DB0F4940DB0F49C052
:10F91000DB0F49BFE4CB1640E4CB16C0FB21F93F17
:10F92000FB2109407CD91240FB2119407A6A1F4013
:10F930007CD92240BBFD2540FB2129403A462C4082
:10F940007A6A2F405C4731407CD932409C6B34400E
:10F95000BBFD3540DB8F3740FB2139401BB43A40BB
:10F960003A463C405AD83D407A6A3F404C7E40403F
:10F970005C4741406C1042407CD942408CA24340DD
:10F980009C6B4440AC344540BBFD4540CBC6464033
:10F99000DB8F4740EB584840FB21494083F9A200E8
:10F9A000444E6E00FC291500D1572700DD34F500C8
:10F9B00062DBC0003C999500419043006351FE001A
:10F9C000BBDEAB00B761C5003A6E2400D24D4200E9
:10F9D0004906E00009EA2E001C92D100EB1DFE0052
:10F9E00029B11C00E83EA700F535820044BB2E007B
:10F9F0009CE98400B4267000417E5F00D6913900F6
:10FA0000538339009CF439008B5F840028F9BD00D2
:10FA1000F81F3B00DEFF97000F980500112FEF0045
:10FA20000A5A8B006D1F6D00CF7E360009CB270070
:10FA3000464FB7009E663F002DEA5F00BA2775006B
:10FA4000E5EBC7003D7BF100F739070092528A00D1
:10FA5000FB6BEA001FB15F00085D8D0030035600AC
:10FA60007BFC4600F0AB6B0020BCCF0036F49A0064
:10FA7000E3A91D005E619100081BE6008599650001
:10FA8000A0145F008D40680080D8FF0027734D00F0
:10FA900006063100CA561500C9A873007BE2600053
:10FAA0006B8CC0000000000000000040FB21F93F0B
:10FAB000000000002D44743E000000809846F83C91
:10FAC0000000006051CC783B00000080831BF039BF
:10FAD0000000004020257A38000000802282E336B2
:10FAE000000000001DF36935020000000300000063
:10FAF00004000000060000006937AC3168212233A1
:10FB0000B40F14336821A2333863ED3EDA0F493F56
:10FB10005E987B3FDA0FC93F2C2066756E6374696F
:10FB20006F6E3A2000617373657274696F6E202284
:10FB3000257322206661696C65643A2066696C658C
:10FB400020222573222C206C696E65202564257384
:10FB500025730A00494E4600696E66004E414E000C
:10FB60006E616E003000303132333435363738391B
:10FB7000414243444546003031323334353637381C
:10FB80003961626364656600496E66696E6974799D
:10FB9000004E614E005245454E54206D616C6C6FB5
:10FBA0006320737563636565646564002F627569BE
:10FBB0006C642F676E752D746F6F6C732D666F722A
:10FBC0002D73746D33325F31332E332E72656C3189
:10FBD0002E32303235303532332D303930302F73CC
:10FBE00072632F6E65776C69622F6E65776C6962E0
:10FBF0002F6C6962632F7374646C69622F64746F15
:10FC0000612E630042616C6C6F6320737563636582
:10FC10006564656400232D302B2000686C4C006502
:10FC20006667454647002F6275696C642F676E757D
:10FC30002D746F6F6C732D666F722D73746D33320C
:10FC40005F31332E332E72656C312E3230323530C7
:10FC50003532332D303930302F7372632F6E657724
:10FC60006C69622F6E65776C69622F6C6962632FB5
:10FC70007374646C69622F6D707265632E630043E8
:10FC800000504F534958002E0000000005000000AE
:10FC9000190000007D0000000080E03779C3414377
:10FCA000176E05B5B5B89346F5F93FE9034F384DE2
:10FCB000321D30F94877825A3CBF737FDD4F15758E
:10FCC000000000000000F03F0000000000002440A1
:10FCD00000000000000059400000000000408F407C
:10FCE000000000000088C34000000000006AF840E7
:10FCF0000000000080842E4100000000D01263410B
:10FD00000000000084D797410000000065CDCD4180
:10FD1000000000205FA00242000000E87648374261
:10FD2000000000A2941A6D42000040E59C30A242FF
:10FD30000000901EC4BCD64200003426F56B0C4374
:10FD40000080E03779C3414300A0D885573476431B
:10FD500000C84E676DC1AB43003D9160E458E1437C
:10FD6000408CB5781DAF154450EFE2D6E41A4B44F1
:10FD700092D54D06CFF08044F64AE1C7022DB54436
:10FD8000B49DD9794378EA44002020202020202007
:10FD9000202028282828282020202020202020203B
:10FDA000202020202020202020881010101010104B
:10FDB0001010101010101010100404040404040497
:10FDC0000404041010101010101041414141414131
:10FDD0000101010101010101010101010101010113
:10FDE0000101010110101010101042424242424223
:10FDF00002020202020202020202020202020202E3
:10FE0000020202021010101020000000000000008A
:10FE100000000000000000000000000000000000E2
:10FE200000000000000000000000000000000000D2
:10FE300000000000000000000000000000000000C2
:10FE400000000000000000000000000000000000B2
:10FE500000000000000000000000000000000000A2
:10FE60000000000000000000000000000000000092
:10FE70000000000000000000000000000000000082
:10FE80000000000000000000000000005404FC7F9F
:10FE900001000000C5020008FF78010891960108E2
:10FEA000AD4402084F190308BD190308591E030881
:10FEB0008D340308F15003080D8A0308A1020008DD
:10FEC000B74402080090D0030090D0031000000057
:10FED00001000000AAAAAAAA020101010101000072
:10FEE000020101010000000001010000000000000B
:10FEF00003000000E48E022438000024000000000B
:10FF0000E48E02244C8F0224B48F022400000000EF
:10FF100000000000000000000000000000000000E1
:10FF200000000000000000000000000000000000D1
:10FF300000000000000000000000000000000000C1
:10FF4000000000000000000043000000000000006E
:10FF500000000000000000000000000000000000A1
:10FF6000000000000000000043000000000000004E
:10FF70000000000000000000000000000000000081
:10FF8000000000000000000043000000000000002E
:10FF90000000000000000000000000000000000061
:10FFA000000000000000000043000000000000000E
:10FFB0000000000000000000000000000000000041
:10FFC00000000000000000004300000000000000EE
:10FFD0000000000000000000000000000000000021
:10FFE00000000000000000004300000000000000CE
:10FFF0000000000000000000000000000000000001
:020000040804EE
:1000000000000000000000004300000000000000AD
:1000100000000000000000000000000000000000E0
:1000200000000000000000005DD3030829D303088E
:100030000000000088FD030887FC030853FB030849
:1000400053FB030853FB030853FB030853FB03084C
:1000500053FB030853FB030853FB030853FB03083C
:10006000FFFFFFFFFFFFFFFFFFFFFFFFFFFF00009E
:100070000100415343494900000000000000000016
:100080000000000000000000000000000000000070
:1000900000004153434949000000000000000000F7
:1000A0000000000000000000000000000000000050
:0400B000000000004C
:00000001FF
