:04000005080023F1DB
:020000040800F2
:1000000000000824F1230008951F00089D1F000828
:10001000A51F0008AD1F0008B51F00080000000064
:10002000000000000000000000000000615801080E
:10003000BD1F000800000000B15A01081521010889
:1000400041240008412400084124000841240008FC
:1000500041240008412400084124000841240008EC
:10006000CB1F00084124000841240008D91F0008C4
:10007000ED1F0008012000081520000829200008B5
:100080003D20000851200008412400086520000898
:100090004124000879200008412400084124000878
:1000A000412400084124000841240008412400089C
:1000B000412400084124000841240008412400088C
:1000C0004124000841240008412400088D20000834
:1000D00041240008A1200008B520000841240008A0
:1000E00041240008412400080000000041240008C9
:1000F000412400084124000841240008C9200008C8
:10010000412400084124000841240008412400083B
:100110004124000841240008DD2000084124000893
:10012000F1200008052100084124000841240008AE
:10013000412400084124000841240008412400080B
:1001400000000000000000000000000000000000AF
:1001500041240008412400084124000841240008EB
:10016000192100082D21000841240008412400081D
:100170004124000841240008412400080000000038
:1001800041240008412400084124000841210008BE
:1001900041240008412400084124000841240008AB
:1001A000412400084124000841240008412400089B
:1001B000412400084124000841240008412400088B
:1001C000412400084124000841240008412400087B
:1001D000412400084124000841240008412400086B
:1001E000412400084124000841240008412400085B
:1001F000412400084124000841240008412400084B
:10020000412400084124000841240008412400083A
:10021000412400084124000841240008412400082A
:100220004124000841240008412400080000000087
:100230004124000841240008000000004124000877
:1002400041240008412400084124000841240008FA
:1002500041240008412400084124000841240008EA
:1002600041240008412400084124000841240008DA
:100270004124000841240008412400080000000037
:100280004124000841240008412400080000000027
:080290000000000041240008F9
:1002A00010B5054C237833B9044B13B10448AFF3B0
:1002B00000800123237010BDF00100240000000025
:1002C00030D1030808B5034B1BB103490348AFF312
:1002D000008008BD00000000F401002430D10308B4
:1002E00001F0FF01102A2BDB10F0070F08D010F8E7
:1002F000013B013A8B422DD010F0070F42B3F6D1EB
:10030000F0B441EA012141EA014122F007047FF003
:1003100000070023F0E80256083C85EA010586EA5A
:10032000010685FA47F5A3FA87F586FA47F6A5FA96
:1003300087F68EB9EED1F0BC01F0FF0102F00702A2
:1003400032B110F8013B013A83EA010313B1F8D14D
:100350000020704701387047002D06BF354603382E
:10036000073815F0010F07D1013015F4807F02BF67
:10037000013015F4C03F0130F0BC0138704700BFB8
:10038000034613F8012B002AFBD1181A01387047D5
:1003900081F0004102E000BF83F0004330B54FEA36
:1003A00041044FEA430594EA050F08BF90EA020FA3
:1003B0001FBF54EA000C55EA020C7FEA645C7FEA36
:1003C000655C00F0E2804FEA5454D4EB5555B8BF59
:1003D0006D420CDD2C4480EA020281EA030382EACA
:1003E000000083EA010180EA020281EA0303362D5C
:1003F00088BF30BD11F0004F4FEA01314FF4801C2F
:100400004CEA113102D0404261EB410113F0004F40
:100410004FEA03334CEA133302D0524263EB4303F7
:1004200094EA050F00F0A780A4F10104D5F1200E95
:100430000DDB02FA0EFC22FA05F2801841F10001F0
:1004400003FA0EF2801843FA05F359410EE0A5F1C4
:1004500020050EF1200E012A03FA0EFC28BF4CF0F5
:10046000020C43FA05F3C01851EBE37101F00045AB
:1004700007D54FF0000EDCF1000C7EEB00006EEBB8
:100480000101B1F5801F1BD3B1F5001F0CD3490842
:100490005FEA30004FEA3C0C04F101044FEA445299
:1004A00012F5800F80F09A80BCF1004F08BF5FEA20
:1004B000500C50F1000041EB045141EA050130BD00
:1004C0005FEA4C0C404141EB0101013C28BFB1F512
:1004D000801FE9D291F0000F04BF01460020B1FA5D
:1004E00081F308BF2033A3F10B03B3F120020CDA30
:1004F0000C3208DD02F1140CC2F10C0201FA0CF00E
:1005000021FA02F10CE002F11402D8BFC2F1200C72
:1005100001FA02F120FA0CFCDCBF41EA0C01904028
:10052000E41AA2BF01EB0451294330BD6FEA040471
:100530001F3C1CDA0C340EDC04F11404C4F120025C
:1005400020FA04F001FA02F340EA030021FA04F36E
:1005500045EA030130BDC4F10C04C4F1200220FAC5
:1005600002F001FA04F340EA0300294630BD21FA03
:1005700004F0294630BD94F0000F83F4801306BFC9
:1005800081F480110134013D4EE77FEA645C18BFBD
:100590007FEA655C29D094EA050F08BF90EA020F54
:1005A00005D054EA000C04BF1946104630BD91EA4C
:1005B000030F1EBF0021002030BD5FEA545C05D14F
:1005C0004000494128BF41F0004130BD14F580048E
:1005D0003CBF01F5801130BD01F0004545F0FE4102
:1005E00041F470014FF0000030BD7FEA645C1ABF37
:1005F000194610467FEA655C1CBF0B46024650EA6E
:10060000013406BF52EA033591EA030F41F4002199
:1006100030BD00BF90F0000F04BF0021704730B51F
:100620004FF4806404F132044FF000054FF00001F4
:1006300050E700BF90F0000F04BF0021704730B5B5
:100640004FF4806404F1320410F0004548BF40428A
:100650004FF000013EE700BF42004FEAE2014FEADF
:1006600031014FEA02701FBF12F07F4393F07F4FBA
:1006700081F06051704732F07F4208BF704793F0BD
:100680007F4F04BF41F40021704730B54FF46074D0
:1006900001F0004521F000411CE700BF50EA0102D3
:1006A00008BF704730B54FF000050AE050EA01027C
:1006B00008BF704730B511F0004502D5404261EBEC
:1006C00041014FF4806404F132045FEA915C3FF42D
:1006D000D8AE4FF003025FEADC0C18BF03325FEACA
:1006E000DC0C18BF033202EBDC02C2F1200300FA7B
:1006F00003FC20FA02F001FA03FE40EA0E0021FAA0
:1007000002F11444BDE600BF53B94AB9002908BF3D
:1007100000281CBF4FF0FF314FF0FF3000F088B9C8
:10072000ADF1080C6DE904CE00F006F8DDF804E048
:10073000DDE9022304B070472DE9F047089D8E469D
:1007400004468846002B4AD18A42174662D9B2FA3B
:1007500082F64EB1C6F1200301FA06F820FA03F33F
:10076000B74043EA0808B4404FEA174E1FFA87FC27
:10077000B8FBFEF1230C0EFB118843EA084301FB92
:100780000CF29A4209D9FB1801F1FF3080F0EA809F
:100790009A4240F2E78002393B449A1AA3B2B2FB74
:1007A000FEF00EFB102243EA024300FB0CFC9C45CA
:1007B00009D9FB1800F1FF3280F0D6809C4540F249
:1007C000D3803B44023840EA0140A3EB0C030021F4
:1007D0001DB1F3400022C5E90032BDE8F0878B422D
:1007E00005D90DB1C5E9000100210846F5E7B3FAC6
:1007F00083F1002946D1734502D3824200F205817C
:10080000841A6EEB030201209046002DE5D0C5E965
:100810000048E2E7002A00F09080B2FA82F6002E4B
:1008200040F0A4808A1A030C4FEA174E80B2BCB283
:100830000121B2FBFEFC0EFB1C2243EA024304FB37
:100840000CF29A4207D9FB180CF1FF3802D29A42F7
:1008500000F2E080C4469B1AB3FBFEF20EFB12339B
:1008600040EA034302FB04F49C4207D9FB1802F15F
:10087000FF3002D29C4200F2CA8002461B1B42EAB1
:100880000C40A5E7C1F120068B4022FA06F71F4372
:100890000EFA01F420FA06F32EFA06FE4FEA174983
:1008A000234300FA01F81FFA87FCBEFBF9F01C0C89
:1008B00009FB10EE44EA0E4400FB0CFEA64502FACA
:1008C00001F209D93C1900F1FF3A80F09C80A6455D
:1008D00040F2998002383C44A4EB0E041FFA83FED8
:1008E000B4FBF9F309FB13444EEA044403FB0CFC8C
:1008F000A44508D93C1903F1FF3E80F08280A4454D
:100900007FD9023B3C4443EA0040A4EB0C04A0FB2B
:1009100002EC64457346E14662D35FD05DB1B8EB4B
:10092000030264EB090404FA06F622FA01F31E43FB
:10093000CC40C5E9006400214FE7B1FBF2FC010C9B
:1009400041EA0E4180B240EA01423B4638463C460D
:10095000B846BE462026B1FBF7F1A2EB080241EAF9
:100960000C4166E7014618E710462CE7C6F1200265
:100970002EFA02F3B740B14020FA02F24FEA174EC6
:100980000A43B3FBFEF8BCB20EFB1833110C41EA6C
:10099000034108FB04F9B04089454FEA104380B297
:1009A0003ED9791808F1FF3C01D289451FD8A1EB47
:1009B0000901B1FBFEF909FB04F80EFB191192B213
:1009C00042EA0142424529D2BA1809F1FF31C4D2A4
:1009D0004245C2D2A9F102013A44BEE7F0459DD298
:1009E000BEEB02036CEB070C0138E14696E7A7EB80
:1009F00009094944A8F1020CB1FBFEF909FB04F80E
:100A0000DBE773467FE7504666E70846FDE63B4472
:100A1000023A33E7ACF1020C3B441CE749469CE741
:100A2000A1EB0901C446B1FBFEF909FB04F8C4E7D8
:100A3000704700BF80B500AF01F004FD00F03AF848
:100A400000F016FC00F030FB00F094FA00F0A0F982
:100A500000F042FA00F0DAFA00F0F0F900F048F99C
:100A600000F006F900F0A0F811F06EFB0B4B00222D
:100A700001210B4811F0D8FC03460A4A136022F00A
:100A80005FFF094A0021094811F0DFFB0346084ACD
:100A9000136011F09FFB00BFFDE700BF6CDE030891
:100AA000BF140008CC0B002448DE0308AD14000876
:100AB000C80B002480B59CB000AF07F124034C2282
:100AC000002118463AF036FB3B1D20220021184633
:100AD0003AF030FB022008F035FC00233B60304B3D
:100AE0009B692F4A43F4404393612D4B9B6903F468
:100AF00040433B602B4BDB6A2A4A43F00103D3623D
:100B0000284BDB6A03F001033B603B6800BF244BCA
:100B10009B6903F40053B3F5005FF8D101237B62B6
:100B20004FF48033BB620223BB640223FB640223C5
:100B30003B6540237B650223BB650423FB650223E1
:100B40003B660C237B660023BB660023FB6607F134
:100B50002403184608F030FC0346002B01D000F0B7
:100B6000CBFC3F237B600323BB600023FB60082397
:100B70003B6140237B614023BB614FF48063FB6199
:100B800040233B623B1D0221184609F06FF80346E3
:100B9000002B01D000F0B0FC00BF7037BD4680BD17
:100BA000004802580004005880B500AF2E4B2F4A71
:100BB0001A602D4B00229A602B4B0022DA602A4BE0
:100BC00000221A74284B00225A74274B00229A7470
:100BD000254B0A225A61244B01229A61224B07229B
:100BE000DA61214B02221A621F4B01225A621E4B0C
:100BF00001229A621C4B0122DA621B4B01221A630A
:100C0000194B00225A63184B00229A63164B00229C
:100C1000DA63154B04221A64134B04225A64124BF4
:100C200004229A64104B0422DA640F4B00221A65E6
:100C30000D4B04225A650C4B00229A650A4B1C226C
:100C4000DA65094B04221A66074B00225A66064BE6
:100C500004229A66044804F027FC0346002B01D0C6
:100C600000F04AFC00BF80BD0C02002400A0004040
:100C700080B500AF1B4B1C4A1A601A4B1B4A5A60C6
:100C8000184B00229A60174B0122DA60154B0022A4
:100C90001A61144B00225A61124B00229A61114BC7
:100CA0000022DA610F4B00221A620E4806F04CF85F
:100CB0000346002B01D000F01FFC0021094808F07A
:100CC000A9FA0346002B01D000F016FC00210548CC
:100CD00008F0EBFA0346002B01D000F00DFC00BF3A
:100CE00080BD00BFAC020024005C0040FFECC010DF
:100CF00080B500AF244B254A1A60234B00225A606E
:100D0000214B00229A60204B0722DA601E4B002202
:100D10001A611D4B00225A611B4B00229A611A4B2B
:100D200000221A62184B00225A62174B00229A6264
:100D3000154B0022DA62144B00225A63124B002238
:100D40009A63114B0022DA630F4B00221A640E4B98
:100D500000225A640C4B00229A640B4B0022DA6486
:100D6000094B00221A65084B00225A65064B0022E7
:100D70009A6505480BF074F90346002B01D000F08A
:100D8000BBFB00BF80BD00BF00030024003001405A
:100D900080B500AF274B284A1A60264B4FF48002DB
:100DA0005A60244B00229A60224B0722DA60214BC2
:100DB00000221A611F4B00225A611E4B4FF08062C5
:100DC0009A611C4B4FF0A042DA611A4B00221A6262
:100DD000184B00225A62174B00229A62154B0022D0
:100DE000DA62144B4FF080425A63124B00229A632E
:100DF000104B0022DA630F4B00221A640D4B0022C5
:100E00005A640C4B00229A640A4B0022DA64094BA4
:100E100000221A65074B00225A65064B00229A658C
:100E200004480BF01DF90346002B01D000F064FBD1
:100E300000BF80BDB40300240038004080B588B0F6
:100E400000AF07F1100300221A605A609A60DA605E
:100E50003B1D00221A605A609A601E4B4FF0804280
:100E60001A601C4B00225A601A4B00229A60194BE0
:100E70004FF0FF32DA60174B00221A61154B002247
:100E80009A6114480CF08DFF0346002B01D000F04E
:100E900033FB4FF480533B6107F1100319460D48B3
:100EA0000DF056F90346002B01D000F025FB00237E
:100EB0007B600023FB603B1D194606480DF0A6FB36
:100EC0000346002B01D000F017FB00BF2037BD46C2
:100ED00080BD00BF5805002480B500AF234B244AD5
:100EE0001A60224B4FF4E1325A60204B4FF480528B
:100EF0009A601E4B0022DA601C4B4FF480621A612C
:100F00001A4B0C225A61194B00229A61174B00228E
:100F1000DA61164B00221A62144B00225A62134BFC
:100F200000229A6211480DF01DFC0346002B01D0EF
:100F300000F0E2FA00210D4810F0A3FF0346002B59
:100F400001D000F0D9FA0021084810F0D8FF03467C
:100F5000002B01D000F0D0FA044810F059FF0346EE
:100F6000002B01D000F0C8FA00BF80BDA40500240A
:100F7000007C004080B500AF224B234A1A60214B11
:100F80004FF4E1325A601F4B00229A601D4B002241
:100F9000DA601C4B00221A611A4B0C225A61194B61
:100FA00000229A61174B0022DA61164B00221A6266
:100FB000144B00225A62134B00229A6211480DF022
:100FC000D1FB0346002B01D000F096FA00210D481A
:100FD00010F057FF0346002B01D000F08DFA0021DE
:100FE000084810F08CFF0346002B01D000F084FA73
:100FF000044810F00DFF0346002B01D000F07CFAEE
:1010000000BF80BD700600240010014080B500AF15
:10101000224B234A1A60214B224A5A601F4B00225E
:101020009A601E4B0022DA601C4B00221A611B4B97
:101030000C225A61194B00229A61184B0022DA6186
:10104000164B00221A62154B00225A62134B0022E3
:101050009A6212480DF086FB0346002B01D000F087
:101060004BFA00210D4810F00CFF0346002B01D075
:1010700000F042FA0021094810F041FF0346002B1E
:1010800001D000F039FA054810F0C2FE0346002BEB
:1010900001D000F031FA00BF80BD00BF3C07002442
:1010A0000044004040420F0080B582B000AF6B4B5F
:1010B000D3F8D830694A43F00103C2F8D830674BFF
:1010C000D3F8D83003F001037B607B68634BD3F81F
:1010D000D830624A43F00203C2F8D8305F4BD3F8ED
:1010E000D83003F002033B603B685D4B5D4A1A60F9
:1010F0005B4B00225A605A4B80229A60584B4FF447
:101100000072DA60564B4FF480621A61544B002231
:101110005A61534B00229A61514B0022DA61504BC5
:101120004FF440321A624E4B04225A624C4B032257
:101130009A624B4B0022DA62494B00221A634848FC
:1011400001F002FB0346002B01D000F0D5F9464B1D
:10115000464A1A60444B00225A60434B80229A60F0
:10116000414B4FF40072DA603F4B4FF480621A61DA
:101170003D4B00225A613C4B00229A613A4B0022BF
:10118000DA61394B4FF400321A62374B04225A624B
:10119000354B03229A62344B0022DA62324B002232
:1011A0001A63314801F0D0FA0346002B01D000F059
:1011B000A3F9002205210B2001F09EFA0B2001F07B
:1011C000B5FA002205210C2001F096FA0C2001F05E
:1011D000ADFA002205210D2001F08EFA0D2001F05C
:1011E000A5FA002205210E2001F086FA0E2001F05A
:1011F0009DFA002205210F2001F07EFA0F2001F058
:1012000095FA00220521102001F076FA102001F055
:101210008DFA00220521112001F06EFA112001F053
:1012200085FA002205212F2001F066FA2F2001F017
:101230007DFA00220521382001F05EFA382001F005
:1012400075FA00220521392001F056FA392001F003
:101250006DFA00BF0837BD4680BD00BF004402588C
:10126000D80A002410040240500B00242804024035
:1012700080B58CB000AF07F11C0300221A605A60E1
:101280009A60DA601A61834BD3F8E030814A43F008
:101290001003C2F8E0307F4BD3F8E03003F01003C6
:1012A000BB61BB697B4BD3F8E0307A4A43F08003E3
:1012B000C2F8E030774BD3F8E03003F080037B6175
:1012C0007B69744BD3F8E030724A43F00403C2F8F0
:1012D000E030704BD3F8E03003F004033B613B692E
:1012E0006C4BD3F8E0306B4A43F00103C2F8E030B6
:1012F000684BD3F8E03003F00103FB60FB68654BFB
:10130000D3F8E030634A43F00203C2F8E030614BA7
:10131000D3F8E03003F00203BB60BB685D4BD3F849
:10132000E0305C4A43F00803C2F8E030594BD3F890
:10133000E03003F008037B607B68002248F208314C
:10134000554805F0B3FC00220C21544805F0AEFCD2
:1013500000220321524805F0A9FC00224FF48051DD
:10136000504805F0A3FC00224FF400414E4805F020
:101370009DFC48F20813FB6101233B6200237B6262
:101380000023BB6207F11C031946434805F0C6FA67
:101390000323FB6100233B6201237B6207F11C03F3
:1013A00019463E4805F0BAFA0C23FB6101233B6263
:1013B00000237B620023BB6207F11C0319463748F8
:1013C00005F0ACFA0323FB6101233B6200237B623F
:1013D0000023BB6207F11C031946314805F09EFA51
:1013E0000423FB614FF444133B6202237B6207F149
:1013F0001C0319462B4805F091FA4FF40073FB616A
:1014000001233B6202237B620023BB6207F11C03C2
:101410001946214805F082FA4FF48053FB610123FD
:101420003B6200237B620023BB6207F11C03194669
:101430001C4805F073FA4FF40043FB6101233B6243
:1014400000237B620023BB6207F11C031946164888
:1014500005F064FA00214FF0806001F07FF8002170
:101460004FF0006001F07AF800214FF0807001F039
:1014700075F800214FF0007001F070F8002205218E
:10148000082001F039F9082001F050F900BF303789
:10149000BD4680BD004402580010025800080258A2
:1014A0000000025800040258000C025880B582B0B7
:1014B00000AF78604FF47A7010F059FFFAE780B40B
:1014C00083B000AF786000BF0C37BD465DF8047B89
:1014D0007047000080B582B000AF78607B681B6801
:1014E000044A934201D100F0E9FF00BF0837BD462E
:1014F00080BD00BF0010004080B400AF72B600BFD6
:1015000000BFFDE780B582B000AF0C4BD3F8F430DC
:101510000A4A43F00203C2F8F430084BD3F8F4301F
:1015200003F002037B607B6800220F216FF0010053
:1015300001F0E2F800BF0837BD4680BD0044025804
:1015400080B5BAB000AF786007F1D40300221A600A
:101550005A609A60DA601A6107F11003C022002114
:10156000184639F0E7FD7B681B68374A934266D11D
:101570004FF400424FF00003C7E904230223BB618C
:101580004023FB6108233B6208237B620223BB628A
:10159000C023FB6200233B6300237B634FF00053B7
:1015A000C7F8803007F11003184608F02DFF0346F6
:1015B000002B01D0FFF7A0FF244BD3F8EC30234AD7
:1015C00043F48073C2F8EC30204BD3F8EC3003F4D2
:1015D0008073FB60FB681D4BD3F8E0301B4A43F07F
:1015E0000803C2F8E030194BD3F8E03003F00803E9
:1015F000BB60BB680323C7F8D4300223C7F8D830D8
:101600000023C7F8DC300023C7F8E0300923C7F80F
:10161000E43007F1D40319460D4805F07FF90022A4
:101620000521132001F068F8132001F07FF8002253
:101630000521152001F060F8152001F077F800BFB2
:10164000E837BD4680BD00BF00A0004000440258FE
:10165000000C025880B5BCB000AF786007F1DC0325
:1016600000221A605A609A60DA601A6107F1180362
:10167000C0220021184639F05DFD7B681B68414A95
:1016800093427BD14FF008024FF00003C7E90623D5
:101690000023C7F89C3007F11803184608F0B4FE81
:1016A0000346002B01D0FFF727FF374BD3F8E0307C
:1016B000354A43F00403C2F8E030334BD3F8E0304E
:1016C00003F004037B617B692F4BD3F8E0302E4A93
:1016D00043F00103C2F8E0302B4BD3F8E03003F0C5
:1016E00001033B613B694FF40073C7F8DC30122300
:1016F000C7F8E0300023C7F8E4300023C7F8E8302B
:101700000423C7F8EC3007F1DC0319461F4805F045
:1017100005F94FF48073C7F8DC301223C7F8E030C6
:101720000023C7F8E4300023C7F8E8300423C7F8E3
:10173000EC3007F1DC031946154805F0EFF8124BC1
:10174000D3F8E830104A43F40003C2F8E8300E4BF7
:10175000D3F8E83003F40003FB60FB6800220521A6
:10176000482000F0C9FF482000F0E0FF00220521DA
:10177000492000F0C1FF492000F0D8FF00BFF0373A
:10178000BD4680BD005C004000440258000802587D
:101790000000025880B5BCB000AF786007F1DC03F0
:1017A00000221A605A609A60DA601A6107F1180321
:1017B000C0220021184639F0BDFC7B681B687D4AB9
:1017C000934240F0A8804FF480524FF00003C7E9E5
:1017D00006230023BB6707F11803184608F014FE20
:1017E0000346002B01D0FFF787FE734BD3F8F03090
:1017F000714A43F48053C2F8F0306F4BD3F8F030A5
:1018000003F480537B617B696B4BD3F8E0306A4A09
:1018100043F00103C2F8E030674BD3F8E03003F047
:1018200001033B613B69F023C7F8DC300223C7F8B2
:10183000E0300023C7F8E4300323C7F8E83005237D
:10184000C7F8EC3007F1DC0319465C4805F066F890
:101850005B4B5C4A1A605A4B25225A60584B002257
:101860009A60574B0022DA60554B4FF480621A6140
:10187000534B00225A61524B00229A61504B002276
:10188000DA614F4B00221A624D4B00225A624C48DB
:1018900000F05AFF0346002B01D0FFF72DFE7B68B6
:1018A000474ADA67464A7B689363474B474A1A6060
:1018B000454B26225A60444B40229A60424B0022FC
:1018C000DA60414B4FF480621A613F4B00225A614B
:1018D0003D4B00229A613C4B0022DA613A4B0022D8
:1018E0001A62394B00225A62374800F02DFF034636
:1018F000002B01D0FFF700FE7B68334A9A67324A1B
:101900007B68936300220521232000F0F5FE23204D
:1019100000F00CFF4AE07B681B682D4A934245D1DA
:101920004FF480524FF00003C7E906230023BB6742
:1019300007F11803184608F067FD0346002B01D095
:10194000FFF7DAFD1C4BD3F8E8301B4A43F4804321
:10195000C2F8E830184BD3F8E83003F48043FB605A
:10196000FB68154BD3F8E030134A43F00203C2F88A
:10197000E030114BD3F8E03003F00203BB60BB68EA
:101980004FF46043C7F8DC300223C7F8E03000238F
:10199000C7F8E4300023C7F8E8300523C7F8EC3077
:1019A00007F1DC0319460B4804F0B8FF00BFF0371D
:1019B000BD4680BD0030014000440258000002587E
:1019C00068040024A0000240E0040024B8000240A3
:1019D000003800400004025880B485B000AF786041
:1019E0007B681B68B3F1804F0ED10A4BD3F8E83007
:1019F000084A43F00103C2F8E830064BD3F8E83058
:101A000003F00103FB60FB6800BF1437BD465DF8BF
:101A1000047B70470044025880B5BEB000AF7860C8
:101A200007F1E40300221A605A609A60DA601A61D2
:101A300007F12003C0220021184639F07BFB7B68A8
:101A40001B68B04A934240F0AB804FF002024FF067
:101A50000003C7E908230023C7F8983007F12003E3
:101A6000184608F0D1FC0346002B01D0FFF744FDD7
:101A7000A54BD3F8E830A44A43F00043C2F8E8305D
:101A8000A14BD3F8E83003F00043FB61FB699E4BA8
:101A9000D3F8E0309C4A43F01003C2F8E0309A4B90
:101AA000D3F8E03003F01003BB61BB690323C7F830
:101AB000E4300223C7F8E8300023C7F8EC300023F5
:101AC000C7F8F0300823C7F8F43007F1E4031946EB
:101AD0008E4804F023FF8E4B8E4A1A608C4B5122A5
:101AE0005A608B4B00229A60894B0022DA60884B47
:101AF0004FF480621A61864B00225A61844B0022A7
:101B00009A61834B0022DA61814B4FF400321A62F2
:101B10007F4B00225A627E4800F016FE0346002BDF
:101B200001D0FFF7E9FC7B68794AC3F88020784A46
:101B30007B689363784B794A1A60774B52225A60DC
:101B4000754B40229A60744B0022DA60724B4FF45E
:101B500080621A61704B00225A616F4B00229A61B9
:101B60006D4B0022DA616C4B00221A626A4B002234
:101B70005A62694800F0E8FD0346002B01D0FFF7E8
:101B8000BBFC7B68644ADA67634A7B689363002224
:101B90000521532000F0B0FD532000F0C7FD7AE18D
:101BA0007B681B685E4A934240F0C6804FF001029A
:101BB0004FF00003C7E908230023C7F89C3007F162
:101BC0002003184608F020FC0346002B01D0FFF745
:101BD00093FC4D4BD3F8F0304B4A43F01003C2F85E
:101BE000F030494BD3F8F03003F010037B617B6990
:101BF000454BD3F8E030444A43F00103C2F8E030EB
:101C0000414BD3F8E03003F001033B613B694FF4F3
:101C1000C063C7F8E4300223C7F8E8300023C7F8F0
:101C2000EC300023C7F8F0300723C7F8F43007F191
:101C3000E40319463B4804F071FE3B4B3B4A1A60F3
:101C4000394B29225A60384B00229A60364B0022C9
:101C5000DA60354B4FF480621A61334B00225A61CF
:101C6000314B00229A61304B0022DA612E4B002268
:101C70001A622D4B00225A622B4800F065FD034684
:101C8000002B01D0FFF738FC7B68274AC3F880207F
:101C9000254A7B689363264B264A1A60244B2A22E6
:101CA0005A60234B40229A60214B0022DA60204B7D
:101CB0004FF480621A611E4B00225A611C4B0022B5
:101CC0009A611B4B0022DA61194B00221A62184BF1
:101CD00000225A62164800F037FD0346002B01D05F
:101CE000FFF70AFC7B68124ADA67114A7B68936344
:101CF00000220521252000F0FFFC252000F016FD24
:101D0000C9E000BF007C00400044025800100258A7
:101D100008080024400002408008002458000240C7
:101D20000010014000000258F80800241000024092
:101D300070090024280002407B681B68584A9342BF
:101D400040F0A9804FF002024FF00003C7E90823DA
:101D50000023C7F8983007F12003184608F054FB19
:101D60000346002B01D0FFF7C7FB4E4BD3F8E830FA
:101D70004C4A43F40033C2F8E8304A4BD3F8E83019
:101D800003F40033FB60FB68464BD3F8E030454A70
:101D900043F00103C2F8E030424BD3F8E03003F0E7
:101DA0000103BB60BB680C23C7F8E4300223C7F80B
:101DB000E8300023C7F8EC300023C7F8F0300723E1
:101DC000C7F8F43007F1E4031946374804F0A6FDDC
:101DD000364B374A1A60354B2B225A60334B002260
:101DE0009A60324B0022DA60304B4FF480621A6105
:101DF0002E4B00225A612D4B00229A612B4B002260
:101E0000DA612A4B00221A62284B00225A622748C4
:101E100000F09AFC0346002B01D0FFF76DFB7B68B6
:101E2000224AC3F88020214A7B689363214B224ACF
:101E30001A60204B2C225A601E4B40229A601D4B88
:101E40000022DA601B4B4FF480621A61194B0022AA
:101E50005A61184B00229A61164B0022DA61154B29
:101E600000221A62134B00225A62124800F06CFCE6
:101E70000346002B01D0FFF73FFB7B680D4ADA6772
:101E80000C4A7B68936300220521262000F034FC75
:101E9000262000F04BFC00BFF837BD4680BD00BFD8
:101EA000004400400044025800000258E8090024A1
:101EB00070000240600A00248800024080B590B0A3
:101EC00000AF78607B680F2B27D800227968362016
:101ED00000F012FC362000F029FC294A7B681360D0
:101EE000284BD3F8E830274A43F01003C2F8E83013
:101EF000244BD3F8E83003F01003FB60FB6807F1D4
:101F0000100207F114031146184608F03BFABB6AA9
:101F1000BB63BB6B002B06D101E001232BE008F073
:101F200005FAF86304E008F001FA03465B00FB637E
:101F3000FB6B154AA2FB03239B0C013B7B63134BFA
:101F4000134A1A60114B40F2E732DA600F4A7B6B9A
:101F500053600E4B00221A610C4B00229A600B4812
:101F60000BF01FFF0346002B04D108480BF070FF55
:101F7000034600E0012318464037BD4680BD00BF40
:101F8000080000240044025883DE1B43D00B0024C9
:101F90000010004080B400AF00BFFDE780B400AF88
:101FA00000BFFDE780B400AF00BFFDE780B400AF25
:101FB00000BFFDE780B400AF00BFFDE780B400AF15
:101FC00000BFBD465DF8047B704780B500AF0420BC
:101FD00004F09FFE00BF80BD80B500AF024801F055
:101FE000DDFE00BF80BD00BFF808002480B500AF53
:101FF000024801F0D3FE00BF80BD00BF700900247D
:1020000080B500AF024801F0C9FE00BF80BD00BF2F
:102010000808002480B500AF024801F0BFFE00BFF1
:1020200080BD00BF8008002480B500AF024801F0E9
:10203000B5FE00BF80BD00BFE809002480B500AF39
:10204000024801F0ABFE00BF80BD00BF600A002463
:1020500080B500AF024801F0A1FE00BF80BD00BF07
:102060006804002480B500AF024803F055FF00BFAC
:1020700080BD00BF0C02002480B500AF024803F011
:102080004BFF00BF80BD00BF0C02002480B500AF35
:1020900002480BF059FA00BF80BD00BF00030024C6
:1020A00080B500AF02480CF02DFF00BF80BD00BF1F
:1020B0007006002480B500AF02480CF023FF00BF7B
:1020C00080BD00BF3C07002480B500AF024801F08E
:1020D00065FE00BF80BD00BFE004002480B500AFF6
:1020E00002480BF02DFF00BF80BD00BFD00B0024C5
:1020F00080B500AF024801F051FE00BF80BD00BFB7
:10210000D80A002480B500AF024801F047FE00BFA6
:1021100080BD00BF500B002480B500AF024805F021
:102120004DF800BF80BD00BFAC02002480B500AFF9
:10213000024805F05DF800BF80BD00BFAC0200247E
:1021400080B500AF02480CF0DDFE00BF80BD00BFCF
:10215000A405002480B400AF01231846BD465DF8F5
:10216000047B704780B582B000AF7860396038F08A
:10217000F9FF034616221A604FF0FF33184608375E
:10218000BD4680BD80B582B000AF78604FF0FF31B2
:102190007868FFF7E7FF00BFFDE780B586B000AFC6
:1021A000F860B9607A6000237B610AE0AFF30080D9
:1021B0000146BB685A1CBA60CAB21A707B69013307
:1021C0007B617A697B689A42F0DB7B681846183736
:1021D000BD4680BD80B586B000AFF860B9607A605A
:1021E00000237B6109E0BB685A1CBA601B78184663
:1021F000AFF300807B6901337B617A697B689A4227
:10220000F1DB7B6818461837BD4680BD80B483B0CB
:1022100000AF78604FF0FF3318460C37BD465DF8CD
:10222000047B704780B483B000AF786039603B684E
:102230004FF400525A60002318460C37BD465DF833
:10224000047B704780B483B000AF786001231846E8
:102250000C37BD465DF8047B704780B485B000AF95
:10226000F860B9607A60002318461437BD465DF8FF
:10227000047B704780B586B000AF7860144A154B78
:10228000D31A7B617B693B61134B1B68002B02D126
:10229000114B124A1A60104B1A687B6813443A6952
:1022A0009A4207D238F05EFF03460C221A604FF0C4
:1022B000FF3309E0084B1B68FB60074B1A687B681B
:1022C0001344054A1360FB6818461837BD4680BDA5
:1022D00000000824000400001C0C002428900224A4
:1022E00080B400AF374BD3F88830364A43F47003DC
:1022F000C2F88830344B1B6803F00F03062B07D855
:10230000314B1B6823F00F032F4A43F00703136080
:102310002E4B1B682D4A43F0010313602B4B002208
:102320001A612A4B1A682949294B13400B60264B26
:102330001B6803F00803002B07D0234B1B6823F016
:102340000F03214A43F007031360204B00229A61D8
:102350001E4B0022DA611D4B00221A621B4B1D4AE4
:102360009A621A4B1C4ADA62184B1C4A1A63174BC2
:1023700000225A63154B194A9A63144B0022DA6300
:10238000124B164A1A64114B00225A640F4B1B68F9
:102390000E4A23F4802313600C4B00221A66104B64
:1023A0001A68104B1340B3F1005F02D20E4B0122AA
:1023B0001A600E4B43F2D2021A6000BFBD465DF8B0
:1023C000047B704700ED00E00020005200440258FA
:1023D0007FEDF6EA000202020000FF018002010127
:1023E0000010005C0000FFFF088100510040005217
:1023F000DFF834D0FFF774FF0C480D490D4A002375
:1024000002E0D458C4500433C4188C42F9D30A4AA9
:102410000A4C002301E013600432A242FBD338F0DF
:10242000A7FEFEF707FB7047000008240000002409
:10243000F001002494FC0308F001002428900224F9
:10244000FEE7000080B582B000AF032000F049F93C
:1024500007F0C2FD0246154B9B691B0A03F00F03F0
:102460001349CB5C03F01F0322FA03F37B600F4B8D
:102470009B6903F00F030E4AD35C03F01F037A68D5
:1024800022FA03F30B4A13600B4A7B6813600F2098
:10249000FFF714FD0346002B01D0012302E0FFF7F4
:1024A00031F8002318460837BD4680BD0044025865
:1024B0007CDE0308040000240000002480B400AF88
:1024C000064B1B781A46064B1B681344044A1360DC
:1024D00000BFBD465DF8047B704700BF0C000024C0
:1024E000200C002480B400AF034B1B681846BD4687
:1024F0005DF8047B704700BF200C002480B584B0D9
:1025000000AF7860FFF7EEFFB8607B68FB60FB68A8
:10251000B3F1FF3F05D00A4B1B781A46FB68134402
:10252000FB6000BFFFF7DEFF0246BB68D31AFA6804
:102530009A42F7D800BF00BF1037BD4680BD00BF2C
:102540000C00002480B400AF034B1B681B0C184622
:10255000BD465DF8047B70470010005C80B483B01A
:1025600000AF78603960074B5A687B68DB431A40DC
:1025700004493B6813434B6000BF0C37BD465DF810
:10258000047B70470004005880B485B000AF7860C9
:102590007B6803F00703FB600B4BDB68BB60BA682A
:1025A0004FF6FF031340BB60FB681A02BB681A4377
:1025B000064B1343BB60044ABB68D36000BF1437AB
:1025C000BD465DF8047B704700ED00E00000FA05B1
:1025D00080B400AF044BDB681B0A03F00703184606
:1025E000BD465DF8047B704700ED00E080B483B029
:1025F00000AF0346FB80B7F90630002B0BDBFB88EE
:1026000003F01F020749B7F906305B09012000FA01
:1026100002F241F8232000BF0C37BD465DF8047B71
:10262000704700BF00E100E080B483B000AF034614
:102630003960FB80B7F90630002B0ADB3B68DAB261
:102640000C49B7F906301201D2B20B4483F80023CB
:102650000AE03B68DAB20849FB8803F00F03043B49
:102660001201D2B20B441A7600BF0C37BD465DF89A
:10267000047B704700E100E000ED00E080B489B029
:1026800000AFF860B9607A60FB6803F00703FB6194
:10269000FB69C3F10703042B28BF0423BB61FB695B
:1026A0000433062B02D9FB69033B00E000237B6166
:1026B0004FF0FF32BB6902FA03F3DA43BB681A40FA
:1026C0007B699A404FF0FF317B6901FA03F3D943EC
:1026D0007B680B40134318462437BD465DF8047BE6
:1026E000704780B582B000AF78607868FFF74CFF24
:1026F00000BF0837BD4680BD80B586B000AF034639
:10270000B9607A60FB81FFF763FF78617A68B96826
:102710007869FFF7B3FF0246B7F90E301146184645
:10272000FFF782FF00BF1837BD4680BD80B582B07D
:1027300000AF0346FB80B7F906301846FFF756FF97
:1027400000BF0837BD4680BD80B586B000AF786059
:10275000FFF7C8FE38617B68002B01D1012316E327
:102760007B681B68664A93424AD07B681B68654A4F
:10277000934245D07B681B68634A934240D07B6894
:102780001B68624A93423BD07B681B68604A934255
:1027900036D07B681B685F4A934231D07B681B68E8
:1027A0005D4A93422CD07B681B685C4A934227D0D9
:1027B0007B681B685A4A934222D07B681B68594A3F
:1027C00093421DD07B681B68574A934218D07B68A0
:1027D0001B68564A934213D07B681B68544A934245
:1027E0000ED07B681B68534A934209D07B681B68F4
:1027F000514A934204D07B681B68504A934201D1EE
:10280000012300E00023002B00F03B817B680222C3
:1028100083F835207B68002283F834207B681B68AE
:10282000374A93424AD07B681B68364A934245D068
:102830007B681B68344A934240D07B681B68334AEC
:1028400093423BD07B681B68314A934236D07B6809
:102850001B68304A934231D07B681B682E4A9342F2
:102860002CD07B681B682D4A934227D07B681B685D
:102870002B4A934222D07B681B682A4A93421DD080
:102880007B681B68284A934218D07B681B68274ADC
:10289000934213D07B681B68254A93420ED07B6815
:1028A0001B68244A934209D07B681B68224A9342E2
:1028B00004D07B681B68214A934208D17B681B685F
:1028C0001A687B681B6822F001021A6007E07B68C7
:1028D0001B681A687B681B6822F001021A602FE0EF
:1028E000FFF700FE02463B69D31A052B28D97B6807
:1028F00020225A657B68032283F83520012346E2B3
:1029000010000240280002404000024058000240EF
:102910007000024088000240A0000240B80002405F
:1029200010040240280402404004024058040240BF
:102930007004024088040240A0040240B80402402F
:102940007B681B681B6803F00103002BC8D17B6800
:102950001B681B687B617A69834B13407B617B68D2
:102960009A687B68DB681A437B681B691A437B683B
:102970005B691A437B689B691A437B68DB691A436E
:102980007B681B6A13437A6913437B617B685B6ACC
:10299000042B07D17B68DA6A7B681B6B13437A6967
:1029A00013437B61714B1A68714B1340B3F1005FA5
:1029B00028D37B685B68282B03D97B685B682E2B48
:1029C00017D97B685B683E2B03D97B685B68422B19
:1029D0000FD97B685B68462B03D97B685B68482B03
:1029E00007D97B685B684E2B05D97B685B68522BE7
:1029F00001D8012300E00023002B03D07B6943F4BE
:102A000080137B617B681B687A691A607B681B682E
:102A10005B697B617B6923F007037B617B685B6A91
:102A20007A6913437B617B685B6A042B17D17B68EF
:102A30009B6A7A6913437B617B68DB6A002B0ED04B
:102A4000786802F0A7FB0346002B08D07B68402281
:102A50005A657B68012283F83520012397E17B6862
:102A60001B687A695A61786802F0E2FA0346BB6033
:102A70007B68DB6D03F01F033F229A40BB689A60BE
:102A8000CDE07B681B683B4A934222D07B681B6881
:102A9000394A93421DD07B681B68384A934218D04C
:102AA0007B681B68364A934213D07B681B68354AA3
:102AB00093420ED07B681B68334A934209D07B68EF
:102AC0001B68324A934204D07B681B68304A9342A9
:102AD00001D1012300E00023002B00F097807B68E8
:102AE0001B68244A934221D07B681B68224A934288
:102AF0001CD07B681B68214A934217D07B681B68F7
:102B00001F4A934212D07B681B681E4A93420DD025
:102B10007B681B681C4A934208D07B681B681B4A71
:102B2000934203D07B681B68194A93427B68022258
:102B300083F835207B68002283F834207B681B688B
:102B40001B687B617A69134B13407B617B689B68D0
:102B5000402B21D07B689B68802B02D14FF48043AF
:102B60001BE0002319E000BF3F8010FE0010005C56
:102B70000000FFFF085402581C54025830540258F9
:102B800044540258585402586C5402588054025805
:102B9000945402580F00FEFF10237A68D268D208BE
:102BA0001A437B681B69DB081A437B685B69DB0897
:102BB0001A437B689B69DB081A437B68DB69DB0887
:102BC0001A437B681B6A1B0913437A6913437B61B1
:102BD0007B681B687A691A607B681B681A466E4BB3
:102BE00013446E4AA2FB03231B099A007B68DA6533
:102BF000786802F01DFA0346FB607B68DB6D03F02A
:102C00001F0301229A40FB685A6008E07B6840225B
:102C10005A657B68032283F835200123B7E07B687F
:102C20001B685F4A934272D07B681B685D4A93427F
:102C30006DD07B681B685C4A934268D07B681B68D8
:102C40005A4A934263D07B681B68594A93425ED0CC
:102C50007B681B68574A934259D07B681B68564A69
:102C6000934254D07B681B68544A93424FD07B6890
:102C70001B68534A93424AD07B681B68514A93426F
:102C800045D07B681B68504A934240D07B681B68E4
:102C90004E4A93423BD07B681B684D4A934236D0E4
:102CA0007B681B684B4A934231D07B681B684A4A59
:102CB00093422CD07B681B68484A934227D07B689C
:102CC0001B68474A934222D07B681B68454A93425F
:102CD0001DD07B681B68444A934218D07B681B68F0
:102CE000424A934213D07B681B68414A93420ED0FC
:102CF0007B681B683F4A934209D07B681B683E4A49
:102D0000934204D07B681B683C4A934201D1012363
:102D100000E00023002B32D0786802F0B7FA7B681D
:102D20009B68802B02D17B6800225A607B685A68BE
:102D30007B681B6ED2B21A607B685B6E7A68926E9B
:102D40005A607B685B68002B10D07B685B68082B3F
:102D50000CD8786802F034FB7B68DB6E00221A60C6
:102D60007B681B6F7A68526F5A6008E07B680022AC
:102D7000DA667B6800221A677B6800225A677B68E4
:102D800000225A657B68012283F83520002318460B
:102D90001837BD4680BD00BFF8ABFDA7CDCCCCCC6D
:102DA000100002402800024040000240580002404B
:102DB0007000024088000240A0000240B8000240BB
:102DC000100402402804024040040240580402401B
:102DD0007004024088040240A0040240B80402408B
:102DE000085402581C540258305402584454025893
:102DF000585402586C540258805402589454025843
:102E000080B586B000AFF860B9607A603B6000239F
:102E1000FB75FB68002B01D1012326E2FB6893F8C8
:102E20003430012B01D102231FE2FB68012283F819
:102E30003420FB6893F83530DBB2012B40F00A8276
:102E4000FB68022283F83520FB6800225A65FB6884
:102E50001B68684A93424AD0FB681B68664A9342E3
:102E600045D0FB681B68654A934240D0FB681B68ED
:102E7000634A93423BD0FB681B68624A934236D058
:102E8000FB681B68604A934231D0FB681B685F4A4D
:102E900093422CD0FB681B685D4A934227D0FB68A5
:102EA0001B685C4A934222D0FB681B685A4A9342D3
:102EB0001DD0FB681B68594A934218D0FB681B68F9
:102EC000574A934213D0FB681B68564A93420ED070
:102ED000FB681B68544A934209D0FB681B68534A3D
:102EE000934204D0FB681B68514A934208D1FB68A7
:102EF0001B681A68FB681B6822F001021A6007E071
:102F0000FB681B681A68FB681B6822F001021A60E4
:102F10003B687A68B968F86801F0DEFEFB681B68F8
:102F2000344A93424AD0FB681B68334A934245D0E7
:102F3000FB681B68314A934240D0FB681B68304AEB
:102F400093423BD0FB681B682E4A934236D0FB6805
:102F50001B682D4A934231D0FB681B682B4A934271
:102F60002CD0FB681B682A4A934227D0FB681B6859
:102F7000284A934222D0FB681B68274A93421DD0FF
:102F8000FB681B68254A934218D0FB681B68244ADB
:102F9000934213D0FB681B68224A93420ED0FB6811
:102FA0001B68214A934209D0FB681B681F4A934261
:102FB00004D0FB681B681E4A934201D1012300E044
:102FC0000023002B36D0FB681B681B6823F01E0211
:102FD000FB681B6842F016021A60FB681B6C002B32
:102FE0003ED0FB681B681A68FB681B6842F0080249
:102FF0001A6035E010000240280002404000024004
:10300000580002407000024088000240A0000240C8
:10301000B80002401004024028040240400402406C
:10302000580402407004024088040240A004024098
:10303000B8040240FB681B681B6823F00E02FB68A3
:103040001B6842F00A021A60FB681B6C002B07D059
:10305000FB681B681A68FB681B6842F004021A6070
:10306000FB681B68834A934272D0FB681B68824AE4
:1030700093426DD0FB681B68804A934268D0FB681E
:103080001B687F4A934263D0FB681B687D4A93426A
:103090005ED0FB681B687C4A934259D0FB681B6872
:1030A0007A4A934254D0FB681B68794A93424FD0C6
:1030B000FB681B68774A93424AD0FB681B68764AD4
:1030C000934245D0FB681B68744A934240D0FB682A
:1030D0001B68734A93423BD0FB681B68714A93425A
:1030E00036D0FB681B68704A934231D0FB681B687E
:1030F0006E4A93422CD0FB681B686D4A934227D0DE
:10310000FB681B686B4A934222D0FB681B686A4AC3
:1031100093421DD0FB681B68684A934218D0FB6835
:103120001B68674A934213D0FB681B68654A934249
:103130000ED0FB681B68644A934209D0FB681B6889
:10314000624A934204D0FB681B68614A934201D1F2
:10315000012300E00023002B1AD0FB681B6E1B68C4
:1031600003F48033002B07D0FB681B6E1A68FB68E2
:103170001B6E42F480721A60FB68DB6E002B07D076
:10318000FB68DB6E1A68FB68DB6E42F480721A60C3
:10319000FB681B68374A93424AD0FB681B68364A73
:1031A000934245D0FB681B68344A934240D0FB6889
:1031B0001B68334A93423BD0FB681B68314A9342F9
:1031C00036D0FB681B68304A934231D0FB681B68DD
:1031D0002E4A93422CD0FB681B682D4A934227D07D
:1031E000FB681B682B4A934222D0FB681B682A4A63
:1031F00093421DD0FB681B68284A934218D0FB6895
:103200001B68274A934213D0FB681B68254A9342E8
:103210000ED0FB681B68244A934209D0FB681B68E8
:10322000224A934204D0FB681B68214A934208D18A
:10323000FB681B681A68FB681B6842F001021A6091
:1032400012E0FB681B681A68FB681B6842F0010209
:103250001A6009E0FB684FF400625A65FB680022BF
:1032600083F834200123FB75FB7D18461837BD46D3
:1032700080BD00BF10000240280002404000024014
:10328000580002407000024088000240A000024046
:10329000B8000240100402402804024040040240EA
:1032A000580402407004024088040240A004024016
:1032B000B8040240085402581C54025830540258B2
:1032C00044540258585402586C54025880540258BE
:1032D0009454025880B586B000AF7860FFF702F9C9
:1032E00038617B68002B01D10123DCE27B6893F815
:1032F0003530DBB2022B08D07B6880225A657B68B0
:10330000002283F834200123CDE27B681B68764AD3
:1033100093424AD07B681B68744A934245D07B68CD
:103320001B68734A934240D07B681B68714A934282
:103330003BD07B681B68704A934236D07B681B6821
:103340006E4A934231D07B681B686D4A93422CD001
:103350007B681B686B4A934227D07B681B686A4A6C
:10336000934222D07B681B68684A93421DD07B68D9
:103370001B68674A934218D07B681B68654A934272
:1033800013D07B681B68644A93420ED07B681B682D
:10339000624A934209D07B681B68614A934204D019
:1033A0007B681B685F4A934201D1012300E0002340
:1033B000002B13D07B681B681A687B681B6822F09F
:1033C0001E021A607B681B685A697B681B6822F0C2
:1033D00080025A617B681B687B610AE07B681B681E
:1033E0001A687B681B6822F00E021A607B681B68F3
:1033F0007B617B681B683C4A934272D07B681B6888
:103400003A4A93426DD07B681B68394A934268D030
:103410007B681B68374A934263D07B681B68364AD7
:1034200093425ED07B681B68344A934259D07B68D4
:103430001B68334A934254D07B681B68314A9342DD
:103440004FD07B681B68304A93424AD07B681B6828
:103450002E4A934245D07B681B682D4A934240D048
:103460007B681B682B4A93423BD07B681B682A4AC7
:10347000934236D07B681B68284A934231D07B68E0
:103480001B68274A93422CD07B681B68254A9342CD
:1034900027D07B681B68244A934222D07B681B6834
:1034A000224A93421DD07B681B68214A934218D060
:1034B0007B681B681F4A934213D07B681B681E4AB7
:1034C00093420ED07B681B681C4A934209D07B68EC
:1034D0001B681B4A934204D07B681B68194A9342BD
:1034E00032D1012331E000BF100002402800024029
:1034F0004000024058000240700002408800024034
:10350000A0000240B800024010040240280402401B
:103510004004024058040240700402408804024003
:10352000A0040240B8040240085402581C54025837
:103530003054025844540258585402586C5402589B
:1035400080540258945402580023002B07D07B6803
:103550001B6E1A687B681B6E22F480721A607B688F
:103560001B686D4A93424AD07B681B686B4A934242
:1035700045D07B681B686A4A934240D07B681B68D1
:10358000684A93423BD07B681B68674A934236D0B7
:103590007B681B68654A934231D07B681B68644A2C
:1035A00093422CD07B681B68624A934227D07B6889
:1035B0001B68614A934222D07B681B685F4A934232
:1035C0001DD07B681B685E4A934218D07B681B68DD
:1035D0005C4A934213D07B681B685B4A93420ED0CF
:1035E0007B681B68594A934209D07B681B68584A1C
:1035F000934204D07B681B68564A934208D17B688B
:103600001B681A687B681B6822F001021A6007E0D9
:103610007B681B681A687B681B6822F001021A60CD
:1036200013E0FEF75FFF02463B69D31A052B0CD966
:103630007B6820225A657B68032283F835207B68EB
:10364000002283F8342001232DE17B691B6803F0FD
:103650000103002BE5D17B681B682F4A93424AD0B7
:103660007B681B682D4A934245D07B681B682C4AB7
:10367000934240D07B681B682A4A93423BD07B68C8
:103680001B68294A934236D07B681B68274A9342BD
:1036900031D07B681B68264A93422CD07B681B681C
:1036A000244A934227D07B681B68234A934222D046
:1036B0007B681B68214A93421DD07B681B68204AA7
:1036C000934218D07B681B681E4A934213D07B68D4
:1036D0001B681D4A93420ED07B681B681B4A9342AD
:1036E00009D07B681B681A4A934204D07B681B6828
:1036F000184A934201D1012300E00023002B2BD074
:103700007B689B6DBB607B68DB6D03F01F033F2212
:103710009A40BB689A602AE01000024028000240EC
:103720004000024058000240700002408800024001
:10373000A0000240B80002401004024028040240E9
:1037400040040240580402407004024088040240D1
:10375000A0040240B80402407B689B6DFB607B685C
:10376000DB6D03F01F0301229A40FB685A607B68FF
:103770001B684F4A934272D07B681B684D4A934244
:103780006DD07B681B684C4A934268D07B681B688D
:103790004A4A934263D07B681B68494A93425ED091
:1037A0007B681B68474A934259D07B681B68464A2E
:1037B000934254D07B681B68444A93424FD07B6845
:1037C0001B68434A93424AD07B681B68414A934234
:1037D00045D07B681B68404A934240D07B681B6899
:1037E0003E4A93423BD07B681B683D4A934236D0A9
:1037F0007B681B683B4A934231D07B681B683A4A1E
:1038000093422CD07B681B68384A934227D07B6850
:103810001B68374A934222D07B681B68354A934223
:103820001DD07B681B68344A934218D07B681B68A4
:10383000324A934213D07B681B68314A93420ED0C0
:103840007B681B682F4A934209D07B681B682E4A0D
:10385000934204D07B681B682C4A934201D1012318
:1038600000E00023002B15D07B685B6E7A68926EB7
:103870005A607B68DB6E002B0CD07B68DB6E1A68AD
:103880007B68DB6E22F480721A607B681B6F7A683B
:10389000526F5A607B68012283F835207B680022D2
:1038A00083F83420002318461837BD4680BD00BF7A
:1038B0001000024028000240400002405800024030
:1038C0007000024088000240A0000240B8000240A0
:1038D0001004024028040240400402405804024000
:1038E0007004024088040240A0040240B804024070
:1038F000085402581C540258305402584454025878
:10390000585402586C540258805402589454025827
:1039100080B584B000AF78607B68002B01D10123B3
:1039200037E27B6893F83530DBB2022B04D07B683A
:1039300080225A6501232CE27B681B685C4A934213
:103940004AD07B681B685B4A934245D07B681B6802
:10395000594A934240D07B681B68584A93423BD0F7
:103960007B681B68564A934236D07B681B68554A71
:10397000934231D07B681B68534A93422CD07B68BA
:103980001B68524A934227D07B681B68504A934277
:1039900022D07B681B684F4A93421DD07B681B680E
:1039A0004D4A934218D07B681B684C4A934213D00F
:1039B0007B681B684A4A93420ED07B681B68494A61
:1039C000934209D07B681B68474A934204D07B68C6
:1039D0001B68464A934201D1012300E00023002BDB
:1039E00000F086807B68042283F835207B681B68A2
:1039F0002F4A93424AD07B681B682E4A934245D097
:103A00007B681B682C4A934240D07B681B682B4A1A
:103A100093423BD07B681B68294A934236D07B682F
:103A20001B68284A934231D07B681B68264A934220
:103A30002CD07B681B68254A934227D07B681B6883
:103A4000234A934222D07B681B68224A93421DD0AE
:103A50007B681B68204A934218D07B681B681F4A0A
:103A6000934213D07B681B681D4A93420ED07B683B
:103A70001B681C4A934209D07B681B681A4A934210
:103A800004D07B681B68194A934208D17B681B6885
:103A90001A687B681B6822F001021A6078E17B6873
:103AA0001B681A687B681B6822F001021A606FE1CC
:103AB000100002402800024040000240580002402E
:103AC0007000024088000240A0000240B80002409E
:103AD00010040240280402404004024058040240FE
:103AE0007004024088040240A0040240B80402406E
:103AF0007B681B681A687B681B6822F00E021A60DC
:103B00007B681B686C4A93424AD07B681B686B4A8F
:103B1000934245D07B681B68694A934240D07B68DA
:103B20001B68684A93423BD07B681B68664A934295
:103B300036D07B681B68654A934231D07B681B682E
:103B4000634A93422CD07B681B68624A934227D019
:103B50007B681B68604A934222D07B681B685F4A7F
:103B600093421DD07B681B685D4A934218D07B68E6
:103B70001B685C4A934213D07B681B685A4A934285
:103B80000ED07B681B68594A934209D07B681B683A
:103B9000574A934204D07B681B68564A934208D127
:103BA0007B681B681A687B681B6822F001021A6038
:103BB00007E07B681B681A687B681B6822F00102BB
:103BC0001A607B681B683C4A934272D07B681B6812
:103BD0003A4A93426DD07B681B68394A934268D059
:103BE0007B681B68374A934263D07B681B68364A00
:103BF00093425ED07B681B68344A934259D07B68FD
:103C00001B68334A934254D07B681B68314A934205
:103C10004FD07B681B68304A93424AD07B681B6850
:103C20002E4A934245D07B681B682D4A934240D070
:103C30007B681B682B4A93423BD07B681B682A4AEF
:103C4000934236D07B681B68284A934231D07B6808
:103C50001B68274A93422CD07B681B68254A9342F5
:103C600027D07B681B68244A934222D07B681B685C
:103C7000224A93421DD07B681B68214A934218D088
:103C80007B681B681F4A934213D07B681B681E4ADF
:103C900093420ED07B681B681C4A934209D07B6814
:103CA0001B681B4A934204D07B681B68194A9342E5
:103CB00032D1012331E000BF100002402800024051
:103CC000400002405800024070000240880002405C
:103CD000A0000240B8000240100402402804024044
:103CE000400402405804024070040240880402402C
:103CF000A0040240B8040240085402581C54025860
:103D00003054025844540258585402586C540258C3
:103D100080540258945402580023002B28D07B680A
:103D20001B6E1A687B681B6E22F480721A607B68B7
:103D30009B6DFB607B68DB6D03F01F0301229A40E3
:103D4000FB685A607B685B6E7A68926E5A607B682B
:103D5000DB6E002B0CD07B68DB6E1A687B68DB6E39
:103D600022F480721A607B681B6F7A68526F5A6007
:103D70007B68012283F835207B68002283F8342099
:103D80007B681B6D002B03D07B681B6D78689847A0
:103D9000002318461037BD4680BD00BF80B58AB0ED
:103DA00000AF78600023FB60674B1B68674AA2FB8B
:103DB00003239B0A7B627B689B6D3B627B689B6DE8
:103DC000FB613B6A1B68BB61FB691B687B617B68AD
:103DD0001B685F4A93424AD07B681B685D4A9342E6
:103DE00045D07B681B685C4A934240D07B681B6867
:103DF0005A4A93423BD07B681B68594A934236D05B
:103E00007B681B68574A934231D07B681B68564ACF
:103E100093422CD07B681B68544A934227D07B681E
:103E20001B68534A934222D07B681B68514A9342D5
:103E30001DD07B681B68504A934218D07B681B6872
:103E40004E4A934213D07B681B684D4A93420ED072
:103E50007B681B684B4A934209D07B681B684A4ABF
:103E6000934204D07B681B68484A934201D10123E6
:103E700000E00023002B00F02B847B68DB6D03F057
:103E80001F0308229A40BB691340002B00F0A28058
:103E90007B681B682E4A93424AD07B681B682D4A78
:103EA000934245D07B681B682B4A934240D07B6885
:103EB0001B682A4A93423BD07B681B68284A93427E
:103EC00036D07B681B68274A934231D07B681B68D9
:103ED000254A93422CD07B681B68244A934227D002
:103EE0007B681B68224A934222D07B681B68214A68
:103EF00093421DD07B681B681F4A934218D07B6891
:103F00001B681E4A934213D07B681B681C4A93426D
:103F10000ED07B681B681B4A934209D07B681B68E4
:103F2000194A934204D07B681B68184A93422FD1E8
:103F30007B681B681B6803F00403002B14BF01237C
:103F40000023DBB22EE000BF00000024B5814E1B31
:103F50001000024028000240400002405800024089
:103F60007000024088000240A0000240B8000240F9
:103F70001004024028040240400402405804024059
:103F80007004024088040240A0040240B8040240C9
:103F90007B681B681B6803F00803002B14BF012318
:103FA0000023DBB2002B15D07B681B681A687B6886
:103FB0001B6822F004021A607B68DB6D03F01F03AC
:103FC00008229A403B6A9A607B685B6D43F001026D
:103FD0007B685A657B68DB6D03F01F03BA6922FAC0
:103FE00003F303F00103002B6ED07B681B68694A62
:103FF00093424AD07B681B68674A934245D07B68EE
:104000001B68664A934240D07B681B68644A9342AF
:104010003BD07B681B68634A934236D07B681B6841
:10402000614A934231D07B681B68604A93422CD02E
:104030007B681B685E4A934227D07B681B685D4A99
:10404000934222D07B681B685B4A93421DD07B68F9
:104050001B685A4A934218D07B681B68584A93429F
:1040600013D07B681B68574A93420ED07B681B684D
:10407000554A934209D07B681B68544A934204D046
:104080007B681B68524A93420AD17B681B685B6954
:1040900003F08003002B14BF01230023DBB203E0F5
:1040A0007B681B681B680023002B0DD07B68DB6DD1
:1040B00003F01F0301229A403B6A9A607B685B6DA4
:1040C00043F002027B685A657B68DB6D03F01F03D7
:1040D00004229A40BB691340002B00F08F807B685C
:1040E0001B682C4A93424AD07B681B682A4A934239
:1040F00045D07B681B68294A934240D07B681B6887
:10410000274A93423BD07B681B68264A934236D0AD
:104110007B681B68244A934231D07B681B68234A22
:1041200093422CD07B681B68214A934227D07B683E
:104130001B68204A934222D07B681B681E4A934228
:104140001DD07B681B681D4A934218D07B681B6892
:104150001B4A934213D07B681B681A4A93420ED0C5
:104160007B681B68184A934209D07B681B68174A12
:10417000934204D07B681B68154A93422AD17B681E
:104180001B681B6803F00203002B14BF01230023EC
:10419000DBB223E010000240280002404000024051
:1041A000580002407000024088000240A000024017
:1041B000B8000240100402402804024040040240BB
:1041C000580402407004024088040240A0040240E7
:1041D000B80402407B681B681B680023002B0DD0CD
:1041E0007B68DB6D03F01F0304229A403B6A9A60F0
:1041F0007B685B6D43F004027B685A657B68DB6D0E
:1042000003F01F0310229A40BB691340002B00F0FB
:10421000A6807B681B68854A93424AD07B681B68EE
:10422000834A934245D07B681B68824A934240D0C0
:104230007B681B68804A93423BD07B681B687F4A3F
:10424000934236D07B681B687D4A934231D07B68AD
:104250001B687C4A93422CD07B681B687A4A934245
:1042600027D07B681B68794A934222D07B681B6801
:10427000774A93421DD07B681B68764A934218D0D8
:104280007B681B68744A934213D07B681B68734A2F
:1042900093420ED07B681B68714A934209D07B68B9
:1042A0001B68704A934204D07B681B686E4A934235
:1042B0000AD17B681B681B6803F00803002B14BF3E
:1042C00001230023DBB209E07B681B681B6803F055
:1042D0000403002B14BF01230023DBB2002B3ED0CC
:1042E0007B68DB6D03F01F0310229A403B6A9A60E3
:1042F0007B681B681B6803F48023002B18D07B6845
:104300001B681B6803F40023002B08D17B681B6C1F
:10431000002B24D07B681B6C786898471FE07B6873
:104320009B6C002B1BD07B689B6C7868984716E0D1
:104330007B681B681B6803F48073002B07D17B68C4
:104340001B681A687B681B6822F008021A607B6889
:104350001B6C002B03D07B681B6C786898477B68CC
:10436000DB6D03F01F0320229A40BB691340002B32
:1043700000F010817B681B682C4A93424AD07B680E
:104380001B682B4A934245D07B681B68294A93429D
:1043900040D07B681B68284A93423BD07B681B68EF
:1043A000264A934236D07B681B68254A934231D017
:1043B0007B681B68234A93422CD07B681B68224A87
:1043C000934227D07B681B68204A934222D07B68A7
:1043D0001B681F4A93421DD07B681B681D4A93428D
:1043E00018D07B681B681C4A934213D07B681B68FB
:1043F0001A4A93420ED07B681B68194A934209D02F
:104400007B681B68174A934204D07B681B68164A76
:1044100093422BD17B681B681B6803F01003002BB1
:1044200014BF01230023DBB22AE000BF10000240CA
:104430002800024040000240580002407000024044
:1044400088000240A0000240B80002401004024070
:104450002804024040040240580402407004024014
:1044600088040240A0040240B80402407B681B6834
:104470001B6803F00203002B14BF01230023DBB2EF
:10448000002B00F087807B68DB6D03F01F03202288
:104490009A403B6A9A607B6893F83530DBB2042B14
:1044A00039D17B681B681A687B681B6822F016028A
:1044B0001A607B681B685A697B681B6822F080025F
:1044C0005A617B681B6C002B03D17B689B6C002BB3
:1044D00007D07B681B681A687B681B6822F008029B
:1044E0001A607B68DB6D03F01F033F229A403B6A32
:1044F0009A607B68012283F835207B68002283F86C
:1045000034207B681B6D002B00F04A837B681B6D99
:104510007868984744E37B681B681B6803F4802332
:10452000002B18D07B681B681B6803F40023002B4A
:1045300008D17B685B6C002B2CD07B685B6C786847
:10454000984727E07B68DB6B002B23D07B68DB6B15
:10455000786898471EE07B681B681B6803F48073CB
:10456000002B0FD17B681B681A687B681B6822F0E0
:1045700010021A607B68012283F835207B680022D4
:1045800083F834207B68DB6B002B03D07B68DB6B0C
:10459000786898477B685B6D002B00F006837B682A
:1045A0005B6D03F00103002B00F088807B68042220
:1045B00083F835207B681B687A4A93424AD07B682F
:1045C0001B68794A934245D07B681B68774A9342BF
:1045D00040D07B681B68764A93423BD07B681B685F
:1045E000744A934236D07B681B68734A934231D039
:1045F0007B681B68714A93422CD07B681B68704AA9
:10460000934227D07B681B686E4A934222D07B6816
:104610001B686D4A93421DD07B681B686B4A9342AE
:1046200018D07B681B686A4A934213D07B681B686A
:10463000684A93420ED07B681B68674A934209D050
:104640007B681B68654A934204D07B681B68644A98
:10465000934208D17B681B681A687B681B6822F04C
:1046600001021A6007E07B681B681A687B681B6898
:1046700022F001021A60FB680133FB607A6A9A42F9
:1046800007D37B681B681B6803F00103002BF2D182
:1046900000E000BF7B681B681B6803F00103002B70
:1046A00004D07B68032283F8352003E07B68012275
:1046B00083F835207B68002283F834207B68DB6C2C
:1046C000002B00F072827B68DB6C786898476CE2A4
:1046D0007B681B68434A934222D07B681B68424A2E
:1046E00093421DD07B681B68404A934218D07B6878
:1046F0001B683F4A934213D07B681B683D4A934234
:104700000ED07B681B683C4A934209D07B681B68CB
:104710003A4A934204D07B681B68394A934201D1DC
:10472000012300E00023002B00F03F827B681B6820
:104730001B683B617B68DB6D03F01F0304229A401A
:104740007B691340002B00F0CD803B6903F004032C
:10475000002B00F0C7807B68DB6D03F01F03042291
:104760009A40FB695A603B6903F40043002B49D02F
:104770003B6903F48033002B09D17B689B6C002BD1
:1047800000F010827B689B6C786898470AE27B682F
:104790001B6C002B00F006827B681B6C78689847C6
:1047A00000E200BF1000024028000240400002402A
:1047B000580002407000024088000240A000024001
:1047C000B8000240100402402804024040040240A5
:1047D000580402407004024088040240A0040240D1
:1047E000B8040240085402581C540258305402586D
:1047F00044540258585402586C5402588054025879
:10480000945402583B6903F02003002B60D17B686D
:104810001B687F4A93424AD07B681B687D4A93425B
:1048200045D07B681B687C4A934240D07B681B68FC
:104830007A4A93423BD07B681B68794A934236D0D0
:104840007B681B68774A934231D07B681B68764A45
:1048500093422CD07B681B68744A934227D07B68B4
:104860001B68734A934222D07B681B68714A93424B
:104870001DD07B681B68704A934218D07B681B6808
:104880006E4A934213D07B681B686D4A93420ED0E8
:104890007B681B686B4A934209D07B681B686A4A35
:1048A000934204D07B681B68684A934208D17B68B6
:1048B0001B681A687B681B6822F008021A6007E010
:1048C0007B681B681A687B681B6822F004021A6008
:1048D0007B681B6C002B00F065817B681B6C786823
:1048E00098475FE17B68DB6D03F01F0302229A406B
:1048F0007B691340002B00F0C5803B6903F0020385
:10490000002B00F0BF807B68DB6D03F01F030222E9
:104910009A40FB695A603B6903F40043002B18D0AE
:104920003B6903F48033002B09D17B685B6C002B5F
:1049300000F03A817B685B6C7868984734E17B686B
:10494000DB6B002B00F030817B68DB6B786898476D
:104950002AE13B6903F02003002B40F089807B684B
:104960001B682B4A93424AD07B681B68294A9342B2
:1049700045D07B681B68284A934240D07B681B68FF
:10498000264A93423BD07B681B68254A934236D027
:104990007B681B68234A934231D07B681B68224A9C
:1049A00093422CD07B681B68204A934227D07B68B7
:1049B0001B681F4A934222D07B681B681D4A9342A2
:1049C0001DD07B681B681C4A934218D07B681B680B
:1049D0001A4A934213D07B681B68194A93420ED03F
:1049E0007B681B68174A934209D07B681B68164A8C
:1049F000934204D07B681B68144A934228D17B6899
:104A00001B681A687B681B6822F014021A6027E092
:104A100010000240280002404000024058000240BE
:104A20007000024088000240A0000240B80002402E
:104A3000100402402804024040040240580402408E
:104A40007004024088040240A0040240B8040240FE
:104A50007B681B681A687B681B6822F00A021A6070
:104A60007B68012283F835207B68002283F834209C
:104A70007B68DB6B002B00F097807B68DB6B7868D2
:104A8000984791E07B68DB6D03F01F0308229A4092
:104A90007B691340002B00F088803B6903F008031A
:104AA000002B00F082807B681B68414A93424AD009
:104AB0007B681B683F4A934245D07B681B683E4A2F
:104AC000934240D07B681B683C4A93423BD07B6852
:104AD0001B683B4A934236D07B681B68394A934235
:104AE00031D07B681B68384A93422CD07B681B68A6
:104AF000364A934227D07B681B68354A934222D0BE
:104B00007B681B68334A93421DD07B681B68324A1E
:104B1000934218D07B681B68304A934213D07B685D
:104B20001B682F4A93420ED07B681B682D4A934224
:104B300009D07B681B682C4A934204D07B681B68B1
:104B40002A4A934208D17B681B681A687B681B68F5
:104B500022F01C021A6007E07B681B681A687B68F9
:104B60001B6822F00E021A607B68DB6D03F01F03E6
:104B700001229A40FB695A607B6801225A657B6872
:104B8000012283F835207B68002283F834207B687B
:104B9000DB6C002B09D07B68DB6C7868984704E0FD
:104BA00000BF02E000BF00E000BF2837BD4680BD67
:104BB000100002402800024040000240580002401D
:104BC0007000024088000240A0000240B80002408D
:104BD00010040240280402404004024058040240ED
:104BE0007004024088040240A0040240B80402405D
:104BF00080B487B000AFF8600B467A60FB72002388
:104C0000FB75FB68002B01D1012345E0FB6893F89D
:104C10003430012B01D102233EE0FB68012283F8EE
:104C20003420FB6893F83530DBB2012B2DD1FB7AB1
:104C3000052B27D801A252F823F000BF554C0008DD
:104C40005D4C0008654C00086D4C0008754C000870
:104C50007D4C0008FB687A68DA6318E0FB687A68C4
:104C60001A6414E0FB687A685A6410E0FB687A689A
:104C70009A640CE0FB687A68DA6408E0FB687A689A
:104C80001A6504E00123FB7501E00123FB75FB6855
:104C9000002283F83420FB7D18461C37BD465DF8A2
:104CA000047B704780B483B000AF78607B6893F872
:104CB0003530DBB218460C37BD465DF8047B7047D3
:104CC00080B483B000AF78607B685B6D18460C37AA
:104CD000BD465DF8047B704780B487B000AFF860D4
:104CE000B9607A603B60FB689B6D7B61FB689B6D84
:104CF0003B61FB681B687F4A934272D0FB681B686C
:104D00007D4A93426DD0FB681B687C4A934268D011
:104D1000FB681B687A4A934263D0FB681B68794A38
:104D200093425ED0FB681B68774A934259D0FB6878
:104D30001B68764A934254D0FB681B68744A9342BE
:104D40004FD0FB681B68734A93424AD0FB681B68CC
:104D5000714A934245D0FB681B68704A934240D029
:104D6000FB681B686E4A93423BD0FB681B686D4A28
:104D7000934236D0FB681B686B4A934231D0FB6884
:104D80001B686A4A93422CD0FB681B68684A9342AE
:104D900027D0FB681B68674A934222D0FB681B68D8
:104DA000654A93421DD0FB681B68644A934218D041
:104DB000FB681B68624A934213D0FB681B68614A18
:104DC00093420ED0FB681B685F4A934209D0FB6890
:104DD0001B685E4A934204D0FB681B685C4A93429E
:104DE00001D1012300E00023002B0DD0FB685B6E96
:104DF000FA68926E5A60FB68DB6E002B04D0FB6889
:104E00001B6FFA68526F5A60FB681B68394A9342FD
:104E10004AD0FB681B68384A934245D0FB681B6840
:104E2000364A934240D0FB681B68354A93423BD0D8
:104E3000FB681B68334A934236D0FB681B68324AD2
:104E4000934231D0FB681B68304A93422CD0FB68F8
:104E50001B682F4A934227D0FB681B682D4A934258
:104E600022D0FB681B682C4A93421DD0FB681B684C
:104E70002A4A934218D0FB681B68294A934213D0F0
:104E8000FB681B68274A93420ED0FB681B68264AC2
:104E9000934209D0FB681B68244A934204D0FB6804
:104EA0001B68234A934201D1012300E00023002B19
:104EB00059D0FB68DB6D03F01F033F229A407B69EA
:104EC0009A60FB681B681A68FB681B6822F48022E2
:104ED0001A60FB681B683A685A60FB689B68402B45
:104EE00038D1FB681B687A689A60FB681B68BA68EF
:104EF000DA6086E0100002402800024040000240D4
:104F0000580002407000024088000240A0000240A9
:104F1000B80002401004024028040240400402404D
:104F2000580402407004024088040240A004024079
:104F3000B8040240085402581C5402583054025815
:104F400044540258585402586C5402588054025821
:104F500094540258FB681B68BA689A60FB681B6827
:104F60007A68DA604DE0FB681B68294A934222D0D8
:104F7000FB681B68274A93421DD0FB681B68264AC2
:104F8000934218D0FB681B68244A934213D0FB68F5
:104F90001B68234A93420ED0FB681B68214A934248
:104FA00009D0FB681B68204A934204D0FB681B6849
:104FB0001E4A934201D1012300E00023002B20D0A0
:104FC000FB68DB6D03F01F0301229A403B695A60C6
:104FD000FB681B683A685A60FB689B68402B08D1E5
:104FE000FB681B687A689A60FB681B68BA68DA60BD
:104FF00007E0FB681B68BA689A60FB681B687A6800
:10500000DA6000BF1C37BD465DF8047B704700BF07
:10501000085402581C540258305402584454025840
:10502000585402586C5402588054025894540258F0
:1050300080B485B000AF78607B681B68424A9342B9
:105040004AD07B681B68414A934245D07B681B6805
:105050003F4A934240D07B681B683E4A93423BD014
:105060007B681B683C4A934236D07B681B683B4A8E
:10507000934231D07B681B68394A93422CD07B68BD
:105080001B68384A934227D07B681B68364A934294
:1050900022D07B681B68354A93421DD07B681B6811
:1050A000334A934218D07B681B68324A934213D02C
:1050B0007B681B68304A93420ED07B681B682F4A7E
:1050C000934209D07B681B682D4A934204D07B68C9
:1050D0001B682C4A934201D1012300E00023002BDE
:1050E00024D07B681B68DBB2103B274AA2FB03235A
:1050F0001B09FB60FB6803F00703244AD35C1A46D4
:105100007B68DA65FB68032B08D97B681B681A4645
:105110001F4B13401A1D7B689A650DE07B681B6866
:105120001A461B4B13407A68936505E07B681B6841
:1051300023F0FF027B689A657B689B6D18461437E5
:10514000BD465DF8047B7047100002402800024015
:1051500040000240580002407000024088000240B7
:10516000A0000240B800024010040240280402409F
:105170004004024058040240700402408804024087
:10518000A0040240B8040240ABAAAAAA8CDE03081D
:1051900000FCFFFF80B485B000AF78600023FB7394
:1051A0007B689B69002B20D17B689B6A032B58D8B6
:1051B00001A252F823F000BFC9510008DB510008DA
:1051C000C9510008635200087B68DB6A03F08073F2
:1051D000002B48D00123FB7345E07B68DB6AB3F109
:1051E000C07F42D10123FB733FE07B689B69B3F52D
:1051F000005F23D17B689B6A032B38D801A252F849
:1052000023F000BF155200081B5200081552000879
:105210002D5200080123FB7330E07B68DB6A03F04A
:105220008073002B25D00123FB7322E07B68DB6AAF
:10523000B3F1C07F1FD10123FB731CE07B689B6A25
:10524000022B02D9032B03D018E00123FB7315E0D6
:105250007B68DB6A03F08073002B0ED00123FB73A5
:105260000BE000BF0AE000BF08E000BF06E000BF9F
:1052700004E000BF02E000BF00E000BFFB7B184677
:105280001437BD465DF8047B704700BF80B485B01D
:1052900000AF78607B681B68BB607B681B68384A1E
:1052A000934222D07B681B68364A93421DD07B68AC
:1052B0001B68354A934218D07B681B68334A934277
:1052C00013D07B681B68324A93420ED07B681B6800
:1052D000304A934209D07B681B682F4A934204D01E
:1052E0007B681B682D4A934201D1012300E0002313
:1052F000002B1AD07B681B68DBB2083B284AA2FB54
:1053000003231B09FB60FA68264B13449B001A46D3
:105310007B681A667B68244A5A66FB6803F01F03A1
:1053200001229A407B689A6624E07B681B68DBB2A6
:10533000103B1E4AA2FB03231B09FB60BB681C4AEF
:10534000934206D8BB681B4A934202D9FB680833D4
:10535000FB60FA68184B13449B001A467B681A6678
:105360007B68164A5A66FB6803F01F0301229A40C5
:105370007B689A6600BF1437BD465DF8047B7047B2
:10538000085402581C5402583054025844540258CD
:10539000585402586C54025880540258945402587D
:1053A000CDCCCCCC0096001680580258ABAAAAAA45
:1053B000B80402400F04024000820010800802403E
:1053C00080B485B000AF78607B685B68DBB2FB605F
:1053D000FB68002B4AD0FB68082B47D87B681B680A
:1053E000254A934222D07B681B68244A93421DD0F1
:1053F0007B681B68224A934218D07B681B68214A4D
:10540000934213D07B681B681F4A93420ED07B687F
:105410001B681E4A934209D07B681B681C4A934252
:1054200004D07B681B681B4A934201D1012300E032
:105430000023002B0AD0FA68174B13449B001A462E
:105440007B68DA667B68154A1A6709E0FA68144BCC
:1054500013449B001A467B68DA667B68114A1A6718
:10546000FB68013B01229A407B685A6700BF1437F2
:10547000BD465DF8047B7047085402581C5402581E
:105480003054025844540258585402586C5402582C
:1054900080540258945402583F96001640590258BE
:1054A0003F8200104009024080B598B000AF78609C
:1054B000844A07F10C0311464C22184635F0E2FEEF
:1054C0007B68002B01D10123C6E17B681B687E4A03
:1054D000934206D17B681B6803F580731A467B688C
:1054E0005A607B6893F89830DBB2002B06D17B685A
:1054F000002283F899207868FCF722F87B681B6803
:105500009A697B681B6822F010029A61FCF7EAFF37
:10551000F86514E0FCF7E6FF0246FB6DD31A0A2B90
:105520000DD97B68D3F89C3043F001027B68C3F847
:105530009C207B68032283F8982001238CE17B6800
:105540001B689B6903F00803082BE3D07B681B688A
:105550009A697B681B6842F001029A61FCF7C2FFFE
:10556000F86514E0FCF7BEFF0246FB6DD31A0A2B68
:105570000DD97B68D3F89C3043F001027B68C3F8F7
:105580009C207B68032283F89820012364E17B68D8
:105590001B689B6903F00103002BE3D07B681B6849
:1055A0009A697B681B6842F002029A617B681B7CE7
:1055B000012B08D17B681B689A697B681B6822F005
:1055C00040029A6107E07B681B689A697B681B68E8
:1055D00042F040029A617B685B7C012B08D17B68BA
:1055E0001B689A697B681B6842F480429A6107E0F5
:1055F0007B681B689A697B681B6822F480429A6109
:105600007B689B7C012B08D17B681B689A697B684F
:105610001B6822F480529A6107E07B681B689A69D4
:105620007B681B6842F480529A617B681B689B69A7
:1056300023F440717B689A687B681B680A439A610F
:105640007B681B689A697B681B6822F0A4029A61D8
:105650007B681B681A697B681B6822F010021A615C
:105660007B68DB68012B08D17B681B689A697B68C3
:105670001B6842F004029A6130E07B68DB68002B13
:105680002CD07B68DB68022B20D07B681B689A6972
:105690007B681B6842F080029A617B681B681A690C
:1056A0007B681B6842F010021A617B68DB68032B81
:1056B00014D17B681B689A697B681B6842F02002E2
:1056C0009A610BE060D1030800A000407B681B6872
:1056D0009A697B681B6842F020029A617B689B692B
:1056E000013B5A067B68DB69013B1B021A437B685E
:1056F0001B6A013B42EA03017B685B69013B1A04B8
:105700007B681B680A43DA617B689B68B3F5407F5E
:1057100015D17B689B6A5A1E7B68DB6A013B1B02C2
:105720001A437B681B6B013B1B0142EA03017B6848
:105730005B6A013B1A047B681B680A43DA607B687A
:105740001B6E002B0AD07B681B68D3F8C0107B68E7
:105750005A6E7B681B680A43C3F8C0207B68DA6D09
:105760007B681B6E1344002B11D07B681B68D3F839
:10577000C83023F007017B689B6E9B0060333B447D
:1057800053F8542C7B681B680A43C3F8C8207B6815
:105790001B6C002B11D07B681B68D3F8BC3023F046
:1057A00007017B685B6C9B0060333B4453F8542CCF
:1057B0007B681B680A43C3F8BC207B689B6C002B8A
:1057C00012D07B681B68D3F8BC3023F070017B6873
:1057D000DB6C9B0060333B4453F8543C1A017B68FC
:1057E0001B680A43C3F8BC207B681B6D002B12D0DA
:1057F0007B681B68D3F8BC3023F4E0617B685B6D89
:105800009B0060333B4453F8543C1A027B681B688E
:105810000A43C3F8BC207B681B68114A934207D136
:105820007B685B689A687B685B6822F003029A6019
:105830007B680022C3F894207B680022C3F89C2078
:105840007B68012283F89820786800F063FE0346A5
:1058500087F85B3097F85B3018466037BD4680BDEF
:1058600000A0004080B487B000AF786039607B68EA
:1058700093F89830FB73FB7B012B02D0FB7B022B50
:1058800057D13B681B68002B2BD13B68DB68072B8B
:105890000DD13B681B691A043B68DB691B021A4384
:1058A0003B689B69134343F060537B610EE03B68A8
:1058B0009B689A073B68DB68DB061A433B681B69F9
:1058C0001B041A433B685B6913437B617B68DA6E98
:1058D0003B685B689B001344BB60BB687A691A60D5
:1058E00025E03B68DB685A073B681B6913437B6113
:1058F0003B68DB68072B03D13B689B693B6106E093
:105900003B689B689A073B685B6913433B617B6814
:105910001A6F3B685B68DB001344BB60BB687A6945
:105920001A60BB680433BB60BB683A691A60002325
:1059300008E07B68D3F89C3043F002027B68C3F830
:105940009C20012318461C37BD465DF8047B704738
:1059500080B483B000AF78607B6893F89830DBB296
:10596000012B11D17B68022283F898207B681B6889
:105970009A697B681B6822F001029A617B680022A9
:10598000C3F89C20002308E07B68D3F89C3043F0E8
:1059900004027B68C3F89C20012318460C37BD46DF
:1059A0005DF8047B704780B485B000AF7860002359
:1059B000FB607B6893F89830DBB2022B5BD17B688D
:1059C0001B689A697B681B6842F001029A6113E0C8
:1059D000FB68322B0DD97B68D3F89C3043F0010271
:1059E0007B68C3F89C207B68032283F898200123FE
:1059F0004AE0FB680133FB607B681B689B6903F02E
:105A00000103002BE4D00023FB607B681B689A69CC
:105A10007B681B6822F010029A6113E0FB68322B4E
:105A20000DD97B68D3F89C3043F001027B68C3F842
:105A30009C207B68032283F89820012324E0FB68E4
:105A40000133FB607B681B689B6903F00803082B2C
:105A5000E4D07B681B689A697B681B6842F002028D
:105A60009A617B680022C3F894207B68012283F846
:105A70009820002308E07B68D3F89C3043F00802AC
:105A80007B68C3F89C20012318461437BD465DF897
:105A9000047B704780B586B000AFF860B9607A606B
:105AA000FB6893F89830DBB2022B41D1FB681B688E
:105AB000D3F8C03003F07C53002B09D1FB68D3F836
:105AC0009C3043F02002FB68C3F89C20012338E09F
:105AD000FB681B68D3F8C43003F40013002B09D013
:105AE000FB68D3F89C3043F40072FB68C3F89C2039
:105AF000012326E0FB681B68D3F8C4301B0C03F0BD
:105B00001F037B617B697A68B968F86800F088FEDA
:105B1000FB681B6801217A6901FA02F2C3F8D02000
:105B200001227B699A40FB68C3F89420002308E0B7
:105B3000FB68D3F89C3043F00802FB68C3F89C2054
:105B4000012318461837BD4680BD000080B48BB0D5
:105B500000AFF860B9607A603B600023FB61FB68CE
:105B600093F89830FB76FB7E022B40F04981BB68AE
:105B7000402B4CD1FB681B68D3F8A03003F4FE0324
:105B8000002B09D1FB68D3F89C3043F02002FB685E
:105B9000C3F89C2001233CE1FB681B68D3F8A430C8
:105BA00003F07F03002B09D1FB68D3F89C3043F44A
:105BB0008072FB68C3F89C2001232AE1FB681B6804
:105BC000D3F8A43003F08073B3F1807F0AD1FB686F
:105BD0001B68D3F8A03003F00043B3F1004F01D1AC
:105BE0000123FB61FB681B68D3F8A4301B0A03F098
:105BF0003F03FA691344FB61FB685A6FFB685B6CF7
:105C0000F96901FB03F39B0013447B6268E0BB6806
:105C1000412B4CD1FB681B68D3F8B03003F4FE0372
:105C2000002B09D1FB68D3F89C3043F02002FB68BD
:105C3000C3F89C200123ECE0FB681B68D3F8B43068
:105C400003F07F03002B09D1FB68D3F89C3043F4A9
:105C50008072FB68C3F89C200123DAE0FB681B68B4
:105C6000D3F8B43003F08073B3F1807F0AD1FB68BE
:105C70001B68D3F8B03003F00043B3F1004F01D1FB
:105C80000123FB61FB681B68D3F8B4301B0A03F0E7
:105C90003F03FA691344FB61FB689A6FFB68DB6C96
:105CA000F96901FB03F39B0013447B6218E0FB6876
:105CB0001B6DBA689A4209D3FB68D3F89C3043F055
:105CC0002002FB68C3F89C200123A2E0FB68DA6F86
:105CD000FB685B6DB96801FB03F39B0013447B62B7
:105CE0007B6A1B6803F080427B685A607B685B6854
:105CF000002B07D17B6A1B689B0CC3F30A027B68ED
:105D00001A6005E07B6A1B6823F060427B681A60BA
:105D10007B6A1B6803F000527B689A607B6A1B6891
:105D200003F000427B681A617B6A04337B627B6A02
:105D30001B689AB27B68DA617B6A1B681B0C03F0F4
:105D40000F027B68DA607B6A1B6803F480127B6851
:105D50005A617B6A1B6803F400127B689A617B6A54
:105D60001B681B0E03F07F027B681A627B6A1B684C
:105D7000DA0F7B685A627B6A04337B627B6A7B61E1
:105D800000233B620AE07A693B6A1A4439683B6A3D
:105D90000B4412781A703B6A01333B627B68DB6804
:105DA0001F4AD35C1A463B6A9342ECD3BB68402B34
:105DB00005D1FB681B68FA69C3F8A8201EE0BB6820
:105DC000412B05D1FB681B68FA69C3F8B82015E0C0
:105DD000BB681F2B08D8FB681B680121BA6801FA51
:105DE00002F2C3F8982009E0BB6803F01F02FB68C9
:105DF0001B68012101FA02F2C3F89C20002308E08D
:105E0000FB68D3F89C3043F00802FB68C3F89C2081
:105E1000012318462C37BD465DF8047B704700BF50
:105E200094DE030880B487B000AFF860B9607A6090
:105E3000FB6893F89830FB75FB7D012B02D0FB7D4E
:105E4000022B55D1FB681B689A6DBB681340002B71
:105E500008D1FB681B68DA6DFB681B6842F0010221
:105E6000DA6514E0FB681B689A6DBB681340BA687A
:105E70009A4208D1FB681B68DA6DFB681B6842F028
:105E80000202DA6503E0FB681B680322DA65BB687F
:105E900003F40073002B09D0FB681B68D3F8E010F3
:105EA000FB681B687A680A43C3F8E020BB6803F408
:105EB0008063002B09D0FB681B68D3F8E410FB68F3
:105EC0001B687A680A43C3F8E420FB681B68596DB5
:105ED000BA680F4B1340FA6812680B4353650D4BB9
:105EE0005A69BB689B0F0B4913434B61002308E0C1
:105EF000FB68D3F89C3043F00202FB68C3F89C2097
:105F0000012318461C37BD465DF8047B704700BF6F
:105F1000FFFFCF3F00A8004080B596B000AF78608B
:105F20009A4B1B699B077B65984B5B699B077A6D56
:105F300013407B657B681B681B6D03F470433B65F6
:105F40007B681B685B6D3A6D13403B657B681B6823
:105F50001B6D03F00F03FB647B681B685B6DFA6CC1
:105F60001340FB647B681B681B6D03F0F003BB648C
:105F70007B681B685B6DBA6C1340BB647B681B68F5
:105F80001B6D03F071537B647B681B685B6D7A6CDF
:105F900013407B647B681B681B6D03F060733B647C
:105FA0007B681B685B6D3A6C13403B647B681B68C5
:105FB0005B6DFB637B681B681B6DBB63FB6B1B0A24
:105FC00003F00103002B10D0BB6B1B0A03F001038D
:105FD000002B0AD07B681B684FF480721A656B4BEC
:105FE00000221A61786800F049FAFB6B9B0A03F003
:105FF0000103002B1DD0BB6B9B0A03F00103002B98
:1060000017D07B681B68D3F8DC307B637B681B6828
:10601000D3F8E4307A6B13407B637B681B684FF4E2
:1060200080621A65594B00221A61796B786800F01A
:10603000FCF97B6D002B0DD07B681A68796D544B91
:106040000B401365514A7B6D9B0F1361796D786826
:1060500000F0C0F93B6D002B0DD07B681A68396DDC
:106060004B4B0B401365494A3B6D9B0F1361396DD8
:10607000786800F0BAF9FB6C002B0DD07B681A68C9
:10608000F96C434B0B401365404AFB6C9B0F13614B
:10609000F96C78682DF0BEFDBB6C002B0DD07B68D1
:1060A0001A68B96C3A4B0B401365384ABB6C9B0FAE
:1060B0001361B96C78682DF0E5FDFB6BDB0A03F02A
:1060C0000103002B10D0BB6BDB0A03F00103002B94
:1060D0000AD07B681B684FF400621A652B4B0022C4
:1060E0001A61786800F08CF9FB6B5B0A03F001031E
:1060F000002B1DD0BB6B5B0A03F00103002B17D0F4
:106100007B681B68D3F8D8303B637B681B68D3F887
:10611000E0303A6B13403B637B681B684FF40072BE
:106120001A651A4B00221A61396B786800F072F90F
:10613000FB6BDB0C03F00103002B10D0BB6BDB0C03
:1061400003F00103002B0AD07B681B684FF4002288
:106150001A650E4B00221A61786800F071F9FB6B2A
:106160001B0C03F00103002B16D0BB6B1B0C03F0C0
:106170000103002B10D07B681B684FF480321A6536
:10618000024B00221A61786804E000BF00A80040BA
:10619000FFFFCF3F00F05EF9FB6B9B0C03F00103A8
:1061A000002B10D0BB6B9B0C03F00103002B0AD01B
:1061B0007B681B684FF480221A65834B00221A61AA
:1061C000786800F051F9FB6B5B0C03F00103002BC6
:1061D00015D0BB6B5B0C03F00103002B0FD07B6869
:1061E0001B684FF400321A65774B00221A617B68F6
:1061F000D3F89C3043F080027B68C3F89C203B6C52
:10620000002B0DD07B681A68396C704B0B401365FE
:106210006D4A3B6C9B0F1361396C786800F042F952
:106220007B6C002B11D07B681A68796C674B0B4034
:106230001365654A7B6C9B0F13617B68D3F89C20C8
:106240007B6C1A437B68C3F89C207B681B68604AA0
:10625000934240F0AC807B685B689B6803F003036B
:10626000002B00F0A4807B685B681B6A03F00F03BF
:10627000FB627B685B685B6AFA6A1340FB627B685F
:106280005B681B6A03F03003BB627B685B685B6A18
:10629000BA6A1340BB627B685B681B6A03F4C07315
:1062A0007B627B685B685B6A7A6A13407B627B68AF
:1062B0005B681B6A03F4FC433B627B685B685B6A58
:1062C0003A6A13403B627B685B681B6A03F4F02305
:1062D000FB617B685B685B6AFA691340FB617B6802
:1062E0005B685B6ABB617B685B681B6A7B61FB6A9E
:1062F000002B07D07B685B68FA6A1A62F96A7868D3
:1063000000F0DBF8BB6A002B07D07B685B68BA6AD9
:106310001A62B96A786800F0DBF8BB699B0903F080
:106320000103002B1AD07B699B0903F00103002BAA
:1063300014D07B685B68DB6B1B0C9BB23B617B689A
:106340005B68DB6B03F03F03FB607B685B684022AC
:106350001A62FA683969786800F0C5F87B6A002B20
:1063600007D07B685B687A6A1A62796A786800F09D
:10637000C6F83B6A002B0BD07B685B683A6A1A62EE
:106380007B68D3F89C203B6A1A437B68C3F89C2047
:10639000FB69002B0BD07B685B68FA691A627B682B
:1063A000D3F89C20FB691A437B68C3F89C207B6868
:1063B000D3F89C30002B02D0786800F069F800BF59
:1063C0005837BD4680BD00BF00A80040FFFFCF3F4B
:1063D00000A0004080B483B000AF7860396000BF97
:1063E0000C37BD465DF8047B704780B483B000AFC6
:1063F0007860396000BF0C37BD465DF8047B70479C
:1064000080B483B000AF786000BF0C37BD465DF844
:10641000047B704780B483B000AF7860396000BF00
:106420000C37BD465DF8047B704780B483B000AF85
:106430007860396000BF0C37BD465DF8047B70475B
:1064400080B483B000AF786000BF0C37BD465DF804
:10645000047B704780B483B000AF786000BF0C3716
:10646000BD465DF8047B704780B483B000AF7860B0
:1064700000BF0C37BD465DF8047B704780B483B025
:1064800000AF786000BF0C37BD465DF8047B7047F5
:1064900080B483B000AF786000BF0C37BD465DF8B4
:1064A000047B704780B483B000AF7860396000BF70
:1064B0000C37BD465DF8047B704780B483B000AFF5
:1064C0007860396000BF0C37BD465DF8047B7047CB
:1064D00080B483B000AF7860396000BF0C37BD4630
:1064E0005DF8047B704780B485B000AFF860B96098
:1064F0007A6000BF1437BD465DF8047B704780B4F6
:1065000083B000AF7860396000BF0C37BD465DF8DE
:10651000047B704780B485B000AF78607B685B6BAC
:10652000BB607B681B68D3F88420A74B1340BA6814
:1065300091007A6812680B43C2F884307B681B684C
:10654000D3F8843023F47F017B689B6B1A047B684B
:106550001B680A43C3F884207B689B6BBA681344AA
:10656000BB607B681B68D3F88820974B1340BA68E0
:1065700091007A6812680B43C2F888307B681B6808
:10658000D3F8883023F4FE017B68DB6B1A047B6848
:106590001B680A43C3F888207B68DB6B5B00BA6822
:1065A0001344BB607B681B68D3F8A020864B134064
:1065B000BA6891007A6812680B43C2F8A0307B6811
:1065C0001B68D3F8A03023F4FE017B681B6C1A040F
:1065D0007B681B680A43C3F8A0207B681B6C7A6841
:1065E000526C02FB03F3BA681344BB607B681B6800
:1065F000D3F8B020744B1340BA6891007A681268DF
:106600000B43C2F8B0307B681B68D3F8B03023F47A
:10661000FE017B689B6C1A047B681B680A43C3F805
:10662000B0207B689B6C7A68D26C02FB03F3BA687B
:106630001344BB607B681B68D3F8AC20624B1340EB
:10664000BA6891007A6812680B43C2F8AC307B6874
:106650001B6D7A68526D02FB03F3BA681344BB608A
:106660007B681B68D3F8F020574B1340BA68910041
:106670007A6812680B43C2F8F0307B681B68D3F865
:10668000F03023F47C117B689B6D1A047B681B68D7
:106690000A43C3F8F0207B689B6D5B00BA68134423
:1066A000BB607B681B68D3F8C020474B1340BA68B7
:1066B00091007A6812680B43C2F8C0307B681B688F
:1066C000D3F8C03023F47C117B68DB6D1A047B683F
:1066D0001B680A43C3F8C0207B681B68D3F8C0302E
:1066E00023F07C517B681B6E1A067B681B680A438B
:1066F000C3F8C0207B685A6B344B13449A007B6804
:10670000DA667B68DA6E7B689B6B9B001A447B6859
:106710001A677B681A6F7B68DB6BDB001A447B6847
:106720005A677B685A6F7B681B6C7968496C01FB00
:1067300003F39B001A447B689A677B689A6F7B68B7
:106740009B6C7968C96C01FB03F39B001A447B685E
:10675000DA677B68DA6F7B681B6D7968496D01FBCE
:1067600003F39B001A447B68C3F880207B68D3F84E
:1067700080207B689B6DDB001A447B68C3F8842013
:106780007B68D3F884207B68DB6D7968896E01FBB8
:1067900003F39B001A447B68C3F888207B68D3F816
:1067A00088207B681B6E7968896E01FB03F39B0070
:1067B0001A447B68C3F890207B68D3F89030044A71
:1067C000934215D906E000BF0300FFFF002B001025
:1067D000FCD300407B68D3F89C3043F020027B68F8
:1067E000C3F89C207B68032283F89820012310E0E3
:1067F0007B68DB6EFB6005E0FB6800221A60FB68CB
:106800000433FB607B68D3F89030FA689A42F3D384
:10681000002318461437BD465DF8047B704700BF5F
:1068200080B489B000AFF860B9607A603B60BB6843
:106830005B68002B0AD1BB681A69BB689B681A4366
:10684000BB681B689B041343FB610AE0BB681A69C1
:10685000BB689B681A43BB681B68134343F08043C3
:10686000FB61BB681B6A1A06BB68DB691A43BB681D
:106870009B691A43BB685B691A43BB68DB681B04EE
:1068800013433B61FB68D3F88420FB689B6E396837
:1068900001FB03F39B001344BB61BB69FA691A60F7
:1068A000BB690433BB61BB693A691A60BB690433D5
:1068B000BB6100237B6120E07B6903337A6813446A
:1068C0001B781A067B69023379680B441B781B041A
:1068D0001A437B69013379680B441B781B0213430D
:1068E00079687A690A4412781A43BB691A60BB69ED
:1068F0000433BB617B6904337B61BB68DB68064A98
:10690000D35C1A467B699342D6D300BF00BF2437BD
:10691000BD465DF8047B704794DE030880B489B0FF
:1069200000AF786039600023FB61894B7B6194E1A3
:106930003B681A680121FB6901FA03F313403B61CC
:106940003B69002B00F086813B685B6803F0030322
:10695000012B05D03B685B6803F00303022B30D1A9
:106960007B689B68BB61FB695B00032202FA03F34F
:10697000DB43BA691340BB613B68DA68FB695B00C3
:1069800002FA03F3BA691343BB617B68BA699A6080
:106990007B685B68BB610122FB6902FA03F3DB439E
:1069A000BA691340BB613B685B681B0903F00102D5
:1069B000FB6902FA03F3BA691343BB617B68BA69E6
:1069C0005A603B685B6803F00303032B17D07B68B6
:1069D000DB68BB61FB695B00032202FA03F3DB4364
:1069E000BA691340BB613B689A68FB695B0002FAB5
:1069F00003F3BA691343BB617B68BA69DA603B6829
:106A00005B6803F00303022B23D1FB69DA087B6880
:106A1000083253F82230BB61FB6903F007039B0087
:106A20000F2202FA03F3DB43BA691340BB613B68F0
:106A30001A69FB6903F007039B0002FA03F3BA69C2
:106A40001343BB61FB69DA087B680832B96943F814
:106A500022107B681B68BB61FB695B00032202FAA2
:106A600003F3DB43BA691340BB613B685B6803F027
:106A70000302FB695B0002FA03F3BA691343BB61CB
:106A80007B68BA691A603B685B6803F44033002B8B
:106A900000F0E0802F4BD3F8F4302E4A43F002038D
:106AA000C2F8F4302B4BD3F8F43003F00203FB6050
:106AB000FB68294AFB699B08023352F82330BB610B
:106AC000FB6903F003039B000F2202FA03F3DB438D
:106AD000BA691340BB617B68204A934252D07B68FD
:106AE0001F4A934231D07B681E4A93422BD07B6869
:106AF0001D4A934225D07B681C4A93421FD07B6875
:106B00001B4A934219D07B681A4A934213D07B6880
:106B1000194A93420DD07B68184A934207D07B688C
:106B2000174A934201D109232DE00A232BE00823C1
:106B300029E0072327E0062325E0052323E004239B
:106B400021E003231FE002231DE001231BE000BF1F
:106B50008000005800440258000400580000025809
:106B60000004025800080258000C02580010025895
:106B70000014025800180258001C02580020025845
:106B8000002402580023FA6902F0030292009340A5
:106B9000BA691343BB613849FB699B080233BA6980
:106BA00041F823204FF0B0431B68BB613B69DB43D6
:106BB000BA691340BB613B685B6803F48013002B28
:106BC00003D0BA693B691343BB614FF0B042BB6964
:106BD00013604FF0B0435B68BB613B69DB43BA694C
:106BE0001340BB613B685B6803F40013002B03D0C8
:106BF000BA693B691343BB614FF0B042BB69536054
:106C00007B695B68BB613B69DB43BA691340BB616D
:106C10003B685B6803F40033002B03D0BA693B691F
:106C20001343BB617B69BA695A607B691B68BB61AE
:106C30003B69DB43BA691340BB613B685B6803F4A3
:106C40008033002B03D0BA693B691343BB617B6976
:106C5000BA691A60FB690133FB613B681A68FB691A
:106C600022FA03F3002B7FF463AE00BF00BF24378A
:106C7000BD465DF8047B70470004005880B485B0C1
:106C800000AF78600B467B807B681A697B88134075
:106C9000002B02D00123FB7301E00023FB73FB7B7D
:106CA00018461437BD465DF8047B704780B483B046
:106CB00000AF78600B467B8013467B707B78002B9F
:106CC00003D07A887B689A6103E07B881A047B682A
:106CD0009A6100BF0C37BD465DF8047B704780B4F5
:106CE00085B000AF78600B467B807B685B69FB609A
:106CF0007A88FB6813401A04FB68D9437B880B40F1
:106D00001A437B689A6100BF1437BD465DF8047B67
:106D1000704780B582B000AF0346FB804FF0B043B0
:106D2000D3F88820FB881340002B08D04FF0B042E6
:106D3000FB88C2F88830FB88184631F0F5FB00BFAD
:106D40000837BD4680BD000080B582B000AF7860D6
:106D50007B68002B01D101238BE07B6893F84130E5
:106D6000DBB2002B06D17B68002283F840207868D4
:106D7000FAF770FC7B68242283F841207B681B684B
:106D80001A687B681B6822F001021A607B685A68E7
:106D90007B681B6822F070621A617B681B689A68C6
:106DA0007B681B6822F400429A607B68DB68012BD9
:106DB00007D17B689A687B681B6842F400429A603E
:106DC00006E07B689A687B681B6842F404429A601C
:106DD0007B68DB68022B08D17B681B685A687B687C
:106DE0001B6842F400625A6007E07B681B685A68BF
:106DF0007B681B6822F400625A607B681B685968D4
:106E00007B681A681D4B0B4353607B681B68DA680C
:106E10007B681B6822F40042DA607B681A697B6831
:106E20005B6942EA03017B689B691A027B681B6805
:106E30000A43DA607B68D9697B681A6A7B681B68D9
:106E40000A431A607B681B681A687B681B6842F0FB
:106E500001021A607B6800225A647B68202283F852
:106E600041207B6800221A637B68002283F842205D
:106E7000002318460837BD4680BD00BF00800002D1
:106E800080B588B002AFF860084611461A4603463E
:106E90007B810B463B811346FB80FB6893F84130B6
:106EA000DBB2202B40F0F9803B6A002B02D0BB8C78
:106EB000002B05D1FB684FF400725A640123EDE00A
:106EC000FB6893F84030012B01D10223E6E0FB6818
:106ED000012283F84020FBF705FB78617B69009372
:106EE000192301224FF40041F86801F0BCFE03466B
:106EF000002B01D00123D1E0FB68212283F841203F
:106F0000FB68402283F84220FB6800225A64FB6839
:106F10003A6A5A62FB68BA8C5A85FB6800225A6347
:106F2000F8883A8979897B690193BB6A00930346A3
:106F3000F86801F051F80346002B05D0FB680022E9
:106F400083F840200123A9E0FB685B8D9BB2FF2BF7
:106F50000ED9FB68FF221A85FB681B8DDAB279898E
:106F6000002300934FF08073F86802F03FF80FE0C1
:106F7000FB685B8D9AB2FB681A85FB681B8DDAB2E1
:106F80007989002300934FF00073F86802F02EF81F
:106F90007A69B96AF86801F0BFFE0346002B01D098
:106FA00001237BE0FB685B6A1A78FB681B689A62C6
:106FB000FB685B6A5A1CFB685A62FB685B8D9BB27C
:106FC000013B9AB2FB685A85FB681B8D013B9AB264
:106FD000FB681A85FB685B8D9BB2002B34D0FB6885
:106FE0001B8D002B30D17B690093BB6A002280216E
:106FF000F86801F038FE0346002B01D001234DE074
:10700000FB685B8D9BB2FF2B0ED9FB68FF221A85B4
:10701000FB681B8DDAB27989002300934FF08073EF
:10702000F86801F0E3FF0FE0FB685B8D9AB2FB6844
:107030001A85FB681B8DDAB27989002300934FF023
:107040000073F86801F0D2FFFB685B8D9BB2002BE8
:107050009ED17A69B96AF86801F0A5FE0346002B53
:1070600001D001231AE0FB681B682022DA61FB686B
:107070001B685968FB681A680A4B0B405360FB6831
:10708000202283F84120FB68002283F84220FB681D
:10709000002283F84020002300E00223184618371E
:1070A000BD4680BD00E800FE80B586B002AFF86046
:1070B000084611461A4603467B810B463B81134620
:1070C000FB80FB6893F84130DBB2202B6AD1BB69AF
:1070D000002B02D0BB8B002B05D1FB684FF4007254
:1070E0005A6401235FE0FB681B689B6903F400435B
:1070F000B3F5004F01D1022355E0FB6893F840300F
:10710000012B01D102234EE0FB68012283F84020CD
:10711000FB68212283F84120FB68402283F842204B
:10712000FB6800225A64FB6800221A85FB68BA6972
:107130005A62FB68BA8B5A85FB681D4ADA62FB68A3
:107140001C4A5A637A89FB68DA64FB88012B09D1EF
:107150003B89DAB2FB681B689A62FB684FF0FF322A
:107160001A650BE03B891B0A9BB2DAB2FB681B680D
:107170009A623B89DBB21A46FB681A65FB88DAB271
:1071800079890D4B00934FF08073F86801F02EFF62
:10719000FB68002283F840200121F86801F058FFC5
:1071A000002300E0022318461037BD4680BD00BF13
:1071B0000000FFFF5D7300080020008080B584B0F0
:1071C00000AF78607B681B689B69FB607B681B680D
:1071D0001B68BB607B685B6B002B05D07B685B6BBF
:1071E000BA68F9687868984700BF1037BD4680BD17
:1071F00080B586B000AF78607B681B689B697B6157
:107200007B681B681B683B617B691B0A03F00103F9
:10721000002B10D03B69DB0903F00103002B0AD0DF
:107220007B685B6C43F001027B685A647B681B6877
:107230004FF48072DA617B699B0A03F00103002B33
:1072400010D03B69DB0903F00103002B0AD07B68F7
:107250005B6C43F008027B685A647B681B684FF4E0
:107260008062DA617B695B0A03F00103002B10D0B6
:107270003B69DB0903F00103002B0AD07B685B6CE0
:1072800043F002027B685A647B681B684FF400720B
:10729000DA617B685B6CFB60FB6803F00B03002B1F
:1072A00003D0F968786801F085FB00BF1837BD4648
:1072B00080BD80B483B000AF786000BF0C37BD469E
:1072C0005DF8047B704780B483B000AF786000BF86
:1072D0000C37BD465DF8047B704780B483B000AFC7
:1072E000786000BF0C37BD465DF8047B704780B402
:1072F00083B000AF786000BF0C37BD465DF8047BFB
:10730000704780B483B000AF78600B46FB701346C3
:107310003B8000BF0C37BD465DF8047B704780B4EE
:1073200083B000AF786000BF0C37BD465DF8047BCA
:10733000704780B483B000AF786000BF0C37BD46A3
:107340005DF8047B704780B483B000AF786000BF05
:107350000C37BD465DF8047B7047000080B588B0EF
:1073600002AFF860B9607A60934B7B61BB683B61A8
:10737000FB6893F84030012B01D1022318E1FB6830
:10738000012283F840203B691B0903F00103002B15
:1073900013D07B681B0903F00103002B0DD0FB68A1
:1073A0001B681022DA61FB685B6C43F00402FB6827
:1073B0005A64F86801F015FCE5E03B699B0803F0AE
:1073C0000103002B23D07B689B0803F00103002BF3
:1073D0001DD03B6923F004033B61FB681B685A6ABC
:1073E000FB685B6AD2B21A70FB685B6A5A1CFB6866
:1073F0005A62FB681B8D013B9AB2FB681A85FB68D9
:107400005B8D9BB2013B9AB2FB685A85BBE03B693E
:107410005B0803F00103002B2DD07B685B0803F0B1
:107420000103002B27D0FB681B6DB3F1FF3F18D180
:10743000FB685B6A1A78FB681B689A62FB685B6A88
:107440005A1CFB685A62FB681B8D013B9AB2FB68B1
:107450001A85FB685B8D9BB2013B9AB2FB685A852B
:1074600091E0FB681B68FA68126D9A62FB684FF046
:10747000FF321A6587E03B69DB0903F00103002B4B
:107480003DD07B689B0903F00103002B37D0FB68DC
:107490005B8D9BB2002B2CD0FB681B8D002B28D161
:1074A000FB685B8D9BB2FF2B10D9FB68FF221A850E
:1074B000FB68DB6C99B2FB681B8DDAB2002300938A
:1074C0004FF08073F86801F091FD17E0FB685B8D69
:1074D0009AB2FB681A85FB68DB6C99B2FB681B8D5E
:1074E000DAB2002300934FF00073F86801F07EFDDC
:1074F00004E04021F86801F05DFA44E043E03B69B4
:107500009B0903F00103002B3DD07B689B0903F02E
:107510000103002B37D00121F86801F01DFE022184
:10752000F86801F095FDFB6893F84130DBB2222B3F
:1075300001D1224B7B61FB685B8D9BB2FF2B10D985
:10754000FB68FF221A85FB68DB6C99B2FB681B8D18
:10755000DAB27B6900934FF08073F86801F046FD62
:1075600011E0FB685B8D9AB2FB681A85FB68DB6CE7
:1075700099B2FB681B8DDAB27B6900934FF0007300
:10758000F86801F033FD3B695B0903F00103002B50
:1075900009D07B685B0903F00103002B03D0396934
:1075A000F86800F08DFEFB68002283F8402000237D
:1075B00018461837BD4680BD00200080002400809A
:1075C00080B586B000AFF860B9607A60FB68DB6AAE
:1075D0007B61BB683B61FB6893F84030012B01D1B4
:1075E0000223EDE0FB68012283F840203B695B0940
:1075F00003F00103002B0AD07B685B0903F0010351
:10760000002B04D03969F86800F024FFD3E03B690F
:107610001B0903F00103002B4DD07B681B0903F00D
:107620000103002B47D0FB685B8D9BB2002B28D158
:10763000FB6893F84130DBB2282B08D17B69B3F1AA
:10764000007F04D13969F86801F05EF932E0FB6827
:1076500093F84130DBB2292B0ED17B6913F5803FC3
:107660000AD0FB681B681022DA61F86801F0B9FAE9
:10767000F86800F0C6FD1DE0FB681B681022DA61A7
:1076800096E0FB681B681022DA61FB685B6C43F0D4
:107690000402FB685A647B69002B04D07B69B3F158
:1076A000807F40F08580FB685B6C1946F86801F0CC
:1076B00081F97DE07CE03B699B0803F00103002B2E
:1076C00030D07B689B0803F00103002B2AD0FB68B5
:1076D0005B8D9BB2002B18D0FB681B685A6AFB6855
:1076E0005B6AD2B21A70FB685B6A5A1CFB685A620A
:1076F000FB681B8D013B9AB2FB681A85FB685B8DAA
:107700009BB2013B9AB2FB685A85FB685B8D9BB2CA
:10771000002B4FD17B6913F5803F4BD0F86800F008
:1077200070FD47E03B69DB0803F00103002B0AD042
:107730007B68DB0803F00103002B04D03969F8688B
:1077400000F09EFC37E03B695B0803F00103002B6F
:1077500031D07B685B0803F00103002B2BD0FB6862
:107760005B8D9BB2002B18D0FB685B6A1A78FB68B4
:107770001B689A62FB685B6A5A1CFB685A62FB686A
:107780005B8D9BB2013B9AB2FB685A85FB681B8DEF
:10779000013B9AB2FB681A850DE07B69B3F1807FEB
:1077A00002D07B69002B06D1F86800F02AFD02E0C8
:1077B00000BF00E000BFFB68002283F840200023E8
:1077C00018461837BD4680BD80B588B002AFF86056
:1077D000B9607A60FB6893F84030012B01D1022335
:1077E000E1E0FB68012283F84020BB681B0903F03D
:1077F0000103002B17D07B681B0903F00103002B4A
:1078000011D0FB681B681022DA61FB685B6C43F0E7
:107810000402FB685A642021F86801F019FCF8683A
:1078200001F0DFF9BAE0BB68DB0903F00103002BCC
:1078300072D07B689B0903F00103002B6CD0FB68BE
:107840001B681A68FB681B6822F040021A60FB681C
:107850005B8D9BB2002B4ED0FB681B685B689BB2B4
:10786000C3F309037B82FB685B8D9BB2FF2B06D9B8
:10787000FB68FF221A854FF080737B6110E0FB6884
:107880005B8D9AB2FB681A85FB68DB6A13F5803F53
:1078900003D0FB68DB6A7B6102E04FF000737B6121
:1078A000FB681B8DDAB2798A002300937B69F86844
:1078B00001F09CFBFB685B8D9AB2FB681B8DD31AB1
:1078C0009AB2FB685A85FB6893F84130DBB2222BF1
:1078D00008D1FB681B681A68FB681B6842F4004209
:1078E0001A605BE0FB681B681A68FB681B6842F45F
:1078F00080421A6052E0FB681B685B6803F000730B
:10790000B3F1007F03D0F86800F03EFC46E0402170
:10791000F86801F04FF841E0BB689B0903F00103F0
:10792000002B29D07B689B0903F00103002B23D097
:10793000FB685B8D9BB2002B19D1FB681B685B68F1
:1079400003F00073B3F1007F27D0FB68DB6A13F507
:10795000803F08D1FB681B685A68FB681B6842F4CB
:1079600080425A6019E0F86800F00EFC15E04021F2
:10797000F86801F01FF810E0BB685B0903F0010331
:10798000002B0BD07B685B0903F00103002B05D0B3
:10799000B968F86800F094FC00E000BFFB680022C2
:1079A00083F84020002318461837BD4680BD0000EC
:1079B00080B588B002AFF860B9607A60924B7B61A5
:1079C000FB6893F84030012B01D1022318E1FB68DA
:1079D000012283F84020BB681B0903F00103002B40
:1079E00017D07B681B0903F00103002B11D0FB6843
:1079F0001B681022DA61FB685B6C43F00402FB68D1
:107A00005A642021F86801F023FBF86801F0E9F8D6
:107A1000F1E0BB685B0803F00103002B0FD07B682B
:107A20005B0803F00103002B09D0FB681B68FA68B0
:107A3000126D9A62FB684FF0FF321A65DBE0BB689B
:107A4000DB0903F00103002B60D07B689B0903F086
:107A50000103002B5AD00121F86801F07DFB1021B1
:107A6000F86801F0F5FAFB685B8D9BB2002B48D0FB
:107A7000FB685B8D9BB2FF2B10D9FB68FF221A8538
:107A8000FB68DB6C99B2FB681B8DDAB200230093B4
:107A90004FF08073F86801F0A9FA11E0FB685B8D84
:107AA0009AB2FB681A85FB68DB6C99B2FB681B8D88
:107AB000DAB2002300934FF00073F86801F096FAF1
:107AC000FB685B8D9AB2FB681B8DD31A9AB2FB6878
:107AD0005A85FB6893F84130DBB2222B08D1FB6852
:107AE0001B681A68FB681B6842F400421A6082E057
:107AF000FB681B681A68FB681B6842F480421A60C6
:107B000079E04021F86800F055FF74E0BB689B09FC
:107B100003F00103002B5ED07B689B0903F0010397
:107B2000002B58D00121F86801F016FB1021F868ED
:107B300001F08EFAFB6893F84130DBB2222B01D1C1
:107B4000324B7B61FB685B8D9BB2FF2B10D9FB68CE
:107B5000FF221A85FB68DB6C99B2FB681B8DDAB2D9
:107B60007B6900934FF08073F86801F03FFA11E0F1
:107B7000FB685B8D9AB2FB681A85FB68DB6C99B277
:107B8000FB681B8DDAB27B6900934FF00073F868D5
:107B900001F02CFAFB685B8D9AB2FB681B8DD31A3F
:107BA0009AB2FB685A85FB6893F84130DBB2222B0E
:107BB00008D1FB681B681A68FB681B6842F4004226
:107BC0001A6018E0FB681B681A68FB681B6842F4BF
:107BD00080421A600FE0BB685B0903F00103002BD1
:107BE00009D07B685B0903F00103002B03D0B9685F
:107BF000F86800F065FBFB68002283F84020002352
:107C000018461837BD4680BD002000800024008043
:107C100080B588B000AFF860B9607A60FB68DB6A55
:107C2000BB610023FB61FB6893F84030012B01D15D
:107C30000223CCE1FB68012283F84020BB685B098A
:107C400003F00103002B0AD07B685B0903F00103FA
:107C5000002B04D0B968F86800F0FCFBB2E1BB6807
:107C60001B0903F00103002B00F09C817B681B09BA
:107C700003F00103002B00F095817B689B0B03F060
:107C80000103002B06D17B68DB0B03F00103002B03
:107C900000F08181FB68DB6B002B7CD07B68DB0B09
:107CA00003F00103002B76D0FB68DB6B1B68754A81
:107CB000934259D0FB68DB6B1B68734A934253D0E5
:107CC000FB68DB6B1B68714A93424DD0FB68DB6B32
:107CD0001B686F4A934247D0FB68DB6B1B686D4A99
:107CE000934241D0FB68DB6B1B686B4A93423BD0ED
:107CF000FB68DB6B1B68694A934235D0FB68DB6B22
:107D00001B68674A93422FD0FB68DB6B1B68654A90
:107D1000934229D0FB68DB6B1B68634A934223D0F4
:107D2000FB68DB6B1B68614A93421DD0FB68DB6B11
:107D30001B685F4A934217D0FB68DB6B1B685D4A88
:107D4000934211D0FB68DB6B1B685B4A93420BD0FC
:107D5000FB68DB6B1B68594A934205D0FB68DB6B01
:107D60001B68574A934209D1FB68DB6B1B685B6851
:107D7000002B0CBF01230023DBB208E0FB68DB6BA8
:107D80001B685B68002B0CBF01230023DBB2002BB8
:107D900001D00123FB61FB689B6B002B00F09F80EF
:107DA0007B689B0B03F00103002B00F09880FB68BD
:107DB0009B6B1B68334A934259D0FB689B6B1B68D3
:107DC000314A934253D0FB689B6B1B682F4A934206
:107DD0004DD0FB689B6B1B682D4A934247D0FB68D4
:107DE0009B6B1B682B4A934241D0FB689B6B1B68C3
:107DF000294A93423BD0FB689B6B1B68274A9342FE
:107E000035D0FB689B6B1B68254A93422FD0FB68DB
:107E10009B6B1B68234A934229D0FB689B6B1B68B2
:107E2000214A934223D0FB689B6B1B681F4A9342F5
:107E30001DD0FB689B6B1B681D4A934217D0FB68E3
:107E40009B6B1B681B4A934211D0FB689B6B1B68A2
:107E5000194A93420BD0FB689B6B1B68174A9342ED
:107E600005D0FB689B6B1B68154A93422AD1FB68BF
:107E70009B6B1B685B68002B0CBF01230023DBB2EC
:107E800029E000BF100002402800024040000240EC
:107E9000580002407000024088000240A0000240EA
:107EA000B80002401004024028040240400402408E
:107EB000580402407004024088040240A0040240BA
:107EC000B8040240FB689B6B1B685B68002B0CBF0F
:107ED00001230023DBB2002B01D00123FB61FB69EE
:107EE000012B28D1FB6893F84130DBB2282B08D155
:107EF000BB69B3F1007F04D1B968F86800F004FDF4
:107F000048E0FB6893F84130DBB2292B0ED1BB6906
:107F100013F5803F0AD0FB681B681022DA61F8680D
:107F200000F05FFEF86800F06CF933E0FB681B6856
:107F30001022DA6134E0FB681B681022DA61FB680A
:107F40005B6C43F00402FB685A64FB6893F84130B1
:107F5000FB75BB69002B03D0BB69B3F1807F1FD1D8
:107F6000FB7D212B02D0FB7D292B03D1FB68212235
:107F70001A6308E0FB7D222B02D0FB7D2A2B02D165
:107F8000FB6822221A63FB685B6C1946F86800F0F4
:107F900011FD05E004E0FB681B681022DA6111E0C6
:107FA00000BF0FE0BB68DB0803F00103002B09D022
:107FB0007B68DB0803F00103002B03D0B968F86885
:107FC00000F05EF8FB68002283F84020002318468A
:107FD0002037BD4680BD00BF80B586B002AFF860D7
:107FE000084611461A4603467B810B463B811346E1
:107FF000FB80FB88DAB27989204B00934FF08073C5
:10800000F86800F0F3FFFA69B969F86800F084FED7
:108010000346002B01D001232CE0FB88012B05D166
:108020003B89DAB2FB681B689A6215E03B891B0A40
:108030009BB2DAB2FB681B689A62FA69B969F868A0
:1080400000F06AFE0346002B01D0012312E03B89B9
:10805000DAB2FB681B689A62FB690093BB69002275
:108060008021F86800F0FFFD0346002B01D00123BA
:1080700000E0002318461037BD4680BD0020008078
:1080800080B584B000AF786039607B6893F8413088
:10809000DBB203F02803282B6AD17B681B689B693D
:1080A0001B0CDBB203F00103FB737B681B689B694D
:1080B0001B0C9BB203F0FE03BB817B681B689B68B3
:1080C0009BB2C3F309037B817B681B68DB689BB2AF
:1080D00003F0FE033B817B68DB68022B38D17B8990
:1080E000DB099AB2BB8953409BB203F00603002B15
:1080F0001CD17B89BB817B689B6C5A1C7B689A6412
:108100007B689B6C022B3BD17B6800229A647B6866
:108110001B680822DA617B68002283F84020BA8954
:10812000FB7B19467868FFF7ECF829E03B89BB81B7
:108130004FF40041786801F00FF87B68002283F863
:108140004020BA89FB7B19467868FFF7DAF817E018
:108150004FF40041786800F0FFFF7B68002283F84D
:108160004020BA89FB7B19467868FFF7CAF807E018
:108170007B681B680822DA617B68002283F8402054
:1081800000BF1037BD4680BD80B582B000AF7860BB
:108190007B68002283F842207B6893F84130DBB291
:1081A000212B15D17B68202283F841207B68112286
:1081B0001A637B6800225A630121786800F0CCFFC3
:1081C0007B68002283F840207868FFF772F814E09B
:1081D0007B68202283F841207B6812221A637B6827
:1081E00000225A630221786800F0B6FF7B68002203
:1081F00083F840207868FFF766F800BF0837BD466F
:1082000080BD80B584B000AF78607B681B681B6858
:10821000FB607B68002283F84220FB689B0B03F025
:108220000103002B08D07B681B681A687B681B68F9
:1082300022F480421A600DE0FB68DB0B03F00103BF
:10824000002B07D07B681B681A687B681B6822F4C8
:1082500000421A607B6893F84130DBB2292B12D1BF
:108260007B68282283F841207B6821221A63012140
:10827000786800F071FF7B68002283F840207868FE
:10828000FFF72BF817E07B6893F84130DBB22A2B1D
:1082900011D17B68282283F841207B6822221A634F
:1082A0000221786800F058FF7B68002283F84020A4
:1082B0007868FFF71CF800BF1037BD4680BD00008E
:1082C00080B586B000AF786039603B687B617B68C1
:1082D0001B682022DA617B6893F84130DBB2212BE6
:1082E00007D10121786800F037FF7B6811221A63FB
:1082F0000CE07B6893F84130DBB2222B06D10221DF
:10830000786800F029FF7B6812221A637B681B687B
:1083100059687B681A684D4B0B4053607B6800229C
:108320005A637B684A4ADA627B691B0903F00103DE
:10833000002B09D07B681B681022DA617B685B6CBC
:1083400043F004027B685A647B6893F84130DBB2E7
:10835000602B0BD17B699B0803F00103002B05D038
:108360007B681B685B6ADBB2FB60FB68786800F0C7
:1083700038FC7B685B6C3B617B6893F84130DBB217
:10838000602B02D03B69002B06D07B685B6C1946E2
:10839000786800F00FFB54E07B6893F84130DBB263
:1083A000212B24D17B68202283F841207B68002286
:1083B0001A637B6893F84230DBB2402B0BD17B68A9
:1083C000002283F842207B68002283F840207868EE
:1083D0002AF076FE35E07B68002283F842207B6835
:1083E000002283F840207868FEF763FF29E07B686D
:1083F00093F84130DBB2222B23D17B68202283F813
:1084000041207B6800221A637B6893F84230DBB21C
:10841000402B0BD17B68002283F842207B6800222E
:1084200083F840207868FEF784FF0AE07B6800222A
:1084300083F842207B68002283F840207868FEF7AA
:1084400042FF00BF1837BD4680BD00BF00E800FEF8
:108450000000FFFF80B586B000AF786039607B68B0
:108460001B681B683B613B687B617B68DB6AFB6068
:108470007B6893F84130FB727B681B682022DA61CD
:10848000FB7A212B02D0FB7A292B08D148F201017B
:10849000786800F061FE7B6821221A6319E0FB7A9C
:1084A000222B02D0FB7A2A2B08D148F202017868ED
:1084B00000F052FE7B6822221A630AE0FB7A282B26
:1084C00007D148F20301786800F046FE7B6800227D
:1084D0001A637B681B685A687B681B6842F4004219
:1084E0005A607B681B6859687B681A68804B0B4030
:1084F0005360786800F075FB3B699B0B03F0010348
:10850000002B7AD07B681B681A687B681B6822F492
:1085100080421A607B689B6B002B00F012817B68A5
:108520009B6B1B68734A934259D07B689B6B1B689B
:10853000714A934253D07B689B6B1B686F4A93428E
:108540004DD07B689B6B1B686D4A934247D07B681C
:108550009B6B1B686B4A934241D07B689B6B1B688B
:10856000694A93423BD07B689B6B1B68674A934286
:1085700035D07B689B6B1B68654A93422FD07B6824
:108580009B6B1B68634A934229D07B689B6B1B687B
:10859000614A934223D07B689B6B1B685F4A93427E
:1085A0001DD07B689B6B1B685D4A934217D07B682C
:1085B0009B6B1B685B4A934211D07B689B6B1B686B
:1085C000594A93420BD07B689B6B1B68574A934276
:1085D00005D07B689B6B1B68554A934205D17B682D
:1085E0009B6B1B685B689BB204E07B689B6B1B68A2
:1085F0005B689BB27A685385A3E03B69DB0B03F0B1
:108600000103002B00F09D807B681B681A687B6863
:108610001B6822F400421A607B68DB6B002B00F0C1
:1086200090807B68DB6B1B68324A934259D07B6831
:10863000DB6B1B68304A934253D07B68DB6B1B6853
:108640002E4A93424DD07B68DB6B1B682C4A9342C9
:1086500047D07B68DB6B1B682A4A934241D07B681A
:10866000DB6B1B68284A93423BD07B68DB6B1B6843
:10867000264A934235D07B68DB6B1B68244A9342C1
:108680002FD07B68DB6B1B68224A934229D07B6822
:10869000DB6B1B68204A934223D07B68DB6B1B6833
:1086A0001E4A93421DD07B68DB6B1B681C4A9342B9
:1086B00017D07B68DB6B1B681A4A934211D07B682A
:1086C000DB6B1B68184A93420BD07B68DB6B1B6823
:1086D000164A934205D07B68DB6B1B68144A9342B1
:1086E00028D17B68DB6B1B685B689BB227E000BF0F
:1086F00000E800FE10000240280002404000024056
:10870000580002407000024088000240A000024071
:10871000B800024010040240280402404004024015
:10872000580402407004024088040240A004024041
:10873000B80402407B68DB6B1B685B689BB27A689D
:1087400053857B699B0803F00103002B20D07B69D4
:1087500023F004037B617B681B685A6A7B685B6A51
:10876000D2B21A707B685B6A5A1C7B685A627B685B
:108770001B8D002B0CD07B681B8D013B9AB27B6854
:108780001A857B685B8D9BB2013B9AB27B685A85E8
:108790007B685B8D9BB2002B05D07B685B6C43F0E4
:1087A00004027B685A647B691B0903F00103002BF8
:1087B0004AD03B691B0903F00103002B44D07B68BE
:1087C0005B8D9BB2002B28D17B6893F84130DBB2E4
:1087D000282B08D1FB68B3F1007F04D17969786850
:1087E00000F092F830E07B6893F84130DBB2292B3F
:1087F0000ED1FB6813F5803F0AD07B681B681022FE
:10880000DA61786800F0EDF97868FFF7FAFC1BE0B0
:108810007B681B681022DA6116E07B681B681022F7
:10882000DA617B685B6C43F004027B685A64FB6826
:10883000002B03D0FB68B3F1807F05D17B685B6CB4
:108840001946786800F0B6F87B68002283F8422069
:108850007B6800225A637B685B6C002B10D07B68BE
:108860005B6C1946786800F0A5F87B6893F8413096
:10887000DBB2282B41D17969786800F045F83CE0FB
:108880007B68DB6A13F5803F14D07868FFF7B9FC8A
:108890007B681C4ADA627B68202283F841207B686F
:1088A00000221A637B68002283F840207868FEF774
:1088B00036FD22E07B6893F84130DBB2222B0ED1EB
:1088C0007B68202283F841207B6800221A637B6842
:1088D000002283F840207868FEF709FD0DE07B68F0
:1088E000202283F841207B6800221A637B680022E3
:1088F00083F840207868FEF7F0FC00BF1837BD46CB
:1089000080BD00BF0000FFFF80B582B000AF78607F
:1089100039607B68264ADA627B6800221A637B68CA
:10892000202283F841207B68002283F842207B6864
:1089300000225A633B689B0803F00103002B22D0FE
:108940007B681B685A6A7B685B6AD2B21A707B6864
:108950005B6A5A1C7B685A627B681B8D002B12D0A5
:108960007B681B8D013B9AB27B681A857B685B8DA7
:108970009BB2013B9AB27B685A857B685B6C43F083
:1089800004027B685A6448F20301786800F0E4FB53
:108990007B681B681022DA617B68002283F8402024
:1089A0007868FEF7BCFC00BF0837BD4680BD00BF3D
:1089B0000000FFFF80B584B000AF786039607B684D
:1089C00093F84130FB737B68002283F842207B6878
:1089D0006D4ADA627B6800225A857B685A6C3B6874
:1089E0001A437B685A64FB7B282B05D0FB7B292B21
:1089F00002D0FB7B2A2B0BD10321786800F0ACFB63
:108A00007B68282283F841207B68604A5A6330E003
:108A100048F20301786800F09FFB786800F0E1F805
:108A20007B6893F84130DBB2602B1FD07B6820223B
:108A300083F841207B681B689B6903F02003202B8F
:108A400014D17B681B689B6903F01003102B09D1BC
:108A50007B681B681022DA617B685B6C43F0040260
:108A60007B685A647B681B682022DA617B6800227D
:108A70005A637B681B6BBB607B689B6B002B39D098
:108A8000BB68112B02D0BB68212B33D17B681B68DC
:108A90001B6803F48043B3F5804F07D17B681B68E4
:108AA0001A687B681B6822F480421A607B689B6BA3
:108AB0001846FCF7F7F80346012B17D07B689B6B31
:108AC000334A1A657B68002283F840207B689B6BE1
:108AD0001846FAF71DFF0346002B4DD07B689B6BB1
:108AE0001B6D7A68926B1046984745E0786800F0F5
:108AF00051F841E07B68DB6B002B39D0BB68122B4F
:108B000002D0BB68222B33D17B681B681B6803F43F
:108B10000043B3F5004F07D17B681B681A687B6878
:108B20001B6822F400421A607B68DB6B1846FCF776
:108B3000B9F80346012B17D07B68DB6B144A1A6522
:108B40007B68002283F840207B68DB6B1846FAF7CD
:108B5000DFFE0346002B11D07B68DB6B1B6D7A6850
:108B6000D26B1046984709E0786800F013F805E0EA
:108B7000786800F00FF802E000BF00E000BF00BF1F
:108B80001037BD4680BD00BF0000FFFFC175000863
:108B90002B8C000880B582B000AF78607B6893F8BA
:108BA0004130DBB2602B0ED17B68202283F841205C
:108BB0007B6800221A637B68002283F84020786873
:108BC000FEF7C1FB09E07B6800221A637B68002284
:108BD00083F8402078682AF093FA00BF0837BD4632
:108BE00080BD80B483B000AF78607B681B689B69F0
:108BF00003F00203022B03D17B681B6800229A62F8
:108C00007B681B689B6903F00103012B07D07B681D
:108C10001B689A697B681B6842F001029A6100BF79
:108C20000C37BD465DF8047B704780B584B000AF5B
:108C300078607B689B6BFB60FB689B6B002B03D0B1
:108C4000FB689B6B00221A65FB68DB6B002B03D073
:108C5000FB68DB6B00221A65F868FFF79BFF00BF1B
:108C60001037BD4680BD80B584B000AFF860B960F4
:108C70003B601346FB713BE0BA693968F86800F065
:108C8000D5F80346002B01D0012341E03B68B3F146
:108C9000FF3F2DD0F9F726FC0246BB69D31A3A688C
:108CA0009A4202D33B68002B22D1FB681B689A6969
:108CB000BB681340BA689A420CBF01230023DBB2A1
:108CC0001A46FB799A4213D1FB685B6C43F0200291
:108CD000FB685A64FB68202283F84120FB6800226D
:108CE00083F84220FB68002283F8402001230FE034
:108CF000FB681B689A69BB681340BA689A420CBF4C
:108D000001230023DBB21A46FB799A42B4D0002338
:108D100018461037BD4680BD80B584B000AFF860FE
:108D2000B9607A6033E07A68B968F86800F07EF874
:108D30000346002B01D0012331E0BB68B3F1FF3FB4
:108D400025D0F9F7CFFB02467B68D31ABA689A425E
:108D500002D3BB68002B1AD1FB681B689B6903F028
:108D60000203022B13D0FB685B6C43F02002FB680C
:108D70005A64FB68202283F84120FB68002283F8B4
:108D80004220FB68002283F84020012307E0FB68B3
:108D90001B689B6903F00203022BC4D10023184611
:108DA0001037BD4680BD80B584B000AFF860B960B3
:108DB0007A602FE07A68B968F86800F037F80346FF
:108DC000002B01D001232DE0F9F78CFB02467B68D4
:108DD000D31ABA689A4202D3BB68002B1AD1FB6837
:108DE0001B689B6903F02003202B13D0FB685B6C8E
:108DF00043F02002FB685A64FB68202283F841207C
:108E0000FB68002283F84220FB68002283F84020A0
:108E1000012307E0FB681B689B6903F02003202BFC
:108E2000C8D1002318461037BD4680BD80B58AB032
:108E300000AFF860B9607A60002387F82730FB68DC
:108E40001B689B69BB6100233B627B68FB61BB695C
:108E500003F01003002B68D0FB681B681022DA6156
:108E600049E0BB68B3F1FF3F45D0F9F73BFB024651
:108E7000FB69D31ABA689A4202D3BB68002B3AD175
:108E8000FB681B685B6803F480437B61FB6893F8B5
:108E90004230FB74FB681B689B6903F40043B3F525
:108EA000004F21D17B69B3F5804F1DD0FB7C202B77
:108EB0001AD0FB681B685A68FB681B6842F4804242
:108EC0005A60F9F70FFBF8610EE0F9F70BFB024669
:108ED000FB69D31A192B07D93B6A43F020033B6285
:108EE000012387F8273006E0FB681B689B6903F0C5
:108EF0002003202BE9D1FB681B689B6903F020034A
:108F0000202B03D097F82730002BAAD097F82730D2
:108F1000002B03D1FB681B682022DA613B6A43F017
:108F200004033B62012387F82730FB681B689B69B9
:108F3000BB61BB6903F48073002B0BD03B6A43F029
:108F400001033B62FB681B684FF48072DA61012306
:108F500087F82730BB6903F48063002B0BD03B6A92
:108F600043F008033B62FB681B684FF48062DA61E0
:108F7000012387F82730BB6903F40073002B0BD063
:108F80003B6A43F002033B62FB681B684FF40072CC
:108F9000DA61012387F8273097F82730002B1CD09F
:108FA000F868FFF71EFEFB681B685968FB681A68C3
:108FB0000D4B0B405360FB685A6C3B6A1A43FB68CD
:108FC0005A64FB68202283F84120FB68002283F862
:108FD0004220FB68002283F8402097F8273018468B
:108FE0002837BD4680BD00BF00E800FE80B487B0D2
:108FF00000AFF8607B600B467B8113467B727B89F8
:10900000C3F309027B7A1B0403F47F031A437B68D2
:109010001A433B6A134323F000437B61FB681B68E0
:109020005A683B6A5B0D03F48061084B0B43DB43DA
:1090300002EA0301FB681B687A690A435A6000BFB1
:109040001C37BD465DF8047B704700BFFF63FF031C
:1090500080B485B000AF78600B467B800023FB6056
:109060007B685B6B394A934232D07B685B6B384AD2
:1090700093422DD07B685B6B364A934228D0B7F978
:109080000230002B03DAFB6843F0B803FB607B88F7
:1090900003F00103002B03D0FB6843F0F203FB60F5
:1090A0007B8803F00203002B03D0FB6843F0F4033A
:1090B000FB607B88102B03D1FB6843F09003FB60BF
:1090C0007B88202B33D1FB6843F02003FB602EE02C
:1090D000B7F90230002B03DAFB6843F0B803FB60FA
:1090E0007B8803F00103002B03D0FB6843F0F203FD
:1090F000FB607B8803F00203002B03D0FB6843F086
:10910000F403FB607B88102B03D1FB6843F09003D2
:10911000FB607B88202B03D1FB6843F06003FB607E
:109120007B88402B03D1FB6843F04003FB607B68E6
:109130001B6819687B681B68FA680A431A6000BFDD
:109140001437BD465DF8047B704700BFC97700083F
:10915000117C0008B179000880B485B000AF786058
:109160000B467B800023FB607B8803F00103002B10
:109170000FD0FB6843F04203FB607B6893F84130FB
:10918000DBB203F02803282B03D0FB6843F0B003C5
:10919000FB607B8803F00203002B0FD0FB6843F0D9
:1091A0004403FB607B6893F84130DBB203F0280393
:1091B000282B03D0FB6843F0B003FB60B7F9023003
:1091C000002B03DAFB6843F0B803FB607B88102BAD
:1091D00003D1FB6843F09003FB607B88202B03D115
:1091E000FB6843F02003FB607B88402B03D1FB68C6
:1091F00043F04003FB607B681B681968FB68DA4337
:109200007B681B680A401A6000BF1437BD465DF8D2
:10921000047B704780B483B000AF786039607B68AE
:1092200093F84130DBB2202B38D17B6893F8403083
:10923000012B01D1022332E07B68012283F8402018
:109240007B68242283F841207B681B681A687B684E
:109250001B6822F001021A607B681B681A687B6831
:109260001B6822F480521A607B681B6819687B684F
:109270001B683A680A431A607B681B681A687B6837
:109280001B6842F001021A607B68202283F84120AB
:109290007B68002283F84020002300E00223184668
:1092A0000C37BD465DF8047B704780B485B000AFD5
:1092B000786039607B6893F84130DBB2202B39D17C
:1092C0007B6893F84030012B01D1022333E07B68A7
:1092D000012283F840207B68242283F841207B68A8
:1092E0001B681A687B681B6822F001021A607B68A1
:1092F0001B681B68FB60FB6823F47063FB603B68C2
:109300001B02FA681343FB607B681B68FA681A60EB
:109310007B681B681A687B681B6842F001021A6050
:109320007B68202283F841207B68002283F840205C
:10933000002300E0022318461437BD465DF8047B85
:109340007047000080B584B000AF7860194BDB68CF
:1093500003F00403042B0AD0164BDB6803F0070369
:109360007A689A4201D001231FE000231DE0114BCF
:10937000DB6823F007020F497B681343CB60F9F7E2
:10938000B1F8F86009E0F9F7ADF80246FB68D31AC6
:10939000B3F57A7F01D9012307E0064B5B6803F43C
:1093A0000053B3F5005FEED1002318461037BD46D9
:1093B00080BD00BF0048025880B58CB000AF786017
:1093C0007B68002B02D1012300F048BC7B681B683E
:1093D00003F00103002B00F08880994B1B6903F018
:1093E0003803FB62964B9B6ABB62FB6A102B07D06B
:1093F000FB6A182B11D1BB6A03F00303022B0CD1BB
:109400008F4B1B6803F40033002B6DD07B685B68C7
:10941000002B69D1012300F021BC7B685B68B3F5A8
:10942000803F06D1864B1B68854A43F48033136026
:109430002EE07B685B68002B0CD1814B1B68804A57
:1094400023F4803313607E4B1B687D4A23F4802312
:1094500013601DE07B685B68B3F5A02F0CD1784BDF
:109460001B68774A43F480231360754B1B68744A6A
:1094700043F4803313600BE0714B1B68704A23F494
:10948000803313606E4B1B686D4A23F48023136096
:109490007B685B68002B13D0F9F724F8786208E04A
:1094A000F9F720F802467B6AD31A642B01D903230B
:1094B000D4E3634B1B6803F40033002BF0D014E0BB
:1094C000F9F710F8786208E0F9F70CF802467B6AC1
:1094D000D31A642B01D90323C0E3594B1B6803F44F
:1094E0000033002BF0D100E000BF7B681B6803F065
:1094F0000203002B00F0CA80514B1B6903F03803B4
:109500003B624F4B9B6AFB613B6A002B07D03B6A77
:10951000182B56D1FB6903F00303002B51D1484BA4
:109520001B6803F00403002B05D07B68DB68002B6D
:1095300001D1012392E3424B1B6823F019027B689F
:10954000DB683F4913430B60F8F7CCFF786208E013
:10955000F8F7C8FF02467B6AD31A022B01D903230E
:109560007CE3374B1B6803F00403002BF0D0F8F7C3
:10957000E9FF034641F20302934217D87B681B6957
:10958000402B08D12E4B5B6823F47C332C4A43F4E8
:10959000003353607AE02A4B5B6823F47C327B68AB
:1095A0001B691B03264913434B606FE0244B5B6828
:1095B00023F0FE427B681B691B06214913434B6065
:1095C00064E07B68DB68002B47D01D4B1B6823F0F1
:1095D00019027B68DB681A4913430B60F8F782FFB6
:1095E000786208E0F8F77EFF02467B6AD31A022B06
:1095F00001D9032332E3124B1B6803F00403002B51
:10960000F0D0F8F79FFF034641F20302934219D8C6
:109610007B681B69402B08D1094B5B6823F47C33C2
:10962000074A43F40033536030E0054B5B6823F492
:109630007C327B681B691B03014913434B6025E0A7
:10964000004402589A4B5B6823F0FE427B681B691A
:109650001B06974913434B6018E0954B1B68944ACF
:1096600023F001031360F8F73DFF786208E0F8F794
:1096700039FF02467B6AD31A022B01D90323EDE29C
:109680008B4B1B6803F00403002BF0D17B681B6835
:1096900003F01003002B00F0A980854B1B6903F039
:1096A0003803BB61824B9B6A7B61BB69082B07D087
:1096B000BB69182B3AD17B6903F00303012B35D129
:1096C0007B4B1B6803F48073002B05D07B68DB6940
:1096D000802B01D00123C1E2F8F734FF034641F2A9
:1096E0000302934217D87B681B6A202B08D1704B6A
:1096F0005B6823F0F8436E4A43F08043536075E0A3
:109700006B4B5B6823F0F8427B681B6A9B066849D9
:1097100013434B606AE0664BDB6823F07C527B6846
:109720001B6A1B0662491343CB605FE07B68DB6901
:10973000002B42D05E4B1B685D4A43F080031360F0
:10974000F8F7D0FE786208E0F8F7CCFE02467B6AB4
:10975000D31A022B01D9032380E2554B1B6803F473
:109760008073002BF0D0F8F7EDFE034641F20302C0
:10977000934217D87B681B6A202B08D14C4B5B683F
:1097800023F0F8434A4A43F0804353602EE0484BAD
:109790005B6823F0F8427B681B6A9B0644491343CD
:1097A0004B6023E0424BDB6823F07C527B681B6AF2
:1097B0001B063F491343CB6018E03D4B1B683C4AF6
:1097C00023F080031360F8F78DFE786208E0F8F765
:1097D00089FE02467B6AD31A022B01D903233DE29C
:1097E000334B1B6803F48073002BF0D17B681B683C
:1097F00003F00803002B36D07B685B69002B19D07F
:109800002B4B5B6F2A4A43F001035367F8F76AFE5C
:10981000786208E0F8F766FE02467B6AD31A022BEC
:1098200001D903231AE2224B5B6F03F00203002BE2
:10983000F0D018E01E4B5B6F1D4A23F00103536705
:10984000F8F750FE786208E0F8F74CFE02467B6AB3
:10985000D31A022B01D9032300E2154B5B6F03F0EF
:109860000203002BF0D17B681B6803F02003002B60
:1098700039D07B689B69002B1CD00D4B1B680C4AB0
:1098800043F480531360F8F72DFE786208E0F8F790
:1098900029FE02467B6AD31A022B01D90323DDE19C
:1098A000034B1B6803F40053002BF0D01BE000BFF8
:1098B000004402589B4B1B689A4A23F48053136060
:1098C000F8F710FE786208E0F8F70CFE02467B6AB3
:1098D000D31A022B01D90323C0E1924B1B6803F476
:1098E0000053002BF0D17B681B6803F00403002BAE
:1098F00000F081808C4B1B688B4A43F480731360AB
:10990000F8F7F0FD786208E0F8F7ECFD02467B6AB4
:10991000D31A642B01D90323A0E1834B1B6803F402
:109920008073002BF0D07B689B68012B06D17D4BA8
:109930001B6F7C4A43F0010313672DE07B689B6833
:10994000002B0CD1774B1B6F764A23F00103136772
:10995000744B1B6F734A23F0040313671CE07B688E
:109960009B68052B0CD16F4B1B6F6E4A43F00403B1
:1099700013676C4B1B6F6B4A43F0010313670BE0DB
:10998000684B1B6F674A23F001031367654B1B6F1E
:10999000644A23F0040313677B689B68002B15D08F
:1099A000F8F7A0FD78620AE0F8F79CFD02467B6AB2
:1099B000D31A41F28832934201D903234EE1594B25
:1099C0001B6F03F00203002BEED014E0F8F78AFDC2
:1099D00078620AE0F8F786FD02467B6AD31A41F204
:1099E0008832934201D9032338E14E4B1B6F03F0B9
:1099F0000203002BEED17B685B6A002B00F02D8107
:109A0000484B1B6903F03803182B00F0BD807B68BE
:109A10005B6A022B40F09E80424B1B68414A23F058
:109A200080731360F8F75EFD786208E0F8F75AFD7E
:109A300002467B6AD31A022B01D903230EE1394B6C
:109A40001B6803F00073002BF0D1364B9A6A374B3A
:109A500013407A68916A7A68D26A12010A433149DE
:109A600013438B627B681B6B013BC3F308027B686B
:109A70005B6B013B5B029BB21A437B689B6B013BB8
:109A80001B0403F4FE031A437B68DB6B013B1B06DC
:109A900003F0FE43234913430B63224BDB6A214A45
:109AA00023F00103D3621F4B5A6B214B13407A689A
:109AB000926CD2001B4913434B631A4BDB6A23F0B1
:109AC0000C027B681B6C17491343CB62154BDB6A96
:109AD00023F002027B685B6C12491343CB62114B8B
:109AE000DB6A104A43F48033D3620E4BDB6A0D4AC3
:109AF00043F40033D3620B4BDB6A0A4A43F48023FE
:109B0000D362084BDB6A074A43F00103D362054B7B
:109B10001B68044A43F080731360F8F7E3FC786233
:109B200011E000BF00440258004802580CFCFFFF3F
:109B30000700FFFFF8F7D6FC02467B6AD31A022B18
:109B400001D903238AE0474B1B6803F00073002B05
:109B5000F0D082E0434B1B68424A23F080731360CD
:109B6000F8F7C0FC786208E0F8F7BCFC02467B6AB4
:109B7000D31A022B01D9032370E03A4B1B6803F080
:109B80000073002BF0D168E0364B9B6A3B61354B8C
:109B90001B6BFB607B685B6A012B31D03B6903F078
:109BA00003027B689B6A9A422AD13B691B0903F036
:109BB0003F027B68DB6A9A4222D1FB68C3F308024A
:109BC0007B681B6B013B9A421AD1FB685B0A03F06E
:109BD0007F027B685B6B013B9A4211D1FB681B0CD7
:109BE00003F07F027B689B6B013B9A4208D1FB68C4
:109BF0001B0E03F07F027B68DB6B013B9A4201D0B6
:109C000001232BE0174B5B6BDB08C3F30C033B61B9
:109C10007B689B6C3A699A421FD0124BDB6A114AEF
:109C200023F00103D362F8F75DFC786200BFF8F718
:109C300059FC02467B6A9342F9D00A4B5A6B0A4B95
:109C400013407A68926CD200064913434B63054B6C
:109C5000DB6A044A43F00103D3620023184630371D
:109C6000BD4680BD004402580700FFFF80B586B0A6
:109C700000AF786039607B68002B01D101239CE143
:109C80008A4B1B6803F00F033A689A4210D9874B3E
:109C90001B6823F00F0285493B6813430B60834B1D
:109CA0001B6803F00F033A689A4201D0012384E154
:109CB0007B681B6803F00403002B10D07B681A69D3
:109CC0007B4B9B6903F070039A4208D9784B9B69E0
:109CD00023F070027B681B69754913438B617B68B5
:109CE0001B6803F00803002B10D07B685A69704B87
:109CF000DB6903F070039A4208D96D4BDB6923F0EE
:109D000070027B685B696A491343CB617B681B689F
:109D100003F01003002B10D07B689A69644BDB6959
:109D200003F4E0639A4208D9614BDB6923F4E062F3
:109D30007B689B695E491343CB617B681B6803F0BA
:109D40002003002B10D07B68DA69594B1B6A03F0A3
:109D500070039A4208D9564B1B6A23F070027B6845
:109D6000DB69534913430B627B681B6803F00203F2
:109D7000002B10D07B68DA684D4B9B6903F00F0312
:109D80009A4208D94A4B9B6923F00F027B68DB6833
:109D9000474913438B617B681B6803F00103002B69
:109DA00055D0434B9B6923F470627B689B684049A4
:109DB00013438B617B685B68022B07D13C4B1B68AC
:109DC00003F40033002B21D10123F6E07B685B68AC
:109DD000032B07D1364B1B6803F00073002B15D102
:109DE0000123EAE07B685B68012B07D1304B1B68DD
:109DF00003F48073002B09D10123DEE02C4B1B6898
:109E000003F00403002B01D10123D6E0284B1B698A
:109E100023F007027B685B68254913430B61F8F761
:109E200061FB78610AE0F8F75DFB02467B69D31AB3
:109E300041F28832934201D90323BEE01C4B1B69D7
:109E400003F038027B685B68DB009A42EBD17B68E9
:109E50001B6803F00203002B10D07B68DA68144BF8
:109E60009B6903F00F039A4208D2114B9B6923F0C0
:109E70000F027B68DB680E4913438B610B4B1B6839
:109E800003F00F033A689A4214D2084B1B6823F080
:109E90000F0206493B6813430B60044B1B6803F039
:109EA0000F033A689A4205D0012386E00020005251
:109EB000004402587B681B6803F00403002B10D099
:109EC0007B681A693F4B9B6903F070039A4208D282
:109ED0003C4B9B6923F070027B681B693949134333
:109EE0008B617B681B6803F00803002B10D07B6834
:109EF0005A69344BDB6903F070039A4208D2314B44
:109F0000DB6923F070027B685B692E491343CB61E8
:109F10007B681B6803F01003002B10D07B689A69E4
:109F2000284BDB6903F4E0639A4208D2254BDB69D6
:109F300023F4E0627B689B6922491343CB617B6811
:109F40001B6803F02003002B10D07B68DA691D4BDF
:109F50001B6A03F070039A4208D21A4B1B6A23F063
:109F600070027B68DB69174913430B6200F034F819
:109F70000246144B9B691B0A03F00F031249CB5C8A
:109F800003F01F0322FA03F33B610E4B9B6903F0BE
:109F90000F030D4AD35C03F01F033A6922FA03F35F
:109FA0000A4A13600A4A3B6913600A4B1B68184649
:109FB000F7F784FF0346FB73FB7B18461837BD4653
:109FC00080BD00BF004402587CDE0308040000246A
:109FD000000000240800002480B489B000AFB34B17
:109FE0001B6903F03803182B00F2558101A252F8C7
:109FF00023F000BF59A0000897A2000897A200080C
:10A0000097A2000897A2000897A2000897A200084C
:10A0100097A200087FA0000897A2000897A2000856
:10A0200097A2000897A2000897A2000897A200082C
:10A0300097A2000885A0000897A2000897A2000830
:10A0400097A2000897A2000897A2000897A200080C
:10A0500097A200088BA00008944B1B6803F0200314
:10A06000002B09D0914B1B68DB0803F00303904AD7
:10A0700022FA03F3BB6111E18D4BBB610EE18D4B05
:10A08000BB610BE18C4BBB6108E1884B9B6A03F021
:10A0900003037B61854B9B6A1B0903F03F033B6114
:10A0A000824BDB6A03F00103FB60804B5B6BDB08D8
:10A0B000C3F30C03FA6802FB03F307EE903AF8EEE1
:10A0C000677AC7ED027A3B69002B00F0E1807B697B
:10A0D000022B00F083807B69022B00F2A1807B6958
:10A0E000002B03D07B69012B56D099E06F4B1B6886
:10A0F00003F02003002B2DD06C4B1B68DB0803F012
:10A1000003036B4A22FA03F37B607B6807EE903A05
:10A11000F8EE676A3B6907EE903AF8EE677A86EEEA
:10A12000A77A624B1B6BC3F3080307EE903AF8EE75
:10A13000676A97ED026ADFED615AC6EE257A76EE20
:10A14000A77AF7EE006A77EEA67A67EE277AC7ED70
:10A15000077A87E03B6907EE903AF8EE677ADFED21
:10A16000586A86EEA77A514B1B6BC3F3080307EEC0
:10A17000903AF8EE676A97ED026ADFED505AC6EE44
:10A18000257A76EEA77AF7EE006A77EEA67A67EE82
:10A19000277AC7ED077A65E03B6907EE903AF8EE5B
:10A1A000677ADFED486A86EEA77A404B1B6BC3F3F4
:10A1B000080307EE903AF8EE676A97ED026ADFED62
:10A1C0003F5AC6EE257A76EEA77AF7EE006A77EE6A
:10A1D000A67A67EE277AC7ED077A43E03B6907EE78
:10A1E000903AF8EE677ADFED386A86EEA77A2F4B61
:10A1F0001B6BC3F3080307EE903AF8EE676A97ED1E
:10A20000026ADFED2E5AC6EE257A76EEA77AF7EED1
:10A21000006A77EEA67A67EE277AC7ED077A21E023
:10A220003B6907EE903AF8EE677ADFED266A86EE34
:10A23000A77A1E4B1B6BC3F3080307EE903AF8EEA8
:10A24000676A97ED026ADFED1D5AC6EE257A76EE53
:10A25000A77AF7EE006A77EEA67A67EE277AC7ED5F
:10A26000077A00BF114B1B6B5B0A03F07F030133BE
:10A270003B603B6807EE903AB8EE677AD7ED076A25
:10A28000C6EE877AFCEEE77A17EE903ABB6105E0FE
:10A290000023BB6102E0074BBB6100BFBB691846EE
:10A2A0002437BD465DF8047B704700BF0044025868
:10A2B0000090D00300093D0040787D010000004679
:10A2C0000024744C0024744A20BCBE4B80B582B07C
:10A2D00000AFFFF781FE0246104B9B691B0A03F09B
:10A2E0000F030F49CB5C03F01F0322FA03F37B60DB
:10A2F0000A4B9B6903F00F03094AD35C03F01F0369
:10A300007A6822FA03F3074A1360074A7B681360EE
:10A31000044B1B6818460837BD4680BD00440258F0
:10A320007CDE0308040000240000002480B500AF98
:10A33000FFF7CCFF0246064BDB691B0903F007035E
:10A340000449CB5C03F01F0322FA03F3184680BDD7
:10A35000004402587CDE030880B500AFFFF7B6FF6B
:10A360000246064BDB691B0A03F007030449CB5C7A
:10A3700003F01F0322FA03F3184680BD004402587D
:10A380007CDE030880B483B000AF786039607B68FE
:10A390003F221A601A4B1B6903F007027B685A6060
:10A3A000174B9B6903F470627B689A60144B9B693E
:10A3B00003F00F027B68DA60114B9B6903F07002B7
:10A3C0007B681A610E4BDB6903F070027B685A618F
:10A3D0000B4BDB6903F4E0627B689A61084B1B6AF4
:10A3E00003F070027B68DA61064B1B6803F00F0212
:10A3F0003B681A6000BF0C37BD465DF8047B7047B0
:10A4000000440258002000522DE9B04FCAB000AFFE
:10A41000C7F81401002387F82731002387F8263175
:10A42000D7F81431D3E9002302F00064002554EA80
:10A43000050349D0D7F814319B6EB3F5401F2FD0D8
:10A44000B3F5401F28D8B3F5001F1AD0B3F5001F8D
:10A4500022D8002B03D0B3F5801F07D01CE0B84BE7
:10A46000DB6AB74A43F40033D3621AE0D7F81431F9
:10A4700008330221184601F08FFC034687F8273184
:10A480000FE0D7F8143128330221184601F036FDC9
:10A49000034687F8273104E0012387F8273100E0DD
:10A4A00000BF97F82731002B0AD1A54B1B6D23F471
:10A4B0004011D7F814319B6EA14A0B43136503E09A
:10A4C00097F8273187F82631D7F81431D3E90023DC
:10A4D00002F480784FF0000958EA090347D0D7F812
:10A4E00014319B6D042B2AD801A252F823F000BF2F
:10A4F00005A5000813A5000829A5000847A5000820
:10A5000047A500088E4BDB6A8D4A43F40033D362C3
:10A510001AE0D7F8143108330021184601F03CFC4A
:10A52000034687F827310FE0D7F81431283300218C
:10A53000184601F0E3FC034687F8273104E00123C5
:10A5400087F8273100E000BF97F82731002B0AD1A8
:10A550007B4B1B6D23F00701D7F814319B6D784AB4
:10A560000B43136503E097F8273187F82631D7F8B6
:10A570001431D3E9002302F4007A4FF0000B5AEAB9
:10A580000B034CD0D7F81431DB6DB3F5807F30D09E
:10A59000B3F5807F29D8C02B2DD0C02B25D8802B98
:10A5A00018D0802B21D8002B02D0402B07D01CE0E4
:10A5B000634BDB6A624A43F40033D3621CE0D7F892
:10A5C000143108330021184601F0E6FB034687F8F2
:10A5D000273111E0D7F8143128330021184601F053
:10A5E0008DFC034687F8273106E0012387F82731E1
:10A5F00002E000BF00E000BF97F82731002B0AD12E
:10A600004F4B1B6D23F4E071D7F81431DB6D4C4ACE
:10A610000B43136503E097F8273187F82631D7F805
:10A620001431D3E9002302F48063C7F80831002312
:10A63000C7F80C31D7E942120B46134353D0D7F871
:10A640001431D3F8A830B3F5000F35D0B3F5000FAF
:10A650002ED8B3F5C00F31D0B3F5C00F28D8B3F55D
:10A66000800F1AD0B3F5800F22D8002B03D0B3F59A
:10A67000001F07D01CE0324BDB6A314A43F4003341
:10A68000D3621CE0D7F8143108330021184601F0DA
:10A6900083FB034687F8273111E0D7F814312833BC
:10A6A0000021184601F02AFC034687F8273106E00E
:10A6B000012387F8273102E000BF00E000BF97F8D0
:10A6C0002731002B0BD11E4B9B6D23F46001D7F873
:10A6D0001431D3F8A8301A4A0B43936503E097F876
:10A6E000273187F82631D7F81431D3E9002302F453
:10A6F0000063C7F800310023C7F80431D7E94012DE
:10A700000B46134356D0D7F81431D3F8AC30B3F11D
:10A71000806F38D0B3F1806F31D8B3F1407F34D03F
:10A72000B3F1407F2BD8B3F1007F1DD0B3F1007F90
:10A7300025D8002B06D0B3F1807F0AD01FE000BFE0
:10A7400000440258A24BDB6AA14A43F40033D362AF
:10A750001CE0D7F8143108330021184601F01CFB27
:10A76000034687F8273111E0D7F814312833002148
:10A77000184601F0C3FB034687F8273106E00123A2
:10A7800087F8273102E000BF00E000BF97F82731CB
:10A79000002B0BD18E4B9B6D23F0E061D7F8143169
:10A7A000D3F8AC308A4A0B43936503E097F827311E
:10A7B00087F82631D7F81431D3E9002302F000736B
:10A7C000C7F8F8300023C7F8FC30D7E93E120B4633
:10A7D00013433AD0D7F81431DB6C302B1FD0302B19
:10A7E00019D8202B0CD0202B15D8002B19D0102BCA
:10A7F00011D1774BDB6A764A43F40033D36211E020
:10A80000D7F8143108330221184601F0C5FA03467F
:10A8100087F8273106E0012387F8273102E000BFDF
:10A8200000E000BF97F82731002B0AD1684BDB6CA2
:10A8300023F03001D7F81431DB6C654A0B43D36445
:10A8400003E097F8273187F82631D7F81431D3E998
:10A85000002302F48053C7F8F0300023C7F8F43027
:10A86000D7E93C120B46134351D0D7F814311B6E75
:10A87000B3F5804F35D0B3F5804F2ED8B3F5405F98
:10A8800031D0B3F5405F28D8B3F5005F1AD0B3F5E7
:10A89000005F22D8002B03D0B3F5805F07D01CE007
:10A8A0004B4BDB6A4A4A43F40033D3621CE0D7F8CF
:10A8B000143108330021184601F06EFA034687F878
:10A8C000273111E0D7F8143128330021184601F060
:10A8D00015FB034687F8273106E0012387F8273167
:10A8E00002E000BF00E000BF97F82731002B0AD13B
:10A8F000374B1B6D23F4E041D7F814311B6E344AFB
:10A900000B43136503E097F8273187F82631D7F812
:10A910001431D3E9002302F40053C7F8E8300023D0
:10A92000C7F8EC30D7E93A120B46134356D0D7F8A4
:10A9300014315B6EB3F5A02F33D0B3F5A02F2CD814
:10A94000B3F5802F2FD0B3F5802F26D8B3F5403F35
:10A950002BD0B3F5403F20D8B3F5003F12D0B3F56C
:10A96000003F1AD8002B22D0B3F5803F15D1D7F87D
:10A97000143108330121184601F00EFA034687F816
:10A98000273115E0D7F8143128330121184601F09A
:10A99000B5FA034687F827310AE0012387F8273103
:10A9A00006E000BF04E000BF02E000BF00E000BF1F
:10A9B00097F82731002B0DD1054B1B6D23F4E021B7
:10A9C000D7F814315B6E024A0B43136506E000BFF3
:10A9D0000044025897F8273187F82631D7F8143108
:10A9E000D3E9002302F48043C7F8E0300023C7F81E
:10A9F000E430D7E938120B46134355D0D7F8143159
:10AA0000D3F8B030B3F1A04F33D0B3F1A04F2CD86E
:10AA1000B3F1804F2FD0B3F1804F26D8B3F1405F10
:10AA20002BD0B3F1405F20D8B3F1005F12D0B3F167
:10AA3000005F1AD8002B22D0B3F1805F15D1D7F870
:10AA4000143108330121184601F0A6F9034687F8AE
:10AA5000273115E0D7F8143128330121184601F0C9
:10AA60004DFA034687F827310AE0012387F827319A
:10AA700006E000BF04E000BF02E000BF00E000BF4E
:10AA800097F82731002B0BD1A34B9B6D23F0E041AE
:10AA9000D7F81431D3F8B0309F4A0B43936503E0E5
:10AAA00097F8273187F82631D7F81431D3E90023F6
:10AAB00002F40043C7F8D8300023C7F8DC30D7E9E8
:10AAC00036120B46134337D0D7F814311B6FB3F14E
:10AAD000005F0ED0B3F1005F16D8002B18D0B3F191
:10AAE000805F11D18C4BDB6A8B4A43F40033D36215
:10AAF0000FE0D7F8143108330121184601F04CF962
:10AB0000034687F8273104E0012387F8273100E066
:10AB100000BF97F82731002B0AD17F4B1B6D23F024
:10AB20004051D7F814311B6F7B4A0B43136503E088
:10AB300097F8273187F82631D7F81431D3E9002365
:10AB400002F08073C7F8D0300023C7F8D430D7E9BB
:10AB500034120B46134339D0D7F814319B6C032BB6
:10AB60001CD801A252F823F0A5AB000879AB00086D
:10AB700087AB0008A5AB0008674BDB6A664A43F465
:10AB80000033D3620FE0D7F814310833022118469E
:10AB900001F002F9034687F8273104E0012387F822
:10ABA000273100E000BF97F82731002B0AD15A4B1C
:10ABB000DB6C23F00301D7F814319B6C564A0B432E
:10ABC000D36403E097F8273187F82631D7F814319A
:10ABD000D3E9002302F48003C7F8C8300023C7F884
:10ABE000CC30D7E932120B46134300F09F804B4B19
:10ABF0001B684A4A43F480731360F7F773FCC7F885
:10AC000020010BE0F7F76EFC0246D7F82031D31A8B
:10AC1000642B03D9032387F8273105E03F4B1B68DA
:10AC200003F48073002BEDD097F82731002B79D1F6
:10AC3000394B1A6FD7F81431D3F8B430534003F4BA
:10AC40004073002B15D0344B1B6F23F44073C7F8AF
:10AC50001C31314B1B6F304A43F4803313672E4B4A
:10AC60001B6F2D4A23F4803313672B4AD7F81C310E
:10AC70001367D7F81431D3F8B430B3F5807F18D107
:10AC8000F7F730FCC7F820010DE0F7F72BFC024680
:10AC9000D7F82031D21A41F288339A4203D90323DC
:10ACA00087F8273105E01C4B1B6F03F00203002BD4
:10ACB000EBD097F82731002B29D1D7F81431D3F8EE
:10ACC000B43003F44073B3F5407F0ED1124B1B69CF
:10ACD00023F47C51D7F81431D3F8B4301A09104B4F
:10ACE00013400D4A0B43136105E00B4B1B690A4AE5
:10ACF00023F47C531361084B196FD7F81431D3F840
:10AD0000B430C3F30B03044A0B4313670EE097F808
:10AD1000273187F8263109E00044025800480258DC
:10AD2000CFFFFF0097F8273187F82631D7F8143185
:10AD3000D3E9002302F00103C7F8C0300023C7F8AD
:10AD4000C430D7E930120B46134300F08980D7F89E
:10AD50001431DB6F282B6BD801A252F823F000BF0F
:10AD600039AE000831AE000831AE000831AE00083F
:10AD700031AE000831AE000831AE000831AE000837
:10AD800005AE000831AE000831AE000831AE000853
:10AD900031AE000831AE000831AE000831AE000817
:10ADA0001BAE000831AE000831AE000831AE00081D
:10ADB00031AE000831AE000831AE000831AE0008F7
:10ADC00039AE000831AE000831AE000831AE0008DF
:10ADD00031AE000831AE000831AE000831AE0008D7
:10ADE00039AE000831AE000831AE000831AE0008BF
:10ADF00031AE000831AE000831AE000831AE0008B7
:10AE000039AE0008D7F8143108330121184600F094
:10AE1000C3FF034687F827310FE0D7F814312833F2
:10AE20000121184601F06AF8034687F8273104E04B
:10AE3000012387F8273100E000BF97F82731002B66
:10AE40000AD1BF4B5B6D23F03801D7F81431DB6FAB
:10AE5000BB4A0B43536503E097F8273187F8263147
:10AE6000D7F81431D3E9002302F00203C7F8B83051
:10AE70000023C7F8BC30D7E92E120B46134341D04C
:10AE8000D7F814319B6F052B24D801A252F823F078
:10AE9000DDAE0008A9AE0008BFAE0008DDAE0008B8
:10AEA000DDAE0008DDAE0008D7F81431083301210B
:10AEB000184600F071FF034687F827310FE0D7F8F6
:10AEC000143128330121184601F018F8034687F899
:10AED000273104E0012387F8273100E000BF97F80D
:10AEE0002731002B0AD1964B5B6D23F00701D7F871
:10AEF00014319B6F924A0B43536503E097F8273157
:10AF000087F82631D7F81431D3E9002302F004037F
:10AF1000C7F8B0300023C7F8B430D7E92C120B467D
:10AF2000134344D0D7F81431D3F89430052B25D8E7
:10AF300001A252F823F000BF85AF000851AF00080E
:10AF400067AF000885AF000885AF000885AF00082F
:10AF5000D7F8143108330121184600F01DFF0346CD
:10AF600087F827310FE0D7F814312833012118462C
:10AF700000F0C4FF034687F8273104E0012387F877
:10AF8000273100E000BF97F82731002B0BD16C4B25
:10AF90009B6D23F00701D7F81431D3F89430684A39
:10AFA0000B43936503E097F8273187F82631D7F8EC
:10AFB0001431D3E9002302F02003C7F8A83000239E
:10AFC000C7F8AC30D7E92A120B46134355D0D7F84F
:10AFD0001431D3F89030B3F1A04F33D0B3F1A04F78
:10AFE0002CD8B3F1804F2FD0B3F1804F26D8B3F1D6
:10AFF000405F2BD0B3F1405F20D8B3F1005F12D097
:10B00000B3F1005F1AD8002B22D0B3F1805F15D1C5
:10B01000D7F8143108330021184600F0BDFE03466E
:10B0200087F8273115E0D7F8143128330221184664
:10B0300000F064FF034687F827310AE0012387F810
:10B04000273106E000BF04E000BF02E000BF00E0DF
:10B0500000BF97F82731002B0BD1394B5B6D23F0E4
:10B06000E041D7F81431D3F89030354A0B4353659B
:10B0700003E097F8273187F82631D7F81431D3E960
:10B08000002302F04003C7F8A0300023C7F8A43023
:10B09000D7E928120B46134358D0D7F81431D3F808
:10B0A0009C30B3F5A05F33D0B3F5A05F2CD8B3F5D7
:10B0B000805F2FD0B3F5805F26D8B3F5406F2BD0DB
:10B0C000B3F5406F20D8B3F5006F12D0B3F5006F21
:10B0D0001AD8002B22D0B3F5806F15D1D7F81431D0
:10B0E00008330021184600F057FE034687F8273141
:10B0F00015E0D7F8143128330221184600F0FEFE7F
:10B10000034687F827310AE0012387F8273106E054
:10B1100000BF04E000BF02E000BF00E000BF97F8FE
:10B120002731002B0ED1064B9B6D23F4E051D7F84D
:10B130001431D3F89C30024A0B43936506E000BFFC
:10B140000044025897F8273187F82631D7F8143190
:10B15000D3E9002302F08003C7F898300023C7F832
:10B160009C30D7E926120B46134355D0D7F814313B
:10B17000D3F8A030B3F5204F33D0B3F5204F2CD8FF
:10B18000B3F5004F2FD0B3F5004F26D8B3F5C04F1D
:10B190002BD0B3F5C04F20D8B3F5804F12D0B3F504
:10B1A000804F1AD8002B22D0B3F5005F15D1D7F805
:10B1B000143108330021184600F0EEFD034687F8ED
:10B1C000273115E0D7F8143128330221184600F052
:10B1D00095FE034687F827310AE0012387F82731D7
:10B1E00006E000BF04E000BF02E000BF00E000BFD7
:10B1F00097F82731002B0BD1A14B9B6D23F46041B5
:10B20000D7F81431D3F8A0309D4A0B43936503E07F
:10B2100097F8273187F82631D7F81431D3E900237E
:10B2200002F00803C7F890300023C7F89430D7E93C
:10B2300024120B4613431ED0D7F81431D3F88430B0
:10B24000B3F5805F0CD1D7F81431283302211846AA
:10B2500000F054FE0346002B02D0012387F826316C
:10B26000874B5B6D23F44051D7F81431D3F8843009
:10B27000834A0B435365D7F81431D3E9002302F016
:10B280001003C7F888300023C7F88C30D7E92212A2
:10B290000B4613431ED0D7F81431D3F89830B3F5CA
:10B2A000807F0CD1D7F8143128330221184600F0E2
:10B2B00025FE0346002B02D0012387F82631704B70
:10B2C0009B6D23F44071D7F81431D3F898306C4A51
:10B2D0000B439365D7F81431D3E9002302F400231C
:10B2E000C7F880300023C7F88430D7E920120B4616
:10B2F00013433ED0D7F81431D3F8A430B3F5003F50
:10B3000022D0B3F5003F1BD8002B03D0B3F5803F0C
:10B310000BD015E0D7F8143108330021184600F09F
:10B320003BFD034687F827310FE0D7F81431283367
:10B330000221184600F0E2FD034687F8273104E0B9
:10B34000012387F8273100E000BF97F82731002B51
:10B350000BD14B4B9B6D23F44031D7F81431D3F80C
:10B36000A430474A0B43936503E097F8273187F8E9
:10B370002631D7F81431D3E9002302F48023BB67C8
:10B380000023FB67D7E91E120B4613433BD0D7F8C7
:10B390001431D3F88830B3F5401F1FD0B3F5401FE8
:10B3A00018D8B3F5801F03D0B3F5001F07D011E004
:10B3B000334BDB6A324A43F40033D3620FE0D7F8F1
:10B3C000143128330121184600F098FD034687F810
:10B3D000273104E0012387F8273100E000BF97F808
:10B3E0002731002B0BD1264B5B6D23F44011D7F88E
:10B3F0001431D3F88830224A0B43536503E097F8A1
:10B40000273187F82631D7F81431D3E9002302F425
:10B4100080333B6700237B67D7E91C120B4613433D
:10B4200034D0D7F814311B6D002B03D0B3F5803F17
:10B4300007D011E0124BDB6A114A43F40033D362A8
:10B440000EE0D7F8143108330221184600F0A4FCAE
:10B45000034687F8273103E0012387F8273100BF2F
:10B4600097F82731002B0DD1054BDB6C23F480318D
:10B47000D7F814311B6D024A0B43D36406E000BFBA
:10B480000044025897F8273187F82631D7F814314D
:10B49000D3E9002302F00053BB660023FB66D7E923
:10B4A0001A120B4613430CD0D7F81431283302215B
:10B4B000184600F023FD0346002B02D0012387F835
:10B4C0002631D7F81431D3E9002302F400333B6668
:10B4D00000237B66D7E918120B46134338D0D7F800
:10B4E0001431D3F88030B3F5407F18D0B3F5407FE6
:10B4F00011D8B3F5007F14D0B3F5007F0BD8002B23
:10B5000011D0B3F5807F06D1C34BDB6AC24A43F446
:10B510000033D36208E0012387F8273104E000BF3D
:10B5200002E000BF00E000BF97F82731002B0BD1ED
:10B53000B94B5B6D23F44071D7F81431D3F88030E8
:10B54000B54A0B43536503E097F8273187F8263156
:10B55000D7F81431D3E9002302F48013BB6500232C
:10B56000FB65D7E916120B46134309D0AA4B1B6D96
:10B5700023F00041D7F814315B6FA74A0B431365E2
:10B58000D7F81431D3E9002302F080533B65002340
:10B590007B65D7E914120B4613430AD09E4B1B69F7
:10B5A00023F48041D7F81431D3F8B8309A4A0B43CA
:10B5B0001361D7F81431D3E9002302F40013BB64FC
:10B5C0000023FB64D7E912120B46134309D0924BB8
:10B5D0001B6D23F08071D7F81431DB6E8E4A0B435C
:10B5E0001365D7F81431D3E9002302F080433B649C
:10B5F00000237B64D7E910120B4613430ED0864B11
:10B600001B69854A23F400431361834B1969D7F8FA
:10B610001431D3F8BC30804A0B431361D7F814318E
:10B62000D3E9002302F00043BB630023FB63D7E9A7
:10B630000E120B46134309D0774BDB6C23F04051BD
:10B64000D7F814315B6D744A0B43D364D7F81431C7
:10B65000D3E9002302F400033B6300237B63D7E9B3
:10B660000C120B4613430AD06B4B5B6D23F4400165
:10B67000D7F81431D3F88C30674A0B435365D7F8A9
:10B680001431D3E900230021B96203F00103FB6206
:10B69000D7E90A120B46134311D0D7F814310833F7
:10B6A0000021184600F078FB034687F8273197F809
:10B6B0002731002B03D097F8273187F82631D7F8A8
:10B6C0001431D3E900230021396203F002037B62C5
:10B6D000D7E908120B46134311D0D7F814310833B9
:10B6E0000121184600F058FB034687F8273197F8E8
:10B6F0002731002B03D097F8273187F82631D7F868
:10B700001431D3E900230021B96103F00403FB6184
:10B71000D7E906120B46134311D0D7F8143108337A
:10B720000221184600F038FB034687F8273197F8C6
:10B730002731002B03D097F8273187F82631D7F827
:10B740001431D3E900230021396103F008037B6140
:10B75000D7E904120B46134311D0D7F8143128331C
:10B760000021184600F0CAFB034687F8273197F8F6
:10B770002731002B03D097F8273187F82631D7F8E7
:10B780001431D3E900230021B96003F01003FB60FA
:10B79000D7E902120B46134311D0D7F814312833DE
:10B7A0000121184600F0AAFB034687F8273197F8D5
:10B7B0002731002B03D097F8273187F82631D7F8A7
:10B7C0001431D3E900230021396003F020037B60AA
:10B7D000D7E900120B46134311D0D7F814312833A0
:10B7E0000221184600F08AFB034687F8273197F8B4
:10B7F0002731002B03D097F8273187F8263197F8A7
:10B800002631002B01D1002300E00123184607F563
:10B810009477BD46BDE8B08F0044025880B500AFB4
:10B82000FEF754FD0246064B1B6A1B0903F0070393
:10B830000449CB5C03F01F0322FA03F3184680BDD2
:10B84000004402587CDE030880B489B000AF786001
:10B85000A14B9B6A03F00303BB619F4B9B6A1B0BCD
:10B8600003F03F037B619C4BDB6A1B0903F0010380
:10B870003B61994BDB6BDB08C3F30C033A6902FBBA
:10B8800003F307EE903AF8EE677AC7ED037A7B6927
:10B89000002B00F01181BB69022B00F08380BB6993
:10B8A000022B00F2A180BB69002B03D0BB69012BE6
:10B8B00056D099E0884B1B6803F02003002B2DD055
:10B8C000854B1B68DB0803F00303844A22FA03F369
:10B8D000BB60BB6807EE903AF8EE676A7B6907EEDB
:10B8E000903AF8EE677A86EEA77A7B4B9B6BC3F3B0
:10B8F000080307EE903AF8EE676A97ED036ADFED0A
:10B90000785AC6EE257A76EEA77AF7EE006A77EED9
:10B91000A67A67EE277AC7ED077A87E07B6907EE9C
:10B92000903AF8EE677ADFED6F6A86EEA77A6A4B97
:10B930009B6BC3F3080307EE903AF8EE676A97ED46
:10B94000036ADFED675AC6EE257A76EEA77AF7EE40
:10B95000006A77EEA67A67EE277AC7ED077A65E088
:10B960007B6907EE903AF8EE677ADFED5F6A86EE64
:10B97000A77A594B9B6BC3F3080307EE903AF8EE96
:10B98000676A97ED036ADFED565AC6EE257A76EEC2
:10B99000A77AF7EE006A77EEA67A67EE277AC7ED08
:10B9A000077A43E07B6907EE903AF8EE677ADFEDBD
:10B9B0004F6A86EEA77A484B9B6BC3F3080307EEEA
:10B9C000903AF8EE676A97ED036ADFED455AC6EEE6
:10B9D000257A76EEA77AF7EE006A77EEA67A67EE1A
:10B9E000277AC7ED077A21E07B6907EE903AF8EEF7
:10B9F000677ADFED3D6A86EEA77A374B9B6BC3F320
:10BA0000080307EE903AF8EE676A97ED036ADFEDF8
:10BA1000345AC6EE257A76EEA77AF7EE006A77EE0C
:10BA2000A67A67EE277AC7ED077A00BF2A4B9B6B91
:10BA30005B0A03F07F0307EE903AF8EE677AB7EE01
:10BA4000007A37EE877AD7ED076AC6EE877AFCEE82
:10BA5000E77A17EE902A7B681A601F4B9B6B1B0CD2
:10BA600003F07F0307EE903AF8EE677AB7EE007ABC
:10BA700037EE877AD7ED076AC6EE877AFCEEE77A6B
:10BA800017EE902A7B685A60134B9B6B1B0E03F0DA
:10BA90007F0307EE903AF8EE677AB7EE007A37EE5A
:10BAA000877AD7ED076AC6EE877AFCEEE77A17EE5B
:10BAB000902A7B689A6008E07B6800221A607B68A5
:10BAC00000225A607B6800229A6000BF2437BD467E
:10BAD0005DF8047B704700BF004402580090D0031B
:10BAE000000000460024744C0024744A20BCBE4B65
:10BAF00080B489B000AF7860A14B9B6A03F0030368
:10BB0000BB619F4B9B6A1B0D03F03F037B619C4B0A
:10BB1000DB6A1B0A03F001033B61994B5B6CDB089A
:10BB2000C3F30C033A6902FB03F307EE903AF8EE15
:10BB3000677AC7ED037A7B69002B00F01181BB693E
:10BB4000022B00F08380BB69022B00F2A180BB694D
:10BB5000002B03D0BB69012B56D099E0884B1B68A2
:10BB600003F02003002B2DD0854B1B68DB0803F06E
:10BB70000303844A22FA03F3BB60BB6807EE903AE2
:10BB8000F8EE676A7B6907EE903AF8EE677A86EE20
:10BB9000A77A7B4B1B6CC3F3080307EE903AF8EED1
:10BBA000676A97ED036ADFED785AC6EE257A76EE7E
:10BBB000A77AF7EE006A77EEA67A67EE277AC7EDE6
:10BBC000077A87E07B6907EE903AF8EE677ADFED57
:10BBD0006F6A86EEA77A6A4B1B6CC3F3080307EE05
:10BBE000903AF8EE676A97ED036ADFED675AC6EEA2
:10BBF000257A76EEA77AF7EE006A77EEA67A67EEF8
:10BC0000277AC7ED077A65E07B6907EE903AF8EE90
:10BC1000677ADFED5F6A86EEA77A594B1B6CC3F338
:10BC2000080307EE903AF8EE676A97ED036ADFEDD6
:10BC3000565AC6EE257A76EEA77AF7EE006A77EEC8
:10BC4000A67A67EE277AC7ED077A43E07B6907EEAD
:10BC5000903AF8EE677ADFED4F6A86EEA77A484BA6
:10BC60001B6CC3F3080307EE903AF8EE676A97ED92
:10BC7000036ADFED455AC6EE257A76EEA77AF7EE2F
:10BC8000006A77EEA67A67EE277AC7ED077A21E099
:10BC90007B6907EE903AF8EE677ADFED3D6A86EE53
:10BCA000A77A374B1B6CC3F3080307EE903AF8EE04
:10BCB000676A97ED036ADFED345AC6EE257A76EEB1
:10BCC000A77AF7EE006A77EEA67A67EE277AC7EDD5
:10BCD000077A00BF2A4B1B6C5B0A03F07F0307EE59
:10BCE000903AF8EE677AB7EE007A37EE877AD7EDBA
:10BCF000076AC6EE877AFCEEE77A17EE902A7B6831
:10BD00001A601F4B1B6C1B0C03F07F0307EE903A6D
:10BD1000F8EE677AB7EE007A37EE877AD7ED076AE2
:10BD2000C6EE877AFCEEE77A17EE902A7B685A60B7
:10BD3000134B1B6C1B0E03F07F0307EE903AF8EEDB
:10BD4000677AB7EE007A37EE877AD7ED076AC6EEE4
:10BD5000877AFCEEE77A17EE902A7B689A6008E013
:10BD60007B6800221A607B6800225A607B68002290
:10BD70009A6000BF2437BD465DF8047B704700BF62
:10BD8000004402580090D003000000460024744C88
:10BD90000024744A20BCBE4B80B584B000AF7860EC
:10BDA00039600023FB73534B9B6A03F00303032B9F
:10BDB00001D1012399E04F4B1B684E4A23F0806369
:10BDC0001360F6F78FFBB86008E0F6F78BFB0246CE
:10BDD000BB68D31A022B01D9032386E0454B1B68AD
:10BDE00003F00063002BF0D1424B9B6A23F47C32BA
:10BDF0007B681B681B033F4913438B627B685B684E
:10BE0000013BC3F308027B689B68013B5B029BB26A
:10BE10001A437B68DB68013B1B0403F4FE031A43EF
:10BE20007B681B69013B1B0603F0FE43314913434A
:10BE30008B63304BDB6A23F0C0027B685B692D4962
:10BE40001343CB622B4BDB6A23F020027B689B6998
:10BE500028491343CB62274BDB6A264A23F01003A1
:10BE6000D362244BDA6B244B13407A68D269D20038
:10BE700020491343CB631F4BDB6A1E4A43F0100378
:10BE8000D3623B68002B06D11A4BDB6A194A43F494
:10BE90000023D3620FE03B68012B06D1154BDB6A10
:10BEA000144A43F48013D36205E0124BDB6A114A53
:10BEB00043F40013D3620F4B1B680E4A43F08063B8
:10BEC0001360F6F70FFBB86008E0F6F70BFB0246CD
:10BED000BB68D31A022B01D9032306E0054B1B686C
:10BEE00003F00063002BF0D0FB7B18461037BD46F3
:10BEF00080BD00BF004402580700FFFF80B584B03A
:10BF000000AF786039600023FB73534B9B6A03F0EA
:10BF10000303032B01D1012399E04F4B1B684E4AC9
:10BF200023F080531360F6F7DDFAB86008E0F6F707
:10BF3000D9FA0246BB68D31A022B01D9032386E043
:10BF4000454B1B6803F00053002BF0D1424B9B6A1A
:10BF500023F07C727B681B681B053F4913438B628F
:10BF60007B685B68013BC3F308027B689B68013B0D
:10BF70005B029BB21A437B68DB68013B1B0403F442
:10BF8000FE031A437B681B69013B1B0603F0FE435B
:10BF9000314913430B64304BDB6A23F440627B6806
:10BFA0005B692D491343CB622B4BDB6A23F4007290
:10BFB0007B689B6928491343CB62274BDB6A264A7F
:10BFC00023F48073D362244B5A6C244B13407A6859
:10BFD000D269D200204913434B641F4BDB6A1E4ACF
:10BFE00043F48073D3623B68002B06D11A4BDB6AA3
:10BFF000194A43F48003D3620FE03B68012B06D15A
:10C00000154BDB6A144A43F40003D36205E0124B7C
:10C01000DB6A114A43F08073D3620F4B1B680E4AF0
:10C0200043F080531360F6F75DFAB86008E0F6F766
:10C0300059FA0246BB68D31A022B01D9032306E042
:10C04000054B1B6803F00053002BF0D0FB7B184618
:10C050001037BD4680BD00BF004402580700FFFFF7
:10C0600080B584B000AF78607B68002B01D10123DC
:10C0700058E17B6800229A627B681B685F4A9342A2
:10C080000FD07B681B685E4A93420AD07B681B68AE
:10C090005C4A934205D07B68DB680F2B01D90123F2
:10C0A00040E1786801F062FEF8607B681B68534AE3
:10C0B00093420CD07B681B68514A934207D07B683F
:10C0C0001B68504A934202D0FB68082B11D87B684A
:10C0D0001B684A4A934209D07B681B68484A9342CE
:10C0E00004D07B681B68474A934204D1FB68102B3D
:10C0F00001D9012316E17B6893F88130DBB2002B74
:10C1000035D17B68002283F880207B683E4AC3F8E3
:10C1100088207B683D4AC3F88C207B683C4AC3F882
:10C1200090207B683B4AC3F894207B683A4AC3F866
:10C1300098207B68394AC3F89C207B68384AC3F84A
:10C14000A0207B68374AC3F8A4207B68364AC3F82E
:10C15000A8207B68D3F8AC30002B03D17B68334A2E
:10C16000C3F8AC207B68D3F8AC30786898477B681C
:10C17000022283F881207B681B681A687B681B6831
:10C1800022F001021A607B681B689B6803F4F813B5
:10C19000BB607B689B69B3F1806F19D17B685B687A
:10C1A000B3F5800F03D17B689B6B002B08D07B68B5
:10C1B0005B68002B0CD17B689B6BB3F1805F07D170
:10C1C0007B681B681A687B681B6842F480521A609F
:10C1D0007B685B6803F48003002B29D07B68DB68F5
:10C1E000062B25D97B681B681B6823F480717B684C
:10C1F0001A6D7B681B680A431A6021E00030014019
:10C2000000380040003C0040FDD8000811D900086B
:10C2100025D9000839D900084DD9000861D900088E
:10C2200075D9000889D900089DD90008951700081C
:10C230007B681B681A687B681B6822F480721A602E
:10C240007B68DA697B689B6A1A43BB681A437B6820
:10C25000DB6B42EA03017B68DA687B681B680A4390
:10C260009A607B685A6B7B685B6A1A437B689B6B3E
:10C270001A437B689B691A437B681B691A437B6876
:10C280005B691A437B681B6A1A437B685B681A43C5
:10C290007B68DB6C1A437B689B681A437B689B6CEA
:10C2A00042EA03017B689A6D7B681B680A43DA6087
:10C2B0007B685B68002B13D17B681B689B6823F449
:10C2C000C0527B681B6842F400629A607B681B68FE
:10C2D0009B6823F4C0627B681B6842F480629A60AA
:10C2E0007B681B681A6D7B681B6822F001021A6567
:10C2F0007B685B6803F48003002B0AD07B681B68B3
:10C30000DB6823F000417B685A6D7B681B680A4339
:10C31000DA607B680022C3F884207B68012283F8FE
:10C320008120002318461037BD4680BD80B487B0F9
:10C3300000AFF8600B467A60FB720023FB757B68E8
:10C34000002B09D1FB68D3F8843043F48052FB689A
:10C35000C3F8842001238FE0FB6893F88130DBB2BF
:10C36000012B5DD1FB7A0A2B4FD801A252F823F0A2
:10C370009DC30008A7C30008B1C30008BBC30008E1
:10C38000C5C30008CFC30008D9C30008E3C3000831
:10C39000EDC30008F7C3000801C40008FB687A6811
:10C3A000C3F8882067E0FB687A68C3F88C2062E0F5
:10C3B000FB687A68C3F890205DE0FB687A68C3F890
:10C3C000942058E0FB687A68C3F8982053E0FB6833
:10C3D0007A68C3F89C204EE0FB687A68C3F8A02016
:10C3E00049E0FB687A68C3F8A42044E0FB687A68F7
:10C3F000C3F8A8203FE0FB687A68C3F8AC203AE0B5
:10C40000FB687A68C3F8B02035E0FB68D3F8843065
:10C4100043F48052FB68C3F884200123FB752AE0B3
:10C42000FB6893F88130DBB2002B1AD1FB7A092B21
:10C4300002D00A2B05D009E0FB687A68C3F8AC206B
:10C4400019E0FB687A68C3F8B02014E0FB68D3F801
:10C45000843043F48052FB68C3F884200123FB75C9
:10C4600009E0FB68D3F8843043F48052FB68C3F8DA
:10C4700084200123FB75FB7D18461C37BD465DF803
:10C48000047B704780B588B002AFF860B9603B604C
:10C490001346FB80FB681B6820337B61F6F722F8AC
:10C4A0003861FB6893F88130DBB2012B01D00223A5
:10C4B000D1E1BB68002B02D0FB88002B01D1012306
:10C4C000C9E1FB6893F88030012B01D10223C2E15E
:10C4D000FB68012283F88020FB68032283F8812017
:10C4E000FB680022C3F88420FB68BA68DA65FB6841
:10C4F000FA88A3F86020FB68FA88A3F86220FB683A
:10C5000000225A66FB680022A3F86820FB6800221C
:10C51000A3F86A20FB6800225A67FB6800221A67AA
:10C52000FB689B68B3F5C02F08D1FB681B681A68CD
:10C53000FB681B6842F400621A6009E0FB681B6834
:10C54000DB6823F4C022FB681B6842F40032DA6027
:10C55000FB681B685A68964B1340F988FA681268A2
:10C560000B435360FB681B681A68FB681B6842F04A
:10C5700001021A60FB685B68B3F5800F07D1FB68A6
:10C580001B681A68FB681B6842F400721A60FB683B
:10C59000DB680F2B47D93FE0FB681B685B6903F042
:10C5A0000203022B14D1FB68DA6DFB681B6812686A
:10C5B0001A62FB68DB6D1A1DFB68DA65FB68B3F86D
:10C5C00062309BB2013B9AB2FB68A3F8622023E081
:10C5D000F5F788FF02463B69D31A3A689A4203D8B6
:10C5E0003B68B3F1FF3F02D13B68002B14D1F868E0
:10C5F00001F0EEFAFB68D3F8843043F48072FB68F4
:10C60000C3F88420FB68012283F88120FB680022A4
:10C6100083F8802003231EE1FB68B3F862309BB2ED
:10C62000002BB9D1F1E0FB68DB68072B40F2E68014
:10C630005DE0FB681B685B6903F00203022B32D1EB
:10C64000FB68B3F862309BB2012B18D9FB68DB6B37
:10C65000002B14D0FB68DA6DFB681B6812681A6245
:10C66000FB68DB6D1A1DFB68DA65FB68B3F86230A6
:10C670009BB2023B9AB2FB68A3F8622037E0FB68EA
:10C68000DB6D1A887B691A80FB68DB6D9A1CFB687E
:10C69000DA65FB68B3F862309BB2013B9AB2FB6883
:10C6A000A3F8622023E0F5F71DFF02463B69D31A89
:10C6B0003A689A4203D83B68B3F1FF3F02D13B6826
:10C6C000002B14D1F86801F083FAFB68D3F88430AA
:10C6D00043F48072FB68C3F88420FB68012283F86E
:10C6E0008120FB68002283F880200323B3E0FB68ED
:10C6F000B3F862309BB2002B9BD186E0FB681B68CD
:10C700005B6903F00203022B54D1FB68B3F862307B
:10C710009BB2032B18D9FB68DB6B402B14D9FB6849
:10C72000DA6DFB681B6812681A62FB68DB6D1A1D04
:10C73000FB68DA65FB68B3F862309BB2043B9AB2DF
:10C74000FB68A3F8622059E0FB68B3F862309BB243
:10C75000012B17D9FB68DB6B002B13D0FB68DB6D5B
:10C760001A887B691A80FB68DB6D9A1CFB68DA65A6
:10C77000FB68B3F862309BB2023B9AB2FB68A3F845
:10C7800062203BE0FB68DA6DFB681B68203312789F
:10C790001A70FB68DB6D5A1CFB68DA65FB68B3F83E
:10C7A00062309BB2013B9AB2FB68A3F8622025E09D
:10C7B0000000FFFFF5F796FE02463B69D31A3A6880
:10C7C0009A4203D83B68B3F1FF3F02D13B68002B8C
:10C7D00014D1F86801F0FCF9FB68D3F8843043F415
:10C7E0008072FB68C3F88420FB68012283F88120F3
:10C7F000FB68002283F8802003232CE0FB68B3F859
:10C8000062309BB2002B7FF479AF3B6900933B68A9
:10C8100000220821F86801F07BFA0346002B07D0BC
:10C82000FB68D3F8843043F02002FB68C3F884200F
:10C83000F86801F0CDF9FB68012283F88120FB68DC
:10C84000002283F88020FB68D3F88430002B01D0CD
:10C85000012300E0002318461837BD4680BD00BF05
:10C8600080B588B000AFF860B9603B601346FB80CC
:10C87000FB68DB6B5B099BB20133FB83FB681B68C6
:10C880003033BB61F5F72EFE7861FB6893F8813099
:10C89000DBB2012B01D0022350E2BB68002B02D097
:10C8A000FB88002B01D1012348E2FB6893F880301C
:10C8B000012B01D1022341E2FB68012283F8802091
:10C8C000FB68042283F88120FB680022C3F88420DF
:10C8D000FB68BA685A66FB68FA88A3F86820FB68A8
:10C8E000FA88A3F86A20FB680022DA65FB68002258
:10C8F000A3F86020FB680022A3F86220FB680022F6
:10C900001A67FB6800225A67FB689B68B3F5C02F63
:10C9100008D1FB681B681A68FB681B6822F4006278
:10C920001A6009E0FB681B68DB6823F4C022FB681F
:10C930001B6842F48022DA60FB681B685A68954BDA
:10C940001340F988FA6812680B435360FB681B6850
:10C950001A68FB681B6842F001021A60FB685B689A
:10C96000B3F5800F07D1FB681B681A68FB681B686A
:10C9700042F400721A60FB68DB680F2B6CD964E02C
:10C98000FB681B685B693B61FB681B685B6903F0C4
:10C990000103012B14D1FB681A68FB685B6E126BF4
:10C9A0001A60FB685B6E1A1DFB685A66FB68B3F879
:10C9B0006A309BB2013B9AB2FB68A3F86A2044E05C
:10C9C000FB68B3F86A309BB2FA8B9A4219D93B697B
:10C9D00003F40043002B14D0FB681A68FB685B6EFD
:10C9E000126B1A60FB685B6E1A1DFB685A66FB6867
:10C9F000B3F86A309BB2013B9AB2FB68A3F86A2095
:10CA000023E0F5F76FFD02467B69D31A3A689A4234
:10CA100003D83B68B3F1FF3F02D13B68002B14D130
:10CA2000F86801F0D5F8FB68D3F8843043F48072DD
:10CA3000FB68C3F88420FB68012283F88120FB682F
:10CA4000002283F88020032378E1FB68B3F86A3082
:10CA50009BB2002B94D15EE1FB68DB68072B40F2B0
:10CA600053818FE0FB681B685B693B61FB681B6857
:10CA70005B6903F00103012B14D1FB685B6EBA699B
:10CA8000128892B21A80FB685B6E9A1CFB685A6629
:10CA9000FB68B3F86A309BB2013B9AB2FB68A3F81B
:10CAA0006A206FE0FB68B3F86A309BB2FA8B9A4257
:10CAB00024D93B6903F40043002B1FD0FB685B6E55
:10CAC000BA69128892B21A80FB685B6E9A1CFB6886
:10CAD0005A66FB685B6EBA69128892B21A80FB686C
:10CAE0005B6E9A1CFB685A66FB68B3F86A309BB2AF
:10CAF000023B9AB2FB68A3F86A2043E0FB68B3F8F4
:10CB00006A309BB2012B19D13B6903F40053002B0F
:10CB100014D0FB685B6EBA69128892B21A80FB6807
:10CB20005B6E9A1CFB685A66FB68B3F86A309BB26E
:10CB3000013B9AB2FB68A3F86A2023E0F5F7D2FC28
:10CB400002467B69D31A3A689A4203D83B68B3F12C
:10CB5000FF3F02D13B68002B14D1F86801F038F890
:10CB6000FB68D3F8843043F48072FB68C3F88420F8
:10CB7000FB68012283F88120FB68002283F8802073
:10CB80000323DBE0FB68B3F86A309BB2002B7FF431
:10CB900069AFC0E00000FFFFFB681B685B693B6199
:10CBA000FB681B685B6903F00103012B17D1FB686D
:10CBB0001B6803F13002FB685B6E1278D2B21A7008
:10CBC000FB685B6E5A1CFB685A66FB68B3F86A30F8
:10CBD0009BB2013B9AB2FB68A3F86A2094E0FB6821
:10CBE000B3F86A309BB2FA8B9A4246D93B6903F498
:10CBF0000043002B41D0FB681B6803F13002FB6847
:10CC00005B6E1278D2B21A70FB685B6E5A1CFB68BE
:10CC10005A66FB681B6803F13002FB685B6E127892
:10CC2000D2B21A70FB685B6E5A1CFB685A66FB68CE
:10CC30001B6803F13002FB685B6E1278D2B21A7087
:10CC4000FB685B6E5A1CFB685A66FB681B6803F145
:10CC50003002FB685B6E1278D2B21A70FB685B6EB2
:10CC60005A1CFB685A66FB68B3F86A309BB2043BF7
:10CC70009AB2FB68A3F86A2046E0FB68B3F86A3012
:10CC80009BB2032B1CD83B6903F4C043002B17D085
:10CC9000FB681B6803F13002FB685B6E1278D2B24E
:10CCA0001A70FB685B6E5A1CFB685A66FB68B3F827
:10CCB0006A309BB2013B9AB2FB68A3F86A2023E07A
:10CCC000F5F710FC02467B69D31A3A689A4203D8FA
:10CCD0003B68B3F1FF3F02D13B68002B14D1F868E9
:10CCE00000F076FFFB68D3F8843043F48072FB6871
:10CCF000C3F88420FB68012283F88120FB680022AE
:10CD000083F88020032319E0FB68B3F86A309BB2F4
:10CD1000002B7FF441AFF86800F05AFFFB68012256
:10CD200083F88120FB68002283F88020FB68D3F819
:10CD30008430002B01D0012300E000231846203767
:10CD4000BD4680BD80B584B000AFF860B9601346C1
:10CD5000FB80FB6893F88130DBB2012B05D0FB68C8
:10CD6000002283F88020022327E1BB68002B02D039
:10CD7000FB88002B05D1FB68002283F8802001236B
:10CD80001BE1FB6893F88030012B01D1022314E1F1
:10CD9000FB68012283F88020FB68042283F881204D
:10CDA000FB680022C3F88420FB68BA685A66FB68F7
:10CDB000FA88A3F86820FB68FA88A3F86A20FB6861
:10CDC00000221A67FB6800225A67FB680022A3F85A
:10CDD0006020FB680022A3F86220FB689B68B3F523
:10CDE000C02F08D1FB681B681A68FB681B6822F417
:10CDF00000621A6009E0FB681B68DB6823F4C0224C
:10CE0000FB681B6842F48022DA60FB68DB680F2B4A
:10CE100005D9FB68DB6F9B69B3F5804F0FD1FB68C9
:10CE2000DB68072B11D9FB68DB6F9B69B3F5005FEB
:10CE30000BD0FB68DB6F9B69B3F5804F05D0FB68B7
:10CE4000002283F880200123B7E0FB681B689A6802
:10CE5000FB681B6822F480429A60FB68DB68072B42
:10CE600020D8FB68DB6F9B69B3F5005F09D1FB68D5
:10CE7000B3F86A309BB201335B109AB2FB68A3F837
:10CE80006A20FB68DB6F9B69B3F5804F1ED1FB689E
:10CE9000B3F86A309BB203339B109AB2FB68A3F8D5
:10CEA0006A2013E0FB68DB680F2B0FD8FB68DB6F91
:10CEB0009B69B3F5804F09D1FB68B3F86A309BB228
:10CEC00001335B109AB2FB68A3F86A20FB68DB6F42
:10CED0003C4A1A64FB68DB6F3B4ADA63FB68DB6F32
:10CEE0003A4ADA64FB68DB6F00221A65FB68D86F88
:10CEF000FB681B6830331946FB685B6E1A46FB689B
:10CF0000B3F86A309BB2F5F77BFF0346002B11D0D4
:10CF1000FB68D3F8843043F01002FB68C3F8842028
:10CF2000FB68012283F88120FB68002283F88020BF
:10CF3000012342E0FB68DB6FDB69B3F5807F08D13A
:10CF4000FB681B685968FB681A68214B0B405360EB
:10CF500009E0FB681B685A681D4B1340F988FA68A2
:10CF600012680B435360FB681B689A68FB681B6878
:10CF700042F480429A60FB681B681A69FB681B6870
:10CF800042F450721A61FB681B681A68FB681B68E0
:10CF900042F001021A60FB685B68B3F5800F07D1AD
:10CFA000FB681B681A68FB681B6842F400721A6011
:10CFB000FB68002283F88020002318461037BD4606
:10CFC00080BD00BF45DA0008B1D9000885DA000845
:10CFD0000000FFFF80B584B000AFF860B9607A60F0
:10CFE0007B80FB6893F88130DBB2012B01D00223F8
:10CFF0009CE1BB68002B05D07B68002B02D07B88AE
:10D00000002B01D1012391E1FB6893F88030012BC3
:10D0100001D102238AE1FB68012283F88020FB68AA
:10D02000052283F88120FB680022C3F88420FB6876
:10D03000BA68DA65FB687A88A3F86020FB687A88AA
:10D04000A3F86220FB687A685A66FB687A88A3F8BE
:10D050006820FB687A88A3F86A20FB6800221A67B8
:10D06000FB6800225A67FB681B68DA68FB681B686C
:10D0700022F4C022DA60FB681B689A68FB681B68B0
:10D0800022F440429A60FB68DB680F2B0BD9FB68E7
:10D09000DB6F9B69B3F5804F21D1FB689B6F9B6968
:10D0A000B3F5804F1BD1FB68DB68072B1DD9FB68EC
:10D0B000DB6F9B69B3F5005F05D0FB68DB6F9B6995
:10D0C000B3F5804F0BD1FB689B6F9B69B3F5005F95
:10D0D0000BD0FB689B6F9B69B3F5804F05D0FB6855
:10D0E000002283F88020012320E1FB68DB68072B06
:10D0F00040D8FB689B6F9B69B3F5005F09D1FB6863
:10D10000B3F862309BB201335B109AB2FB68A3F8AC
:10D110006220FB689B6F9B69B3F5804F09D1FB6868
:10D12000B3F862309BB203339B109AB2FB68A3F84A
:10D130006220FB68DB6F9B69B3F5005F09D1FB6878
:10D14000B3F86A309BB201335B109AB2FB68A3F864
:10D150006A20FB68DB6F9B69B3F5804F2ED1FB68BB
:10D16000B3F86A309BB203339B109AB2FB68A3F802
:10D170006A2023E0FB68DB680F2B1FD8FB689B6FDE
:10D180009B69B3F5804F09D1FB68B3F862309BB25D
:10D1900001335B109AB2FB68A3F86220FB68DB6F77
:10D1A0009B69B3F5804F09D1FB68B3F86A309BB235
:10D1B00001335B109AB2FB68A3F86A20FB68DB6F4F
:10D1C0005C4A1A64FB68DB6F5B4ADA63FB68DB6FFF
:10D1D0005A4ADA64FB68DB6F00221A65FB68D86F75
:10D1E000FB681B6830331946FB685B6E1A46FB68A8
:10D1F000B3F86A309BB2F5F703FE0346002B11D05B
:10D20000FB68D3F8843043F01002FB68C3F8842035
:10D21000FB68012283F88120FB68002283F88020CC
:10D22000012383E0FB681B689A68FB681B6842F473
:10D2300080429A60FB689B6F00221A64FB689B6FB8
:10D240000022DA63FB689B6F00221A65FB689B6F04
:10D250003A4ADA64FB68986FFB68DB6D1946FB6835
:10D260001B6820331A46FB68B3F862309BB2F5F7AF
:10D27000C7FD0346002B16D0FB68DB6F1846F6F798
:10D2800029F8FB68D3F8843043F01002FB68C3F838
:10D290008420FB68012283F88120FB68002283F848
:10D2A0008020012342E0FB689B6FDB69B3F5807F40
:10D2B00008D1FB681B685968FB681A68204B0B4053
:10D2C000536009E0FB681B685A681D4B134079885E
:10D2D000FA6812680B435360FB681B689A68FB6826
:10D2E0001B6842F400429A60FB681B681A69FB687D
:10D2F0001B6842F458721A61FB681B681A68FB6865
:10D300001B6842F001021A60FB685B68B3F5800F8E
:10D3100007D1FB681B681A68FB681B6842F400723F
:10D320001A60FB68002283F880200023184610371B
:10D33000BD4680BD65DA0008FBD9000885DA000823
:10D340000000FFFF80B584B000AF78607B6893F881
:10D350008030012B01D10223D9E07B68012283F8C0
:10D3600080207B68072283F881200023FB736A4BAF
:10D370001B686A4AA2FB03235B0A642202FB03F3D5
:10D38000BB607B681B681B6803F40073B3F5007F08
:10D390005BD17B681B681A697B681B6822F00802F6
:10D3A0001A61BB68013BBB60BB68002B08D17B687E
:10D3B000D3F8843043F040027B68C3F8842006E051
:10D3C0007B681B681B6903F00803082BE9D07B68A6
:10D3D0001B681A687B681B6842F480621A60BB682D
:10D3E000013BBB60BB68002B08D17B68D3F884305D
:10D3F00043F040027B68C3F8842007E07B681B6829
:10D400001B6803F40073B3F5007FE8D07B681B68EA
:10D410009A697B681B6842F400629A61BB68013BB1
:10D42000BB60BB68002B08D17B68D3F8843043F025
:10D4300040027B68C3F8842007E07B681B685B6957
:10D4400003F40063B3F5006FE8D07B681B689B684A
:10D4500003F40043B3F5004F1BD17B689B6F002B97
:10D4600017D07B689B6F00221A657B689B6F1846FC
:10D47000F5F730FF0346002B0BD07B689B6F1846F7
:10D48000F7F71EFC0346202B03D17B684022C3F82C
:10D4900084207B681B689B6803F48043B3F5804F4E
:10D4A0001BD17B68DB6F002B17D07B68DB6F002202
:10D4B0001A657B68DB6F1846F5F70CFF0346002BF7
:10D4C0000BD07B68DB6F1846F7F7FAFB0346202B7F
:10D4D00003D17B684022C3F88420786800F014FBF5
:10D4E0007B68D3F8843003F04003402B02D1012342
:10D4F000FB7303E07B680022C3F884207B68012271
:10D5000083F881207B68002283F88020FB7B18460B
:10D510001037BD4680BD00BF00000024F11976051C
:10D5200080B483B000AF78607B68D3F8843043F474
:10D5300080627B68C3F88420012318460C37BD46FF
:10D540005DF8047B7047000080B58AB000AF78605A
:10D550007B681B681B693B627B681B685B69FB61BE
:10D560003A6AFB691340BB617B681B689B687B61FF
:10D5700000237B627B6893F88130FB747B681B68B7
:10D580003033FB60FB6903F40063002B12D03B6A6D
:10D5900003F00803002B0DD07B681B689A697B6839
:10D5A0001B6842F400629A617B68D3F8A8307868FF
:10D5B00098479CE1BB6903F04003002B13D1BB6982
:10D5C00003F02003002B0ED1BB6903F00403002BF2
:10D5D00009D07B685B6F786898477B681B6F7868B9
:10D5E000984701237B62BB6903F04003002B0FD1F6
:10D5F000BB6903F00103002B0AD0BB6903F00403ED
:10D60000002B05D17B681B6F7868984701237B62EC
:10D61000BB6903F02003002B0FD1BB6903F00203A9
:10D62000002B0AD0BB6903F00403002B05D17B68F3
:10D630005B6F7868984701237B627B6A002B40F020
:10D640005181BB6903F00803002B00F093807B68D5
:10D650001B689A697B681B6842F008029A617B68C4
:10D660001B689A697B681B6842F010029A617B68AC
:10D670001B689A697B681B6842F400629A617B6848
:10D680001B681A697B681B6822F008021A617B68B4
:10D690001B689B6803F44043002B3DD136E07B6858
:10D6A000DB680F2B0BD97B681A687B685B6E126B8B
:10D6B0001A607B685B6E1A1D7B685A661DE07B688A
:10D6C000DB68072B0BD97B685B6EFA68128892B215
:10D6D0001A807B685B6E9A1C7B685A660DE07B68DB
:10D6E0001B6803F130027B685B6E1278D2B21A704D
:10D6F0007B685B6E5A1C7B685A667B68B3F86A303D
:10D700009BB2013B9AB27B68A3F86A207B68B3F8AE
:10D710006A309BB2002BC2D1786800F059FA7B685E
:10D72000012283F881207B68D3F88430002B05D058
:10D730007B68D3F8A03078689847D8E0FB7C052B4D
:10D7400005D17B68D3F8903078689847CCE0FB7CB3
:10D75000042B05D17B68D3F88C3078689847C3E0F8
:10D76000FB7C032B40F0C0807B68D3F8883078685E
:10D770009847B9E0BB6903F45873002B00F0B780F9
:10D78000BB6903F04003002B0FD07B68D3F88430D3
:10D7900043F004027B68C3F884207B681B689A69A5
:10D7A0007B681B6842F040029A61BB6903F4007316
:10D7B000002B0FD07B68D3F8843043F001027B68E4
:10D7C000C3F884207B681B689A697B681B6842F4F5
:10D7D00000729A61BB6903F48073002B0FD07B68E1
:10D7E000D3F8843043F008027B68C3F884207B6858
:10D7F0001B689A697B681B6842F480729A61BB69F6
:10D8000003F02003002B0FD07B68D3F8843043F063
:10D8100080027B68C3F884207B681B689A697B68F8
:10D820001B6842F020029A617B68D3F88430002B99
:10D830005CD07B681B681A687B681B6822F0010259
:10D840001A607B681B6819697B681A68294B0B4052
:10D8500013617B6903F44043B3F5404F38D17B68D3
:10D860001B689A687B681B6822F440429A607B6858
:10D87000DB6F002B13D07B68DB6F1F4A1A657B6858
:10D88000DB6F1846F6F744F80346002B07D07B6899
:10D89000D3F8843043F040027B68C3F884207B686F
:10D8A0009B6F002B22D07B689B6F134A1A657B68A5
:10D8B0009B6F1846F6F72CF80346002B16D07B68B2
:10D8C000D3F8843043F040027B68C3F884200DE035
:10D8D0007B68012283F881207B68D3F8A0307868C8
:10D8E000984703E000BF02E000BF00E000BF283718
:10D8F000BD4680BD94FCFFFFCFDA000880B483B042
:10D9000000AF786000BF0C37BD465DF8047B704700
:10D9100080B483B000AF786000BF0C37BD465DF8BF
:10D92000047B704780B483B000AF786000BF0C37D1
:10D93000BD465DF8047B704780B483B000AF78606B
:10D9400000BF0C37BD465DF8047B704780B483B0E0
:10D9500000AF786000BF0C37BD465DF8047B7047B0
:10D9600080B483B000AF786000BF0C37BD465DF86F
:10D97000047B704780B483B000AF786000BF0C3781
:10D98000BD465DF8047B704780B483B000AF78601B
:10D9900000BF0C37BD465DF8047B704780B483B090
:10D9A00000AF786000BF0C37BD465DF8047B704760
:10D9B00080B584B000AF78607B689B6BFB60FB68D0
:10D9C00093F88130DBB2072B13D0FB68DB6FDB6988
:10D9D000B3F5807F05D1FB68D3F88C30F8689847A1
:10D9E00007E0FB681B681A69FB681B6842F00802C5
:10D9F0001A6100BF1037BD4680BD80B584B000AF4E
:10DA000078607B689B6BFB60FB6893F88130DBB2CE
:10DA1000072B13D0FB689B6FDB69B3F5807F05D1C3
:10DA2000FB68D3F89030F868984707E0FB681B68FC
:10DA30001A69FB681B6842F008021A6100BF1037C0
:10DA4000BD4680BD80B584B000AF78607B689B6BBD
:10DA5000FB60FB68D3F89830F868984700BF103730
:10DA6000BD4680BD80B584B000AF78607B689B6B9D
:10DA7000FB60FB68D3F89C30F868984700BF10370C
:10DA8000BD4680BD80B584B000AF78607B689B6B7D
:10DA9000FB607868F7F714F90346022B13D0F86897
:10DAA00000F096F8FB68D3F8843043F01002FB686E
:10DAB000C3F88420FB68012283F88120FB68D3F837
:10DAC000A030F868984700BF1037BD4680BD80B5CC
:10DAD00084B000AF78607B689B6BFB60FB680022C2
:10DAE000A3F86A20FB680022A3F86220FB680122E9
:10DAF00083F88120FB68D3F8A030F868984700BF0E
:10DB00001037BD4680BD000080B483B000AF7860A0
:10DB10007B681B681A687B681B6822F001021A6028
:10DB20007B681B6819697B681A68284B0B40136176
:10DB30007B681B689A697B681B6842F008029A61DF
:10DB40007B681B689A697B681B6842F010029A61C7
:10DB50007B681B689A687B681B6822F440429A6065
:10DB60007B681B689A697B681B6842F040029A6177
:10DB70007B681B689A697B681B6842F020029A6187
:10DB80007B681B689A697B681B6842F480729A61A3
:10DB90007B681B689A697B681B6842F400729A6113
:10DBA0007B681B689A697B681B6842F400629A6113
:10DBB0007B680022A3F862207B680022A3F86A2019
:10DBC00000BF0C37BD465DF8047B704790FCFFFF3B
:10DBD00080B485B000AF78607B681B685B69FB60D0
:10DBE0007B681B689A697B681B6842F008029A612F
:10DBF0007B681B689A697B681B6842F010029A6117
:10DC00007B681B681A687B681B6822F001021A6037
:10DC10007B681B6819697B681A683C4B0B40136171
:10DC20007B681B689A687B681B6822F440429A6094
:10DC30007B6893F88130DBB2042B14D0FB6803F0CF
:10DC40002003002B0FD07B68D3F8843043F0800290
:10DC50007B68C3F884207B681B689A697B681B68B3
:10DC600042F020029A617B6893F88130DBB2032B8B
:10DC700014D0FB6803F04003002B0FD07B68D3F86F
:10DC8000843043F004027B68C3F884207B681B68FF
:10DC90009A697B681B6842F040029A61FB6803F452
:10DCA0000073002B0FD07B68D3F8843043F001025F
:10DCB0007B68C3F884207B681B689A697B681B6853
:10DCC00042F400729A61FB6803F48073002B0FD05A
:10DCD0007B68D3F8843043F008027B68C3F8842063
:10DCE0007B681B689A697B681B6842F480729A6142
:10DCF0007B680022A3F862207B680022A3F86A20D8
:10DD000000BF1437BD465DF8047B704790FCFFFFF1
:10DD100080B584B000AFF860B9603B601346FB711A
:10DD200010E0F4F7DFFB0246BB69D31A3A689A4267
:10DD300003D83B68B3F1FF3F02D13B68002B01D110
:10DD400003230FE0FB681B685A69BB681340BA687D
:10DD50009A420CBF01230023DBB21A46FB799A4298
:10DD6000DFD0002318461037BD4680BD80B485B093
:10DD700000AF78607B68DB6B5B090133FB607B681D
:10DD8000DB680133BB60BB680733DB08BB60BB6883
:10DD9000FA6802FB03F318461437BD465DF8047BAE
:10DDA000704780B582B000AF78607B68002B01D1EE
:10DDB000012349E07B6893F83D30DBB2002B06D1AC
:10DDC0007B68002283F83C207868F3F705FE7B68C7
:10DDD000022283F83D207B681A687B680433194669
:10DDE000104600F0D5FA7B68012283F848207B6852
:10DDF000012283F83E207B68012283F83F207B6864
:10DE0000012283F840207B68012283F841207B684F
:10DE1000012283F842207B68012283F843207B683B
:10DE2000012283F844207B68012283F845207B6827
:10DE3000012283F846207B68012283F847207B6813
:10DE4000012283F83D20002318460837BD4680BDD7
:10DE500080B485B000AF78607B6893F83D30DBB26A
:10DE6000012B01D0012354E07B68022283F83D207E
:10DE70007B681B68DA687B681B6842F00102DA6025
:10DE80007B681B68264A934222D07B681B68B3F1EB
:10DE9000804F1DD07B681B68224A934218D07B6854
:10DEA0001B68214A934213D07B681B681F4A934228
:10DEB0000ED07B681B681E4A934209D07B681B68A2
:10DEC0001C4A934204D07B681B681B4A934215D1BD
:10DED0007B681B689A68194B1340FB60FB68062B34
:10DEE00015D0FB68B3F5803F11D07B681B681A68BA
:10DEF0007B681B6842F001021A6008E07B681B68BF
:10DF00001A687B681B6842F001021A6000E000BFDB
:10DF1000002318461437BD465DF8047B704700BFE8
:10DF2000000001400004004000080040000C0040D8
:10DF300000040140001800400040014007000100BB
:10DF400080B584B000AF78607B681B68DB68FB60DD
:10DF50007B681B681B69BB60BB6803F00203002B76
:10DF600020D0FB6803F00203002B1BD07B681B68EA
:10DF70006FF002021A617B6801221A777B681B68C6
:10DF80009B6903F00303002B03D0786800F0E2F9EB
:10DF900005E0786800F0D4F9786800F0E5F97B686E
:10DFA00000221A77BB6803F00403002B20D0FB6823
:10DFB00003F00403002B1BD07B681B686FF0040286
:10DFC0001A617B6802221A777B681B689B6903F4DD
:10DFD0004073002B03D0786800F0BCF905E0786846
:10DFE00000F0AEF9786800F0BFF97B6800221A777C
:10DFF000BB6803F00803002B20D0FB6803F0080384
:10E00000002B1BD07B681B686FF008021A617B68CD
:10E0100004221A777B681B68DB6903F00303002B7B
:10E0200003D0786800F096F905E0786800F088F988
:10E03000786800F099F97B6800221A77BB6803F0D2
:10E040001003002B20D0FB6803F01003002B1BD023
:10E050007B681B686FF010021A617B6808221A77D0
:10E060007B681B68DB6903F44073002B03D078687E
:10E0700000F070F905E0786800F062F9786800F067
:10E0800073F97B6800221A77BB6803F00103002B49
:10E090000CD0FB6803F00103002B07D07B681B68E2
:10E0A0006FF001021A617868F3F714FABB6803F0A5
:10E0B0008003002B04D1BB6803F40053002B0CD069
:10E0C000FB6803F08003002B07D07B681B686FF4AC
:10E0D00002521A61786800F031FBBB6803F4807368
:10E0E000002B0CD0FB6803F08003002B07D07B686B
:10E0F0001B686FF480721A61786800F029FBBB68B6
:10E1000003F04003002B0CD0FB6803F04003002B0E
:10E1100007D07B681B686FF040021A61786800F0D6
:10E120002DF9BB6803F02003002B0CD0FB6803F033
:10E130002003002B07D07B681B686FF020021A6158
:10E14000786800F0F1FA00BF1037BD4680BD0000CE
:10E1500080B584B000AF786039600023FB737B68C2
:10E1600093F83C30012B01D10223DCE07B680122D3
:10E1700083F83C207B68022283F83D207B681B6883
:10E180009B68BB60BA686A4B1340BB60BB6823F4F2
:10E190007F43BB607B681B68BA689A603B681B68FA
:10E1A000644A934200F0A980624A934200F2AE8032
:10E1B000614A934200F0A1805F4A934200F2A68038
:10E1C0005E4A934200F099805C4A934200F29E803E
:10E1D000B3F1101F00F09180B3F1101F00F2968090
:10E1E000B3F5801F00F08980B3F5801F00F28E80A8
:10E1F000B3F5005F3ED0B3F5005F00F28780B3F562
:10E20000805F00F08680B3F5805F7FD8702B1AD0D6
:10E21000702B7BD8602B50D0602B77D8502B3CD004
:10E22000502B73D8402B58D0402B6FD8302B64D054
:10E23000302B6BD8202B60D0202B67D8002B5CD0E4
:10E24000102B5AD062E07B6818683B6899683B687D
:10E250005A683B68DB6800F0B9F97B681B689B680B
:10E26000BB60BB6843F07703BB607B681B68BA6820
:10E270009A604FE07B6818683B6899683B685A6809
:10E280003B68DB6800F0A2F97B681B689A687B68D2
:10E290001B6842F480429A603CE07B6818683B68E7
:10E2A00059683B68DB681A4600F012F97B681B6806
:10E2B0005021184600F06CF92CE07B6818683B6828
:10E2C00059683B68DB681A4600F031F97B681B68C7
:10E2D0006021184600F05CF91CE07B6818683B6818
:10E2E00059683B68DB681A4600F0F2F87B681B68E7
:10E2F0004021184600F04CF90CE07B681A683B6836
:10E300001B681946104600F043F903E00123FB7334
:10E3100000E000BF7B68012283F83D207B6800227B
:10E3200083F83C20FB7B18461037BD4680BD00BFFC
:10E3300088FFCEFF400010003000100020001000C9
:10E3400080B483B000AF786000BF0C37BD465DF885
:10E35000047B704780B483B000AF786000BF0C3797
:10E36000BD465DF8047B704780B483B000AF786031
:10E3700000BF0C37BD465DF8047B704780B483B0A6
:10E3800000AF786000BF0C37BD465DF8047B704776
:10E3900080B485B000AF786039607B681B68FB6033
:10E3A0007B68434A934213D07B68B3F1804F0FD010
:10E3B0007B68404A93420BD07B683F4A934207D028
:10E3C0007B683E4A934203D07B683D4A934208D122
:10E3D000FB6823F07003FB603B685B68FA681343DB
:10E3E000FB607B68324A93421FD07B68B3F1804F59
:10E3F0001BD07B682F4A934217D07B682E4A9342EA
:10E4000013D07B682D4A93420FD07B682C4A9342ED
:10E410000BD07B682B4A934207D07B682A4A9342F1
:10E4200003D07B68294A934208D1FB6823F44073E8
:10E43000FB603B68DB68FA681343FB60FB6823F012
:10E4400080023B685B691343FB603B689A687B68AA
:10E45000DA623B681A687B689A627B68144A934266
:10E460000FD07B68164A93420BD07B68154A9342C3
:10E4700007D07B68144A934203D07B68134A9342C7
:10E4800003D13B681A697B681A637B681B6843F099
:10E4900004027B681A607B6801225A617B68FA6813
:10E4A0001A6000BF1437BD465DF8047B704700BF9B
:10E4B000000001400004004000080040000C004043
:10E4C0000004014000400140004401400048014078
:10E4D00080B487B000AFF860B9607A60FB681B6AEF
:10E4E0007B61FB681B6A23F00102FB681A62FB6810
:10E4F0009B693B613B6923F0F0033B617B681B0137
:10E500003A6913433B617B6923F00A037B617A69B3
:10E51000BB6813437B61FB683A699A61FB687A695F
:10E520001A6200BF1C37BD465DF8047B704780B49B
:10E5300087B000AFF860B9607A60FB681B6A7B61E6
:10E54000FB681B6A23F01002FB681A62FB689B6978
:10E550003B613B6923F470433B617B681B033A6971
:10E5600013433B617B6923F0A0037B61BB681B0104
:10E570007A6913437B61FB683A699A61FB687A693F
:10E580001A6200BF1C37BD465DF8047B704700006F
:10E5900080B485B000AF786039607B689B68FB60B1
:10E5A000FA68094B1340FB603A68FB68134343F079
:10E5B0000703FB607B68FA689A6000BF1437BD46AA
:10E5C0005DF8047B704700BF8FFFCFFF80B487B03A
:10E5D00000AFF860B9607A603B60FB689B687B6164
:10E5E0007B6923F47F437B613B681A027B681A4393
:10E5F000BB6813437A6913437B61FB687A699A604D
:10E6000000BF1C37BD465DF8047B704780B485B001
:10E6100000AF786039607B6893F83C30012B01D102
:10E6200002236DE07B68012283F83C207B68022294
:10E6300083F83D207B681B685B68FB607B681B6818
:10E640009B68BB607B681B68304A934204D07B6840
:10E650001B682F4A934208D1FB6823F47003FB60C8
:10E660003B685B68FA681343FB60FB6823F0700348
:10E67000FB603B681B68FA681343FB607B681B68A0
:10E68000FA685A607B681B68204A934222D07B68F4
:10E690001B68B3F1804F1DD07B681B681D4A9342F5
:10E6A00018D07B681B681C4A934213D07B681B6898
:10E6B0001A4A93420ED07B681B68154A934209D0D0
:10E6C0007B681B68164A934204D07B681B68154A16
:10E6D00093420CD1BB6823F08003BB603B689B680E
:10E6E000BA681343BB607B681B68BA689A607B6832
:10E6F000012283F83D207B68002283F83C20002320
:10E7000018461437BD465DF8047B70470000014091
:10E71000000401400004004000080040000C0040DC
:10E72000001800400040014080B483B000AF786022
:10E7300000BF0C37BD465DF8047B704780B483B0E2
:10E7400000AF786000BF0C37BD465DF8047B7047B2
:10E7500080B483B000AF786000BF0C37BD465DF871
:10E76000047B704780B582B000AF78607B68002B77
:10E7700001D1012350E07B68D3F88830002B14D1FD
:10E780007B68002283F88420786801F0A7F87B6812
:10E79000D3F8C430002B03D17B68214AC3F8C420CE
:10E7A0007B68D3F8C430786898477B682422C3F824
:10E7B00088207B681B681A687B681B6822F001024E
:10E7C0001A607B689B6A002B02D0786801F040FEDB
:10E7D000786801F0D5F80346012B01D101231BE035
:10E7E0007B681B685A687B681B6822F490425A60F9
:10E7F0007B681B689A687B681B6822F02A029A6013
:10E800007B681B681A687B681B6842F001021A600B
:10E81000786801F0BFFE034618460837BD4680BD44
:10E82000191A000880B485B000AF78603960002301
:10E83000FB733B68002B09D17B68D3F8903043F021
:10E8400040027B68C3F89020012314E07B68D3F872
:10E850008C30202B04D17B683A68C3F8C02009E0D3
:10E860007B68D3F8903043F040027B68C3F8902077
:10E870000123FB73FB7B18461437BD465DF8047B10
:10E880007047000080B491B000AFF860B9601346E3
:10E89000FB80FB68D3F88830202B78D1BB68002B35
:10E8A00002D0FB88002B01D1012371E0FB68BA681C
:10E8B0001A65FB68FA88A3F85420FB68FA88A3F865
:10E8C0005620FB6800229A67FB680022C3F890205C
:10E8D000FB682122C3F88820FB685B6EB3F1005F00
:10E8E0002AD1FB689B68B3F5805F07D1FB681B6981
:10E8F000002B03D1FB68294A9A6702E0FB68284A8B
:10E900009A67FB681B680833BB62BB6A53E8003F29
:10E910007B627B6A43F40003BB63FB681B680833BC
:10E92000BA6B7A633B63396B7A6B41E80023FB6215
:10E93000FB6A002BE5D128E0FB689B68B3F5805F9C
:10E9400007D1FB681B69002B03D1FB68154A9A6746
:10E9500002E0FB68144A9A67FB681B687B617B696D
:10E9600053E8003F3B613B6943F08003FB63FB6876
:10E970001B681A46FB6B3B62FA61F9693A6A41E827
:10E980000023BB61BB69002BE6D1002300E002231A
:10E9900018464437BD465DF8047B704729120108CC
:10E9A0004911010887100108CF0F010880B58AB00E
:10E9B00000AFF860B9601346FB80FB68D3F88C3079
:10E9C000202B37D1BB68002B02D0FB88002B01D154
:10E9D000012330E0FB680022DA66FB681B68184AF6
:10E9E00093421FD0FB681B685B6803F40003002B95
:10E9F00018D0FB681B687B617B6953E8003F3B6173
:10EA00003B6943F080637B62FB681B681A467B6A44
:10EA10003B62FA61F9693A6A41E80023BB61BB696C
:10EA2000002BE6D1FB881A46B968F86801F0CAFEE7
:10EA3000034600E0022318462837BD4680BD00BFCC
:10EA4000000C005880B58AB000AFF860B96013467A
:10EA5000FB80FB68D3F88830202B67D1BB68002B84
:10EA600002D0FB88002B01D1012360E0FB68BA686B
:10EA70001A65FB68FA88A3F85420FB68FA88A3F8A3
:10EA80005620FB680022C3F89020FB682122C3F8BF
:10EA90008820FB68DB6F002B28D0FB68DB6F264AE1
:10EAA000DA63FB68DB6F254A1A64FB68DB6F244A74
:10EAB000DA64FB68DB6F00221A65FB68D86FFB68BD
:10EAC0001B6D1946FB681B6828331A46FB88F4F750
:10EAD00097F90346002B09D0FB681022C3F8902059
:10EAE000FB682022C3F88820012320E0FB681B6814
:10EAF00040221A62FB681B6808337B617B6953E81C
:10EB0000003F3B613B6943F080037B62FB681B680D
:10EB100008337A6A3A62FB61F9693A6A41E800238C
:10EB2000BB61BB69002BE5D1002300E0022318463E
:10EB30002837BD4680BD00BFA50C01083F0D010868
:10EB4000D50E010880B5A0B000AF78607B681B6867
:10EB5000FB65FB6D53E8003FBB65BB6D23F4F073B1
:10EB6000FB677B681B681A46FB6FBB667A66796E2B
:10EB7000BA6E41E800233B663B6E002BE6D17B6812
:10EB80001B680833BB64BB6C53E8003F7B647A6C42
:10EB9000724B1340BB677B681B680833BA6F7A659A
:10EBA0003B65396D7A6D41E80023FB64FB6C002BFB
:10EBB000E5D17B68DB6E012B18D17B681B687B631A
:10EBC0007B6B53E8003F3B633B6B23F010037B6799
:10EBD0007B681B681A467B6F3B64FA63F96B3A6C7F
:10EBE00041E80023BB63BB6B002BE6D17B681B684D
:10EBF0009B6803F08003802B37D17B681B68083348
:10EC00003B623B6A53E8003FFB61FB6923F08003F2
:10EC10003B677B681B6808333A6FFA62BB62B96A6C
:10EC2000FA6A41E800237B627B6A002BE5D17B68AE
:10EC3000DB6F002B19D07B68DB6F00221A657B68C5
:10EC4000DB6F1846F4F746FB0346002B0DD07B68BC
:10EC5000DB6F1846F6F734F80346202B05D17B68A6
:10EC60001022C3F89020032373E07B681B689B6825
:10EC700003F04003402B3BD17B681B680833FB60EB
:10EC8000FB6853E8003FBB60BB6823F04003FB66B2
:10EC90007B681B680833FA6EBA617B617969BA696F
:10ECA00041E800233B613B69002BE5D17B68D3F849
:10ECB0008030002B1CD07B68D3F8803000221A658E
:10ECC0007B68D3F880301846F4F704FB0346002B2A
:10ECD0000ED07B68D3F880301846F5F7F1FF034675
:10ECE000202B05D17B681022C3F89020032330E04D
:10ECF0007B680022A3F856207B680022A3F85E20E0
:10ED00007B681B680F221A627B685B6EB3F1005F41
:10ED100007D17B681B689A697B681B6842F0100208
:10ED20009A617B681B689A697B681B6842F00802DD
:10ED30009A617B682022C3F888207B682022C3F870
:10ED40008C207B680022DA667B680022C3F8902062
:10ED5000002318468037BD4680BD00BFFEFF7FEF11
:10ED600080B59AB000AF78607B681B68BB64BB6CF1
:10ED700053E8003F7B647B6C23F490737B667B6875
:10ED80001B681A467B6E7B653A65396D7A6D41E882
:10ED90000023FB64FB6C002BE6D17B681B68083307
:10EDA0007B637B6B53E8003F3B633A6B534B1340F1
:10EDB0003B667B681B6808333A6E3A64FB63F96B09
:10EDC0003A6C41E80023BB63BB6B002BE5D17B6849
:10EDD000DB6E012B18D17B681B683B623B6A53E8F2
:10EDE000003FFB61FB6923F01003FB657B681B6838
:10EDF0001A46FB6DFB62BA62B96AFA6A41E80023FF
:10EE00007B627B6A002BE6D17B681B689B6803F002
:10EE10004003402B56D17B681B680833FB60FB68BE
:10EE200053E8003FBB60BB6823F04003BB657B68D1
:10EE30001B680833BA6DBA617B617969BA6941E8C8
:10EE400000233B613B69002BE5D17B68D3F8803020
:10EE5000002B17D07B68D3F88030294A1A657B686D
:10EE6000D3F880301846F4F753FD0346002B40D00A
:10EE70007B68D3F880301B6D7A68D2F8802010460A
:10EE8000984736E07B680022A3F85E207B6800226A
:10EE90009A657B681B680F221A627B681B689A69F7
:10EEA0007B681B6842F008029A617B682022C3F8E5
:10EEB0008C207B680022DA667B68D3F8B0307868F3
:10EEC000984716E07B680022A3F85E207B6800224A
:10EED0009A657B681B680F221A627B682022C3F840
:10EEE0008C207B680022DA667B68D3F8B0307868C3
:10EEF0009847002318466837BD4680BDFEFFFFEFE8
:10EF0000810F010880B5BAB000AF78607B681B68DC
:10EF1000DB69C7F8E4307B681B681B68C7F8E03022
:10EF20007B681B689B68C7F8DC30D7F8E42040F6A4
:10EF30000F031340C7F8D830D7F8D830002B1BD1B7
:10EF4000D7F8E43003F02003002B15D0D7F8E030D9
:10EF500003F02003002B05D1D7F8DC3003F08053F9
:10EF6000002B09D07B685B6F002B00F0A5837B68CA
:10EF70005B6F786898479FE3D7F8D830002B00F094
:10EF80002981D7F8DC20904B1340002B06D1D7F80D
:10EF9000E0208E4B1340002B00F01C81D7F8E430AA
:10EFA00003F00103002B11D0D7F8E03003F4807395
:10EFB000002B0BD07B681B6801221A627B68D3F898
:10EFC000903043F001027B68C3F89020D7F8E4301A
:10EFD00003F00203002B11D0D7F8DC3003F001035B
:10EFE000002B0BD07B681B6802221A627B68D3F867
:10EFF000903043F004027B68C3F89020D7F8E430E7
:10F0000003F00403002B11D0D7F8DC3003F0010328
:10F01000002B0BD07B681B6804221A627B68D3F834
:10F02000903043F002027B68C3F89020D7F8E430B8
:10F0300003F00803002B17D0D7F8E03003F02003CB
:10F04000002B05D1D7F8DC205F4B1340002B0BD0F1
:10F050007B681B6808221A627B68D3F8903043F003
:10F0600008027B68C3F89020D7F8E43003F400630B
:10F07000002B12D0D7F8E03003F08063002B0CD0C7
:10F080007B681B684FF400621A627B68D3F890308B
:10F0900043F020027B68C3F890207B68D3F890305F
:10F0A000002B00F00B83D7F8E43003F02003002B93
:10F0B00013D0D7F8E03003F02003002B05D1D7F8A8
:10F0C000DC3003F08053002B07D07B685B6F002B94
:10F0D00003D07B685B6F786898477B68D3F8903083
:10F0E000C7F8D4307B681B689B6803F04003402B53
:10F0F00005D0D7F8D43003F02803002B58D0786817
:10F1000001F06AFD7B681B689B6803F04003402B9D
:10F1100048D17B681B680833C7F89C30D7F89C300F
:10F1200053E8003FC7F89830D7F8983023F04003F1
:10F13000C7F8D0307B681B680833D7F8D020C7F8F1
:10F14000A820C7F8A430D7F8A410D7F8A82041E821
:10F150000023C7F8A030D7F8A030002BD9D17B68A6
:10F16000D3F88030002B17D07B68D3F88030184A52
:10F170001A657B68D3F880301846F4F7C9FB03465C
:10F18000002B1FD07B68D3F880301B6D7A68D2F8D3
:10F1900080201046984715E07B68D3F8A430786843
:10F1A00098470FE07B68D3F8A4307868984709E067
:10F1B0007B68D3F8A430786898477B680022C3F84E
:10F1C00090207BE200BF79E20100001020010004E2
:10F1D000590F01087B68DB6E012B40F00982D7F8DC
:10F1E000E43003F01003002B00F00282D7F8E03087
:10F1F00003F01003002B00F0FB817B681B681022DA
:10F200001A627B681B689B6803F04003402B40F048
:10F2100071817B68D3F880301B68A64A934268D01E
:10F220007B68D3F880301B68A34A934261D07B6827
:10F23000D3F880301B68A14A93425AD07B68D3F838
:10F2400080301B689E4A934253D07B68D3F880304D
:10F250001B689C4A93424CD07B68D3F880301B6873
:10F26000994A934245D07B68D3F880301B68974A0F
:10F2700093423ED07B68D3F880301B68944A934217
:10F2800037D07B68D3F880301B68924A934230D0E5
:10F290007B68D3F880301B688F4A934229D07B6803
:10F2A000D3F880301B688D4A934222D07B68D3F814
:10F2B00080301B688A4A93421BD07B68D3F8803029
:10F2C0001B68884A934214D07B68D3F880301B684F
:10F2D000854A93420DD07B68D3F880301B68834AFF
:10F2E000934206D07B68D3F880301B68804A9342F3
:10F2F00006D17B68D3F880301B685B689BB205E061
:10F300007B68D3F880301B685B689BB2A7F8BE307F
:10F31000B7F8BE30002B00F0AF807B68B3F85C30EC
:10F32000B7F8BE209A4280F0A7807B68B7F8BE206D
:10F33000A3F85E207B68D3F88030DB69B3F5807F6B
:10F3400000F087807B681B68C7F88830D7F8883062
:10F3500053E8003FC7F88430D7F8843023F4807333
:10F36000C7F8B8307B681B681A46D7F8B830C7F8BA
:10F370009430C7F89020D7F89010D7F8942041E83F
:10F380000023C7F88C30D7F88C30002BDAD17B689B
:10F390001B6808337B677B6F53E8003F3B673B6F1D
:10F3A00023F00103C7F8B4307B681B680833D7F833
:10F3B000B420C7F88020FB67F96FD7F8802041E8B8
:10F3C0000023BB67BB6F002BE1D17B681B68083350
:10F3D0003B663B6E53E8003FFB65FB6D23F040034B
:10F3E000C7F8B0307B681B680833D7F8B020FA66DE
:10F3F000BB66B96EFA6E41E800237B667B6E002B1C
:10F40000E3D17B682022C3F88C207B680022DA6677
:10F410007B681B68FB64FB6C53E8003FBB64BB6C00
:10F4200023F01003C7F8AC307B681B681A46D7F886
:10F43000AC30BB657A65796DBA6D41E800233B65F8
:10F440003B6D002BE4D17B68D3F880301846F3F78E
:10F4500041FF7B6802221A677B68D3F8C0307A6864
:10F46000B2F85C107A68B2F85E2092B28A1A92B250
:10F4700011467868984723E17B68B3F85C30B7F8A9
:10F48000BE209A4240F01C817B68D3F88030DB6953
:10F49000B3F5807F40F014817B6802221A677B6895
:10F4A000D3F8C0307A68B2F85C2011467868984783
:10F4B00006E100BF10000240280002404000024068
:10F4C000580002407000024088000240A000024044
:10F4D000B8000240100402402804024040040240E8
:10F4E000580402407004024088040240A004024014
:10F4F000B80402407B68B3F85C207B68B3F85E30E8
:10F500009BB2D31AA7F8CE307B68B3F85E309BB2BB
:10F51000002B00F0D780B7F8CE30002B00F0D2805F
:10F520007B681B68BB63BB6B53E8003F7B637B6BF3
:10F5300023F49073C7F8C8307B681B681A46D7F865
:10F54000C8307B643A64396C7A6C41E80023FB6311
:10F55000FB6B002BE4D17B681B6808337B627B6A02
:10F5600053E8003F3B623A6A594B1340C7F8C43036
:10F570007B681B680833D7F8C4203A63FB62F96ADA
:10F580003A6B41E80023BB62BB6A002BE3D17B6886
:10F590002022C3F88C207B680022DA667B68002278
:10F5A0005A677B681B683B613B6953E8003FFB601F
:10F5B000FB6823F01003C7F8C0307B681B681A464D
:10F5C000D7F8C030FB61BA61B969FA6941E8002334
:10F5D0007B617B69002BE4D17B6802221A677B6820
:10F5E000D3F8C030B7F8CE2011467868984769E064
:10F5F000D7F8E43003F48013002B10D0D7F8DC30B8
:10F6000003F48003002B0AD07B681B684FF4801240
:10F610001A627B68D3F8B4307868984755E0D7F819
:10F62000E43003F08003002B14D0D7F8E03003F06F
:10F630008003002B05D1D7F8DC3003F40003002B46
:10F6400008D07B689B6F002B3ED07B689B6F7868EF
:10F65000984739E0D7F8E43003F04003002B09D095
:10F66000D7F8E03003F04003002B03D0786801F0B6
:10F6700050FE2AE0D7F8E43003F40003002B0BD04F
:10F68000D7F8E03003F08043002B05D07B68D3F837
:10F69000BC307868984718E0D7F8E43003F08073FE
:10F6A000002B12D0D7F8E030002B0EDA7B68D3F8AD
:10F6B000B8307868984708E000BF06E000BF04E073
:10F6C00000BF02E000BF00E000BFE837BD4680BDDC
:10F6D000FEFFFFEF80B483B000AF786000BF0C374F
:10F6E000BD465DF8047B704780B483B000AF78609E
:10F6F00000BF0C37BD465DF8047B704780B483B013
:10F7000000AF786000BF0C37BD465DF8047B7047E2
:10F7100080B483B000AF786000BF0C37BD465DF8A1
:10F72000047B704780B483B000AF786000BF0C37B3
:10F73000BD465DF8047B704780B483B000AF78604D
:10F7400000BF0C37BD465DF8047B704780B483B0C2
:10F7500000AF786000BF0C37BD465DF8047B704792
:10F7600080B483B000AF786000BF0C37BD465DF851
:10F77000047B704780B483B000AF78600B467B8019
:10F7800000BF0C37BD465DF8047B704780B48FB076
:10F7900000AF78607B6893F88430012B01D102239D
:10F7A00042E07B68012283F884207B682422C3F82E
:10F7B00088207B681B683B623B6A53E8003FFB6123
:10F7C000FB6923F00C037B637B681B681A467B6B29
:10F7D000FB62BA62B96AFA6A41E800237B627B6A1B
:10F7E000002BE6D17B681B68FB60FB6853E8003F99
:10F7F000BB60BB6843F008033B637B681B681A4629
:10F800003B6BBB617A617969BA6941E800233B616E
:10F810003B69002BE6D17B682022C3F888207B68F7
:10F82000002283F88420002318463C37BD465DF84B
:10F83000047B704780B48FB000AF78607B6893F82A
:10F840008430012B01D1022342E07B68012283F83E
:10F8500084207B682422C3F888207B681B683B6275
:10F860003B6A53E8003FFB61FB6923F00C037B63B9
:10F870007B681B681A467B6BFB62BA62B96AFA6ADC
:10F8800041E800237B627B6A002BE6D17B681B6822
:10F89000FB60FB6853E8003FBB60BB6843F00403B8
:10F8A0003B637B681B681A463B6BBB617A61796975
:10F8B000BA6941E800233B613B69002BE6D17B68D4
:10F8C0002022C3F888207B68002283F8842000234C
:10F8D00018463C37BD465DF8047B704780B483B062
:10F8E00000AF78607B681A4AC3F894207B68194A95
:10F8F000C3F898207B68184AC3F89C207B68174A95
:10F90000C3F8A0207B68164AC3F8A4207B68154A78
:10F91000C3F8A8207B68144AC3F8AC207B68134A5C
:10F92000C3F8B0207B68124AC3F8B4207B68114A40
:10F93000C3F8B8207B68104AC3F8BC207B680F4A24
:10F94000C3F8C02000BF0C37BD465DF8047B70478C
:10F95000E9F60008D5F6000811F70008FDF60008E2
:10F9600025F7000839F700084DF7000861F700088F
:10F97000D51D0108E91D0108FD1D010875F70008E6
:10F980002DE9B04F92B000AF7861002387F8423084
:10F990007B699A687B691B691A437B695B691A43B7
:10F9A0007B69DB6913437B647B691B681A68BE4B08
:10F9B00013407A691268796C0B4313607B691B688A
:10F9C0005B6823F440517B69DA687B691B680A43F2
:10F9D0005A607B699B697B647B691B68B34A93426D
:10F9E00004D07B691B6A7A6C13437B647B691B6858
:10F9F0009A68AF4B13407A691268796C0B43936035
:10FA00007B691B68DB6A23F00F017B695A6A7B699B
:10FA10001B680A43DA627B691B68A64A934277D166
:10FA2000A54B5B6D03F03803282B6DD801A252F86B
:10FA300023F000BFD9FA000809FB000809FB000801
:10FA400009FB000809FB000809FB000809FB000886
:10FA500009FB0008E1FA000809FB000809FB00089F
:10FA600009FB000809FB000809FB000809FB000866
:10FA700009FB0008E9FA000809FB000809FB000877
:10FA800009FB000809FB000809FB000809FB000846
:10FA900009FB0008F1FA000809FB000809FB00084F
:10FAA00009FB000809FB000809FB000809FB000826
:10FAB00009FB0008F9FA000809FB000809FB000827
:10FAC00009FB000809FB000809FB000809FB000806
:10FAD00009FB000801FB0008012387F8433022E2FC
:10FAE000042387F843301EE2082387F843301AE2E4
:10FAF000102387F8433016E2202387F8433012E2C0
:10FB0000402387F843300EE2802387F843300AE22F
:10FB10007B691B68694A934230D1674B5B6D03F088
:10FB20000703052B26D801A252F823F045FB000855
:10FB30004DFB000855FB00085DFB000865FB000855
:10FB40006DFB0008002387F84330ECE1042387F8BD
:10FB50004330E8E1082387F84330E4E1102387F8D5
:10FB60004330E0E1202387F84330DCE1402387F88D
:10FB70004330D8E1802387F84330D4E17B691B68A8
:10FB80004F4A934230D14C4B5B6D03F00703052B7A
:10FB900026D801A252F823F0B1FB0008B9FB0008F7
:10FBA000C1FB0008C9FB0008D1FB0008D9FB000815
:10FBB000002387F84330B6E1042387F84330B2E1ED
:10FBC000082387F84330AEE1102387F84330AAE1D9
:10FBD000202387F84330A6E1402387F84330A2E191
:10FBE000802387F843309EE17B691B68354A934246
:10FBF00030D1314B5B6D03F00703052B26D801A2F2
:10FC000052F823F01DFC000825FC00082DFC00081C
:10FC100035FC00083DFC000845FC0008002387F87F
:10FC2000433080E1042387F843307CE1082387F8E0
:10FC3000433078E1102387F8433074E1202387F8BC
:10FC4000433070E1402387F843306CE1802387F82C
:10FC5000433068E17B691B681B4A934242D1164BD3
:10FC60005B6D03F00703052B38D801A252F823F08F
:10FC700089FC000891FC000899FC0008A1FC000820
:10FC8000CDFC0008D5FC0008002387F843304AE18A
:10FC9000042387F8433046E1082387F8433042E1E4
:10FCA000102387F843303EE1F369FFCF000C005882
:10FCB000FFF4FF11001001400044025800440040CE
:10FCC00000480040004C004000500040202387F8CE
:10FCD000433028E1402387F8433024E1802387F82C
:10FCE000433020E17B691B68CB4A934276D1CB4BF2
:10FCF0005B6D03F03803282B6CD801A252F823F077
:10FD0000A5FD0008D5FD0008D5FD0008D5FD0008BB
:10FD1000D5FD0008D5FD0008D5FD0008D5FD00087B
:10FD2000ADFD0008D5FD0008D5FD0008D5FD000893
:10FD3000D5FD0008D5FD0008D5FD0008D5FD00085B
:10FD4000B5FD0008D5FD0008D5FD0008D5FD00086B
:10FD5000D5FD0008D5FD0008D5FD0008D5FD00083B
:10FD6000BDFD0008D5FD0008D5FD0008D5FD000843
:10FD7000D5FD0008D5FD0008D5FD0008D5FD00081B
:10FD8000C5FD0008D5FD0008D5FD0008D5FD00081B
:10FD9000D5FD0008D5FD0008D5FD0008D5FD0008FB
:10FDA000CDFD0008012387F84330BCE0042387F829
:10FDB0004330B8E0082387F84330B4E0102387F8D5
:10FDC0004330B0E0202387F84330ACE0402387F88D
:10FDD0004330A8E0802387F84330A4E07B691B68A8
:10FDE0008F4A934230D18D4B5B6D03F00703052B97
:10FDF00026D801A252F823F011FE000819FE0008CF
:10FE000021FE000829FE000831FE000839FE000826
:10FE1000002387F8433086E0042387F8433082E0EC
:10FE2000082387F843307EE0102387F843307AE0D8
:10FE3000202387F8433076E0402387F8433072E090
:10FE4000802387F843306EE07B691B68754A9342D4
:10FE500030D1724B5B6D03F00703052B26D801A24E
:10FE600052F823F07DFE000885FE00088DFE000894
:10FE700095FE00089DFE0008A5FE0008002387F8F7
:10FE8000433050E0042387F843304CE0082387F8E0
:10FE9000433048E0102387F8433044E0202387F8BC
:10FEA000433040E0402387F843303CE0802387F82C
:10FEB000433038E07B691B685B4A934230D1574B33
:10FEC0009B6D03F00703052B26D801A252F823F0FF
:10FED000E9FE0008F1FE0008F9FE000801FF000835
:10FEE00009FF000811FF0008022387F843301AE0D9
:10FEF000042387F8433016E0082387F8433012E0E4
:10FF0000102387F843300EE0202387F843300AE0BF
:10FF1000402387F8433006E0802387F8433002E02F
:10FF2000802387F843307B691B683F4A934240F047
:10FF3000F88097F84330202B46DC022BC0F28280F9
:10FF4000023B1E2B7ED801A252F823F0CFFF0008FF
:10FF500045000108D7FF00084500010845000108D9
:10FF600045000108E7FF00084500010845000108B9
:10FF70004500010845000108450001084500010849
:10FF800045000108F7FF0008450001084500010889
:10FF90004500010845000108450001084500010829
:10FFA0004500010845000108450001084500010819
:10FFB0004500010845000108450001084500010809
:10FFC0004500010837000108402B37D03AE0FBF725
:10FFD00025FCF8633CE007F124031846FBF734FCEA
:10FFE000BB6AFB6334E007F118031846FBF780FD9A
:10FFF000FB69FB632CE0094B1B6803F02003002B1B
:020000040801F1
:1000000016D0064B1B68DB0803F00303074A22FAED
:1000100003F3FB631CE000BF0014014000440258DE
:1000200000780040007C0040000C00580090D00395
:100030009D4BFB630CE09D4BFB6309E04FF40043D9
:10004000FB6305E00023FB63012387F8423000BF18
:10005000FB6B002B00F0DE817B695B6A944A32F80F
:1000600013301A46FB6BB3FBF2F33B637B695A68B0
:1000700013465B0013443A6B9A4205D37B695B6875
:100080001B033A6B9A4203D9012387F84230C1E13E
:10009000FB6B0022BB60FA607B695B6A844A32F8C2
:1000A00013309BB200223B607A60D7E90023D7E986
:1000B0000201F0F729FB02460B46104619464FF0A5
:1000C00000024FF000030B0243EA10630202796959
:1000D0004968490800200C46054612EB040843EB2A
:1000E00005097B695B6800229A46934652465B4647
:1000F00040464946F0F708FB02460B461346BB63F1
:10010000BB6BB3F5407F08D3BB6BB3F5801F04D244
:100110007B691B68BA6BDA607CE1012387F84230A7
:1001200078E17B69DB69B3F5004F40F0C58097F853
:100130004330202B48DC002B7BDB202B79D801A21D
:1001400052F823F0CF010108D7010108330201085A
:1001500033020108DF0101083302010833020108FC
:1001600033020108EF0101083302010833020108DC
:100170003302010833020108330201083302010887
:1001800033020108FF0101083302010833020108AC
:100190003302010833020108330201083302010867
:1001A0003302010833020108330201083302010857
:1001B0003302010833020108330201083302010847
:1001C0003302010825020108402B2ED031E0FAF756
:1001D000ADF8F86333E0FAF7BFF8F8632FE007F102
:1001E00024031846FBF730FBBB6AFB6327E007F1EB
:1001F00018031846FBF77CFCFB69FB631FE02D4BE3
:100200001B6803F02003002B09D02A4B1B68DB0876
:1002100003F00303244A22FA03F3FB630FE0224BAB
:10022000FB630CE0214BFB6309E04FF40043FB63ED
:1002300005E00023FB63012387F8423000BFFB6B1E
:10024000002B00F0E7807B695B6A194A32F81330B3
:100250001A46FB6BB3FBF2F35A007B695B685B08E1
:100260001A447B695B68B2FBF3F3BB63BB6B0F2B78
:1002700016D9BB6BB3F5803F12D2BB6B9BB223F098
:100280000F03FB86BB6B5B089BB203F007039AB2BC
:10029000FB8E1343FB867B691B68FA8EDA60B9E03C
:1002A000012387F84230B5E00090D00300093D00FB
:1002B000A4DE03080044025897F84330202B49DCA1
:1002C000002B7CDB202B7AD801A252F823F000BF50
:1002D0005B03010863030108BF030108BF030108B2
:1002E0006B030108BF030108BF030108BF03010836
:1002F0007B030108BF030108BF030108BF03010816
:10030000BF030108BF030108BF030108BF030108C1
:100310008B030108BF030108BF030108BF030108E5
:10032000BF030108BF030108BF030108BF030108A1
:10033000BF030108BF030108BF030108BF03010891
:10034000BF030108BF030108BF030108BF03010881
:10035000B1030108402B2ED031E0F9F7E7FFF86335
:1003600033E0F9F7F9FFF8632FE007F124031846AB
:10037000FBF76AFABB6AFB6327E007F1180318462C
:10038000FBF7B6FBFB69FB631FE02D4B1B6803F01B
:100390002003002B09D02A4B1B68DB0803F0030362
:1003A000284A22FA03F3FB630FE0264BFB630CE0C1
:1003B000254BFB6309E04FF40043FB6305E000239A
:1003C000FB63012387F8423000BFFB6B002B21D079
:1003D0007B695B6A1D4A32F813301A46FB6BB3FB2C
:1003E000F2F27B695B685B081A447B695B68B2FB6D
:1003F000F3F3BB63BB6B0F2B09D9BB6BB3F5803F2A
:1004000005D2BB6B9AB27B691B68DA6002E00123FC
:1004100087F842307B690122A3F86A207B690122B8
:10042000A3F868207B6900225A677B6900229A67DB
:1004300097F8423018464837BD46BDE8B08F00BF38
:10044000004402580090D00300093D00A4DE0308D8
:1004500080B483B000AF78607B689B6A03F00803C8
:10046000002B0AD07B681B685B6823F400417B6823
:100470009A6B7B681B680A435A607B689B6A03F02F
:100480000103002B0AD07B681B685B6823F40031F2
:100490007B68DA6A7B681B680A435A607B689B6AE0
:1004A00003F00203002B0AD07B681B685B6823F40F
:1004B00080317B681A6B7B681B680A435A607B68D3
:1004C0009B6A03F00403002B0AD07B681B685B68FF
:1004D00023F480217B685A6B7B681B680A435A604F
:1004E0007B689B6A03F01003002B0AD07B681B68B3
:1004F0009B6823F480517B68DA6B7B681B680A4336
:100500009A607B689B6A03F02003002B0AD07B680B
:100510001B689B6823F400517B681A6C7B681B681E
:100520000A439A607B689B6A03F04003002B1AD051
:100530007B681B685B6823F480117B685A6C7B685E
:100540001B680A435A607B685B6CB3F5801F0AD155
:100550007B681B685B6823F4C0017B689A6C7B68CE
:100560001B680A435A607B689B6A03F08003002B78
:100570000AD07B681B685B6823F400217B68DA6C17
:100580007B681B680A435A6000BF0C37BD465DF8A4
:10059000047B704780B598B002AF78607B6800221A
:1005A000C3F89020F1F79EFF78657B681B681B6895
:1005B00003F00803082B2FD16FF07E4300937B6D6F
:1005C00000224FF40011786800F08EF80346002BEB
:1005D00022D07B681B68BB63BB6B53E8003F7B6327
:1005E0007B6B23F080033B657B681B681A463B6D81
:1005F0007B643A64396C7A6C41E80023FB63FB6BE3
:10060000002BE6D17B682022C3F888207B6800227B
:1006100083F88420032363E07B681B681B6803F076
:100620000403042B49D16FF07E4300937B6D0022BD
:100630004FF48001786800F057F80346002B3CD057
:100640007B681B687B627B6A53E8003F3B623B6AC6
:1006500023F49073FB647B681B681A46FB6C3B6356
:10066000FA62F96A3A6B41E80023BB62BB6A002B6D
:10067000E6D17B681B6808333B613B6953E8003F68
:10068000FB60FB6823F00103BB647B681B680833D5
:10069000BA6CFA61BB61B969FA6941E800237B6110
:1006A0007B69002BE5D17B682022C3F88C207B6816
:1006B000002283F88420032312E07B682022C3F801
:1006C00088207B682022C3F88C207B680022DA66B1
:1006D0007B6800221A677B68002283F8842000234D
:1006E00018465837BD4680BD80B584B000AFF8606D
:1006F000B9603B601346FB714FE0BB69B3F1FF3F4C
:100700004BD0F1F7EFFE02463B68D31ABA699A4222
:1007100002D3BB69002B01D103234EE0FB681B68A9
:100720001B6803F00403002B37D0BB68802B34D048
:10073000BB68402B31D0FB681B68DB6903F0080302
:10074000082B10D1FB681B6808221A62F86800F0B9
:1007500043FAFB680822C3F89020FB68002283F864
:100760008420012329E0FB681B68DB6903F4006334
:10077000B3F5006F11D1FB681B684FF400621A6279
:10078000F86800F029FAFB682022C3F89020FB6883
:10079000002283F8842003230FE0FB681B68DA69DA
:1007A000BB681340BA689A420CBF01230023DBB236
:1007B0001A46FB799A42A0D0002318461037BD464E
:1007C00080BD000080B4A3B000AFF860B9601346EC
:1007D000FB80FB68BA689A65FB68FA88A3F85C201E
:1007E000FB68FA88A3F85E20FB6800225A67FB6862
:1007F0009B68B3F5805F0ED1FB681B69002B05D1A8
:10080000FB6840F2FF12A3F860202DE0FB68FF2296
:10081000A3F8602028E0FB689B68002B0DD1FB68E3
:100820001B69002B04D1FB68FF22A3F860201BE0AA
:10083000FB687F22A3F8602016E0FB689B68B3F199
:10084000805F0DD1FB681B69002B04D1FB687F2200
:10085000A3F8602008E0FB683F22A3F8602003E0D3
:10086000FB680022A3F86020FB680022C3F89020F8
:10087000FB682222C3F88C20FB681B6808337B6668
:100880007B6E53E8003F3B663B6E43F00103C7F8C5
:100890008430FB681B680833D7F884203A67FB660E
:1008A000F96E3A6F41E80023BB66BB6E002BE3D1C3
:1008B000FB685B6EB3F1005F4FD1FB68B3F8683043
:1008C000FA889A4249D3FB689B68B3F5805F07D1E9
:1008D000FB681B69002B03D1FB68474A5A6702E09B
:1008E000FB68464A5A67FB681B69002B1AD0FB68F5
:1008F0001B683B653B6D53E8003FFB64FB6C43F4B6
:100900008073C7F88030FB681B681A46D7F88030C0
:10091000FB65BA65B96DFA6D41E800237B657B6DB7
:10092000002BE4D1FB681B680833FB63FB6B53E8C7
:10093000003FBB63BB6B43F08053FB67FB681B68E6
:100940000833FA6FBA647B64796CBA6C41E80023AF
:100950003B643B6C002BE5D146E0FB689B68B3F53C
:10096000805F07D1FB681B69002B03D1FB68244A19
:100970005A6702E0FB68234A5A67FB681B69002B31
:1009800019D0FB681B68BB62BB6A53E8003F7B62FF
:100990007B6A43F490737B67FB681B681A467B6F26
:1009A0007B633A63396B7A6B41E80023FB62FB6A35
:1009B000002BE6D118E0FB681B687B617B6953E87C
:1009C000003F3B613B6943F02003BB67FB681B684A
:1009D0001A46BB6F3B62FA61F9693A6A41E8002343
:1009E000BB61BB69002BE6D1002318468C37BD469E
:1009F0005DF8047B704700BF5D1A0108ED16010821
:100A00002D1501086D13010880B596B000AFF86090
:100A1000B9601346FB80FB68BA689A65FB68FA8880
:100A2000A3F85C20FB680022C3F89020FB68222218
:100A3000C3F88C20FB68D3F88030002B2DD0FB68E6
:100A4000D3F88030404ADA63FB68D3F880303F4AFD
:100A50001A64FB68D3F880303D4ADA64FB68D3F847
:100A6000803000221A65FB68D3F88000FB681B68A1
:100A700024331946FB689B6D1A46FB88F2F7C0F9D0
:100A80000346002B09D0FB681022C3F89020FB68B6
:100A90002022C3F88C20012351E0FB681B69002B46
:100AA00018D0FB681B68FB63FB6B53E8003FBB631C
:100AB000BB6B43F480737B65FB681B681A467B6DD8
:100AC000BB647A64796CBA6C41E800233B643B6C8C
:100AD000002BE6D1FB681B680833BB62BB6A53E896
:100AE000003F7B627B6A43F001033B65FB681B6848
:100AF00008333A6D7A633B63396B7A6B41E80023C4
:100B0000FB62FB6A002BE5D1FB681B6808337B6145
:100B10007B6953E8003F3B613B6943F04003FB6462
:100B2000FB681B680833FA6C3A62FB61F9693A6A40
:100B300041E80023BB61BB69002BE5D100231846C7
:100B40005837BD4680BD00BF5F0D01088F0E0108FC
:100B5000D50E010880B48FB000AF78607B681B6849
:100B60003B623B6A53E8003FFB61FB6923F0C00333
:100B70007B637B681B681A467B6BFB62BA62B96A4F
:100B8000FA6A41E800237B627B6A002BE6D17B682E
:100B90001B680833FB60FB6853E8003FBB60BB6821
:100BA00023F400033B637B681B6808333A6BBA612C
:100BB0007B617969BA6941E800233B613B69002B9D
:100BC000E5D17B682022C3F8882000BF3C37BD46B2
:100BD0005DF8047B7047000080B495B000AF78608A
:100BE0007B681B687B637B6B53E8003F3B633B6B1D
:100BF00023F49073FB647B681B681A46FB6C3B64B0
:100C0000FA63F96B3A6C41E80023BB63BB6B002BC2
:100C1000E6D17B681B6808333B623B6A53E8003FC0
:100C2000FB61FA691E4B1340BB647B681B68083389
:100C3000BA6CFA62BB62B96AFA6A41E800237B6265
:100C40007B6A002BE5D17B68DB6E012B18D17B68BA
:100C50001B68FB60FB6853E8003FBB60BB6823F088
:100C600010037B647B681B681A467B6CBB617A61EE
:100C70007969BA6941E800233B613B69002BE6D101
:100C80007B682022C3F88C207B680022DA667B68B0
:100C900000225A6700BF5437BD465DF8047B704799
:100CA000FEFFFFEF80B590B000AF78607B689B6B74
:100CB000FB637B68DB69B3F5807F37D0FB6B002279
:100CC000A3F85620FB6B1B6808337B627B6A53E8F2
:100CD000003F3B623B6A23F08003BB63FB6B1B68F6
:100CE0000833BA6B3A63FB62F96A3A6B41E8002356
:100CF000BB62BB6A002BE5D1FB6B1B683B613B69A8
:100D000053E8003FFB60FB6843F040037B63FB6BF1
:100D10001B681A467B6BFB61BA61B969FA6941E8E5
:100D200000237B617B69002BE6D104E0FB6BD3F8E9
:100D30009830F86B984700BF4037BD4680BD80B5FE
:100D400084B000AF78607B689B6BFB60FB68D3F876
:100D50009430F868984700BF1037BD4680BD80B515
:100D60009CB000AF78607B689B6BFB667B68DB693F
:100D7000B3F5807F71D0FB6E0022A3F85E20FB6E7E
:100D80001B68FB64FB6C53E8003FBB64BB6C23F443
:100D90008073BB66FB6E1B681A46BB6EBB657A65CB
:100DA000796DBA6D41E800233B653B6D002BE6D1C0
:100DB000FB6E1B680833BB63BB6B53E8003F7B6370
:100DC0007B6B23F001037B66FB6E1B6808337A6E36
:100DD0007A643B64396C7A6C41E80023FB63FB6BFB
:100DE000002BE5D1FB6E1B6808337B627B6A53E8FE
:100DF000003F3B623B6A23F040033B66FB6E1B688F
:100E000008333A6E3A63FB62F96A3A6B41E80023B1
:100E1000BB62BB6A002BE5D1FB6E2022C3F88C209D
:100E2000FB6EDB6E012B18D1FB6E1B683B613B69CF
:100E300053E8003FFB60FB6823F01003FB65FB6E8B
:100E40001B681A46FB6DFB61BA61B969FA6941E832
:100E500000237B617B69002BE6D1FB6E00221A67C1
:100E6000FB6EDB6E012B09D1FB6ED3F8C030FA6E3E
:100E7000B2F85C201146F86E984704E0FB6ED3F898
:100E8000A030F86E984700BF7037BD4680BD80B572
:100E900084B000AF78607B689B6BFB60FB680122CD
:100EA0001A67FB68DB6E012B0BD1FB68D3F8C030EF
:100EB000FA68B2F85C20520892B21146F868984776
:100EC00004E0FB68D3F89C30F868984700BF1037FF
:100ED000BD4680BD80B586B000AF78607B689B6BF7
:100EE0007B617B69D3F888303B617B69D3F88C30B8
:100EF000FB607B691B689B6803F08003802B09D132
:100F00003B69212B06D17B690022A3F85620786922
:100F1000FFF720FE7B691B689B6803F04003402BB2
:100F200009D1FB68222B06D17B690022A3F85E2041
:100F30007869FFF751FE7B69D3F8903043F01002D7
:100F40007B69C3F890207B69D3F8A430786998470F
:100F500000BF1837BD4680BD80B584B000AF786053
:100F60007B689B6BFB60FB680022A3F85E20FB683C
:100F7000D3F8A430F868984700BF1037BD4680BD4D
:100F800080B584B000AF78607B689B6BFB60FB68CA
:100F90000022A3F85E20FB681B680F221A62FB6820
:100FA0001B689A69FB681B6842F008029A61FB683B
:100FB0002022C3F88C20FB680022DA66FB68D3F895
:100FC000B030F868984700BF1037BD4680BD80B488
:100FD0008FB000AF78607B68D3F88830212B4CD17C
:100FE0007B68B3F856309BB2002B32D17B681B680C
:100FF0003B623B6A53E8003FFB61FB6923F08003DF
:101000007B637B681B681A467B6BFB62BA62B96ABA
:10101000FA6A41E800237B627B6A002BE6D17B6899
:101020001B68FB60FB6853E8003FBB60BB6843F094
:1010300040033B637B681B681A463B6BBB617A616C
:101040007969BA6941E800233B613B69002BE6D12D
:1010500013E07B681B6D1A787B681B689A627B685B
:101060001B6D5A1C7B681A657B68B3F856309BB2BF
:10107000013B9AB27B68A3F8562000BF3C37BD46BF
:101080005DF8047B704780B491B000AF78607B68F6
:10109000D3F88830212B51D17B68B3F856309BB2FE
:1010A000002B32D17B681B687B627B6A53E8003F70
:1010B0003B623B6A23F08003BB637B681B681A4674
:1010C000BB6B3B63FA62F96A3A6B41E80023BB628F
:1010D000BB6A002BE6D17B681B683B613B6953E828
:1010E000003FFB60FB6843F040037B637B681B6849
:1010F0001A467B6BFB61BA61B969FA6941E8002362
:101100007B617B69002BE6D118E07B681B6DFB637C
:10111000FB6B1B881A467B681B68C2F308029A6245
:101120007B681B6D9A1C7B681A657B68B3F8563028
:101130009BB2013B9AB27B68A3F8562000BF4437AC
:10114000BD465DF8047B704780B491B000AF786015
:101150007B68D3F88830212B60D17B68B3F86A3084
:10116000FB8757E07B68B3F856309BB2002B33D136
:101170007B681B6808337B627B6A53E8003F3B62F5
:101180003B6A23F40003BB637B681B680833BA6BBC
:101190003A63FB62F96A3A6B41E80023BB62BB6ABF
:1011A000002BE5D17B681B683B613B6953E8003F3E
:1011B000FB60FB6843F040037B637B681B681A4657
:1011C0007B6BFB61BA61B969FA6941E800237B6115
:1011D0007B69002BE6D121E07B681B68DB6903F0AB
:1011E0008003002B13D07B681B6D1A787B681B680B
:1011F0009A627B681B6D5A1C7B681A657B68B3F822
:1012000056309BB2013B9AB27B68A3F85620FB8F05
:10121000013BFB87FB8F002BA4D1FFE700BF4437C6
:10122000BD465DF8047B704780B491B000AF786034
:101230007B68D3F88830212B65D17B68B3F86A309E
:10124000FB875CE07B68B3F856309BB2002B33D150
:101250007B681B6808333B623B6A53E8003FFB61D5
:10126000FB6923F400037B637B681B6808337A6B9C
:10127000FA62BB62B96AFA6A41E800237B627B6A60
:10128000002BE5D17B681B68FB60FB6853E8003FDF
:10129000BB60BB6843F040033B637B681B681A4636
:1012A0003B6BBB617A617969BA6941E800233B61B4
:1012B0003B69002BE6D126E07B681B68DB6903F005
:1012C0008003002B18D07B681B6DBB63BB6B1B8836
:1012D0001A467B681B68C2F308029A627B681B6D22
:1012E0009A1C7B681A657B68B3F856309BB2013B49
:1012F0009AB27B68A3F85620FB8F013BFB87FB8FDC
:10130000002B9FD1FFE700BF4437BD465DF8047B4B
:10131000704780B588B000AF78607B681B68FB6061
:10132000FB6853E8003FBB60BB6823F04003FB61F0
:101330007B681B681A46FB69BB617A617969BA6987
:1013400041E800233B613B69002BE6D17B6820220A
:10135000C3F888207B6800229A677B68D3F89830AE
:101360007868984700BF2037BD4680BD80B59CB0E7
:1013700000AF78607B68B3F86030A7F86E307B68A8
:10138000D3F88C30222B40F0C2807B681B685B6AEC
:10139000A7F86C30B7F86C30D9B2B7F86E30DAB263
:1013A0007B689B6D0A40D2B21A707B689B6D5A1C99
:1013B0007B689A657B68B3F85E309BB2013B9AB25A
:1013C0007B68A3F85E207B68B3F85E309BB2002B8D
:1013D00040F0A5807B681B68FB64FB6C53E8003F12
:1013E000BB64BB6C23F49073BB667B681B681A46B6
:1013F000BB6EBB657A65796DBA6D41E800233B65CC
:101400003B6D002BE6D17B681B680833BB63BB6B6D
:1014100053E8003F7B637B6B23F001037B667B68B3
:101420001B6808337A6E7A643B64396C7A6C41E8E5
:101430000023FB63FB6B002BE5D17B682022C3F804
:101440008C207B6800225A677B6800221A677B68C1
:101450001B68354A93421FD07B681B685B6803F4A6
:101460000003002B18D07B681B687B627B6A53E803
:10147000003F3B623B6A23F080633B667B681B68EE
:101480001A463B6E3B63FA62F96A3A6B41E8002305
:10149000BB62BB6A002BE6D17B68DB6E012B30D1CF
:1014A0007B680022DA667B681B683B613B6953E816
:1014B000003FFB60FB6823F01003FB657B681B6843
:1014C0001A46FB6DFB61BA61B969FA6941E800230C
:1014D0007B617B69002BE6D17B681B68DB6903F0CD
:1014E0001003102B03D17B681B6810221A627B68E3
:1014F000D3F8C0307A68B2F85C2011467868984713
:101500000DE07B68D3F8A0307868984707E07B68E7
:101510001B689A697B681B6842F008029A6100BFE9
:101520007037BD4680BD00BF000C005880B59CB030
:1015300000AF78607B68B3F86030A7F86E307B68E6
:10154000D3F88C30222B40F0C2807B681B685B6A2A
:10155000A7F86C307B689B6DBB66B7F86C20B7F85A
:101560006E3013409AB2BB6E1A807B689B6D9A1CDA
:101570007B689A657B68B3F85E309BB2013B9AB298
:101580007B68A3F85E207B68B3F85E309BB2002BCB
:1015900040F0A5807B681B68BB64BB6C53E8003FD0
:1015A0007B647B6C23F490737B667B681B681A46B4
:1015B0007B6E7B653A65396D7A6D41E80023FB648B
:1015C000FB6C002BE6D17B681B6808337B637B6B6D
:1015D00053E8003F3B633B6B23F001033B667B68B2
:1015E0001B6808333A6E3A64FB63F96B3A6C41E866
:1015F0000023BB63BB6B002BE5D17B682022C3F8C3
:101600008C207B6800225A677B6800221A677B68FF
:101610001B68354A93421FD07B681B685B6803F4E4
:101620000003002B18D07B681B683B623B6A53E8C1
:10163000003FFB61FB6923F08063FB657B681B68EF
:101640001A46FB6DFB62BA62B96AFA6A41E8002386
:101650007B627B6A002BE6D17B68DB6E012B30D18D
:101660007B680022DA667B681B68FB60FB6853E8D6
:10167000003FBB60BB6823F01003BB657B681B6841
:101680001A46BB6DBB617A617969BA6941E800238A
:101690003B613B69002BE6D17B681B68DB6903F08B
:1016A0001003102B03D17B681B6810221A627B6821
:1016B000D3F8C0307A68B2F85C2011467868984751
:1016C0000DE07B68D3F8A0307868984707E07B6826
:1016D0001B689A697B681B6842F008029A6100BF28
:1016E0007037BD4680BD00BF000C005880B5ACB05F
:1016F00000AF78607B68B3F86030A7F8AA307B68E9
:101700001B68DB69C7F8AC307B681B681B68C7F8CF
:10171000A4307B681B689B68C7F8A0307B68D3F84F
:101720008C30222B40F087817B68B3F86830A7F8B3
:101730009E302AE17B681B685B6AA7F89C30B7F88B
:101740009C30D9B2B7F8AA30DAB27B689B6D0A40F8
:10175000D2B21A707B689B6D5A1C7B689A657B6855
:10176000B3F85E309BB2013B9AB27B68A3F85E206F
:101770007B681B68DB69C7F8AC30D7F8AC3003F086
:101780000703002B55D0D7F8AC3003F00103002B32
:1017900011D0D7F8A43003F48073002B0BD07B68F2
:1017A0001B6801221A627B68D3F8903043F0010273
:1017B0007B68C3F89020D7F8AC3003F00203002B0D
:1017C00011D0D7F8A03003F00103002B0BD07B68B9
:1017D0001B6802221A627B68D3F8903043F004023F
:1017E0007B68C3F89020D7F8AC3003F00403002BDB
:1017F00011D0D7F8A03003F00103002B0BD07B6889
:101800001B6804221A627B68D3F8903043F002020E
:101810007B68C3F890207B68D3F89030002B08D009
:101820007B68D3F8A430786898477B680022C3F8B7
:1018300090207B68B3F85E309BB2002B40F0A5800F
:101840007B681B683B673B6F53E8003FFB66FB6EA2
:1018500023F48073C7F898307B681B681A46D7F862
:101860009830FB67BA67B96FFA6F41E800237B676E
:101870007B6F002BE4D17B681B680833FB65FB6D35
:1018800053E8003FBB65BA6D714B1340C7F8943005
:101890007B681B680833D7F89420BA667B66796E3C
:1018A000BA6E41E800233B663B6E002BE3D17B68B8
:1018B0002022C3F88C207B6800225A677B680022B4
:1018C0001A677B681B68634A934221D07B681B6858
:1018D0005B6803F40003002B1AD07B681B68BB64B1
:1018E000BB6C53E8003F7B647B6C23F08063C7F8DC
:1018F00090307B681B681A46D7F890307B653A6554
:10190000396D7A6D41E80023FB64FB6C002BE4D158
:101910007B68DB6E012B32D17B680022DA667B6844
:101920001B687B637B6B53E8003F3B633B6B23F09F
:101930001003C7F88C307B681B681A46D7F88C30C8
:101940003B64FA63F96B3A6C41E80023BB63BB6B01
:10195000002BE4D17B681B68DB6903F01003102BBC
:1019600003D17B681B6810221A627B68D3F8C030F1
:101970007A68B2F85C2011467868984710E07B6876
:10198000D3F8A030786898470AE0B7F89E30002B6B
:1019900006D0D7F8AC3003F02003002B7FF4CAAE9A
:1019A0007B68B3F85E30A7F88A30B7F88A30002B2E
:1019B00049D07B68B3F86830B7F88A209A4242D29F
:1019C0007B681B6808333B623B6A53E8003FFB615E
:1019D000FB6923F08053C7F884307B681B680833A9
:1019E000D7F88420FA62BB62B96AFA6A41E8002338
:1019F0007B627B6A002BE3D17B68174A5A677B685E
:101A00001B68FB60FB6853E8003FBB60BB6843F0AA
:101A10002003C7F880307B681B681A46D7F88030EF
:101A2000BB617A617969BA6941E800233B613B692E
:101A3000002BE4D107E07B681B689A697B681B6810
:101A400042F008029A6100BFB037BD4680BD00BFBA
:101A5000FEFFFFEF000C00586D13010880B5AEB01B
:101A600000AF78607B68B3F86030A7F8B2307B686D
:101A70001B68DB69C7F8B4307B681B681B68C7F854
:101A8000AC307B681B689B68C7F8A8307B68D3F8CC
:101A90008C30222B40F08B817B68B3F86830A7F83C
:101AA000A6302EE17B681B685B6AA7F8A4307B68D0
:101AB0009B6DC7F8A030B7F8A420B7F8B230134038
:101AC0009AB2D7F8A0301A807B689B6D9A1C7B680D
:101AD0009A657B68B3F85E309BB2013B9AB27B6833
:101AE000A3F85E207B681B68DB69C7F8B430D7F8C1
:101AF000B43003F00703002B55D0D7F8B43003F00F
:101B00000103002B11D0D7F8AC3003F48073002B05
:101B10000BD07B681B6801221A627B68D3F8903077
:101B200043F001027B68C3F89020D7F8B43003F08B
:101B30000203002B11D0D7F8A83003F00103002BCB
:101B40000BD07B681B6802221A627B68D3F8903046
:101B500043F004027B68C3F89020D7F8B43003F058
:101B60000403002B11D0D7F8A83003F00103002B99
:101B70000BD07B681B6804221A627B68D3F8903014
:101B800043F002027B68C3F890207B68D3F8903062
:101B9000002B08D07B68D3F8A430786898477B681E
:101BA0000022C3F890207B68B3F85E309BB2002B14
:101BB00040F0A7807B681B687B677B6F53E8003F22
:101BC0003B673B6F23F48073C7F89C307B681B68CE
:101BD0001A46D7F89C30C7F88030FA67F96FD7F803
:101BE000802041E80023BB67BB6F002BE2D17B68FC
:101BF0001B6808333B663B6E53E8003FFB65FA6D9C
:101C0000714B1340C7F898307B681B680833D7F8CE
:101C10009820FA66BB66B96EFA6E41E800237B66CF
:101C20007B6E002BE3D17B682022C3F88C207B687D
:101C300000225A677B6800221A677B681B68634A28
:101C4000934221D07B681B685B6803F40003002B80
:101C50001AD07B681B68FB64FB6C53E8003FBB64D5
:101C6000BB6C23F08063C7F894307B681B681A460E
:101C7000D7F89430BB657A65796DBA6D41E8002379
:101C80003B653B6D002BE4D17B68DB6E012B32D1D1
:101C90007B680022DA667B681B68BB63BB6B53E81A
:101CA000003F7B637B6B23F01003C7F890307B68A9
:101CB0001B681A46D7F890307B643A64396C7A6CAA
:101CC00041E80023FB63FB6B002BE4D17B681B68BE
:101CD000DB6903F01003102B03D17B681B68102213
:101CE0001A627B68D3F8C0307A68B2F85C2011467B
:101CF0007868984710E07B68D3F8A03078689847F8
:101D00000AE0B7F8A630002B06D0D7F8B43003F0BD
:101D10002003002B7FF4C6AE7B68B3F85E30A7F8D3
:101D20008E30B7F88E30002B49D07B68B3F868301E
:101D3000B7F88E209A4242D27B681B6808337B62D8
:101D40007B6A53E8003F3B623B6A23F08053C7F84D
:101D500088307B681B680833D7F888203A63FB62B9
:101D6000F96A3A6B41E80023BB62BB6A002BE3D1FE
:101D70007B68174A5A677B681B683B613B6953E87D
:101D8000003FFB60FB6843F02003C7F884307B68AA
:101D90001B681A46D7F88430FB61BA61B969FA69E1
:101DA00041E800237B617B69002BE4D107E07B687D
:101DB0001B689A697B681B6842F008029A6100BF41
:101DC000B837BD4680BD00BFFEFFFFEF000C0058D6
:101DD0002D15010880B483B000AF786000BF0C37C8
:101DE000BD465DF8047B704780B483B000AF786077
:101DF00000BF0C37BD465DF8047B704780B483B0EC
:101E000000AF786000BF0C37BD465DF8047B7047BB
:101E100080B485B000AF78607B6893F88430012B84
:101E200001D1022327E07B68012283F884207B68AC
:101E30002422C3F888207B681B681B68FB607B68D2
:101E40001B681A687B681B6822F001021A60FB6835
:101E500023F00053FB607B6800225A667B681B6896
:101E6000FA681A607B682022C3F888207B68002209
:101E700083F88420002318461437BD465DF8047BA0
:101E8000704780B584B000AF786039607B6893F8A4
:101E90008430012B01D102232DE07B68012283F8DD
:101EA00084207B682422C3F888207B681B681B6819
:101EB000FB607B681B681A687B681B6822F0010264
:101EC0001A607B681B689B6823F060417B681B6815
:101ED0003A680A439A60786800F0A4F87B681B6847
:101EE000FA681A607B682022C3F888207B68002289
:101EF00083F88420002318461037BD4680BD80B586
:101F000084B000AF786039607B6893F88430012B2F
:101F100001D102232DE07B68012283F884207B68B5
:101F20002422C3F888207B681B681B68FB607B68E1
:101F30001B681A687B681B6822F001021A607B68C4
:101F40001B689B6823F060617B681B683A680A43E2
:101F50009A60786800F066F87B681B68FA681A6017
:101F60007B682022C3F888207B68002283F88420C5
:101F7000002318461037BD4680BD80B58CB000AF39
:101F8000F860B9601346FB80FB68D3F88C30202BD7
:101F900042D1BB68002B02D0FB88002B01D101236A
:101FA0003BE0FB680122DA66FB6800221A67FB88C7
:101FB0001A46B968F868FEF727FD034687F82F3000
:101FC00097F82F30002B24D1FB68DB6E012B1DD13D
:101FD000FB681B6810221A62FB681B68BB61BB6947
:101FE00053E8003F7B617B6943F01003BB62FB68F1
:101FF0001B681A46BB6A7B623A62396A7A6A41E8B0
:102000000023FB61FB69002BE6D102E0012387F886
:102010002F3097F82F3000E0022318463037BD46A6
:1020200080BD000080B485B000AF78607B685B6ED7
:10203000002B08D17B680122A3F86A207B6801226B
:10204000A3F8682031E01023FB731023BB737B6877
:102050001B689B685B0EDBB203F007037B737B6836
:102060001B689B685B0FDBB203F007033B73BB7B12
:102070003A7B11498A5C02FB03F33A7B0F498A5C85
:1020800093FBF2F39AB27B68A3F86A20FB7B7A7B1E
:1020900009498A5C02FB03F37A7B08498A5C93FB5B
:1020A000F2F39AB27B68A3F8682000BF1437BD46EC
:1020B0005DF8047B704700BFBCDE0308C4DE030884
:1020C00080B483B000AF03463960FB80B7F90630B7
:1020D000002B0ADB3B68DAB20C49B7F90630120173
:1020E000D2B20B4483F800230AE03B68DAB2084915
:1020F000FB8803F00F03043B1201D2B20B441A76A3
:1021000000BF0C37BD465DF8047B704700E100E07E
:1021100000ED00E080B500AF054B1B6802F032FC1B
:102120000346012B01D003F0F7FC00BF80BD00BFC8
:1021300010E000E080B500AF00216FF00400FFF771
:10214000BFFF00BF80BD000080B483B000AFEFF3DD
:1021500005833B603B68002B03D06FF005037B6079
:102160000CE00A4B1B68002B05D1084B01221A60BA
:1021700000237B6002E04FF0FF337B607B681846F2
:102180000C37BD465DF8047B704700BF240C00246B
:1021900080B582B000AF02F0F5FB0346002B04D0FF
:1021A000022B05D102237B600CE003237B6009E056
:1021B000074B1B68012B02D101237B6001E0002348
:1021C0007B6000BF7B6818460837BD4680BD00BFF6
:1021D000240C002480B582B000AFEFF305833B6090
:1021E0003B68002B03D06FF005037B6010E00B4BC6
:1021F0001B68012B09D1FFF79DFF084B02221A60D3
:1022000001F03AFF00237B6002E04FF0FF337B6078
:102210007B6818460837BD4680BD00BF240C0024EB
:1022200080B582B000AFEFF305833B603B68002BC5
:1022300003D002F04DF8786002E002F039F87860DF
:102240007B6818460837BD4680BD80B58EB004AFA8
:10225000F860B9607A6000233B61EFF305837B612E
:102260007B69002B7ED1FB68002B7BD080233B62F7
:102270001823FB6100237B624FF0FF33BB617B6857
:10228000002B45D07B681B68002B02D07B681B6845
:102290007B627B689B69002B02D07B689B69FB613A
:1022A000FB69002B08D0FB69382B05D87B685B687D
:1022B00003F00103002B01D0002354E07B685B692D
:1022C000002B03D07B685B699B083B627B689B6843
:1022D000002B0ED07B68DB68A72B0AD97B681B69B3
:1022E000002B06D07B685B69002B02D00123BB6109
:1022F00010E07B689B68002B0CD17B68DB68002BAF
:1023000008D17B681B69002B04D10023BB6101E06D
:102310000023BB61BB69012B10D17B681B697A6804
:10232000926802920193FB690093BB683A6A796AEA
:10233000F86801F02DFC03463B6113E0BB69002BFC
:1023400010D13B6A9AB207F110030193FB69009325
:10235000BB68796AF86801F07BFC0346012B01D069
:1023600000233B613B6918462837BD4680BD80B5D8
:1023700084B000AF7860EFF30583BB60BB68002BCF
:1023800003D06FF00503FB6007E00023FB607B6870
:10239000002B02D0786801F039FEFB681846103730
:1023A000BD4680BD80B586B000AF7860EFF3058391
:1023B000FB60FB68002B03D06FF005037B6119E025
:1023C00000237B6101F074FF0346BB60BB687A6841
:1023D000D31A3B613B69002B09D03B69002B06DB1C
:1023E00007F108033969184601F090FD02E06FF02B
:1023F00003037B617B6918461837BD4680BD80B5F5
:1024000084B000AF7860786803F0A4F9F860FB68E6
:10241000002B05D0FB681B68FA6852681046984785
:1024200000BF1037BD4680BD80B58CB002AFF860EC
:102430007A603B600B46FB7200233B62EFF305833F
:102440003B613B69002B63D1FB68002B60D0082007
:1024500003F0F4FB78617B69002B59D07B69FA6843
:102460001A607B697A685A60FB7A002B02D10023DC
:10247000FB6101E00123FB614FF0FF33BB610023EF
:102480007B623B68002B1CD03B681B68002B02D092
:102490003B681B687B623B689B68002B06D03B68EF
:1024A000DB682B2B02D90123BB610CE03B689B68E6
:1024B000002B08D13B68DB68002B04D10023BB61F3
:1024C00001E00023BB61BB69012B0CD13B689B6819
:1024D0000193124B00937B69FA690121786A02F03B
:1024E000ACFD38620BE0BB69002B08D10B4B0093AD
:1024F0007B69FA690121786A02F07EFD38623B6AE5
:10250000002B05D17B69002B02D0786903F064FCB5
:102510003B6A18462837BD4680BD00BFFF2301082F
:1025200080B58AB002AFF860B9607A600023FB61C1
:10253000EFF305833B613B69002B75D1FB68002BF2
:1025400072D0BA68FB689A426ED84FF0FF33BB6115
:102550007B68002B15D07B689B68002B06D07B68BE
:10256000DB684F2B02D90123BB610CE07B689B68C1
:10257000002B08D17B68DB68002B04D10023BB61F2
:1025800001E00023BB61BB69B3F1FF3F4CD0FB68A6
:10259000012B28D1BB69012B0AD17B689B680322E0
:1025A000009200220021012000F0FEFAF86105E00F
:1025B00003220021012000F074FBF861FB69002B6D
:1025C00022D0BB68002B1FD0002300220021F86915
:1025D00000F066FC0346012B16D0F86901F004F9FF
:1025E0000023FB6110E0BB69012B08D17B689B686D
:1025F0001A46B968F86800F0E4FBF86104E0B968CD
:10260000F86800F017FCF861FB69002B0CD07B68C0
:10261000002B03D07B681B687B6101E000237B619A
:102620007969F86901F02CFAFB6918462037BD4634
:1026300080BD000080B586B000AF786039607B68EF
:102640003B6100237B613B69002B03D16FF00303E7
:102650007B6139E0EFF30583FB60FB68002B22D040
:102660003B68002B03D06FF003037B612CE0002359
:10267000BB6007F108031A460021386901F032F8FF
:102680000346012B03D06FF002037B611CE0BB68A3
:10269000002B19D00F4B4FF080521A60BFF34F8FB1
:1026A000BFF36F8F10E03968386900F00BFF034605
:1026B000012B09D03B68002B03D06FF001037B6135
:1026C00002E06FF002037B617B6918461837BD4654
:1026D00080BD00BF04ED00E080B586B000AF78603B
:1026E0007B683B6100237B613B69002B03D16FF06A
:1026F00003037B612CE0EFF30583FB60FB68002B99
:102700001AD00023BB6007F108031946386900F0AE
:1027100067FD0346012B03D06FF002037B6117E0D6
:10272000BB68002B14D00D4B4FF080521A60BFF3E2
:102730004F8FBFF36F8F0BE0002300220021386919
:1027400000F0AEFB0346012B02D06FF002037B6169
:102750007B6918461837BD4680BD00BF04ED00E018
:1027600080B58AB002AFF860B9607A600023FB617F
:10277000EFF305833B613B69002B5FD1FB68002BC6
:102780005CD0BB68002B59D04FF0FF33BB617B6836
:10279000002B29D07B689B68002B12D07B68DB68FC
:1027A0004F2B0ED97B681B69002B0AD07B685A69B6
:1027B000FB68B96801FB03F39A4202D30123BB61B2
:1027C00014E07B689B68002B10D17B68DB68002BD2
:1027D0000CD17B681B69002B08D17B685B69002BDF
:1027E00004D10023BB6101E00023BB61BB69012B65
:1027F0000BD17B681A697B689B6800210091B968DE
:10280000F86800F0D1F9F86108E0BB69002B05D148
:102810000022B968F86800F044FAF861FB69002BFF
:102820000CD07B68002B03D07B681B687B6101E0C8
:1028300000237B617969F86901F022F9FB69184688
:102840002037BD4680BD000080B588B000AFF8607D
:10285000B9607A603B60FB68BB610023FB61EFF30A
:1028600005837B617B69002B28D0BB69002B05D0D9
:10287000BB68002B02D03B68002B03D06FF0030332
:10288000FB6137E000233B6107F110031A46B9688A
:10289000B86900F027FF0346012B03D06FF0020355
:1028A000FB6127E03B69002B24D0154B4FF0805291
:1028B0001A60BFF34F8FBFF36F8F1BE0BB69002B14
:1028C00002D0BB68002B03D16FF00303FB6111E062
:1028D0003A68B968B86900F013FD0346012B09D0C6
:1028E0003B68002B03D06FF00103FB6102E06FF047
:1028F0000203FB61FB6918462037BD4680BD00BF5F
:1029000004ED00E080B485B000AFF860B9607A6093
:10291000FB68074A1A60BB68064A1A607B68802217
:102920001A6000BF1437BD465DF8047B704700BFD6
:10293000280C0024D00C002480B485B000AFF860CF
:10294000B9607A60FB68074A1A60BB68064A1A6079
:102950007B684FF480721A6000BF1437BD465DF883
:10296000047B7047D00E0024780F002480B483B01D
:1029700000AF78607B6803F108027B685A607B686F
:102980004FF0FF329A607B6803F108027B68DA60DF
:102990007B6803F108027B681A617B6800221A6079
:1029A00000BF0C37BD465DF8047B704780B483B030
:1029B00000AF78607B6800221A6100BF0C37BD460B
:1029C0005DF8047B704780B485B000AF78603960F3
:1029D0007B685B68FB603B68FA685A60FB689A68D2
:1029E0003B689A60FB689B683A685A60FB683A6883
:1029F0009A603B687A681A617B681B685A1C7B681E
:102A00001A6000BF1437BD465DF8047B704780B480
:102A100085B000AF786039603B681B68BB60BB68FD
:102A2000B3F1FF3F03D17B681B69FB600CE07B685F
:102A30000833FB6002E0FB685B68FB60FB685B6877
:102A40001B68BA689A42F6D2FB685A683B685A60BB
:102A50003B685B683A689A603B68FA689A60FB6812
:102A60003A685A603B687A681A617B681B685A1C2E
:102A70007B681A6000BF1437BD465DF8047B704761
:102A800080B485B000AF78607B681B69FB607B68B1
:102A90005B687A6892689A607B689B687A6852681B
:102AA0005A60FB685B687A689A4203D17B689A68CF
:102AB000FB685A607B6800221A61FB681B685A1E1B
:102AC000FB681A60FB681B6818461437BD465DF842
:102AD000047B704780B584B000AF786039607B6854
:102AE000FB60FB68002B0BD14FF0500383F3118880
:102AF000BFF36F8FBFF34F8FBB6000BF00BFFDE719
:102B000002F07AFFFB681A68FB68DB6BF968096CF6
:102B100001FB03F31A44FB689A60FB6800229A6386
:102B2000FB681A68FB685A60FB681A68FB68DB6B15
:102B3000013BF968096C01FB03F31A44FB68DA6096
:102B4000FB68FF2283F84420FB68FF2283F84520BE
:102B50003B68002B14D1FB681B69002B1AD0FB6863
:102B60001033184601F038FD0346002B12D00D4BF0
:102B70004FF080521A60BFF34F8FBFF36F8F09E0A1
:102B8000FB6810331846FFF7F1FEFB682433184644
:102B9000FFF7ECFE02F062FF012318461037BD4636
:102BA00080BD00BF04ED00E080B58EB002AFF860DC
:102BB000B9607A603B60FB68002B0BD14FF050038B
:102BC00083F31188BFF36F8FBFF34F8FBB6200BFDA
:102BD00000BFFDE73B68002B0BD14FF0500383F3A0
:102BE0001188BFF36F8FBFF34F8F7B6200BF00BFB1
:102BF000FDE77B68002B02D0BB68002B01D00123CE
:102C000000E00023002B0BD14FF0500383F3118819
:102C1000BFF36F8FBFF34F8F3B6200BF00BFFDE775
:102C20007B68002B02D1BB68002B01D1012300E09F
:102C30000023002B0BD14FF0500383F31188BFF317
:102C40006F8FBFF34F8FFB6100BF00BFFDE75023C5
:102C50007B617B69502B0BD04FF0500383F31188BD
:102C6000BFF36F8FBFF34F8FBB6100BF00BFFDE7A6
:102C70007B693B68FB62FB6A002B0DD0FB6A01227B
:102C800083F8462097F83820FB6A009313467A6849
:102C9000B968F86800F040F8FB6A18463037BD465E
:102CA00080BD80B58AB002AFF860B9601346FB7191
:102CB000FB68002B0BD14FF0500383F31188BFF357
:102CC0006F8FBFF34F8F3B6100BF00BFFDE7FB6815
:102CD000BA6802FB03F3FB61FB695033184602F04C
:102CE000ADFFB861BB69002B11D0BB697B617B690B
:102CF00050337B61BB69002283F84620FA79BB69B7
:102D0000009313467A69B968F86800F005F8BB6962
:102D100018462037BD4680BD80B584B000AFF8604E
:102D2000B9607A60FB70BB68002B03D1BB69BA69DC
:102D30001A6002E0BB697A681A60BB69FA68DA63F4
:102D4000BB69BA681A640121B869FFF7C3FEBB69A1
:102D5000FA7883F84C2000BF1037BD4680BD80B59F
:102D600082B000AF78607B68002B0ED07B680022B9
:102D70009A607B6800221A607B680022DA60002378
:102D800000220021786800F08BF800BF0837BD46AC
:102D900080BD80B586B000AF0346FB7101237B6127
:102DA00000233B61FB791A4639697869FFF779FF9F
:102DB000F860F868FFF7D3FFFB6818461837BD4680
:102DC00080BD80B58AB002AFF860B9607A60FB68F8
:102DD000002B0BD14FF0500383F31188BFF36F8F9B
:102DE000BFF34F8FBB6100BF00BFFDE7BA68FB6850
:102DF0009A420BD94FF0500383F31188BFF36F8FC2
:102E0000BFF34F8F7B6100BF00BFFDE7022300933C
:102E10007B6800220021F868FFF7C6FEF861FB69B5
:102E2000002B02D0FB69BA689A63FB691846203709
:102E3000BD4680BD80B586B000AF786039607B68E4
:102E4000002B0BD14FF0500383F31188BFF36F8F2A
:102E5000BFF34F8F3B6100BF00BFFDE73A687B685F
:102E60009A420BD94FF0500383F31188BFF36F8F51
:102E7000BFF34F8FFB6000BF00BFFDE702220021C0
:102E80007868FFF70EFF78617B69002B02D07B69C1
:102E90003A689A637B6918461837BD4680BD0000C2
:102EA00080B58EB000AFF860B9607A603B600023F7
:102EB0007B63FB683B633B6B002B0BD14FF05003F4
:102EC00083F31188BFF36F8FBFF34F8FBB6200BFD7
:102ED00000BFFDE7BB68002B03D13B6B1B6C002BD5
:102EE00001D1012300E00023002B0BD14FF0500350
:102EF00083F31188BFF36F8FBFF34F8F7B6200BFE7
:102F000000BFFDE73B68022B03D13B6BDB6B012B62
:102F100001D1012300E00023002B0BD14FF050031F
:102F200083F31188BFF36F8FBFF34F8F3B6200BFF6
:102F300000BFFDE701F026FD0346002B02D17B68B0
:102F4000002B01D1012300E00023002B0BD14FF017
:102F5000500383F31188BFF36F8FBFF34F8FFB6173
:102F600000BF00BFFDE702F047FD3B6B9A6B3B6B78
:102F7000DB6B9A4202D33B68022B29D13A68B968CD
:102F8000386B00F06DFCF8623B6B5B6A002B10D075
:102F90003B6B2433184601F01FFB0346002B13D074
:102FA0003F4B4FF080521A60BFF34F8FBFF36F8FCC
:102FB0000AE0FB6A002B07D0394B4FF080521A60B1
:102FC000BFF34F8FBFF36F8F02F048FD012363E023
:102FD0007B68002B03D102F041FD00235CE07B6B9A
:102FE000002B06D107F11403184601F059FB012309
:102FF0007B6302F033FD01F0AFF802F0FDFC3B6BA8
:1030000093F844305BB2B3F1FF3F03D13B6B002236
:1030100083F844203B6B93F845305BB2B3F1FF3F3C
:1030200003D13B6B002283F8452002F017FD3A1DC7
:1030300007F114031146184601F048FB0346002B24
:1030400024D1386B00F004FD0346002B18D03B6BF5
:1030500010337A681146184601F06CFA386B00F0AC
:103060008FFC01F087F80346002B7FF47CAF0C4BFC
:103070004FF080521A60BFF34F8FBFF36F8F72E72C
:10308000386B00F07DFC01F075F86CE7386B00F0F0
:1030900077FC01F06FF8002318463837BD4680BD35
:1030A00004ED00E080B590B000AFF860B9607A60E0
:1030B0003B60FB68BB63BB6B002B0BD14FF0500335
:1030C00083F31188BFF36F8FBFF34F8FBB6200BFD5
:1030D00000BFFDE7BB68002B03D1BB6B1B6C002B53
:1030E00001D1012300E00023002B0BD14FF050034E
:1030F00083F31188BFF36F8FBFF34F8F7B6200BFE5
:1031000000BFFDE73B68022B03D1BB6BDB6B012BE0
:1031100001D1012300E00023002B0BD14FF050031D
:1031200083F31188BFF36F8FBFF34F8F3B6200BFF4
:1031300000BFFDE702F040FDEFF311824FF05003B6
:1031400083F31188BFF36F8FBFF34F8FFA61BB61B9
:10315000FB697B63BB6B9A6BBB6BDB6B9A4202D3E5
:103160003B68022B2FD1BB6B93F8453087F8333087
:10317000BB6B9B6BFB623A68B968B86B00F070FB85
:1031800097F93330B3F1FF3F12D1BB6B5B6A002B71
:1031900016D0BB6B2433184601F01EFA0346002BF1
:1031A0000ED07B68002B0BD07B6801221A6007E0F1
:1031B00097F833300133DBB25AB2BB6B83F845204A
:1031C0000123FB6301E00023FB637B6B7B617B6975
:1031D00083F3118800BFFB6B18464037BD4680BDA6
:1031E00080B58EB000AF786039607B683B633B6B25
:1031F000002B0BD14FF0500383F31188BFF36F8F77
:10320000BFF34F8F3B6200BF00BFFDE73B6B1B6C02
:10321000002B0BD04FF0500383F31188BFF36F8F57
:10322000BFF34F8FFB6100BF00BFFDE73B6B1B6827
:10323000002B03D13B6B9B68002B01D1012300E0E5
:103240000023002B0BD14FF0500383F31188BFF301
:103250006F8FBFF34F8FBB6100BF00BFFDE702F070
:10326000ABFCEFF311824FF0500383F31188BFF3EF
:103270006F8FBFF34F8F7A613B617B69FB623B6B62
:103280009B6BBB623B6BDB6BBA6A9A422BD23B6B8C
:1032900093F8453087F82730BB6A5A1C3B6B9A631A
:1032A00097F92730B3F1FF3F12D13B6B5B6A002BDC
:1032B00016D03B6B2433184601F08EF90346002BE1
:1032C0000ED03B68002B0BD03B6801221A6007E050
:1032D00097F827300133DBB25AB23B6B83F84520B5
:1032E00001237B6301E000237B63FB6AFB60FB68D7
:1032F00083F3118800BF7B6B18463837BD4680BD0D
:1033000080B58CB000AFF860B9607A600023FB62D2
:10331000FB68BB62BB6A002B0BD14FF0500383F3F9
:103320001188BFF36F8FBFF34F8F3B6200BF00BFA9
:10333000FDE7BB68002B03D1BB6A1B6C002B01D1DE
:10334000012300E00023002B0BD14FF0500383F347
:103350001188BFF36F8FBFF34F8FFB6100BF00BFBA
:10336000FDE701F00FFB0346002B02D17B68002B29
:1033700001D1012300E00023002B0BD14FF05003BB
:1033800083F31188BFF36F8FBFF34F8FBB6100BF13
:1033900000BFFDE702F030FBBB6A9B6B7B627B6A80
:1033A000002B1FD0B968B86A00F0C4FA7B6A5A1EB5
:1033B000BB6A9A63BB6A1B69002B0FD0BB6A1033D0
:1033C000184601F009F90346002B07D03C4B4FF09B
:1033D00080521A60BFF34F8FBFF36F8F02F03EFB36
:1033E000012369E07B68002B03D102F037FB002347
:1033F00062E0FB6A002B06D107F11003184601F0CA
:103400004FF90123FB6202F029FB00F0A5FE02F058
:10341000F3FABB6A93F844305BB2B3F1FF3F03D1D8
:10342000BB6A002283F84420BB6A93F845305BB244
:10343000B3F1FF3F03D1BB6A002283F8452002F0BD
:103440000DFB3A1D07F110031146184601F03EF935
:103450000346002B23D1B86A00F0E4FA0346002BA0
:1034600017D0BB6A24337A681146184601F062F817
:10347000B86A00F085FA00F07DFE0346002B89D182
:103480000F4B4FF080521A60BFF34F8FBFF36F8F17
:1034900080E7B86A00F074FA00F06CFE7AE7B86A68
:1034A00000F06EFA00F066FEB86A00F0BBFA034660
:1034B000002B3FF46FAF002318463037BD4680BD68
:1034C00004ED00E080B58EB000AF78603960002375
:1034D0007B637B68FB6200233B63FB6A002B0BD1A1
:1034E0004FF0500383F31188BFF36F8FBFF34F8FFB
:1034F0003B6200BF00BFFDE7FB6A1B6C002B0BD0DB
:103500004FF0500383F31188BFF36F8FBFF34F8FDA
:10351000FB6100BF00BFFDE701F034FA0346002B5A
:1035200002D13B68002B01D1012300E00023002BD6
:103530000BD14FF0500383F31188BFF36F8FBFF3AC
:103540004F8FBB6100BF00BFFDE702F055FAFB6A79
:103550009B6BBB62BB6A002B24D0BB6A5A1EFB6A02
:103560009A63FB6A1B68002B04D101F085FB0246BD
:10357000FB6A9A60FB6A1B69002B0FD0FB6A103351
:10358000184601F029F80346002B07D0544B4FF0A2
:1035900080521A60BFF34F8FBFF36F8F02F05EFA55
:1035A000012398E03B68002B12D13B6B002B0BD022
:1035B0004FF0500383F31188BFF36F8FBFF34F8F2A
:1035C0007B6100BF00BFFDE702F048FA002382E004
:1035D0007B6B002B06D107F10C03184601F060F855
:1035E00001237B6302F03AFA00F0B6FD02F004FA20
:1035F000FB6A93F844305BB2B3F1FF3F03D1FB6A3F
:10360000002283F84420FB6A93F845305BB2B3F1A3
:10361000FF3F03D1FB6A002283F8452002F01EFA27
:103620003A4607F10C031146184601F04FF80346DD
:10363000002B32D1F86A00F0F5F90346002B26D0B2
:10364000FB6A1B68002B09D102F0D6F9FB6A9B6864
:10365000184601F0B5F9386302F000FAFB6A24332A
:103660003A681146184600F065FFF86A00F088F9DC
:1036700000F080FD0346002B7FF467AF184B4FF03E
:1036800080521A60BFF34F8FBFF36F8F5DE7F86A08
:1036900000F076F900F06EFD57E7F86A00F070F977
:1036A00000F068FDF86A00F0BDF90346002B3FF416
:1036B0004CAF3B6B002B0DD002F09EF9F86A00F086
:1036C000B7F87862FB6A9B68796A184601F050FA8D
:1036D00002F0C4F9002318463837BD4680BD00BF4C
:1036E00004ED00E080B58EB000AFF860B9607A609C
:1036F000FB683B633B6B002B0BD14FF0500383F314
:103700001188BFF36F8FBFF34F8F3B6200BF00BFC5
:10371000FDE7BB68002B03D13B6B1B6C002B01D179
:10372000012300E00023002B0BD14FF0500383F363
:103730001188BFF36F8FBFF34F8FFB6100BF00BFD6
:10374000FDE702F039FAEFF311824FF0500383F3F3
:103750001188BFF36F8FBFF34F8FBA617B61BB6975
:10376000FB623B6B9B6BBB62BB6A002B2FD03B6B3E
:1037700093F8443087F82730B968386B00F0DAF8EE
:10378000BB6A5A1E3B6B9A6397F92730B3F1FF3F30
:1037900012D13B6B1B69002B16D03B6B10331846C4
:1037A00000F01AFF0346002B0ED07B68002B0BD0D5
:1037B0007B6801221A6007E097F827300133DBB2FB
:1037C0005AB23B6B83F8442001237B6301E0002362
:1037D0007B63FB6A3B613B6983F3118800BF7B6BB2
:1037E00018463837BD4680BD80B584B000AF7860DC
:1037F0007B68FB60FB68002B0BD14FF0500383F319
:103800001188BFF36F8FBFF34F8FBB6000BF00BF46
:10381000FDE7F86800F05EF9FB6893F84630002B8E
:1038200002D1F86802F0D8FA00BF1037BD4680BD5B
:1038300080B485B000AF78607B685B6A002B06D0EF
:103840007B681B6B1B68C3F13803FB6001E000233E
:10385000FB60FB6818461437BD465DF8047B704773
:1038600080B586B000AFF860B9607A6000237B61F4
:10387000FB689B6B3B61FB681B6C002B0DD1FB68ED
:103880001B68002B4DD1FB689B68184601F000F9BE
:103890007861FB6800229A6043E07B68002B19D1B5
:1038A000FB685868FB681B6C1A46B96827F0EAFC8D
:1038B000FB685A68FB681B6C1A44FB685A60FB681B
:1038C0005A68FB689B689A422BD3FB681A68FB68AE
:1038D0005A6026E0FB68D868FB681B6C1A46B9681A
:1038E00027F0D0FCFB68DA68FB681B6C5B421A446B
:1038F000FB68DA60FB68DA68FB681B689A4207D2EB
:10390000FB689A68FB681B6C5B421A44FB68DA60D0
:103910007B68022B05D13B69002B02D03B69013B40
:103920003B613B695A1CFB689A637B6918461837F0
:10393000BD4680BD80B582B000AF786039607B68DD
:103940001B6C002B18D07B68DA687B681B6C1A44F0
:103950007B68DA607B68DA687B689B689A4203D38D
:103960007B681A687B68DA607B68D9687B681B6C47
:103970001A46386827F086FC00BF0837BD4680BD70
:1039800080B584B000AF786002F036F87B6893F8B9
:103990004530FB7311E07B685B6A002B12D07B68BB
:1039A0002433184600F018FE0346002B01D000F027
:1039B000F1FEFB7B013BDBB2FB7397F90F30002B71
:1039C000E9DC00E000BF7B68FF2283F8452002F0BD
:1039D00045F802F011F87B6893F84430BB7311E0AE
:1039E0007B681B69002B12D07B681033184600F0EF
:1039F000F3FD0346002B01D000F0CCFEBB7B013B66
:103A0000DBB2BB7397F90E30002BE9DC00E000BF9E
:103A10007B68FF2283F8442002F020F800BF1037B3
:103A2000BD4680BD80B584B000AF786001F0E4FF92
:103A30007B689B6B002B02D10123FB6001E000231C
:103A4000FB6002F00BF8FB6818461037BD4680BDDE
:103A500080B584B000AF786001F0CEFF7B689A6BD0
:103A60007B68DB6B9A4202D10123FB6001E00023FB
:103A7000FB6001F0F3FFFB6818461037BD4680BDC0
:103A800080B485B000AF786039600023FB6014E03B
:103A90000F4AFB6852F83330002B0BD10C49FB68FE
:103AA0003A6841F833200A4AFB68DB0013447A681D
:103AB0005A6006E0FB680133FB60FB68072BE7D91F
:103AC00000BF00BF1437BD465DF8047B704700BFE0
:103AD0007813002480B485B000AF78600023FB60C9
:103AE00016E0104AFB68DB0013445B687A689A4270
:103AF0000BD10C4AFB68002142F83310094AFB68DD
:103B0000DB00134400225A6006E0FB680133FB60CF
:103B1000FB68072BE5D900BF00BF1437BD465DF831
:103B2000047B70477813002480B586B000AFF8603E
:103B3000B9607A60FB687B6101F05EFF7B6993F896
:103B400044305BB2B3F1FF3F03D17B69002283F8BD
:103B500044207B6993F845305BB2B3F1FF3F03D15A
:103B60007B69002283F8452001F078FF7B699B6B1D
:103B7000002B06D17B6924337A68B968184600F0B7
:103B8000FFFC7869FFF7FCFE00BF1837BD4680BD1B
:103B900080B58EB004AFF860B9607A603B607B6B33
:103BA000002B0BD14FF0500383F31188BFF36F8FBD
:103BB000BFF34F8F3B6200BF00BFFDE7BB6B002B25
:103BC0000BD14FF0500383F31188BFF36F8FBFF316
:103BD0004F8FFB6100BF00BFFDE7A8233B613B693E
:103BE000A82B0BD04FF0500383F31188BFF36F8FD6
:103BF000BFF34F8FBB6100BF00BFFDE73B69BB6BED
:103C0000002B1ED07B6B002B1BD0BB6B7B627B6AB7
:103C10007A6B1A637B6A022283F8A5200023039340
:103C20007B6A029307F1140301933B6B00933B689B
:103C30007A68B968F86800F051F8786A00F0F6F828
:103C400001E000237B617B6918462837BD4680BDB3
:103C500080B58CB004AFF860B9603B601346FB8060
:103C6000FB889B00184601F0E9FF78617B69002B17
:103C70000ED0A82001F0E2FFF861FB69002B03D011
:103C8000FB697A691A6305E0786902F0A5F801E03A
:103C90000023FB61FB69002B17D0FB69002283F82E
:103CA000A520FA8800230393FB690293FB6A019322
:103CB000BB6A00933B68B968F86800F00FF8F869D0
:103CC00000F0B4F80123BB6102E04FF0FF33BB61A9
:103CD000BB6918462037BD4680BD000080B588B05E
:103CE00000AFF860B9607A603B603B6B186B7B6833
:103CF0009B001A46A52127F01DFA3B6B1A6B7968C9
:103D00006FF040430B449B001344BB61BB6923F03D
:103D10000703BB61BB6903F00703002B0BD04FF017
:103D2000500383F31188BFF36F8FBFF34F8F7B6115
:103D300000BF00BFFDE7BB68002B1FD00023FB6165
:103D400012E0BA68FB69134419783A6BFB691344B3
:103D500034330A461A70BA68FB6913441B78002B87
:103D600006D0FB690133FB61FB690F2BE9D900E049
:103D700000BF3B6B002283F8432003E03B6B002233
:103D800083F83420BB6A372B01D93723BB623B6BE6
:103D9000BA6ADA623B6BBA6ADA643B6B00221A6574
:103DA0003B6B04331846FEF701FE3B6B1833184695
:103DB000FEF7FCFD3B6B3A6B1A61BB6AC3F138023C
:103DC0003B6B9A613B6B3A6B5A623B6B0022C3F8C8
:103DD000A0203B6B002283F8A4203B6B54334C2281
:103DE0000021184627F0A6F93B6B0D4A9A653B6BFC
:103DF0000C4ADA653B6B0C4A1A663A68F968B8698E
:103E000001F0CAFC02463B6B1A60FB6A002B02D031
:103E1000FB6A3A6B1A6000BF2037BD4680BD00BF09
:103E2000E48E02244C8F0224B48F022480B582B029
:103E300000AF786001F0E0FD2D4B1B6801332C4A88
:103E400013602C4B1B68002B09D12A4A7B68136036
:103E5000274B1B68012B10D100F0C0FC0DE0264B56
:103E60001B68002B09D1234B1B68DA6A7B68DB6A6D
:103E70009A4202D81F4A7B681360204B1B680133AB
:103E80001E4A13601D4B1A687B685A647B68DA6AA5
:103E90001B4B1B689A4203D97B68DB6A184A136084
:103EA0007B68DA6A13469B0013449B00154A1A4448
:103EB0007B68043319461046FEF785FD01F0CEFD00
:103EC0000D4B1B68002B0ED00A4B1B68DA6A7B680F
:103ED000DB6A9A4207D20C4B4FF080521A60BFF354
:103EE0004F8FBFF36F8F00BF0837BD4680BD00BF47
:103EF0008C180024B813002498180024A818002453
:103F000094180024BC13002404ED00E080B58AB0AE
:103F100000AF7860396000237B627B68002B0BD197
:103F20004FF0500383F31188BFF36F8FBFF34F8FB0
:103F30007B6100BF00BFFDE73B68002B0BD14FF05A
:103F4000500383F31188BFF36F8FBFF34F8F3B6133
:103F500000BF00BFFDE72A4B1B68002B0BD04FF0C2
:103F6000500383F31188BFF36F8FBFF34F8FFB6054
:103F700000BF00BFFDE700F0EFF8224B1B683B627B
:103F80007B681B683A681344FB617B681B683A6A6C
:103F90009A420BD27B681B68FA699A4211D2FA697D
:103FA0003B6A9A420DD901237B620AE07B681B6859
:103FB000FA699A4203D3FA693B6A9A4201D901230A
:103FC0007B627B68FA691A607B6A002B06D0FA690B
:103FD0003B6AD31A0021184600F070FF00F0CAF8BF
:103FE000B861BB69002B07D1074B4FF080521A60B4
:103FF000BFF34F8FBFF36F8F00BF2837BD4680BD23
:10400000B41800249018002404ED00E080B584B0BA
:1040100000AF78600023FB607B68002B18D0144B46
:104020001B68002B0BD04FF0500383F31188BFF3B4
:104030006F8FBFF34F8FBB6000BF00BFFDE700F085
:104040008BF80021786800F039FF00F093F8F860F1
:10405000FB68002B07D1074B4FF080521A60BFF36B
:104060004F8FBFF36F8F00BF1037BD4680BD00BFBD
:10407000B418002404ED00E080B58AB004AF00233A
:10408000BB6000237B603A46391D07F108031846E0
:10409000FEF738FC39687B68BA6802920193002306
:1040A000009300230A4624492448FFF771FD034684
:1040B000234A1360224B1B68002B02D001237B6133
:1040C00001E000237B617B69012B02D100F04AFFF4
:1040D00078617B69012B1BD14FF0500383F311886A
:1040E000BFF36F8FBFF34F8F3B6100BF154B1B6852
:1040F0005433154A1360154B4FF0FF321A60144BBE
:1041000001221A60134B00221A6001F0D1FB0FE06C
:104110007B69B3F1FF3F0BD14FF0500383F311885C
:10412000BFF36F8FBFF34F8FFB6000BF00BFFDE792
:1041300000BF1837BD4680BDACD10308AD470108AC
:10414000B0180024B813002434000024AC18002454
:10415000981800249018002480B400AF044B1B680A
:104160000133034A136000BFBD465DF8047B70470E
:10417000B418002480B584B000AF0023FB60002396
:10418000BB60424B1B68002B0BD14FF0500383F3F5
:104190001188BFF36F8FBFF34F8F3B6000BF00BF2D
:1041A000FDE701F029FC394B1B68013B374A1360DE
:1041B000364B1B68002B62D1354B1B68002B5ED041
:1041C0002FE0344BDB68DB68FB60FB681833184674
:1041D000FEF756FCFB6804331846FEF751FCFB68FB
:1041E000DA6A2D4B1B689A4203D9FB68DB6A2A4ABC
:1041F0001360FB68DA6A13469B0013449B00274A4E
:104200001A44FB68043319461046FEF7DCFBFB68D2
:10421000DA6A234B1B68DB6A9A4202D3214B0122E4
:104220001A601C4B1B68002BCBD1FB68002B01D004
:1042300000F078FB1C4B1B687B607B68002B10D068
:1042400000F058F80346002B02D0164B01221A60EA
:104250007B68013B7B607B68002BF1D1124B002215
:104260001A60104B1B68002B09D00123BB600F4B59
:104270004FF080521A60BFF34F8FBFF36F8F01F082
:10428000EDFBBB6818461037BD4680BDB41800244E
:104290008C1800244C18002494180024BC1300240B
:1042A000B8130024A01800249C18002404ED00E09A
:1042B00080B483B000AF054B1B687B607B681846F9
:1042C0000C37BD465DF8047B704700BF9018002492
:1042D00080B582B000AF01F06FFC00237B60044B1F
:1042E0001B683B603B6818460837BD4680BD00BF71
:1042F0009018002480B586B000AF00237B614F4B3F
:104300001B68002B40F090804D4B1B6801333B61D4
:104310004B4A3B6913603B69002B21D1494B1B6819
:104320001B68002B0BD04FF0500383F31188BFF3B1
:104330006F8FBFF34F8F3B6000BF00BFFDE7414B66
:104340001B68FB60404B1B683E4A13603E4AFB689B
:1043500013603E4B1B6801333C4A136000F0E2FAE5
:104360003B4B1B683A699A4249D3364B1B681B6822
:10437000002B04D1364B4FF0FF321A603FE0314B37
:104380001B68DB68DB68BB60BB685B687B603A69A5
:104390007B689A4203D22E4A7B6813602FE0BB6889
:1043A00004331846FEF76CFBBB689B6A002B04D0F5
:1043B000BB6818331846FEF763FBBB68DA6A254B07
:1043C0001B689A4203D9BB68DB6A224A1360BB6848
:1043D000DA6A13469B0013449B001F4A1A44BB68C9
:1043E000043319461046FEF7EEFABB68DA6A1B4B37
:1043F0001B68DB6A9A42B8D301237B61B5E7174B90
:104400001B68DA6A144913469B0013449B000B4453
:104410001B68012B01D901237B61114B1B68002B09
:1044200007D001237B6104E00E4B1B6801330D4A6A
:1044300013607B6918461837BD4680BDB418002448
:10444000901800244418002448180024A4180024BC
:10445000AC18002494180024BC130024B8130024C2
:10446000A01800249C18002480B485B000AF2B4B0A
:104470001B68002B03D02A4B01221A6047E0284B0F
:1044800000221A60274B1B68FB6011E0FB68002BC1
:104490000BD14FF0500383F31188BFF36F8FBFF33D
:1044A0004F8F7B6000BF00BFFDE7FB68013BFB60F7
:1044B0001D49FA6813469B0013449B000B441B687C
:1044C000002BE3D0FA6813469B0013449B00164A66
:1044D0001344BB60BB685B685A68BB685A60BB68C2
:1044E0005A68BB6808339A4204D1BB685B685A6853
:1044F000BB685A60BB685B68DB680C4A1360094A9A
:10450000FB681360094B1B685433094A136000BFF2
:104510001437BD465DF8047B704700BFB418002413
:10452000A018002494180024BC130024B8130024FD
:104530003400002480B584B000AF786039607B68B7
:10454000002B0BD14FF0500383F31188BFF36F8F13
:10455000BFF34F8FFB6000BF00BFFDE7074B1B6839
:10456000183319467868FEF752FA0121386800F0CE
:10457000A5FC00BF1037BD4680BD00BFB8130024A6
:1045800080B586B000AFF860B9607A60FB68002B38
:104590000BD14FF0500383F31188BFF36F8FBFF33C
:1045A0004F8F7B6100BF00BFFDE70A4B1B681833CC
:1045B0001946F868FEF707FA7B68002B02D04FF027
:1045C000FF33BB607968B86800F078FC00BF18372B
:1045D000BD4680BDB813002480B586B000AF7860BA
:1045E0007B68DB68DB683B613B69002B0BD14FF0DC
:1045F000500383F31188BFF36F8FBFF34F8FFB60BE
:1046000000BF00BFFDE73B6918331846FEF738FAD4
:104610001D4B1B68002B1DD13B6904331846FEF768
:104620002FFA3B69DA6A194B1B689A4203D93B6936
:10463000DB6A164A13603B69DA6A13469B0013442F
:104640009B00134A1A443B69043319461046FEF78F
:10465000BAF905E03B69183319460E48FEF7B3F97D
:104660003B69DA6A0C4B1B68DB6A9A4205D9012365
:104670007B610A4B01221A6001E000237B617B69A8
:1046800018461837BD4680BDB4180024941800247D
:10469000BC1300244C180024B8130024A0180024D4
:1046A00080B483B000AF7860064B1A687B681A60EC
:1046B000054B1A687B685A6000BF0C37BD465DF831
:1046C000047B7047A41800249018002480B588B09B
:1046D00000AF786039607B68002B0BD14FF050033E
:1046E00083F31188BFF36F8FBFF34F8F3B6100BF20
:1046F00000BFFDE73B68002B0BD14FF0500383F365
:104700001188BFF36F8FBFF34F8FFB6000BF00BFF7
:10471000FDE701F071F91D4B1B68BB617B685B68AD
:10472000BA69D31A7B613B681B68B3F1FF3F02D1C2
:104730000023FB6123E07B681A68154B1B689A42D3
:1047400007D07B685B68BA699A4202D30123FB6198
:1047500015E03B681B687A699A420BD23B681A687D
:104760007B69D21A3B681A607868FFF799FF0023CB
:10477000FB6104E03B6800221A600123FB6101F049
:104780006DF9FB6918462037BD4680BD901800249E
:10479000A418002480B400AF034B01221A6000BFAC
:1047A000BD465DF8047B7047A018002480B582B038
:1047B00000AF786000F052F8064B1B68012BF9D966
:1047C000054B4FF080521A60BFF34F8FBFF36F8FCE
:1047D000F0E700BFBC13002404ED00E080B582B018
:1047E00000AF00237B600CE07A6813469B00134403
:1047F0009B00124A13441846FEF7B8F87B68013351
:104800007B607B68372BEFD90D48FEF7AFF80D487A
:10481000FEF7ACF80C48FEF7A9F80C48FEF7A6F82E
:104820000B48FEF7A3F80B4B054A1A600A4B054AE2
:104830001A6000BF0837BD4680BD00BFBC1300240E
:104840001C180024301800244C1800246018002480
:1048500078180024441800244818002480B582B039
:1048600000AF19E001F0C8F8104BDB68DB687B6033
:104870007B6804331846FEF703F90D4B1B68013BB8
:104880000B4A13600B4B1B68013B0A4A136001F093
:10489000E5F8786800F010F8064B1B68002BE1D1B2
:1048A00000BF00BF0837BD4680BD00BF60180024B0
:1048B0008C1800247418002480B584B000AF786090
:1048C0007B685433184626F07FFC7B6893F8A5304C
:1048D000002B08D17B681B6B184601F07DFA7868C5
:1048E00001F07AFA19E07B6893F8A530012B03D127
:1048F000786801F071FA10E07B6893F8A530022B1C
:104900000BD04FF0500383F31188BFF36F8FBFF3C9
:104910004F8FFB6000BF00BFFDE700BF1037BD46F3
:1049200080BD000080B483B000AF0C4B1B681B68D7
:10493000002B04D10A4B4FF0FF321A6008E0074BFE
:104940001B68DB68DB687B607B685B68044A13601C
:1049500000BF0C37BD465DF8047B70474418002447
:10496000AC18002480B483B000AF054B1B687B609B
:104970007B6818460C37BD465DF8047B704700BF66
:10498000B813002480B483B000AF0B4B1B68002B1E
:1049900002D101237B6008E0084B1B68002B02D189
:1049A00002237B6001E000237B607B6818460C37A4
:1049B000BD465DF8047B704798180024B4180024A5
:1049C00080B584B000AF78607B68BB600023FB607B
:1049D0007B68002B51D0BB68DA6A2A4B1B68DB6A04
:1049E0009A4241D2BB689B69002B06DB254B1B68B2
:1049F000DB6AC3F13802BB689A61BB685969BB685E
:104A0000DA6A13469B0013449B001F4A13449942E1
:104A100022D1BB6804331846FEF732F8194B1B68E5
:104A2000DA6ABB68DA62BB68DA6A184B1B689A42BA
:104A300003D9BB68DB6A154A1360BB68DA6A1346A0
:104A40009B0013449B00104A1A44BB680433194668
:104A50001046FDF7B8FF04E00A4B1B68DA6ABB6832
:104A6000DA620123FB6008E0BB68DA6C054B1B6867
:104A7000DB6A9A4201D20123FB60FB6818461037BB
:104A8000BD4680BDB8130024BC1300249418002434
:104A900080B586B000AF78607B683B6100237B61A6
:104AA0007B68002B58D02F4B1B683A699A420BD079
:104AB0004FF0500383F31188BFF36F8FBFF34F8F15
:104AC000FB6000BF00BFFDE73B691B6D002B0BD1F6
:104AD0004FF0500383F31188BFF36F8FBFF34F8FF5
:104AE000BB6000BF00BFFDE73B691B6D5A1E3B6901
:104AF0001A653B69DA6A3B69DB6C9A422CD03B69E8
:104B00001B6D002B28D13B6904331846FDF7B8FF15
:104B10003B69DA6C3B69DA623B69DB6AC3F13802F4
:104B20003B699A613B69DA6A0F4B1B689A4203D969
:104B30003B69DB6A0C4A13603B69DA6A13469B00E7
:104B400013449B00094A1A443B6904331946104632
:104B5000FDF739FF01237B617B6918461837BD4695
:104B600080BD00BFB813002494180024BC13002497
:104B700080B588B000AF786039607B68BB61012385
:104B80007B617B68002B6CD0BB691B6D002B0BD14C
:104B90004FF0500383F31188BFF36F8FBFF34F8F34
:104BA000FB6000BF00BFFDE7BB69DB6C3A689A425F
:104BB00002D93B68FB6102E0BB69DB6CFB61BB694E
:104BC000DB6AFA699A424CD0BB691B6D7A699A42DA
:104BD00047D1264B1B68BA699A420BD14FF050035C
:104BE00083F31188BFF36F8FBFF34F8FBB6000BF9C
:104BF00000BFFDE7BB69DB6A3B61BB69FA69DA624A
:104C0000BB699B69002B04DBFB69C3F13802BB69FC
:104C10009A61BB6959693A6913469B0013449B002A
:104C2000134A134499421CD1BB6904331846FDF75B
:104C300027FFBB69DA6A0F4B1B689A4203D9BB692D
:104C4000DB6A0C4A1360BB69DA6A13469B001344A3
:104C50009B00074A1A44BB69043319461046FDF706
:104C6000B2FE00BF2037BD4680BD00BFB813002490
:104C7000BC1300249418002480B400AF074B1B68B9
:104C8000002B04D0054B1B681A6D01321A65034BCB
:104C90001B681846BD465DF8047B7047B8130024B6
:104CA00080B584B000AF7860396000F0A5FE204B7D
:104CB0001B68D3F8A030002B13D11D4B1B680122B9
:104CC00083F8A4203B68002B0BD00121386800F04A
:104CD000F5F8184B4FF080521A60BFF34F8FBFF3B7
:104CE0006F8F00F0BBFE00F087FE114B1B68D3F8FE
:104CF000A030FB60FB68002B0ED07B68002B05D03A
:104D00000B4B1B680022C3F8A02005E0084B1B6872
:104D1000FA68013AC3F8A020054B1B68002283F80B
:104D2000A42000F09BFEFB6818461037BD4680BDEE
:104D3000B813002404ED00E080B58AB000AFF8603D
:104D4000B9603B601346FB7101237B62FB68002B5B
:104D50000BD14FF0500383F31188BFF36F8FBFF374
:104D60004F8FBB6100BF00BFFDE7FB683B6200F0F7
:104D700043FE3B68002B04D03B6AD3F8A0203B687D
:104D80001A603B6A93F8A430FB773B6A022283F8EF
:104D9000A420FB79042B2ED801A252F823F000BFE7
:104DA0001B4E0108B54D0108C74D0108D74D01083C
:104DB000E14D01083B6AD3F8A020BB681A433B6A67
:104DC000C3F8A0202CE03B6AD3F8A0305A1C3B6A01
:104DD000C3F8A02024E03B6ABA68C3F8A0201FE013
:104DE000FB7F022B04D03B6ABA68C3F8A02017E00F
:104DF00000237B6214E03B6AD3F8A030B3F1FF3F9D
:104E00000DD04FF0500383F31188BFF36F8FBFF3C2
:104E10004F8F7B6100BF00BFFDE700BF00E000BF18
:104E2000FB7F012B3BD13B6A04331846FDF728FE7C
:104E30003B6ADA6A1D4B1B689A4203D93B6ADB6AFC
:104E40001A4A13603B6ADA6A13469B0013449B00BC
:104E5000174A1A443B6A043319461046FDF7B3FD5E
:104E60003B6A9B6A002B0BD04FF0500383F31188F1
:104E7000BFF36F8FBFF34F8F3B6100BF00BFFDE7F4
:104E80003B6ADA6A0B4B1B68DB6A9A4207D90A4B0A
:104E90004FF080521A60BFF34F8FBFF36F8F00F057
:104EA000DDFD7B6A18462837BD4680BD9418002476
:104EB000BC130024B813002404ED00E080B584B0D6
:104EC00000AF78603960214B1B68FB60204B1B688A
:104ED00004331846FDF7D4FD7B68B3F1FF3F0AD1D8
:104EE0003B68002B07D01A4B1B680433194619483E
:104EF000FDF769FD26E0FA687B681344BB60144B3C
:104F00001B68BA685A60BA68FB689A4209D2124BA9
:104F10001A680F4B1B68043319461046FDF777FDDE
:104F200010E00E4B1A680A4B1B68043319461046F2
:104F3000FDF76DFD0A4B1B68BA689A4202D2084A17
:104F4000BB68136000BF1037BD4680BD90180024B9
:104F5000B8130024781800244818002444180024AA
:104F6000AC18002480B58AB004AF00237B6100F048
:104F7000B1FB1D4B1B68002B21D00023FB600023DD
:104F8000BB603A1D07F1080107F10C031846FDF755
:104F9000D3FC7968BB68FA680292019302230093FC
:104FA00000230A4611491248FEF7F2FD0346114A52
:104FB0001360104B1B68002B01D001237B617B69C0
:104FC000002B0BD14FF0500383F31188BFF36F8F89
:104FD000BFF34F8F3B6100BF00BFFDE77B69184601
:104FE0001837BD4680BD00BFE8180024B4D10308BF
:104FF0006D520108EC18002480B588B002AFF8604B
:10500000B9607A603B602C2000F018FE78617B6903
:10501000002B0DD07B69002283F828207B69019347
:105020003B6A00933B687A68B968F86800F045F815
:105030007B6918461837BD4680BD80B58AB002AF7F
:10504000F860B9607A603B602C233B613B692C2B94
:105050000BD04FF0500383F31188BFF36F8FBFF372
:105060004F8FBB6100BF00BFFDE73B69FB6A002BB0
:105070000BD14FF0500383F31188BFF36F8FBFF351
:105080004F8F7B6100BF00BFFDE7FB6AFB61FB69DF
:10509000002B0DD0FB69022283F82820FB690193C5
:1050A000BB6A00933B687A68B968F86800F005F855
:1050B000FB6918462037BD4680BD80B586B000AF7D
:1050C000F860B9607A603B60BB68002B0BD14FF091
:1050D000500383F31188BFF36F8FBFF34F8F7B6152
:1050E00000BF00BFFDE77B6A002B1ED000F0F2FA84
:1050F0007B6AFA681A607B6ABA689A617B6A3A6866
:10510000DA617B6A3A6A1A627B6A04331846FDF7F1
:105110004DFC7B68002B08D07B6A93F8283043F065
:105120000403DAB27B6A83F8282000BF1837BD4633
:1051300080BD000080B58AB000AFF860B9607A60C9
:105140003B6000237B62FB68002B0BD14FF05003C8
:1051500083F31188BFF36F8FBFF34F8F3B6200BFA4
:1051600000BFFDE7194B1B68002B2AD0BB683B61D1
:105170007B687B61FB68BB61BB68052B18DCFFF7B4
:1051800001FC0346022B09D1104B186807F11001EE
:1051900000233A6BFDF784FE786212E00B4B18682F
:1051A00007F1100100230022FDF77AFE786208E083
:1051B000064B186807F1100100233A68FDF772FFEB
:1051C00078627B6A18462837BD4680BDE8180024FF
:1051D00080B588B002AF78603960234B1B68DB680C
:1051E000DB687B617B6904331846FDF749FC7B690A
:1051F00093F8283003F00403002B23D07B699A69CD
:105200007B68D1187B683A68786900F0D5F8034666
:10521000002B20D00023009300237A6800217869B6
:10522000FFF788FF38613B69002B14D14FF0500322
:1052300083F31188BFF36F8FBFF34F8FFB6000BF05
:1052400000BFFDE77B6993F8283023F00103DAB251
:105250007B6983F828207B691B6A7869984700BFBF
:105260001837BD4680BD00BFE018002480B584B06B
:1052700000AF786007F10803184600F059F8F860AD
:10528000BB681946F86800F005F800F0D7F800BFD1
:10529000F0E7000080B584B000AF78603960FEF7B9
:1052A0005BFF07F10803184600F066F8F860BB687A
:1052B000002B30D13B68002B0AD17A68FB689A42F8
:1052C00006D8FEF757FFF9687868FFF781FF24E0FA
:1052D0003B68002B08D0134B1B681B68002B01D1C7
:1052E000012300E000233B600F4B18687A68FB68DD
:1052F000D31A3A681946FEF717FCFEF73BFF034640
:10530000002B0AD1094B4FF080521A60BFF34F8F28
:10531000BFF36F8F01E0FEF72DFF00BF1037BD46D2
:1053200080BD00BFE4180024E818002404ED00E06C
:1053300080B485B000AF78600E4B1B681B68002BF3
:1053400001D1012200E000227B681A607B681B68A3
:10535000002B05D1074B1B68DB681B68FB6001E075
:105360000023FB60FB6818461437BD465DF8047BDC
:10537000704700BFE018002480B584B000AF7860AB
:10538000FEF796FFF8600B4B1B68FA689A4205D24D
:1053900000F03AF97B6801221A6002E07B68002283
:1053A0001A60044AFB681360FB6818461037BD4654
:1053B00080BD00BFF018002480B586B000AFF86053
:1053C000B9607A603B6000237B61FB68BA685A6011
:1053D000FB68FA681A61BA687B689A4212D87A68E0
:1053E0003B68D21AFB689B699A4202D301237B6116
:1053F0001BE0104B1A68FB68043319461046FDF792
:1054000006FB12E07A683B689A4206D2BA683B68AB
:105410009A4202D301237B6107E0074B1A68FB68BD
:10542000043319461046FDF7F2FA7B69184618371F
:10543000BD4680BDE4180024E018002480B58EB07D
:1054400002AFCEE07B68002B19DA3B1D0433FB6210
:10545000FB6A002B0BD14FF0500383F31188BFF38D
:105460006F8FBFF34F8FFB6100BF00BFFDE7FB6A8B
:105470001B68FA6A5068FA6A9268114698477B6816
:10548000002BC0F2AE80FB68BB62BB6A5B69002B7D
:1054900004D0BB6A04331846FDF7F2FA3B461846BF
:1054A000FFF76AFF78627B68092B00F2978001A200
:1054B00052F823F0DD540108DD540108DD540108E1
:1054C0005355010867550108B3550108DD5401081B
:1054D000DD5401085355010867550108BB6A93F86C
:1054E000283043F00103DAB2BB6A83F82820BA6897
:1054F000BB6A9B69D118BB687A6AB86AFFF75CFF20
:105500000346002B6CD0BB6A1B6AB86A9847BB6A1B
:1055100093F8283003F00403002B61D0BA68BB6A0B
:105520009B691A440023009300230021B86AFFF707
:1055300001FE38623B6A002B52D14FF0500383F3D7
:105540001188BFF36F8FBFF34F8FBB6100BF00BFE8
:10555000FDE7BB6A93F8283023F00103DAB2BB6A97
:1055600083F828203DE0BB6A93F8283043F001031C
:10557000DAB2BB6A83F82820BA68BB6A9A61BB6A50
:105580009B69002B0BD14FF0500383F31188BFF3BD
:105590006F8FBFF34F8F7B6100BF00BFFDE7BB6A1A
:1055A0009A697B6AD1187B6A7A6AB86AFFF704FF46
:1055B00017E0BB6A93F8283003F00203002B03D1F5
:1055C000B86A00F009FC0CE0BB6A93F8283023F0BD
:1055D0000103DAB2BB6A83F8282002E000BF00E0D2
:1055E00000BF084B1B68391D00221846FDF788FED6
:1055F0000346002B7FF426AF00BF00BF3037BD4607
:1056000080BD00BFE818002480B588B002AF49E033
:105610002E4B1B68DB681B683B612C4B1B68DB68EF
:10562000DB68FB60FB6804331846FDF729FAFB686A
:105630001B6AF8689847FB6893F8283003F0040366
:10564000002B2FD0FB689B693A691344BB60BA6892
:105650003B699A420ED9FB68BA685A60FB68FA68DF
:105660001A611A4B1A68FB68043319461046FDF795
:10567000CEF917E00023009300233A690021F8686F
:10568000FFF758FD78607B68002B0BD14FF050037B
:1056900083F31188BFF36F8FBFF34F8F3B6000BF61
:1056A00000BFFDE7094B1B681B68002BB0D1074BFF
:1056B0001B687B61064B1B68044A1360044A7B69C4
:1056C000136000BF1837BD4680BD00BFE01800243E
:1056D000E418002480B582B002AF00F08DF9154BBC
:1056E0001B68002B20D11448FDF740F91348FDF743
:1056F0003DF9134B104A1A60124B104A1A600023EE
:105700000093114B114A10210A20FDF74DFA034670
:10571000084A1360074B1B68002B05D0054B1B681C
:105720000B491846FEF7ACF900F098F900BFBD46EA
:1057300080BD00BFE8180024B8180024CC1800244D
:10574000E0180024E418002494190024F41800241C
:10575000BCD1030880B586B000AF78607B687B6100
:105760007B68002B0BD14FF0500383F31188BFF3FC
:105770006F8FBFF34F8FFB6000BF00BFFDE700F0EE
:105780003BF97B69DB693B6100F068F93B691846CE
:105790001837BD4680BD000080B485B000AFF8600A
:1057A000B9607A60FB68043BFB60FB684FF0807275
:1057B0001A60FB68043BFB60BB6823F00102FB68D6
:1057C0001A60FB68043BFB600C4AFB681A60FB68CC
:1057D000143BFB607A68FB681A60FB68043BFB6063
:1057E000FB686FF002021A60FB68203BFB60FB68FD
:1057F00018461437BD465DF8047B70470158010810
:1058000080B485B000AF00237B60134B1B68B3F1FD
:10581000FF3F0BD04FF0500383F31188BFF36F8F1E
:10582000BFF34F8FFB6000BF00BFFDE74FF0500399
:1058300083F31188BFF36F8FBFF34F8FBB6000BF3F
:1058400000BF7B68002BFCD000BF00BF1437BD46F3
:105850005DF8047B704700BF1000002400000000CA
:10586000074B19680868B0E8F04F80F30988BFF368
:105870006F8F4FF0000080F311887047AFF3008006
:10588000B813002400BF00BF08480068006880F318
:1058900008884FF0000080F3148862B661B6BFF349
:1058A0004F8FBFF36F8F00DF00BF00BF08ED00E038
:1058B00080B586B000AF474B1B68474A93420BD177
:1058C0004FF0500383F31188BFF36F8FBFF34F8FF7
:1058D000FB6000BF00BFFDE73E4B1B683F4A9342A1
:1058E0000BD14FF0500383F31188BFF36F8FBFF3D9
:1058F0004F8F3B6100BF00BFFDE7394B7B617B6988
:105900001B78DBB27B607B69FF221A707B691B7896
:10591000DBB2FB70FB78DBB203F05003DAB2314B41
:105920001A70314B07221A6009E02F4B1B68013BAC
:105930002D4A1360FB78DBB25B00DBB2FB70FB78B7
:10594000DBB203F08003802BEFD0274B1B68C3F141
:105950000703042B0BD04FF0500383F31188BFF3E0
:105960006F8FBFF34F8FBB6000BF00BFFDE71E4BC3
:105970001B681B021C4A13601B4B1B6803F4E0638B
:10598000194A13607B68DAB27B691A70174B1B687F
:10599000164A43F470031360144B1B68134A43F018
:1059A0007043136000F0DAF8114B00221A6000F027
:1059B000F9F8104B1B680F4A43F040431360FFF7A0
:1059C00063FFFEF751FDFFF71BFF00231846183752
:1059D000BD4680BD00ED00E071C20F4170C20F41B5
:1059E00000E400E0E4190024E819002420ED00E0C0
:1059F0001000002434EF00E080B483B000AF4FF01B
:105A0000500383F31188BFF36F8FBFF34F8F7B6019
:105A100000BF104B1B6801330E4A13600D4B1B680F
:105A2000012B10D10C4B1B68DBB2002B0BD04FF0BD
:105A3000500383F31188BFF36F8FBFF34F8F3B6029
:105A400000BF00BFFDE700BF0C37BD465DF8047B1B
:105A5000704700BF1000002404ED00E080B483B064
:105A600000AF124B1B68002B0BD14FF0500383F398
:105A70001188BFF36F8FBFF34F8F7B6000BF00BFF4
:105A8000FDE70A4B1B68013B084A1360074B1B6884
:105A9000002B05D100233B603B6883F3118800BFD6
:105AA00000BF0C37BD465DF8047B70471000002432
:105AB000EFF30980BFF36F8F154B1A681EF0100FBC
:105AC00008BF20ED108A20E9F04F10602DE9090091
:105AD0004FF0500080F31188BFF34F8FBFF36F8FEB
:105AE000FEF7C2FC4FF0000080F3118809BC196872
:105AF0000868B0E8F04F1EF0100F08BFB0EC108A35
:105B000080F30988BFF36F8F704700BFAFF3008049
:105B1000B813002400BF00BF80B582B000AF4FF0C3
:105B2000500383F31188BFF36F8FBFF34F8F7B60F8
:105B300000BFFEF7DFFB0346002B03D0064B4FF000
:105B400080521A6000233B603B6883F3118800BFDA
:105B500000BF0837BD4680BD04ED00E080B400AF53
:105B60000B4B00221A600B4B00221A600A4B1B6879
:105B70000A4AA2FB03239B09094A013B1360044B19
:105B800007221A6000BFBD465DF8047B704700BF66
:105B900010E000E018E000E000000024D34D6210A7
:105BA00014E000E0DFF80C00016841F470010160CE
:105BB000704700BF88ED00E080B485B000AFEFF320
:105BC0000583FB60FB680F2B15D9184AFB6813444B
:105BD0001B78FB72164B1B78FA7A9A420BD24FF065
:105BE000500383F31188BFF36F8FBFF34F8F7B6038
:105BF00000BF00BFFDE70F4B1B6803F4E0620E4BD4
:105C00001B689A420BD94FF0500383F31188BFF3FE
:105C10006F8FBFF34F8F3B6000BF00BFFDE700BF3A
:105C20001437BD465DF8047B704700BFF0E300E029
:105C3000E41900240CED00E0E819002480B58AB0D6
:105C400000AF78600023FB61FEF786FA5C4B1B68AF
:105C5000002B01D100F024F95A4B1A687B681340DD
:105C6000002B40F095807B68002B1ED008227B68BB
:105C700013447B607B6803F00703002B15D07B681F
:105C800023F0070308337B607B6803F00703002BD6
:105C90000BD04FF0500383F31188BFF36F8FBFF326
:105CA0004F8F7B6100BF00BFFDE77B68002B6FD08B
:105CB000454B1B687A689A426AD8444B3B62434B17
:105CC0001B687B6204E07B6A3B627B6A1B687B62C9
:105CD0007B6A5B687A689A4203D97B6A1B68002BEF
:105CE000F1D1374B1B687A6A9A4251D03B6A1B68E4
:105CF00008221344FB617B6A1A683B6A1A607B6A5C
:105D00005A687B68D21A08235B009A4220D97A6AC3
:105D10007B681344BB61BB6903F00703002B0BD006
:105D20004FF0500383F31188BFF36F8FBFF34F8F92
:105D30003B6100BF00BFFDE77B6A5A687B68D21AEF
:105D4000BB695A607B6A7A685A60B86900F00CF9DE
:105D50001D4B1A687B6A5B68D31A1B4A13601A4B87
:105D60001A681B4B1B689A4203D2174B1B68184AD0
:105D700013607B6A5A68134B1B681A437B6A5A602C
:105D80007B6A00221A60134B1B680133114A1360AF
:105D9000FEF7F0F9FB6903F00703002B0BD04FF07F
:105DA000500383F31188BFF36F8FBFF34F8FFB60F6
:105DB00000BF00BFFDE7FB6918462837BD4680BD20
:105DC000B4EE0124C8EE0124B8EE0124ACEE0124A7
:105DD000BCEE0124C0EE012480B586B000AF78602F
:105DE0007B687B617B68002B4FD008235B427A691C
:105DF00013447B617B693B613B695A68254B1B6897
:105E00001340002B0BD14FF0500383F31188BFF3E5
:105E10006F8FBFF34F8FFB6000BF00BFFDE73B6993
:105E20001B68002B0BD04FF0500383F31188BFF396
:105E30006F8FBFF34F8FBB6000BF00BFFDE73B69B3
:105E40005A68144B1B681340002B1ED03B691B681B
:105E5000002B1AD13B695A680E4B1B68DB431A4072
:105E60003B695A60FEF778F93B695A680A4B1B6830
:105E70001344094A1360386900F076F8074B1B6831
:105E80000133064A1360FEF775F900BF1837BD46A7
:105E900080BD00BFC8EE0124B8EE0124C4EE012489
:105EA00080B485B000AF294BBB60294BFB60FB6819
:105EB00003F00703002B0CD0FB680733FB60FB6883
:105EC00023F00703FB60BA68FB68D31A204A134427
:105ED000BB60FB687B601F4A7B6813601D4B002220
:105EE0005A607B68BA681344FB600822FB689B1AFF
:105EF000FB60FB6823F00703FB60FB68164A136036
:105F0000154B1B6800225A60134B1B6800221A6055
:105F10007B683B603B68FA68D21A3B685A600E4B5C
:105F20001A683B681A603B685B680C4A13603B6800
:105F30005B680B4A13600B4B4FF000421A6000BFC6
:105F40001437BD465DF8047B704700BFC0D4010024
:105F5000EC190024ACEE0124B4EE0124BCEE0124C3
:105F6000B8EE0124C8EE012480B485B000AF78609B
:105F7000284BFB6002E0FB681B68FB60FB681B684A
:105F80007A689A42F7D8FB68BB60FB685B68BA68BE
:105F900013447A689A4208D1FB685A687B685B6848
:105FA0001A44FB685A60FB687B607B68BB607B6857
:105FB0005B68BA681A44FB681B689A4218D1FB6890
:105FC0001A68154B1B689A420DD07B685A68FB68AB
:105FD0001B685B681A447B685A60FB681B681A6818
:105FE0007B681A6008E00C4B1A687B681A6003E053
:105FF000FB681A687B681A60FA687B689A4202D06C
:10600000FB687A681A6000BF1437BD465DF8047BF0
:10601000704700BFACEE0124B4EE012480B483B01D
:1060200000AF7860044A7B681A607B6818460C37BA
:10603000BD465DF8047B70477CDF030880B483B005
:1060400000AF786000BF0C37BD465DF8047B704739
:1060500080B483B000AF7860396000BF0C37BD46B4
:106060005DF8047B704780B582B000AF78607B68D4
:106070000833184600F080FD00BF0837BD4680BDDC
:1060800080B483B000AF78607B6818460C37BD469B
:106090005DF8047B704780B485B000AFF8600B46B4
:1060A0007A60FB7200BF1437BD465DF8047B704711
:1060B00080B483B000AF78600B46FB7000231846B5
:1060C0000C37BD465DF8047B704780B582B000AFE9
:1060D00078600B46FB707B689A68FB78DB001344A2
:1060E0001B681B687A689168FA78D2000A441046E7
:1060F0009847034618460837BD4680BD80B582B034
:1061000000AF78600B46FB707B689A68FB78DB0019
:1061100013441B6804331B687A689168FA78D200CC
:106120000A4410469847034618460837BD4680BDC6
:1061300080B483B000AF78600B46FB700023184634
:106140000C37BD465DF8047B704780B485B000AF66
:10615000F8607A603B600B46FB72002318461437E8
:10616000BD465DF8047B704780B485B000AFF86031
:106170000B467A60FB7200BF1437BD465DF8047BA6
:10618000704780B485B000AFF8600B467A60FB7250
:10619000002318461437BD465DF8047B704780B570
:1061A00082B000AF78607B68184600F021FD7B6804
:1061B000A433184600F01CFD7B6818460837BD461E
:1061C00080BD80B582B000AF78607B680833184628
:1061D000FFF756FF7B6818460837BD4680BD0000B4
:1061E00080B483B000AF7860044A7B681A607B6833
:1061F00018460C37BD465DF8047B704720DF030866
:1062000080B582B000AF78607868FFF7E9FF0421BD
:10621000786822F0E1FA7B6818460837BD4680BDF1
:1062200080B582B000AF7860054A7B681A607B68F1
:106230001846FFF7D5FF7B6818460837BD4680BD76
:10624000FCDE030880B582B000AF78607868FFF7A5
:10625000E7FF7021786822F0BFFA7B68184608379C
:10626000BD4680BD80B582B000AF78607B681846BF
:10627000FFF795FF7B6803F5A4731846FFF7A1FFAE
:106280007B6803F5BA73184601F024FD7A6841F281
:10629000BC531344184601F091F97A6841F2D07367
:1062A000134418461DF090F87B6803F5DF53184639
:1062B0001DF043FE7A6841F618531344184600F067
:1062C000BFFC7B6818460837BD4680BD84B0F0B57A
:1062D000C5B006AF786007F58A7080E80E007B686D
:1062E00007F58A7403F5A47C04F1200E6546264662
:1062F0000FCE28606960AA60EB6010340CF1100CBE
:106300007445F3D16246234603CB106051601B886D
:1063100013817F4A7B6813607B68D3F84831FB6345
:106320007B6803F5BA73F96B184601F0EBFC7B68E8
:1063300003F5BA74774B3B6600237B6607F1400098
:1063400007F160030CCB796800F094FC07F140037F
:106350001A460121204601F06BFD7B6803F5BA74F3
:106360006D4BC7F888300023C7F88C3007F1680000
:1063700007F188030CCB796800F07CFC07F1680317
:106380001A460221204601F053FD7B6803F5BA74DA
:10639000624BC7F8B0300023C7F8B43007F1900063
:1063A00007F1B0030CCB796800F064FC07F19003AF
:1063B0001A460321204601F03BFD7B68B3F8664195
:1063C000574BC7F8D8300023C7F8DC3007F1B800C6
:1063D00007F1D8030CCB796800F080FC07F1B80313
:1063E0001946204621F090FF07F11C0320220021CE
:1063F000184624F09FFE4B4B3B624B4B7B620A23BB
:106400003B857B68D3F84C31FB617B68D3F858310E
:10641000FB627B68B3F85C313B867B68D3F8603104
:106420007B637B68B3F864313B877B6841F2BC5681
:106430001E446D4607F128040FCC0FC523682B605E
:1064400007F11C030ECB304601F0D0F87B6803F552
:10645000AF50364BC7F8E0300023C7F8E43007F1FF
:10646000E0030CCB796800F06DFC7B6841F2AC6016
:1064700018442F4BC7F8E8300023C7F8EC3007F179
:10648000E8030CCB796800F080FC7B6841F2F06097
:106490001844284BC7F8F0300023C7F8F43007F150
:1064A000F0030CCB796800F04DFC234A002123480F
:1064B000EEF79EFB224BBB617A6841F2D073134426
:1064C000B96918461DF01AF807F10C0300221A608A
:1064D0005A609A600223BB757B68D3F86831FB6011
:1064E0007B68D3F86C313B617B68B3F87031BB8259
:1064F0007B6803F5DF5007F10C030ECB1DF02CFD7C
:1065000000BFFC37BD46BDE8F04004B0704700BF97
:10651000DC020224B9650108A5660108816701084B
:106520007D650108D8F20124D0FA0124D968010858
:1065300051690108F96801088D690108D80A002429
:106540000C02002480B582B000AF78607B6803F550
:10655000BA73184601F002FC7A6841F2BC53134446
:10656000184601F0A3F87A6841F2D0731344184634
:106570001DF0B4F800BF0837BD4680BD80B582B0BD
:1065800000AF78607B6803F5BA73184601F000FC31
:1065900000BF0837BD4680BD80B582B000AF7860CF
:1065A0007A6841F2BC531344184601F08DF800BFDD
:1065B0000837BD4680BD000080B584B000AF78606C
:1065C00039603B685A7A3B689B7A1946104621F03D
:1065D00059FD0346FB81FB89DBB219462F4800F0C9
:1065E000F7FB034683F00103DBB2002B05D0022248
:1065F0003968786800F042F94CE0FB89DBB2194653
:10660000264800F0FCFB0346022B0AD0FB89DBB2D4
:106610001946224800F0F3FB0346042B01D0012366
:1066200000E00023002B05D006223968786800F0CE
:1066300025F92FE0FB89DBB21946184800F008FC69
:1066400003461A463B681B8A9A4214BF0123002363
:10665000DBB2002B1DD1FB89D9B23B68DB681A463F
:106660000E4800F010FC3B681A7A0D4B1A723B681A
:106670005A7A0B4B1A723B689A7A094B1A72084B7A
:1066800003221A70064B0122DA72054B00221A828D
:1066900000E000BF1037BD4680BD00BFCCEE012436
:1066A000C802022480B584B000AF786039603B68CE
:1066B0005A7A3B689B7A1946104621F0E3FC034660
:1066C000FB81FB89DBB219462B4800F081FB0346B6
:1066D00083F00103DBB2002B05D002223968786811
:1066E00000F0CCF845E0FB89DBB21946224800F007
:1066F00086FB0346032B0AD0FB89DBB219461E48F2
:1067000000F07DFB0346042B01D0012300E00023B1
:10671000002B05D006223968786800F0AFF828E031
:10672000FB89DBB2154AD2681946134800F0D3FB47
:106730000346BB81BB89002B1BD03B681A7A0F4BE9
:106740001A723B685A7A0D4B5A723B689A7A0B4B15
:106750009A720A4B0122DA72084B03221A70074A16
:10676000BB8913827B6803F5BA730449184601F0AC
:106770001DFB1037BD4680BDCCEE0124C8020224AB
:1067800080B584B000AF786039603B685A7A3B6866
:106790009B7A1946104621F075FC0346FB81FB8964
:1067A000DBB21946334800F013FB034683F00103C4
:1067B000DBB2002B05D002223968786800F05EF861
:1067C00055E0FB89DBB219462A4800F041FB03463D
:1067D0001A463B681B8A9A4214BF01230023DBB28E
:1067E000002B05D005223968786800F047F83EE0B4
:1067F000FB89DBB219461F4800F001FB0346012B61
:1068000014BF01230023DBB2002B05D00622396818
:10681000786800F033F82AE0FB89D9B23B68DA687F
:10682000154BDB68134800F081FB03467B737B7BD1
:10683000002B1CD03B681A7A0F4B1A723B685A7AAD
:106840000D4B5A723B689A7A0B4B9A720A4B012293
:10685000DA72094B03221A707B7B9AB2064B1A82BA
:106860007B6803F5BA730449184601F09FFA1037A4
:10687000BD4680BDCCEE0124C802022480B584B0A0
:1068800000AFF860B9601346FB71BB681A7A114B10
:106890001A72BB685A7A0F4B5A72BB689A7A0D4BC0
:1068A0009A720C4B03221A700A4B0022DA72094BBF
:1068B00001221A82074BDB68FA791A70FB6803F52C
:1068C000BA730449184601F071FA00BF1037BD468B
:1068D00080BD00BFC802022480B582B000AF7860DE
:1068E0000B467B807B687A881146184600F048FB8F
:1068F00000BF0837BD4680BD80B582B000AF78606C
:106900000B467B807B68A4337A881146184600F0DA
:1069100037FB00BF0837BD4680BD000080B582B0A0
:1069200000AF78607B6803F5A873184621F0DCFCA3
:10693000054B1B68002B02D0044820F086FA00BFEC
:106940000837BD4680BD00BFD8F20124288B022441
:1069500080B483B000AF786000BF0C37BD465DF8EF
:10696000047B704780B582B000AF786039603968C9
:10697000044A4FF4FF630448ECF742FA00BF0837BB
:10698000BD4680BDD8F20124D80A002480B582B06B
:1069900000AF7860044B1B681846FFF7BFFF00BFCD
:1069A0000837BD4680BD00BFDC02022480B588B038
:1069B00000AF786039603B681B6808331B6807F1DB
:1069C0000C023968104698477B6803F5BA7307F1E3
:1069D0000C021146184601F0E9F900BF2037BD4608
:1069E00080BD80B5A0B000AFF8607A603B600B4618
:1069F000FB72FA6841F61853134407F11402194662
:106A0000104600F0E3FA07F11403581C3B687A685B
:106A1000642124F049FBF867FB7A3B75FA6841F67C
:106A20001853134407F114021146184600F0E1FA16
:106A3000FB6F002B0ADDFB6F632B07DCFA6841F666
:106A4000185313441946F868FFF7B0FF00BF8037AA
:106A5000BD4680BD0FB480B582B000AF0A4B1B6845
:106A6000002B09D007F114037B60074B18687B6883
:106A70003A690021FFF7B5FF00BF0837BD46BDE802
:106A8000804004B0704700BFDC0202240FB480B520
:106A900082B000AF0A4B1B68002B09D007F114032A
:106AA0007B60074B18687B683A690121FFF799FF03
:106AB00000BF0837BD46BDE8804004B0704700BF46
:106AC000DC0202240FB480B582B000AF0A4B1B6811
:106AD000002B09D007F114037B60074B18687B6813
:106AE0003A690221FFF77DFF00BF0837BD46BDE8C8
:106AF000804004B0704700BFDC0202240FB480B5B0
:106B000082B000AF0A4B1B68002B09D007F11403B9
:106B10007B60074B18687B683A690321FFF761FFC8
:106B200000BF0837BD46BDE8804004B0704700BFD5
:106B3000DC02022480B582B000AF7860064B1B688F
:106B4000002B05D0044B1B6879681846FFF72EFF11
:106B500000BF0837BD4680BDDC02022480B582B08C
:106B600000AF786039603968786800F052FA7B6865
:106B700018460837BD4680BD80B582B000AF78604A
:106B8000786800F057FA00BF0837BD4680BD0000A6
:106B900080B483B000AF7860044A7B681A607B6879
:106BA00018460C37BD465DF8047B704744DF030888
:106BB00080B582B000AF78600B46FB707B681846EA
:106BC000FFF7E6FF094A7B681A607B680C334FF4D5
:106BD00080620021184624F0ADFAFB789AB27B68F7
:106BE0009A807B6818460837BD4680BDD4DE03080E
:106BF000B0B582B000AF78607B6800221A607B6815
:106C0000043304241D4604E0284600F039FA013C10
:106C10002035002CF8DA7B6818460837BD46B0BD31
:106C200080B483B000AF7860044A7B681A607B68E8
:106C300018460C37BD465DF8047B704720DF03081B
:106C400080B582B000AF78607B681846FFF7E8FF38
:106C5000074A7B681A607B68083365220021184662
:106C600024F068FA7B6818460837BD4680BD00BF2F
:106C7000FCDE0308B0B58AB000AFF860B9603946F1
:106C800081E80C00FB681846FFF7C8F9124AFB6858
:106C90001A60FB6800221A71FB680833002118464D
:106CA00000F00CFA07F110003B460CCBB96800F07D
:106CB00013FAFB6803F1080407F110050FCD0FC4A8
:106CC00095E8030084E80300FB6801221A71FB6861
:106CD00018462837BD46B0BD34DF0308B0B58AB0CA
:106CE00000AFF860B960394681E80C00FB681846CF
:106CF000FFF794F9124AFB681A60FB6800221A71C8
:106D0000FB68083300211846FFF728FF07F1100041
:106D10003B460CCBB96800F0F2F9FB6803F10804BC
:106D200007F110050FCD0FC495E8030084E80300B8
:106D3000FB6801221A71FB6818462837BD46B0BDB2
:106D40006CDF030880B584B000AFF860B9603946E5
:106D500081E80C00FB681B68012B11DCFB681B68D9
:106D60005B01FA681344181D3B460CCBB96800F070
:106D7000D9F9FB681B685A1CFB681A60012300E004
:106D8000002318461037BD4680BD80B584B000AFE3
:106D9000F860B960394681E80C00FB681B68012B7C
:106DA00011DCFB681B685B01FA681344181D3B4645
:106DB0000CCBB96800F0D7F9FB681B685A1CFB685C
:106DC0001A60012300E0002318461037BD4680BD3D
:106DD00080B483B000AF78600B46FB70FB787A68B4
:106DE00002339B0013445B68002B01D0012300E0B9
:106DF000002318460C37BD465DF8047B704780B50C
:106E000082B000AF78600B46FB707B681B68043370
:106E10001B68FA781146786898470346002B12D011
:106E2000FB787A6802339B0013445B681B68183355
:106E30001A68FB78796802339B000B445B6818463C
:106E40009047034600E0002318460837BD4680BD42
:106E500080B582B000AF78600B46FB70FB787A6833
:106E600002339B0013445B681B681A68FB787968DF
:106E700002339B000B445B68184690470346184654
:106E80000837BD4680BD80B584B000AFF8600B46C2
:106E90007A60FB72FB681B6804331B68FA7A114640
:106EA000F86898470346002B11D0FB7AFA68023342
:106EB0009B0013445B681B6810331A68FB7AF968FF
:106EC00002339B000B445B6879681846904700BF0B
:106ED0001037BD4680BD80B584B000AFF8600B466A
:106EE0007A60FB72FB681B6804331B68FA7A1146F0
:106EF000F86898470346002B13D0FB7AFA680233F0
:106F00009B0013445B681B6814331A68FB7AF968AA
:106F100002339B000B445B68796818469047034630
:106F200000E0002318461037BD4680BD90B585B0FF
:106F300000AFF8607A603B600B46FB72FB7AFA6840
:106F400002339B0013445B68002B14D0FB7AFA6871
:106F500002339B0013445B681B680C331C68FB7A8C
:106F6000FA6802339B0013445B683A6879681846F4
:106F7000A047034600E0002318461437BD4690BDE5
:106F800080B584B000AF78600B467B800023FB6047
:106F900014E07A68FB685B01134408331B78002B0C
:106FA00009D0FB685B017A68134404337A88114680
:106FB000184600F0F9F8FB680133FB60FB68042B0E
:106FC000E7DD00BF00BF1037BD4680BD80B582B091
:106FD00000AF786039603B6808337A68104619461C
:106FE00065231A4624F04EF900BF78680837BD467D
:106FF00080BD80B582B000AF786039607B680833AF
:1070000065223968184624F03DF900BF0837BD46AF
:1070100080BD80B483B000AF786039607B683A6827
:107020001A607B6800225A6100BF0C37BD465DF8CC
:10703000047B704780B582B000AF78607B685B6985
:10704000002B07D17B681B68002B03D07B681B6873
:10705000984711E07B685B69002B0CD07B681B684C
:10706000002B08D07B685B697A6810687A68043204
:107070001146984700E000BF0837BD4680BD0000BC
:1070800080B582B000AF78607B681846FEF7C6FF17
:10709000094A7B681A607B6800221A717B68083392
:1070A0000021184600F091F87B6800221A717B6875
:1070B00018460837BD4680BD10DF030880B582B092
:1070C00000AF786039603968786800F08CF87B68C8
:1070D00018460837BD4680BD80B584B000AFF86063
:1070E000B960394681E80C003B460CCBB968F868BA
:1070F00000F08AF8FB6818461037BD4680BD80B5A1
:1071000084B000AFF860B960394681E80C003B46B6
:107110000CCBB968F86800F095F8FB681846103792
:10712000BD4680BDB0B58AB000AFF860B9603946E1
:1071300081E80C0007F110003B460CCBB96800F069
:107140009FF8FB6803F1080407F110050FCD0FC489
:1071500095E8030084E80300FB6801221A7100BF70
:107160002837BD46B0BDB0B58AB000AFF860B96091
:10717000394681E80C0007F110003B460CCBB9689A
:10718000FFF7BDFFFB6803F1080407F110050FCD01
:107190000FC495E8030084E80300FB6801221A711C
:1071A00000BF2837BD46B0BD80B582B000AF786063
:1071B0000B467B807B6808337A881146184600F0BE
:1071C00072F800BF0837BD4680BD80B582B000AF01
:1071D000786039603968786800F074F87B68184620
:1071E0000837BD4680BD80B483B000AF7860396099
:1071F0007B683A681A607B6800225A6100BF0C37CE
:10720000BD465DF8047B704780B485B000AFF86080
:10721000B960394681E80C00FB68BA681A60FB68FF
:1072200004331A463B4693E8030082E80300FB68F8
:10723000034A5A6100BF1437BD465DF8047B7047AE
:10724000E772010880B485B000AFF860B9603946D4
:1072500081E80C00FB68BA681A60FB6804331A46C0
:107260003B4693E8030082E80300FB68034A5A6147
:1072700000BF1437BD465DF8047B70473D730108BD
:1072800080B584B000AFF860B960394681E80C0081
:107290003B460CCBB968F86800F07AF8FB681846F2
:1072A0001037BD4680BD80B582B000AF78600B4618
:1072B0007B807B881946786800F088F800BF083723
:1072C000BD4680BD80B483B000AF786039607B6814
:1072D0003A681A607B6800225A6100BF0C37BD46CD
:1072E0005DF8047B704780B586B000AFF860B96088
:1072F0007A60FB687B61BB683B613B695B6803F05C
:107300000103002B0BD03B695B685B101A467B695D
:1073100013441B683A69126813441B6801E03B6917
:107320001B683A695268521011467A690A447968B2
:107330001046984700BF1837BD4680BD80B584B061
:1073400000AF786039607B68FB603B68BB60BB68FE
:107350005B6803F00103002B0BD0BB685B685B101C
:107360001A46FB6813441B68BA68126813441B680A
:1073700001E0BB681B68BA68526852101146FA688F
:107380000A441046984700BF1037BD4680BD000034
:1073900080B485B000AFF860B960394681E80C0070
:1073A000FB68BA681A60FB6804331A463B4693E8E8
:1073B000030082E80300FB68034A5A6100BF1437E8
:1073C000BD465DF8047B70471F74010880B582B02C
:1073D00000AF78600B467B807B685B69002B09D12E
:1073E0007B681B68002B05D07B681B687A88104679
:1073F000984711E07B685B69002B0CD07B681B68A9
:10740000002B08D07B685B697A6810687A68111D68
:107410007A88984700E000BF0837BD4680BD80B538
:1074200086B000AFF860B9601346FB80FB687B61F3
:10743000BB683B613B695B6803F00103002B0BD029
:107440003B695B685B101A467B6913441B683A69A9
:10745000126813441B6801E03B691B683A69526873
:10746000521011467A690A44F9881046984700BFBD
:107470001837BD4680BD000080B500AF012102482D
:10748000FFF796FB00BF80BDCCEE012480B485B031
:1074900000AFF8600B467A60FB72FB7AFA68023341
:1074A0009B0013447A685A6000BF1437BD465DF8EC
:1074B000047B704780B582B000AF78600B46FB70EC
:1074C000FB787A6802339B0013445B681B680433C3
:1074D0001A68FB78796802339B000B445B68184696
:1074E0009047034618460837BD4680BD80B483B038
:1074F00000AF786039607B6805221A707B680122D2
:107500001A727B6800225A727B68DD229A727B684D
:107510000022DA723B6803F108027B68DA607B685C
:1075200065221A8200BF78680C37BD465DF8047B7F
:10753000704780B500AFFFF79FFF80BD80B582B078
:1075400000AF78607B681846FEF768FD094A7B68E3
:107550001A607B6800221A717B6808330021184684
:10756000FFF7FCFA7B6800221A717B68184608371F
:10757000BD4680BD6CDF030880B582B000AF786087
:107580007B68184600F0FAF97B684433184600F02F
:10759000F5F97B688833184600F008FA7B68CC332D
:1075A000184600F003FA7B6803F58873184600F06C
:1075B000E5F97B6818460837BD4680BD80B582B0C6
:1075C00000AF78607B68002283F820207B6824333A
:1075D0001846FFF7D1FF7B6803F5C07318461FF00C
:1075E000B5FC7B6818460837BD4680BD84B0B0B591
:1075F0009AB000AF786007F17C0080E80E007B68ED
:107600001D4607F17C040FCC0FC594E80F0085E8F8
:107610000F007B681B68FB607B681B693B617B68B4
:107620005B687B617B6803F5C07007F10C030ECBD0
:107630001FF09AFC7B6803F5C0741A4BBB630023F0
:10764000FB6307F1180007F138030CCB796800F0F1
:10765000C5F907F118031A46002120461FF010FD56
:107660007B6803F5C074104B3B6600237B6607F113
:10767000400007F160030CCB796800F0AFF907F127
:1076800040031A46012120461FF0FAFC7B680022C5
:1076900083F80C2200BF6837BD46BDE8B04004B097
:1076A000704700BF097801088578010880B582B06D
:1076B00000AF78607B6803F5C07318461FF09EFC2E
:1076C00000BF0837BD4680BD80B582B000AF78608E
:1076D0007B6803F5C07318461FF09AFC786800F0C9
:1076E00004F800BF0837BD4680BD80B582B000AF4A
:1076F00078607B68002283F878217B68002283F819
:1077000079217B68002283F87A217B68002283F844
:107710007B217B680022A3F80E227B68002283F87D
:107720000C227B68012283F820207B6803F5C0705F
:107730007B6803F5BC73042219461FF07BFC00BF75
:107740000837BD4680BD90B583B000AF78607B68D8
:1077500003F5C0707B6859687B689B891A465200A4
:1077600013441A4614011A46234613449B009AB246
:107770007B689B681FF070FC00BF0C37BD4690BD56
:1077800080B582B000AF78600B467B807B8819465D
:107790000C48FFF77BF97B687A88A3F80E227B6898
:1077A00003F5C0707B6819697B881A465200134440
:1077B0009B009BB21A461FF03DFC00BF0837BD4638
:1077C00080BD00BFC4D1030880B582B000AF78602F
:1077D0000B467B807B8819460A48FFF757F97B6880
:1077E0007A88A3F810227B6803F5C0707B689969DA
:1077F0007B88DB009BB21A461FF01CFC00BF0837D9
:10780000BD4680BDECD1030880B582B000AF786082
:107810007B6893F82030012B03D1786800F04CF896
:107820002CE07B6893F82030022B11D17B68012279
:1078300083F820207868FFF758FF7B6803F1240263
:107840007B68B3F80E321946104600F0FBF815E0DD
:107850007B6893F82030042B10D17B68012283F8D9
:1078600020207868FFF741FF7B6803F59A727B68F8
:10787000B3F810321946104600F0E4F800BF08379C
:10788000BD4680BD80B582B000AF78607B6893F85C
:107890002030032B0BD17B68012283F820207868ED
:1078A000FFF723FF7B68F033184600F0F1F800BFC4
:1078B0000837BD4680BD000080B586B002AF786055
:1078C0007B6893F87831662B17D07B6893F8783112
:1078D00019467B6893F879311A467B6893F87A31B8
:1078E00018467B6893F87B31009303462248FFF7E4
:1078F00005F97868FFF7F9FE3BE07B6893F879318A
:10790000FB737B6803F5BD73184620F0D3FB034679
:10791000BB81FB7B012B0BD17B68002283F80C22FF
:107920007B68032283F820207868FFF70CFF20E0B3
:10793000FB7B022B0DD17B68BA89A3F80E227B68F2
:10794000022283F82020BB8919467868FFF718FFC8
:107950000FE0FB7B032B0CD17B68BA89A3F81022C4
:107960007B68042283F82020BB8919467868FFF7DA
:107970002BFF1037BD4680BD0CD20308B0B582B0D6
:1079800000AF78607B6800221A607B6804330124B2
:107990001D4604E02846FFF773FB013C2035002C10
:1079A000F8DA7B6818460837BD46B0BDB0B582B07E
:1079B00000AF78607B6800221A607B680433012482
:1079C0001D4604E02846FFF7B9FD013C2035002C98
:1079D000F8DA7B6818460837BD46B0BDB0B58AB046
:1079E00000AFF860B960394681E80C00FB681846C2
:1079F000FEF714FB124AFB681A60FB6800221A713A
:107A0000FB68083300211846FFF7A8F807F11000BB
:107A10003B460CCBB96800F063F8FB6803F108043F
:107A200007F110050FCD0FC495E8030084E80300AB
:107A3000FB6801221A71FB6818462837BD46B0BDA5
:107A40006CDF030880B584B000AF78600B467B80A4
:107A50000023FB6014E07A68FB685B011344083381
:107A60001B78002B09D0FB685B017A681344043350
:107A70007A8811461846FFF797FBFB680133FB60D5
:107A8000FB68012BE7DD00BF00BF1037BD4680BD9E
:107A900080B584B000AF78600023FB6018E07A689E
:107AA000FB685B01134408331B78002B0DD07A6808
:107AB000FB685B01134404331B681B68FA685201BE
:107AC00079680A44043210469847FB680133FB602A
:107AD000FB68012BE3DD00BF00BF1037BD4680BD52
:107AE00080B584B000AFF860B960394681E80C0019
:107AF0003B460CCBB968F86800F006F8FB681846FE
:107B00001037BD4680BD000080B485B000AFF8607E
:107B1000B960394681E80C00FB68BA681A60FB68F6
:107B200004331A463B4693E8030082E80300FB68EF
:107B3000034A5A6100BF1437BD465DF8047B7047A5
:107B4000457B010880B584B000AF786039607B6800
:107B5000FB603B68BB60BB685B6803F00103002B04
:107B60000BD0BB685B685B101A46FB6813441B684C
:107B7000BA68126813441B6801E0BB681B68BA68E6
:107B8000526852101146FA680A441046984700BFDE
:107B90001037BD4680BD80B483B000AF78607B688D
:107BA00000229A807B6818460C37BD465DF8047B3E
:107BB000704780B400AF00BFBD465DF8047B7047DE
:107BC00080B483B000AF7860044A7B681A607B6839
:107BD00018460C37BD465DF8047B7047E8DF0308A4
:107BE00080B483B000AF78600B467B8000BF0C3759
:107BF000BD465DF8047B704780B483B000AF786009
:107C0000002318460C37BD465DF8047B7047000022
:107C100080B483B000AF7860064A7B681A607B68E6
:107C200000221A717B6818460C37BD465DF8047B4C
:107C3000704700BFD4DF030880B483B000AF786022
:107C400000BF0C37BD465DF8047B704780B483B03D
:107C500000AF7860396000BF0C37BD465DF8047B2B
:107C6000704780B483B000AF7860002318460C37AB
:107C7000BD465DF8047B704780B584B000AF786086
:107C80007B68FB60FCF76EFE0246FB681A60F868D2
:107C900000F00CF900BF1037BD4680BD80B582B042
:107CA00000AF78607B68184600F04EFA7B6820339E
:107CB000184600F049FA7B684033184600F044FA51
:107CC0007B686033184600F03FFA7B681846083737
:107CD000BD4680BD80B582B000AF78607B68002271
:107CE0005A607B680C33184600F0F0F97A6841F26C
:107CF000C83313441846FFF7D1FF7B68184608378E
:107D0000BD4680BD90B58DB000AF786039607B68AE
:107D100003F10C0039680F4B0CCB00F033FA7B6891
:107D200003F10C040C4BBB620023FB6207F108005B
:107D300007F128030CCB796800F05CFA07F108031F
:107D40001A460021204600F0A9FA00BF3437BD468C
:107D500090BD00BF14000024F17F010880B582B0FF
:107D600000AF78607B680C33184600F0BAFA064A18
:107D700079680648FAF769FA02467B689A6000BF9C
:107D80000837BD4680BD00BF84DF0308797C010849
:107D900080B582B000AF78607B680C33184600F085
:107DA000B1FA00BF0837BD4680BD000080B582B083
:107DB00000AF78603960074B1A683B685A607B688F
:107DC0000C333968184600F0ABFA00BF0837BD46DF
:107DD00080BD00BF2077022480B483B000AF7860FC
:107DE00039607B6818460C37BD465DF8047B7047E8
:107DF000B0B582B000AF786039607B683A681146F0
:107E00001846FFF7E9FF3B681A797B681A717A68B0
:107E10003B6802F1080403F108050FCD0FC495E893
:107E2000030084E803007B6818460837BD46B0BDF0
:107E300080B584B000AFF8600B467A60FB72FB7AC5
:107E4000032B2FD801A252F823F000BF5D7E01085A
:107E50006F7E0108817E0108937E0108FA6841F275
:107E6000C833134479681846FFF7C2FF1AE0FA686E
:107E700041F2E833134479681846FFF7B9FF11E07F
:107E8000FA6841F20843134479681846FFF7B0FFD7
:107E900008E0FA6841F22843134479681846FFF76E
:107EA000A7FF00BF00BF1037BD4680BD80B582B0C0
:107EB00000AF78600D4B1B78002B12D00B4B0022CB
:107EC0001A707B681833184600F047FA0346002BF7
:107ED00014BF01230023DBB2002B02D0786800F02E
:107EE00007F80220FAF743FAE4E700BF0804022487
:107EF00080B582B000AF786065E07B6818333B499D
:107F0000184600F049FA394B1B78013B072B59D82A
:107F100001A252F823F000BF397F0108597F010800
:107F2000C57F0108C57F0108797F01087F7F0108AF
:107F3000857F0108A57F01087B6803F5805393F8CE
:107F4000EC33002B33D07A6841F2E83313442749ED
:107F5000184600F0B4FA2AE07B6803F5805393F8E2
:107F60000C34002B25D07A6841F2084313441F4992
:107F7000184600F0A4FA1CE0FFF71BFE1CE0FFF718
:107F800018FE19E07B6803F5805393F82C34002B1E
:107F900011D07A6841F2284313441449184600F07E
:107FA0008EFA08E011497868FFF700FF04E000BF8F
:107FB00002E000BF00E000BFFAF732F902467B683A
:107FC0005A6000E000BF7B681833184600F0C5F91E
:107FD0000346002B14BF01230023DBB2002B8CD1FE
:107FE00000BF00BF0837BD4680BD00BFE0020224CD
:107FF00080B483B000AF7860044B01221A7000BFD8
:108000000C37BD465DF8047B704700BF08040224AE
:1080100080B483B000AF78607B6803F114027B68A2
:10802000DA607B6818460C37BD465DF8047B704704
:1080300080B483B000AF78607B6802221A707B68DE
:1080400001225A707B6801229A707B680122DA70E3
:108050007B6818460C37BD465DF8047B704780B5D9
:1080600082B000AF78607B681846FFF7E1FF7B685D
:1080700018460837BD4680BDB0B582B000AF786005
:108080007B6809241D4604E02846FFF7C1FF013C38
:108090009435002CF8DA7B680A2283F8CB257B68BC
:1080A00018460837BD46B0BD80B582B000AF7860D5
:1080B0007B681846FFF742FA7B682033184600F0C9
:1080C00043F87B6818460837BD4680BD80B582B04E
:1080D00000AF78607B681846FFF79AFD194A7B6805
:1080E0001A607B6805331846FFF7B9FF7B680C33CD
:1080F0001846FFF7C1FF7B6803F2EC53184600F007
:10810000FBF97A6841F2703313441846FFF7CCFF4D
:108110007B6803F580531A460023C2F8B0337B68AE
:1081200003F580531A460023C2F8B4337B6800225B
:10813000DA727B6800221A717B6818460837BD46E0
:1081400080BD00BFB0DF030880B582B000AF7860AB
:108150007B681846FDF762FF094A7B681A607B68F6
:1081600000221A717B68083300211846FEF7A6FF2B
:108170007B6800221A717B6818460837BD4680BDAF
:1081800034DF030890B58FB000AFF860B9603946AE
:1081900081E80C00FB6805333A4610681860928845
:1081A0009A80FB6803F2EC50FB68D3F80520134675
:1081B0001A46B96800F0D8F9FB6803F2EC540023C2
:1081C0003B6301237B6307F1100007F130030CCB05
:1081D000F96800F023FB07F110031A46002120463E
:1081E00000F050FBFB680122DA7200BF3C37BD464D
:1081F00090BD0000B0B58AB000AFF860B9603946F4
:1082000081E80C00FB681846FDF708FF124AFB687E
:108210001A60FB6800221A71FB68083300211846B7
:10822000FEF79CFC07F110003B460CCBB96800F050
:108230003EFBFB6803F1080407F110050FCD0FC4E6
:1082400095E8030084E80300FB6801221A71FB68CB
:1082500018462837BD46B0BD6CDF0308B0B582B004
:1082600000AF786039607B683A6811461846FFF7BE
:10827000B3FD3B681A797B681A717A683B6802F132
:10828000080403F108050FCD0FC495E8030084E846
:1082900003007B6818460837BD46B0BD80B584B082
:1082A00000AFF8600B467A60FB72FB7A022B13D0AA
:1082B000022B12DC002B02D0012B09D00DE0FA6852
:1082C00041F27033134479681846FFF7C7FF04E0A2
:1082D00000201FF0ACFF00E000BF00BF1037BD461C
:1082E00080BD80B582B000AF78607B6803F2EC534C
:1082F000184600F0EFFA7B680222DA7200BF0837F6
:10830000BD4680BD80B582B000AF78607B6803F267
:10831000EC53184600F0FBFA00BF0837BD4680BD9D
:1083200080B584B000AF786039607A6841F2F0239C
:108330001344194638681CF061FC0346FB737A68E5
:1083400041F2F0231344FA7B92B21946786800F0A8
:10835000F1FA00BF1037BD4680BD80B485B000AFD4
:1083600078607B6893F8C9257B6893F8C835D31A81
:10837000DBB2FB7397F90F30002B06DA7B6893F8BA
:10838000CB25FB7B1344DBB2FB73FB7B1846143716
:10839000BD465DF8047B704780B584B000AF78605F
:1083A00039607868FFF7D9FF0346002B0CBF012323
:1083B0000023DBB2002B01D000237CE07B6893F824
:1083C000C83519467A68942301FB03F31344043338
:1083D0001A683B685A607B6893F8C83519467A6812
:1083E000942301FB03F3134408331A783B681A7291
:1083F0007B6893F8C83519467A68942301FB03F328
:10840000134409331A783B685A727B6893F8C8356D
:1084100019467A68942301FB03F313440A331A784C
:108420003B689A727B6893F8C83519467A6894233A
:1084300001FB03F313440B331A783B68DA727B6851
:1084400093F8C83519467A68942301FB03F3134463
:108450001A783B681A707B6893F8C83519467A68B1
:10846000942301FB03F3134410331A883B681A82E8
:108470000023FB6015E07B6893F8C83519467A68DD
:10848000942301FB03F313440C331A68FB681A446A
:108490003B68D968FB680B4412781A70FB6801339B
:1084A000FB603B681B8A1A46FB689342E3DB7868F3
:1084B00000F05AFA012318461037BD4680BD80B53A
:1084C00082B000AF786039607B680833396818463D
:1084D00000F06BFA00BF0837BD4680BD80B582B0A2
:1084E00000AF78607B681846FFF728F87B6818466D
:1084F0000837BD4680BD000080B582B000AF78600F
:108500007B681846FFF75CFB164A7B681A607B683D
:1085100000221A717B6805331846FFF789FD7B68D6
:108520001033184600F04EFA7B6803F5AD63184629
:1085300000F048FA7B6803F52C631846FFF7CEFF7E
:108540007B6803F6F433184600F060FA7B6803F6A4
:108550007C43184600F05AFA7B6818460837BD4637
:1085600080BD00BFC4DF030880B584B000AFF860F1
:10857000B9607A60FB68BA68DA60FB6805333A1D57
:1085800010681860FB68DB68002B02D101201FF027
:108590004EFEFB68DB685A491846F6F743F9FB685C
:1085A000DB68D3F880301B68564A934277D0FB686B
:1085B000DB68D3F880301B68534A93426FD0FB6866
:1085C000DB68D3F880301B68504A934267D0FB6861
:1085D000DB68D3F880301B684D4A93425FD0FB685C
:1085E000DB68D3F880301B684A4A934257D0FB6857
:1085F000DB68D3F880301B68474A93424FD0FB6852
:10860000DB68D3F880301B68444A934247D0FB684C
:10861000DB68D3F880301B68414A93423FD0FB6847
:10862000DB68D3F880301B683E4A934237D0FB6842
:10863000DB68D3F880301B683B4A93422FD0FB683D
:10864000DB68D3F880301B68384A934227D0FB6838
:10865000DB68D3F880301B68354A93421FD0FB6833
:10866000DB68D3F880301B68324A934217D0FB682E
:10867000DB68D3F880301B682F4A93420FD0FB6829
:10868000DB68D3F880301B682C4A934207D0FB6824
:10869000DB68D3F880301B68294A93420ED1FB680F
:1086A000DB68D3F880301B681A68FB68DB68D3F896
:1086B00080301B6822F008021A600DE0FB68DB685E
:1086C000D3F880301B681A68FB68DB68D3F8803009
:1086D0001B6822F004021A60FB6801221A71194B10
:1086E0001B781946FB68184A42F82130154B1B7855
:1086F0000133DAB2134B1A7000BF1037BD4680BD8C
:1087000005720308100002402800024040000240A9
:10871000580002407000024088000240A000024061
:10872000B800024010040240280402404004024005
:10873000580402407004024088040240A004024031
:10874000B8040240D88B0224C48B022480B586B0C2
:1087500000AF78600023FB754DE07B6803F2FC53AB
:10876000184600F079F938617B685B7A002B3AD0C3
:108770007B6803F5BB63396918461CF022FB03468E
:10878000FB73FB7B002B35D07B689B7A002B09D0D9
:108790007B6803F10C027B6803F5BB631946104646
:1087A00000F07FF97B6803F5805393F87433002B56
:1087B00006D07A6841F2703313441846FDF753FC33
:1087C0007B6803F5805393F89433002B0ED07A68BE
:1087D00041F2903313447A6802F5BB6211461846A1
:1087E000FFF76DFE02E0FFF7E4F9FCE7FB7D0133E4
:1087F000FB7500E000BF7B6803F2EC53184600F005
:108800001DF90346002BCCBF01230023DBB2002B54
:10881000A3D100BF00BF1837BD4680BDB0B58AB038
:1088200000AFF860B960394681E80C00FB68184673
:10883000FDF7F4FB124AFB681A60FB6800221A710C
:10884000FB68083300211846FEF788F907F110008D
:108850003B460CCBB96800F03EF9FB6803F1080415
:1088600007F110050FCD0FC495E8030084E803005D
:10887000FB6801221A71FB6818462837BD46B0BD57
:108880006CDF030880B584B000AFF8600B467A60F7
:10889000FB72FB7A002B06D1FB6803F52C63796829
:1088A0001846FFF7DBFC00BF1037BD4680BD80B522
:1088B00084B000AFF860B960394681E80C003B46EF
:1088C0000CCBB968F86800F019F9FB681846103746
:1088D000BD4680BD80B582B000AF78607B681B79F3
:1088E000012B02D002201FF0A2FC7B685B79022BD7
:1088F00003D1786800F020F902E003201FF097FC14
:108900007B6802221A7100BF0837BD4680BD80B562
:1089100082B000AF78607B68DB681846F6F712F922
:108920007B6801221A717868FFF7D4FF00BF08370F
:10893000BD4680BD80B584B000AFF860B960134615
:10894000FB80FB68DB7A022B02D001201FF06FFC5A
:10895000FB6803F2EC53FA88B968184600F0C4F9D2
:1089600000BF1037BD4680BD80B483B000AF7860D3
:108970007B6893F8C8350133DAB27B6883F8C82581
:108980007B6893F8C8257B6893F8CB359A4203D16E
:108990007B68002283F8C8257B6893F8C8351846A1
:1089A0000C37BD465DF8047B704780B582B000AFE0
:1089B000786039603968786800F0E6F900BF0837F8
:1089C000BD4680BDB0B582B000AF78607B6804332F
:1089D00009241D4604E0284600F018F8013C8835BB
:1089E000002CF8DA7B680A2283F854257B68002281
:1089F00083F856257B68002283F855257B68002282
:108A00001A707B6818460837BD46B0BD80B582B085
:108A100000AF78607B681846FFF7BDF87B680633C7
:108A200080220021184622F085FB7B689A1D7B6816
:108A30001A607B6818460837BD4680BD80B582B095
:108A400000AF78607B681033184600F0C4F9034625
:108A500018460837BD4680BD80B584B000AF786049
:108A6000786800F0B8F90346002BD4BF0123002337
:108A7000DBB2002B01D000230FE07B6893F8563562
:108A80001A4613461B011344DB007A68134404336F
:108A9000FB60786800F0C6F9FB6818461037BD46E1
:108AA00080BD80B582B000AF786039607B6893F894
:108AB000C9351A46942302FB03F37A681344194616
:108AC00038681CF061F8786800F0CBF90346184666
:108AD0000837BD4680BD80B584B000AFF860B9608E
:108AE000394681E80C003B460CCBB968F86800F0C9
:108AF000D9F9FB6818461037BD4680BD80B485B0F3
:108B000000AFF860B960394681E80C00FB68BA68CC
:108B10001A60FB6804331A463B4693E8030082E878
:108B20000300FB68034A5A6100BF1437BD465DF875
:108B3000047B7047E18E010880B582B000AF786099
:108B40007B681B7A002B00F0A7807B68D8687B6865
:108B500003F6FA3380221946F9F70FFA7B68DB68CF
:108B6000D3F880301B68504A934277D07B68DB682B
:108B7000D3F880301B684D4A93426FD07B68DB6826
:108B8000D3F880301B684A4A934267D07B68DB6821
:108B9000D3F880301B68474A93425FD07B68DB681C
:108BA000D3F880301B68444A934257D07B68DB6817
:108BB000D3F880301B68414A93424FD07B68DB6812
:108BC000D3F880301B683E4A934247D07B68DB680D
:108BD000D3F880301B683B4A93423FD07B68DB6808
:108BE000D3F880301B68384A934237D07B68DB6803
:108BF000D3F880301B68354A93422FD07B68DB68FE
:108C0000D3F880301B68324A934227D07B68DB68F8
:108C1000D3F880301B682F4A93421FD07B68DB68F3
:108C2000D3F880301B682C4A934217D07B68DB68EE
:108C3000D3F880301B68294A93420FD07B68DB68E9
:108C4000D3F880301B68264A934207D07B68DB68E4
:108C5000D3F880301B68234A93420ED17B68DB68CF
:108C6000D3F880301B681A687B68DB68D3F88030E3
:108C70001B6822F008021A6011E07B68DB68D3F8F9
:108C800080301B681A687B68DB68D3F880301B680B
:108C900022F004021A6002E005201FF0C8FA00BFAB
:108CA0000837BD4680BD00BF1000024028000240CA
:108CB000400002405800024070000240880002401C
:108CC000A0000240B8000240100402402804024004
:108CD00040040240580402407004024088040240EC
:108CE000A0040240B804024080B586B000AFF8602E
:108CF000B9601346FB80FB681B79022B02D004206D
:108D00001FF095FAFB685B79022B06D0FB681B7A93
:108D1000012B02D005201FF08AFAFB68DB79002BBB
:108D200022D0FB88D9B2FB6803F682431A46B868A2
:108D30001FF0E9F80346FB75FB7DFA681344002237
:108D400083F8822CFB7D9BB201339AB2FB68A3F8B7
:108D5000802CFB6803F5AD62FB6803F67C43194683
:108D6000104600F0E6F808E0FB6803F5AD63FA880A
:108D7000D2B2B968184600F018F9F86800F04EF958
:108D800000BF1837BD4680BD80B582B000AF7860A7
:108D900039607B685B69002B08D17B681B68002BFE
:108DA00004D07B681B683868984711E07B685B6972
:108DB000002B0CD07B681B68002B08D07B685B699C
:108DC0007A6810687A68111D3A68984700E000BF19
:108DD0000837BD4680BD80B485B000AF78607B6841
:108DE0001B78002B02D04FF0FF3315E07B6893F81F
:108DF00055257B6893F85635D31ADBB2FB7397F988
:108E00000F30002B06DA7B6893F85425FB7B134464
:108E1000DBB2FB7397F90F3018461437BD465DF887
:108E2000047B704780B483B000AF78607B6893F8B0
:108E300056350133DAB27B6883F856257B6893F8A0
:108E400056257B6893F854359A4203D17B680022FB
:108E500083F85625012318460C37BD465DF8047B80
:108E6000704780B483B000AF78607B6893F8C935F1
:108E70000133DAB27B6883F8C9257B6893F8C9258A
:108E80007B6893F8CB359A4203D17B68002283F844
:108E9000C9257B6893F8C93518460C37BD465DF87F
:108EA000047B704780B485B000AFF860B960394684
:108EB00081E80C00FB68BA681A60FB6804331A4644
:108EC0003B4693E8030082E80300FB68034A5A61CB
:108ED00000BF1437BD465DF8047B70474B90010816
:108EE00080B584B000AF786039607B68FB603B6818
:108EF000BB60BB685B6803F00103002B0BD0BB6851
:108F00005B685B101A46FB6813441B68BA681268FA
:108F100013441B6801E0BB681B68BA6852685210B2
:108F20001146FA680A441046984700BF1037BD46FC
:108F300080BD80B584B000AF786039600023FB60ED
:108F400016E03B681A68FB681A447B6893F855354D
:108F50001846796803461B010344DB000B440433C5
:108F60001968FB680B4412781A70FB680133FB60C8
:108F70003B689B881A46FB689342E2DB7B6893F868
:108F8000553519463B6898887A680B461B010B4497
:108F9000DB001344083302461A80786800F07EF83C
:108FA000034618461037BD4680BD80B586B000AF79
:108FB000F860B9601346FB8000237B6115E07B6994
:108FC000BA681A44FB6893F855351846F9680346A1
:108FD0001B010344DB000B44043319687B690B4419
:108FE00012781A707B6901337B61FB887A699A4237
:108FF000E5DBFB6893F855351946FA680B461B010B
:109000000B44DB0013440833FA881A80F86800F038
:1090100045F8034618461837BD4680BD80B582B076
:1090200000AF786000BF7B68DB68D3F88830202B06
:1090300014BF01230023DBB2002BF4D1786800F0C9
:1090400059F800BF0837BD4680BD80B584B000AF79
:10905000786039607B68FB603B68BB60BB685B68BD
:1090600003F00103002B0BD0BB685B685B101A4652
:10907000FB6813441B68BA68126813441B6801E05C
:10908000BB681B68BA68526852101146FA680A44F5
:109090001046984700BF1037BD4680BD80B483B0EE
:1090A00000AF78607B6893F855350133DAB27B689E
:1090B00083F855257B6893F855257B6893F85435DC
:1090C0009A4203D17B68002283F855257B6893F888
:1090D00055257B6893F856359A4204D17B68012266
:1090E0001A70002300E0012318460C37BD465DF8D6
:1090F000047B704780B584B000AF78607B6803F56F
:10910000AD631846FFF767FE0346002B0CBF012333
:109110000023DBB2002B20D17B68DB68D3F88830DA
:10912000202B14BF01230023DBB2002B17D1002317
:10913000BB607B6803F5AD6307F108021146184672
:1091400000F011F80346FB737B68DB68B968FA7BB3
:1091500092B21846F5F776FC02E000BF00E000BFCF
:109160001037BD4680BD80B584B000AF78603960EF
:109170007868FFF730FE0346002BD4BF012300239D
:10918000DBB2002B01D000231EE07B6893F856353C
:1091900019467A680B461B010B44DB001344043369
:1091A0001A683B681A607B6893F8563519467A68E6
:1091B0000B461B010B44DB00134408331B88FB7375
:1091C0007868FFF72FFEFB7B18461037BD4680BD41
:1091D00080B500AF0348FEF71BFF0348FEF718FFFA
:1091E00000BF80BDE00202247403022480B483B077
:1091F00000AF786039607B6803F580531A463B689E
:10920000C2F8B43300BF0C37BD465DF8047B70472D
:1092100080B483B000AF78607B6803F58053D3F8E7
:10922000B43318460C37BD465DF8047B704780B5F3
:1092300082B000AF78600B467B807B88002B31D0FA
:109240007B689B79002B0CD07B6803F6FA327B8815
:10925000DBB2013BDBB2194610461EF0EBFE0346C3
:109260007B807B687A88A3F8F82B7B681B7A002BBD
:1092700009D07B6803F110027B6803F6F4331946CA
:109280001046FFF756FE7B6893F8C43A002B05D0D2
:109290007B6803F52C631846FCF7E5FE7868FFF75A
:1092A0004BFC00E000BF0837BD4680BD80B483B0F2
:1092B00000AF78607B68DB6818460C37BD465DF808
:1092C000047B704780B500AFFFF782FF80BD80B59B
:1092D00082B000AF78607B68184620231A460021D0
:1092E00021F028FF7B684FF000021A627B68184665
:1092F0000837BD4680BD80B582B000AF78607B681E
:1093000004331846FFF7E3FF7B6800225A707B683E
:1093100000221A707B6818460837BD4680BD84B0AD
:10932000B0B483B000AF786007F11C0080E80E0095
:109330007B681C1D07F11C050FCD0FC40FCD0FC49A
:109340002B6823607B6801221A7000BF0C37BD4672
:10935000B0BC04B0704780B483B000AF78607B6865
:1093600093F90030002B7B6802221A7000BF0C3783
:10937000BD465DF8047B704784B090B58FB004AFF4
:10938000786107F13C0080E80E00B0EE407AF0EE24
:10939000607A87ED037AC7ED047A4FF00003BB6172
:1093A0004FF00003FB617B6993F900300133032B1D
:1093B00052D801A252F823F0E5930108C99301089D
:1093C000D7930108F39301084FF00003BB614FF0FE
:1093D0000003FB6140E04FF00003BB614FF000036E
:1093E000FB6139E04FF00003BB614FF00003FB610C
:1093F00032E07B695B78022B12D0022B2CD8002B39
:1094000002D0012B07D027E04FF00003BB614FF0E3
:109410000003FB6120E0FB68BB613B69FB611BE073
:1094200097ED037AD7ED047A6C4607F148030FCB2A
:1094300084E80F0007F13C030ECBB0EE470AF0EED4
:10944000670A786900F020F8B0EE407AF0EE607AB2
:1094500087ED067AC7ED077A07F1200307F11802B6
:1094600092E8030083E803003A6A7B6A07EE102A59
:1094700007EE903AB0EE470AF0EE670A2C37BD4689
:10948000BDE8904004B0704784B080B48BB000AFAA
:10949000786107F1340080E80E00B0EE407AF0EE1B
:1094A000607A87ED037AC7ED047A4FF00003BB6161
:1094B0004FF00003FB617B6993ED017AD7ED0F7AE2
:1094C00027EE277A7B69D3ED026AD7ED107A66EE34
:1094D000A77A37EE277A7B69D3ED036AD7ED117A45
:1094E00066EEA77A37EE277A7B69D3ED046AD7ED6B
:1094F000137A66EEA77A77EE277AC7ED067A7B694C
:1095000093ED057AD7ED0F7A27EE277A7B69D3EDB5
:10951000066AD7ED107A66EEA77A37EE277A7B696E
:10952000D3ED076AD7ED117A66EEA77A37EE277A80
:109530007B69D3ED086AD7ED137A66EEA77A77EEEA
:10954000277AC7ED077A97ED067AD7ED037A77EE9B
:10955000277AC7ED067A97ED077AD7ED047A77EE8A
:10956000277AC7ED077A07F1200307F1180292E87E
:10957000030083E803003A6A7B6A07EE102A07EECD
:10958000903AB0EE470AF0EE670A2C37BD465DF818
:10959000047B04B0704780B483B000AF786000BF34
:1095A0000C37BD465DF8047B704780B483B000AFD4
:1095B00078607B6800225A7000BF0C37BD465DF8AA
:1095C000047B704780B582B000AF786039607B68FB
:1095D000043320223968184621F054FE00BF0837B2
:1095E000BD4680BD80B483B000AF78600B46FB7091
:1095F0007B6893F90030B3F1FF3F08D07B6893F9A3
:109600000030002B05D07B68FA785A7002E000BF6A
:1096100000E000BF0C37BD465DF8047B704780B4A6
:1096200083B000AF87ED010AD7ED017AF0EEE77A5B
:10963000B0EE670A0C37BD465DF8047B704780B515
:1096400082B000AF786039607A683B68104603F5F5
:10965000A073F822194621F015FE78680837BD4638
:1096600080BD80B582B000AF78607B68184601F09D
:10967000ADFE7B6818460837BD4680BD80B582B018
:1096800000AF78607B6814331846FFF7EAFF7B6809
:10969000002283F898207B684FF00002C3F89C20DA
:1096A0007B6818460837BD4680BD80B582B000AFE4
:1096B00078600B46FB707B681B78002B07D17B68BA
:1096C000002283F89820786800F0BCF80CE07B68F2
:1096D00093F89830FA789A4202D0786800F0B2F89D
:1096E0007B68FA7883F898200837BD4680BD84B03F
:1096F000B0B582B000AF786007F11C0080E80E00C2
:109700007B681D4607F11C040FCC0FC523682B6036
:109710007B681B78002B03D17B68002283F898209C
:10972000786800F08FF800BF0837BD46BDE8B0404C
:1097300004B0704780B582B000AF786087ED000A52
:109740007B681B78002B04D07B6893F89830002B43
:1097500002D14FF000036EE07B68D3ED047AF5EEA2
:10976000407AF1EE10FA21D097ED000AFFF757FF8B
:10977000B0EE407A7B68D3ED047AB4EEE77AF1EE8E
:1097800010FACCBF01230023DBB2002B0ED0786887
:1097900000F058F87B68002283F898207B68143327
:1097A000184601F02BFE4FF0000344E07B6893ED78
:1097B000277A7B68D3ED026AD7ED007A66EEA76A56
:1097C0007B68D3ED017A66EEA77A77EE277A7B681D
:1097D000C3ED277A7B68D3ED037AF5EEC07AF1EE1C
:1097E00010FA25DD7B6893ED277A7B68D3ED037A49
:1097F000B4EEE77AF1EE10FA05DD7B68DA687B6893
:10980000C3F89C2014E07B6893ED277A7B68D3ED46
:10981000037AF1EE677AB4EEE77AF1EE10FA07D543
:109820007B68D3ED037AF1EE677A7B68C3ED277A24
:109830007B68D3F89C3007EE903AB0EE670A0837A1
:10984000BD4680BD80B483B000AF78607B684FF0C8
:109850000002C3F89C2000BF0C37BD465DF8047BB6
:10986000704780B483B000AF78607B6893F898301D
:1098700018460C37BD465DF8047B704780B483B052
:1098800000AF78607B6800221A767B6800225A76E7
:109890007B684FF00002DA617B6818460C37BD46E2
:1098A0005DF8047B704780B582B000AF78600B46EE
:1098B000FB707B681B78002B06D17B6800221A7630
:1098C000786800F0EDF80AE07B681B7EFA789A422F
:1098D00002D0786800F0E4F87B68FA781A760837E6
:1098E000BD4680BD84B0B0B582B000AF786007F1EE
:1098F0001C0080E80E007B681D4607F11C040FCC9D
:109900000FC594E8030085E803007B681B78002BF3
:1099100002D17B6800221A76786800F0C1F800BF97
:109920000837BD46BDE8B04004B0704780B584B08C
:1099300000AFF86087ED020AC7ED010AFB6800225C
:109940005A76FB681B78002B03D0FB681B7E002B2C
:1099500002D14FF0000387E0FB68D3ED047AF5EE07
:10996000407AF1EE10FA18D097ED020AFFF757FE91
:10997000B0EE407AFB68D3ED047AB4EEE77AF1EE0C
:1099800010FACCBF01230023DBB2002B05D0F8680E
:1099900000F086F84FF0000366E0FB68D3ED057A2F
:1099A000F5EE407AF1EE10FA18D097ED010AFFF7C4
:1099B00036FEB0EE407AFB68D3ED057AB4EEE77A76
:1099C000F1EE10FACCBF01230023DBB2002B05D04F
:1099D000F86800F065F84FF0000345E0FB6893ED90
:1099E000077AFB68D3ED026AD7ED027A66EEA76AC2
:1099F000FB68D3ED017A66EEA77A77EE277AFB68EB
:109A0000C3ED077AFB68D3ED037AF5EEC07AF1EE89
:109A100010FA24DDFB6893ED077AFB68D3ED037A37
:109A2000B4EEE77AF1EE10FA04DDFB68DA68FB6861
:109A3000DA6114E0FB6893ED077AFB68D3ED037AF3
:109A4000F1EE677AB4EEE77AF1EE10FA07D5FB682B
:109A5000D3ED037AF1EE677AFB68C3ED077AFB6812
:109A600001225A76FB68DB6907EE903AB0EE670A8E
:109A70001037BD4680BD80B483B000AF78607B688E
:109A80005B7E002B05D07B681B7E002B01D0012361
:109A900000E0002318460C37BD465DF8047B704794
:109AA00080B483B000AF78607B684FF00002DA6169
:109AB00000BF0C37BD465DF8047B704780B483B0AF
:109AC00000AF78607B6800221A757B6800225A75A7
:109AD0007B684FF000029A617B684FF00002DA6108
:109AE0007B68002283F820207B6818460C37BD462F
:109AF0005DF8047B704780B582B000AF78600B469C
:109B0000FB707B681B7DFA789A4202D0786800F07F
:109B10001AF97B68FA781A7500BF0837BD4680BD10
:109B200084B0B0B582B000AF786007F11C0080E867
:109B30000E007B681D4607F11C040FCC0FC523687F
:109B40002B60786800F0FFF800BF0837BD46BDE81D
:109B5000B04004B0704780B483B000AF786087ED48
:109B6000000A7B683A68DA617B68012283F820206A
:109B700000BF0C37BD465DF8047B70470000000055
:109B800080B485B000AF786087ED000A7B68002262
:109B90005A757B681B7D002B02D1DFED597A9BE063
:109BA0007B6893F8203083F00103DBB2002B06D0F2
:109BB0007B683A68DA617B68012283F820207B6841
:109BC00093ED077AD7ED007A77EE677AC7ED037ADF
:109BD0000BE0D7ED037AB7EEE77A9FED436B37EEF4
:109BE000467BF7EEC77BC7ED037AD7ED037AB7EE76
:109BF000E77A9FED3F6BB4EEC67BF1EE10FAE8DC3E
:109C00000BE0D7ED037AB7EEE77A9FED376B37EECF
:109C1000067BF7EEC77BC7ED037AD7ED037AB7EE85
:109C2000E77A9FED356BB4EEC67BF1EE10FAE8D41F
:109C30007B68D3ED027A97ED037A67EE277AC7ED5A
:109C4000027A7B6893ED067A7B68D3ED036AD7EDE1
:109C5000037A66EEA76A7B68D3ED017A66EEA77A8F
:109C600077EE277A7B68C3ED067A7B68D3ED047ABA
:109C7000F5EEC07AF1EE10FA24DD7B6893ED067AFA
:109C80007B68D3ED047AB4EEE77AF1EE10FA04DDE6
:109C90007B681A697B689A6114E07B6893ED067AA9
:109CA0007B68D3ED047AF1EE677AB4EEE77AF1EEF1
:109CB00010FA07D57B68D3ED047AF1EE677A7B68FA
:109CC000C3ED067A7B6801225A757B6893ED067AAC
:109CD000D7ED027A77EE277AB0EE670A1437BD46E1
:109CE0005DF8047B704700BF182D4454FB211940D8
:109CF000182D4454FB210940182D4454FB2109C060
:109D00000000000080B483B000AF78607B681B7DEA
:109D100018460C37BD465DF8047B704780B483B0AD
:109D200000AF78607B685B7D002B05D07B681B7D76
:109D3000002B01D0012300E0002318460C37BD465C
:109D40005DF8047B704780B483B000AF78607B68B7
:109D50004FF000029A617B684FF00002DA617B6885
:109D6000002283F8202000BF0C37BD465DF8047B3D
:109D70007047000080B483B000AF78607B68264AEB
:109D80001A607B68254A5A607B68254A9A607B681E
:109D90004FF00002DA607B684FF000021A617B68C6
:109DA0004FF080425A617B684FF000029A617B68F5
:109DB0004FF07C52DA617B684FF07C521A627B680C
:109DC000184A5A627B68184A9A627B68174ADA62B4
:109DD0007B68174A1A637B684FF07C525A637B6832
:109DE0004FF07E529A637B68124ADA637B68124AAC
:109DF0001A647B684FF000025A647B684FF080421F
:109E00009A647B68064ADA647B6818460C37BD465C
:109E10005DF8047B704700BF0AD7233C0000204157
:109E20009A99993E0000A0409A99193E8FC2F53C3C
:109E3000CDCC4C3D666606406666863F80B582B0F6
:109E400000AF78607B6803F5AC731846FFF792FFAC
:109E50007B684FF07C52C3F8A8217B68184608370E
:109E6000BD4680BD80B582B000AF78607B68184683
:109E700001F0ECFA7B688433184601F0FFFA7B6846
:109E800003F58473184601F011FB7B681846083708
:109E9000BD4680BD80B582B000AF78607B6800228F
:109EA0001A707B6800225A707B6810331846FFF7DF
:109EB000C5FF7B6803F5DE731846FFF7D3FF7B68A9
:109EC00003F552731846FFF716FA7B6803F56E73B5
:109ED000184605F085FF7B6803F5C163184601F05D
:109EE000B4FD7A6843F6342313441846FFF7C6FBE3
:109EF0007A6843F6D42313441846FFF7BFFC7A6808
:109F000043F6F42313441846FFF7D8FD7B6803F5A6
:109F100040531A460023C2F8183B7B6803F54053B0
:109F2000012283F81C2B7B6818460837BD4680BD8C
:109F3000F0B59DB006AFF860384680E80E00FB68CB
:109F400004333A4607CA83E8070007F114032422C2
:109F50000021184621F0EEF8FB6803F552766D46B5
:109F600007F120040FCC0FC594E8030085E8030037
:109F700007F114030ECB3046FFF7D1F9FB6801223D
:109F80001A70FB6800225A70FB6843F64820184498
:109F90001A4BBB630023FB6307F138030CCBF96852
:109FA00001F09CFAFB6803F5E260154B3B6400236B
:109FB0007B6407F140030CCBF96801F0B2FAFB684F
:109FC00003F294700E4BBB640023FB6407F148035B
:109FD0000CCBF96801F0A5FAFB6803F61800084BF2
:109FE0003B6500237B6507F150030CCBF96801F05A
:109FF00098FA00BF5C37BD46F0BD00BF2DB0010828
:10A00000ADB0010880B582B000AF78607B6803F521
:10A0100052731846FFF79FF900BF0837BD4680BD51
:10A0200084B0B0B582B000AF786007F11C0080E862
:10A030000E007B6803F1700407F11C050FCD0FC4FF
:10A040000FCD0FC40FCD0FC495E80F0084E80F00AB
:10A050007B6803F56E7307F11C021146184605F084
:10A0600050FF012318460837BD46BDE8B04004B094
:10A07000704784B0B0B582B000AF786007F11C00C3
:10A0800080E80E007B6803F1B00407F11C050FCDDA
:10A090000FC40FCD0FC40FCD0FC495E8070084E89F
:10A0A00007007B6803F56E7307F11C021146184622
:10A0B00005F047FF012318460837BD46BDE8B0400C
:10A0C00004B0704784B0B0B582B000AF786007F1DB
:10A0D0001C0080E80E007B6803F1EC0407F11C050E
:10A0E0000FCD0FC40FCD0FC40FCD0FC495E80F00D7
:10A0F00084E80F007B6803F56E7307F11C021146BC
:10A10000184605F03FFF012318460837BD46BDE855
:10A11000B04004B0704784B0B0B582B000AF786092
:10A1200007F11C0080E80E007B6803F5967407F1C8
:10A130001C050FCD0FC40FCD0FC40FCD0FC495E874
:10A14000070084E807007B6803F56E7307F11C02C3
:10A150001146184605F037FF012318460837BD465B
:10A16000BDE8B04004B0704784B0B0B584B002AF71
:10A17000786007F11C0080E80E007B6803F1300472
:10A1800007F11C050FCD0FC42B6823607B6843F6D5
:10A1900034241C446A4607F1280393E8030082E84C
:10A1A000030007F11C030ECB2046FFF7A0FA0123A2
:10A1B00018460837BD46BDE8B04004B0704784B0CB
:10A1C000B0B586B004AF786007F11C0080E80E00DF
:10A1D0007B6803F1440407F11C050FCD0FC495E81B
:10A1E000030084E803007B6843F6D4241C446D46D6
:10A1F00007F1280393E8070085E8070007F11C032F
:10A200000ECB2046FFF76EFB012318460837BD46EC
:10A21000BDE8B04004B0704784B0B0B584B002AFC0
:10A22000786007F11C0080E80E007B6803F15C0495
:10A2300007F11C050FCD0FC42B6823607B6843F624
:10A24000F4241C446A4607F1280393E8030082E8DB
:10A25000030007F11C030ECB2046FFF761FC01232E
:10A2600018460837BD46BDE8B04004B0704780B41A
:10A2700083B000AF786087ED000A7B683A68C3F866
:10A28000B821012318460C37BD465DF8047B7047A2
:10A2900090B5C1B000AFC7F8FC00C7F8F810D7F808
:10A2A000F83003F56E72D7F8F8403B461146184671
:10A2B000FFF7C5F907F58073A3F5807204F1700309
:10A2C0001146F822184620F0DDFFD7F8F83003F5E4
:10A2D000C162D7F8F8403B461146184601F0BBFC76
:10A2E00007F58073A3F5807204F5B473114650220C
:10A2F000184620F0C7FFD7F8FC20D7F8F8301046F2
:10A3000010334FF4D672194620F0BCFFD7F8FC008A
:10A3100007F58277BD4690BD80B582B000AF78600A
:10A3200039603B681A687B681A613B685A687B68C9
:10A330005A613B689A687B689A613B68DA687B6817
:10A34000DA613B681A697B681A623B685A697B6804
:10A350005A623B689A697B689A623B68DA697B68F3
:10A36000DA627B6803F552727B6810331946104637
:10A37000FFF728F9012318460837BD4680BD80B590
:10A3800084B000AF78600021786800F067F84FF083
:10A390000003BB604FF00003FB6097ED027AD7ED3E
:10A3A000037AB0EE470AF0EE670A786800F00CFE18
:10A3B00000BF1037BD4680BD80B582B000AF786069
:10A3C0007B6803F552731846FFF7E5F87B6803F5E1
:10A3D0006E73184605F05CFD7B6803F5C163184693
:10A3E00002F04AF87B6803F54053012283F81C2BE6
:10A3F0007B6803F5405303F532634FF000021A60A7
:10A400007B6803F5405303F624334FF000021A60D3
:10A4100000BF0837BD4680BD80B582B000AF786010
:10A42000054A7B681A607B681846FBF7D9FE7B6893
:10A4300018460837BD4680BDF8DF030880B582B0F6
:10A4400000AF78607868FFF7E7FF782178681EF042
:10A45000C3F97B6818460837BD4680BD90B5BDB0CE
:10A4600000AF78600B46FB707B6893F90030012BDE
:10A4700001D000241CE1FB78002B0DD07B689B6889
:10A480001B7C022B08D1FB788C4A126819468C4839
:10A49000FCF734FB00240BE17B685B78FA789A4286
:10A4A00001D1012404E1FB78042B00F2BC8001A25D
:10A4B00052F823F0C9A40108EFA4010823A501085C
:10A4C00067A50108BBA501087B6803F55273184610
:10A4D000FFF76BF80021786800F08EF900217868AA
:10A4E00000F0DEF90021786800F02EFA9BE07B682E
:10A4F00003F5527301211846FFF774F800217868BC
:10A5000000F07AF90021786800F0CAF90021786833
:10A5100000F01AFA694B1B6819466A48FCF7B6FA4C
:10A5200081E07A6843F6D42313441846FFF7B8FA5B
:10A530007A6843F6F42313441846FFF704FC01211C
:10A54000786800F059F90021786800F0A9F9002135
:10A55000786800F0F9F97B6803F552730221184618
:10A56000FFF740F85FE07B685B78002B07D1534B27
:10A570001B6819465448FCF7C1FA002498E07B6830
:10A5800003F5527302211846FFF72CF87B6803F598
:10A590006E73184605F07CFC7A6843F6D4231344A6
:10A5A00000211846FFF77FF90021786800F078F95C
:10A5B0000021786800F0C8F935E07B685B78002BF3
:10A5C00007D13E4B1B6819464048FCF797FA002418
:10A5D0006EE07A6843F6D423134400211846FFF74F
:10A5E00062F90021786800F05BF90021786800F0DA
:10A5F000ABF97B6803F5527302211846FEF7F2FFB0
:10A600007B6803F56E73184605F042FC7B6803F522
:10A61000C163184601F030FF7B6803F5C16318463B
:10A6200001F0AEFB00BF7868FFF7C6FE7B68FA78E2
:10A630005A707B685A787B6803F5405383F8302B57
:10A640007B6803F53173FA781146184600F08CFFE9
:10A6500007F184036C220021184620F06BFD0123D2
:10A6600087F88430FB7887F885307B6803F54053A2
:10A670001A4607F1880302F533616422184620F078
:10A6800001FE0E4B1B68C7F8EC3007F1840207F19E
:10A6900008031146184600F08DFF07F1080318461D
:10A6A000FCF748FA012407F108031846FFF7B4FE47
:10A6B00023461846F437BD4690BD00BF20770224DC
:10A6C00050D2030890D20308B0D2030810D3030875
:10A6D00080B582B000AF786039607A683B6803F576
:10A6E0004053104603F533636422194620F0CAFD37
:10A6F00078680837BD4680BD80B485B000AFF8608B
:10A70000B0EE407AF0EE607A87ED017AC7ED027A1A
:10A71000FB6803F5405393F81C3B002B0BD0FB6800
:10A7200003F5405303F532633A1D92E8030083E8D2
:10A730000300012300E0002318461437BD465DF8EE
:10A74000047B704780B483B000AF78607B6803F50A
:10A750004053012283F81C2B012318460C37BD46B9
:10A760005DF8047B704780B483B000AF78607B688D
:10A7700003F54053002283F81C2B012318460C37A5
:10A78000BD465DF8047B704780B483B000AF78604D
:10A790007B6803F5405303F532634FF000021A6003
:10A7A0007B6803F5405303F624334FF000021A6030
:10A7B00000BF0C37BD465DF8047B704780B485B0A0
:10A7C00000AFF860B0EE407AF0EE607A87ED017A83
:10A7D000C7ED027AFB6803F5405303F628333A1DB0
:10A7E00092E8030083E80300012318461437BD46AE
:10A7F0005DF8047B7047000090B5BDB000AF786095
:10A800000B46FB707B6893F84430002B01D1002489
:10A810003FE07A6843F6D4231344FA781146184689
:10A82000FFF741F8FA787B6803F5405383F8322B41
:10A8300007F184036C220021184620F07BFC0323DF
:10A8400087F884307B685B7887F885307B6803F510
:10A8500040531A4607F1880302F533616422184613
:10A8600020F010FD0D4B1B68C7F8EC3007F1840297
:10A8700007F108031146184600F09CFE07F1080393
:10A880001846FCF757F9012407F108031846FFF7AB
:10A89000C3FD23461846F437BD4690BD20770224F9
:10A8A00090B5BDB000AF78600B46FB707B6893F845
:10A8B0003030002B01D100243FE07A6843F6342386
:10A8C0001344FA7811461846FEF7EFFEFA787B68D3
:10A8D00003F5405383F8332B07F184036C220021E6
:10A8E000184620F027FC042387F884307B685B78C7
:10A8F00087F885307B6803F540531A4607F18803D3
:10A9000002F533616422184620F0BCFC0D4B1B6835
:10A91000C7F8EC3007F1840207F108031146184626
:10A9200000F048FE07F108031846FCF703F901247C
:10A9300007F108031846FFF76FFD23461846F43762
:10A94000BD4690BD2077022490B5BDB000AF7860C1
:10A950000B46FB707A6843F6F42313441846FFF75E
:10A96000D1F903461A46FB7893420CBF012300231A
:10A97000DBB2002B01D0012457E07A6843F6F423C0
:10A980001344FA7811461846FFF7B5F87A6843F68B
:10A99000F42313441846FFF7B5F903461A467B68BB
:10A9A00003F5405383F8342BFB78002B06D0214B62
:10A9B0001B6819462048FCF769F805E01D4B1B6829
:10A9C00019461E48FCF762F807F184036C22002147
:10A9D000184620F0AFFB052387F884307B685B784E
:10A9E00087F885307B6803F540531A4607F18803E2
:10A9F00002F533616422184620F044FC0D4B1B68BD
:10AA0000C7F8EC3007F1840207F108031146184635
:10AA100000F0D0FD07F108031846FCF78BF801247D
:10AA200007F108031846FFF7F7FC23461846F437EA
:10AA3000BD4690BD2077022470D3030890D303084D
:10AA400080B582B000AF786087ED000A7A6843F67F
:10AA5000F423134497ED000A1846FFF77CF801230E
:10AA600018460837BD4680BDB0B5B4B004AFF86332
:10AA70004FF00003C7F89C304FF00003C7F8A03038
:10AA80004FF00003C7F894304FF00003C7F8983038
:10AA90004FF00003C7F88C304FF00003C7F8903038
:10AAA0004FF00003C7F884304FF00003C7F8883038
:10AAB0004FF00003FB674FF00003C7F880304FF002
:10AAC00000037B674FF00003BB67FB6B5A6807F11D
:10AAD00058031146184607F013FFFB6B5A6807F13D
:10AAE0004C03903207CA83E80700FB6B93F90030F0
:10AAF000012B0BD097ED1D7AD7ED1E7AB0EE470AE9
:10AB0000F0EE670AF86B00F05FFA96E1FB6B5B789A
:10AB1000042B00F2928101A252F823F03BAE01080F
:10AB200031AB01084FAB010855AC010839AD010844
:10AB3000FB6B03F5405303F532631B687B67FB6BCC
:10AB400003F5405303F624331B68BB6775E1FB6BC9
:10AB500003F5405303F532631A68FB6B03F540536A
:10AB600003F624331B68C7F88C20C7F89030D7F859
:10AB70008C20D7F89030C7F88420C7F88830FB6B5A
:10AB800003F5527597ED217AD7ED227A6C4607F1DD
:10AB900064030FCB84E80F0007F158030ECBB0EE2F
:10ABA000470AF0EE670A2846FEF7E6FBB0EE407A69
:10ABB000F0EE607A87ED1F7AC7ED207AFA6B43F6E4
:10ABC000D4231344D7ED187A97ED197AF0EE470A9B
:10ABD000B0EE670A1846FEF7A9FE87ED2D0AFA6B5C
:10ABE00043F634231344D7ED197AB0EE670A1846BA
:10ABF000FEF7A0FD87ED2C0AFA6B43F6F42313440D
:10AC0000D7ED1B7AB0EE670A1846FEF7B9FF87ED5D
:10AC10002B0A97ED1F7AD7ED2D7A37EE277AD7EDED
:10AC20002C7A37EE277AD7ED2B7A77EE277AC7ED95
:10AC30001D7A97ED207AD7ED2D7A37EE277AD7ED6A
:10AC40002C7A37EE277AD7ED2B7A77EE677AC7ED35
:10AC50001E7AF2E0FB6B03F540531A4607F19C03A2
:10AC600002F6283292E8030083E80300FB6B03F549
:10AC70006E73D7ED187A97ED1C7A07F19C02F0EE0F
:10AC8000470AB0EE670A1146184605F0BDF9B0EE66
:10AC9000407AF0EE607A87ED257AC7ED267AD7F80C
:10ACA0009420D7F89830C7F88C20C7F89030D7F8A0
:10ACB0008C20D7F89030C7F88420C7F88830FB6B19
:10ACC00003F5527597ED217AD7ED227A6C4607F19C
:10ACD00064030FCB84E80F0007F158030ECBB0EEEE
:10ACE000470AF0EE670A2846FEF746FBB0EE407AC8
:10ACF000F0EE607A87ED1F7AC7ED207AFA6B43F6A3
:10AD000034231344D7ED197AB0EE670A1846FEF7DC
:10AD100011FD87ED2E0A97ED1F7AD7ED2E7A77EE8B
:10AD2000277AC7ED1D7A97ED207AD7ED2E7A77EE48
:10AD3000277AC7ED1E7A80E0FB6B03F5C163D7ED80
:10AD4000187A07F14C02B0EE670A1146184601F076
:10AD5000EDFBB0EE407AF0EE607A87ED117AC7ED48
:10AD6000127A7B6CC7F89C30BB6CC7F8A030FB6BC9
:10AD700003F56E73D7ED187A97ED1C7A07F19C02F4
:10AD8000F0EE470AB0EE670A1146184605F03CF9A6
:10AD9000B0EE407AF0EE607A87ED257AC7ED267A3C
:10ADA000D7F89420D7F89830C7F88C20C7F890309F
:10ADB000D7F88C20D7F89030C7F88420C7F88830AF
:10ADC000FB6B03F5527597ED217AD7ED227A6C462D
:10ADD00007F164030FCB84E80F0007F158030ECB93
:10ADE000B0EE470AF0EE670A2846FEF7C5FAB0EE65
:10ADF000407AF0EE607A87ED1F7AC7ED207AFA6B21
:10AE000043F634231344D7ED197AB0EE670A184697
:10AE1000FEF790FC87ED2F0A97ED1F7AD7ED2F7A7A
:10AE200077EE277AC7ED1D7A97ED207AD7ED2F7A46
:10AE300077EE277AC7ED1E7A00BFD7ED1D7AFB6B40
:10AE400093ED6E7AF0EE470AB0EE670A1DF01EFA37
:10AE5000F0EE407AC7ED1D7AD7ED1E7AFB6B93EDCD
:10AE60006E7AF0EE470AB0EE670A1DF00FFAF0EEC8
:10AE7000407AC7ED1E7AFB6B93F90020FB6B03F55C
:10AE8000405383F8312BFB6B5A78FB6B03F540532F
:10AE900083F8302BFA6B43F6342313441846FEF73D
:10AEA000E0FC03461A46FB6B03F5405383F8332B53
:10AEB000FA6B43F6D42313441846FEF7DCFD034631
:10AEC0001A46FB6B03F5405383F8322BFA6B43F6BB
:10AED000F42313441846FEF721FF03461A46FB6B82
:10AEE00003F5405383F8342BFB6B03F5C162FB6B16
:10AEF00003F540531C463B461146184601F0A5FA9F
:10AF000004F638343D460FCD0FC40FCD0FC40FCD1E
:10AF10000FC42B682360FB6B03F5405303F66C33BF
:10AF200007F19C0292E8030083E80300FB6B03F542
:10AF3000405303F6743307F1940292E8030083E868
:10AF40000300FB6B03F5405303F67C3307F18C02DF
:10AF500092E8030083E80300FB6B03F5405303F61C
:10AF6000843307F17C0292E8030083E80300FB6B63
:10AF700003F5405303F68C3307F1740292E80300A3
:10AF800083E8030097ED1D7AD7ED1E7AB0EE470AED
:10AF9000F0EE670AF86B00F017F807F1A40307F169
:10AFA000740292E8030083E80300D7F8A420D7F8DE
:10AFB000A83007EE102A07EE903AB0EE470AF0EEFE
:10AFC000670AC037BD46B0BD80B586B000AFF86037
:10AFD000B0EE407AF0EE607A87ED017AC7ED027A42
:10AFE0007B683B61BB687B61FB689B6897ED047A7B
:10AFF000D7ED057AB0EE470AF0EE670A184605F07D
:10B00000A9FB00BF1837BD4680BD000080B500AF6A
:10B01000054B1B68002B04D0034B1B681846FFF739
:10B02000AEF900BF80BD00BF0C04022480B5BCB0E7
:10B0300000AF78607B6803F54053002283F8332B20
:10B0400007F184036C220021184620F073F80423D2
:10B0500087F884307B685B7887F885307B6803F5F8
:10B0600040531A4607F1880302F5336164221846FB
:10B0700020F008F90C4B1B68C7F8EC3007F184028C
:10B0800007F108031146184600F094FA07F1080387
:10B090001846FBF74FFD07F108031846FFF7BCF908
:10B0A000F037BD4680BD00BF2077022480B582B056
:10B0B00000AF78600B46FB707B6803F56E73184633
:10B0C00004F0E6FE00BF0837BD4680BD84B080B501
:10B0D00082B000AF786007F1140080E80E007B6852
:10B0E00003F5C16307F114021146184600F082FD12
:10B0F000034618460837BD46BDE8804004B0704797
:10B1000080B582B000AF786039603B6803F5C162FA
:10B110007B681146184600F09EFD00BF786808372E
:10B12000BD4680BD80B582B000AF78607B6803F516
:10B13000C163184600F024FE012318460837BD46B7
:10B1400080BD80B584B000AFF860B0EE407AF0EE1C
:10B15000607A87ED017AC7ED027AFB6803F5C16377
:10B16000D7ED017A97ED027AF0EE470AB0EE670A62
:10B17000184600F073FE034618461037BD4680BDE2
:10B1800084B080B582B000AF786007F1140080E829
:10B190000E007B6803F5C16307F1140211461846DF
:10B1A00000F09CFE034618460837BD46BDE88040C7
:10B1B00004B0704780B582B000AF78600B467B80EA
:10B1C0007B6803F5C1637A881146184600F0F5FEE6
:10B1D000034618460837BD4680BD000084B080B5E0
:10B1E00082B000AF786007F1140080E80E007B6841
:10B1F0005B78042B04D00B48FBF780FC00230AE0AB
:10B200007B6803F5C16307F114021146184600F08C
:10B2100035FF034600BF18460837BD46BDE88040ED
:10B2200004B07047B0D3030880B582B000AF786037
:10B230007B6803F5C163184601F0AAF800BF083720
:10B24000BD4680BD80B582B000AF78607B6803F5F5
:10B25000C163184601F0B6F800BF0837BD4680BD8F
:10B2600080B582B000AF78607B6803F5C163184693
:10B2700001F0C2F800BF0837BD4680BD80B582B07E
:10B2800000AF78607B6803F5C163184601F0CEF823
:10B29000034618460837BD4680BD80B582B000AF72
:10B2A000786039603B6803F5C1627B6811461846D7
:10B2B00001F0CBF800BF78680837BD4680BD80B587
:10B2C00082B000AF78607B6803F5C163184600F078
:10B2D000A4FE034618460837BD4680BD84B080B53D
:10B2E00082B000AF786007F1140080E80E007B6840
:10B2F0005B78042B04D00B48FBF700FC00230AE02A
:10B300007B6803F5C16307F114021146184600F08B
:10B31000B4FC034600BF18460837BD46BDE8804070
:10B3200004B07047E8D3030884B080B582B000AFA2
:10B33000786007F1140080E80E007B685B78042BCE
:10B3400004D00B48FBF7DAFB00230AE07B6803F527
:10B35000C16307F114021146184600F0C8FC034609
:10B3600000BF18460837BD46BDE8804004B07047AE
:10B370001CD4030880B582B000AF78607B6803F509
:10B38000C163184601F078F8034618460837BD46F1
:10B3900080BD80B582B000AF78600B467B807B6853
:10B3A00003F54053D3F8183B002B0BD07B6803F513
:10B3B000C1607B6803F54053D3F8183B7A8819467F
:10B3C00000F03AFE00BF0837BD4680BDB0B582B080
:10B3D00000AF78607B6800221A607B680433032426
:10B3E0001D4604E02846FCF7A9F8013C2035002C56
:10B3F000F8DA7B6818460837BD46B0BD80B584B022
:10B4000000AF78600023FB6018E07A68FB685B019E
:10B41000134408331B78002B0DD07A68FB685B015E
:10B42000134404331B681B68FA68520179680A44A4
:10B43000043210469847FB680133FB60FB68032B1E
:10B44000E3DD00BF00BF1037BD4680BDB0B582B0A0
:10B4500000AF78607B6800221A607B6804330324A5
:10B460001D4604E02846FBF70BFE013C2035002C6E
:10B47000F8DA7B6818460837BD46B0BDB0B582B073
:10B4800000AF78607B6800221A607B680433032475
:10B490001D4604E0284600F0A5F8013C2035002CAC
:10B4A000F8DA7B6818460837BD46B0BDB0B582B043
:10B4B00000AF78607B6800221A607B680433032445
:10B4C0001D4604E0284600F0ABF8013C2035002C76
:10B4D000F8DA7B6818460837BD46B0BD80B584B041
:10B4E00000AFF860B960394681E80C00FB681B6862
:10B4F000032B11DCFB681B685B01FA681344181D01
:10B500003B460CCBB96800F0A9F8FB681B685A1CD5
:10B51000FB681A60012300E0002318461037BD467F
:10B5200080BD80B584B000AFF860B960394681E86D
:10B530000C00FB681B68032B11DCFB681B685B01BC
:10B54000FA681344181D3B460CCBB96800F0A7F805
:10B55000FB681B685A1CFB681A60012300E000238B
:10B5600018461037BD4680BD80B584B000AF786006
:10B570000B46FB700023FB6014E07A68FB685B01FC
:10B58000134408331B78002B09D0FB685B017A68F1
:10B5900013440433FA781146184600F0A1F8FB680A
:10B5A0000133FB60FB68032BE7DD00BF00BF1037F2
:10B5B000BD4680BD80B582B000AF786039607B68E1
:10B5C0001846FBF72DFB064A7B681A6039687868D5
:10B5D00000F097F87B6818460837BD4680BD00BF6D
:10B5E000F8DF030880B582B000AF78607B6818464A
:10B5F000FAF714FD094A7B681A607B6800221A7109
:10B600007B6808330021184600F08BF87B68002225
:10B610001A717B6818460837BD4680BD1CE00308D8
:10B6200080B582B000AF78607B681846FAF7F6FC08
:10B63000094A7B681A607B6800221A717B680833AC
:10B640000021184600F07BF87B6800221A717B68A5
:10B6500018460837BD4680BD0CE00308B0B58AB077
:10B6600000AFF860B960394681E80C0007F11000BE
:10B670003B460CCBB96800F070F8FB6803F1080496
:10B6800007F110050FCD0FC495E8030084E803000F
:10B69000FB6801221A7100BF2837BD46B0BDB0B5A6
:10B6A0008AB000AFF860B960394681E80C0007F154
:10B6B00010003B460CCBB96800F062F8FB6803F160
:10B6C000080407F110050FCD0FC495E8030084E8C6
:10B6D0000300FB6801221A7100BF2837BD46B0BDC8
:10B6E00080B582B000AF78600B46FB707B68083392
:10B6F000FA781146184600F056F800BF0837BD46E4
:10B7000080BD80B582B000AF786039607B68083357
:10B710006C22396818461FF0B5FD00BF0837BD46DA
:10B7200080BD80B582B000AF7860396039687868D4
:10B7300000F048F87B6818460837BD4680BD80B5E4
:10B7400082B000AF786039603968786800F04BF8F3
:10B750007B6818460837BD4680BD80B584B000AF11
:10B76000F860B960394681E80C003B460CCBB968FB
:10B77000F86800F049F8FB6818461037BD4680BDF0
:10B7800080B584B000AFF860B960394681E80C003C
:10B790003B460CCBB968F86800F054F8FB681846D3
:10B7A0001037BD4680BD80B582B000AF78600B46D3
:10B7B000FB70FB781946786800F062F800BF083724
:10B7C000BD4680BD80B483B000AF786039607B68CF
:10B7D0003A681A607B6800225A6100BF0C37BD4688
:10B7E0005DF8047B704780B483B000AF7860396047
:10B7F0007B683A681A607B6800225A6100BF0C3788
:10B80000BD465DF8047B704780B485B000AFF8603A
:10B81000B960394681E80C00FB68BA681A60FB68B9
:10B8200004331A463B4693E8030082E80300FB68B2
:10B83000034A5A6100BF1437BD465DF8047B704768
:10B84000D3B8010880B485B000AFF860B96039465C
:10B8500081E80C00FB68BA681A60FB6804331A467A
:10B860003B4693E8030082E80300FB68034A5A6101
:10B8700000BF1437BD465DF8047B704725B9010849
:10B8800080B582B000AF78600B46FB707B685B6967
:10B89000002B09D17B681B68002B05D07B681B68D7
:10B8A000FA781046984711E07B685B69002B0CD052
:10B8B0007B681B68002B08D07B685B697A6810681E
:10B8C0007A68111DFA78984700E000BF0837BD4636
:10B8D00080BD80B584B000AF786039607B68FB6064
:10B8E0003B68BB60BB685B6803F00103002B0BD0B7
:10B8F000BB685B685B101A46FB6813441B68BA6838
:10B90000126813441B6801E0BB681B68BA68526880
:10B9100052101146FA680A441046984700BF103783
:10B92000BD4680BD80B586B000AFF860B9601346F3
:10B93000FB71FB687B61BB683B613B695B6803F043
:10B940000103002B0BD03B695B685B101A467B69D7
:10B9500013441B683A69126813441B6801E03B6991
:10B960001B683A695268521011467A690A44F9799B
:10B970001046984700BF1837BD4680BD80B483B0DD
:10B9800000AF786039607B6805221A707B680122FD
:10B990001A727B6800225A727B6851229A727B6805
:10B9A0000022DA723B6803F108027B68DA607B6888
:10B9B0006C221A8200BF78680C37BD465DF8047BA4
:10B9C000704780B582B000AF78607B681846FFF79B
:10B9D0003DFD7B6884331846FFF738FD7B6803F52F
:10B9E0008473184604F001F87B6803F5C6731846A3
:10B9F00003F0FBFF7B6803F50473184603F0F5FFC3
:10BA00007B6803F52573184604F007F87B68184631
:10BA10000837BD4680BD80B483B000AF78607B68D6
:10BA20004FF000021A607B684FF000025A607B689A
:10BA30004FF000029A607B6800221A737B681846F8
:10BA40000C37BD465DF8047B704780B582B000AF0F
:10BA500078607B681846FFF7B4FF7B6803F547738F
:10BA60001846FEF787F97B6803F571731846FFF7F0
:10BA7000D2FF7B6803F540530022A3F8F4237B68D0
:10BA800003F54053002283F8F6237B6803F5405307
:10BA9000002283F8F7237B6803F540531A464FF0E2
:10BAA0000003C2F8F8337B6803F540531A464FF0A1
:10BAB0000003C2F8FC337B6803F5405303F5806351
:10BAC0004FF000021A607B6803F5405303F2044311
:10BAD0004FF000021A607B6803F54053002283F8A0
:10BAE00008247B6803F5405303F20C434FF0000237
:10BAF0001A607B6803F5405303F582634FF0000240
:10BB00001A607B6803F5405303F214434FF00002C0
:10BB10001A607B6803F5405303F583634FF000021E
:10BB20001A607B6803F5405303F21C434FF0000298
:10BB30001A607B6803F5405303F584634FF00002FD
:10BB40001A607B6803F54053002283F824247B6845
:10BB500003F54053002283F825247B6803F5405306
:10BB600003F585634FF000021A607B68002283F8BA
:10BB700018237B6803F54053002283F8F7237B6882
:10BB800003F540530022A3F8F4237B6803F54053E8
:10BB9000002283F8F6237B6803F540531A464FF0E2
:10BBA0000003C2F8F8337B6803F54053002283F8A2
:10BBB00024247B6803F575734FF400520021184666
:10BBC0001FF0B8FA7A6842F2D43313444FF480522B
:10BBD000002118461FF0AEFA7A6843F2D4331344BA
:10BBE0002022002118461FF0A5FA7B681846083766
:10BBF000BD4680BD80B582B000AF786039603B68DB
:10BC0000D3ED007AF5EEC07AF1EE10FA01D80023F8
:10BC10001DE03B68D3ED087AF5EEC07AF1EE10FA3C
:10BC200001D8002313E03B68D3ED097AF5EEC07A22
:10BC3000F1EE10FA01D8002309E07B683A6803F5B9
:10BC400047731146502218461FF01CFB012318466B
:10BC50000837BD4680BD80B582B000AF78603960DE
:10BC60007A683B68104603F54773502219461FF067
:10BC700009FB78680837BD4680BD90B583B000AF3A
:10BC8000786039607B6893F81833002B01D000236B
:10BC900029E07B683A6803F5687413460FCB84E8A3
:10BCA0000F007B6803F5405303F584634FF00002F7
:10BCB0001A607B6803F5405303F214434FF000020F
:10BCC0001A607B6803F5405303F21C434FF00002F7
:10BCD0001A600121786802F081FF00220C21786847
:10BCE00003F036F8012318460C37BD4690BDB0B5B9
:10BCF00082B000AF786039607B6893F81833002B0E
:10BD000001D0002338E07B683A6803F56C7415466F
:10BD10000FCD0FC42B6823607B6803F5405303F5F8
:10BD200084634FF000021A607B6803F5405303F20E
:10BD300014434FF000021A607B6803F5405303F58B
:10BD400083634FF000021A607B6803F5405303F2EF
:10BD50001C434FF000021A607B6803F54053002239
:10BD600083F824240221786802F038FF0022092198
:10BD7000786802F0EDFF012318460837BD46B0BDD4
:10BD800080B483B000AF78607B6803F54053002235
:10BD9000A3F8F4237B6803F54053002283F8F623CD
:10BDA0007B6803F54053002283F8F7237B6803F593
:10BDB00040531A464FF00003C2F8F8337B6803F58E
:10BDC000405303F214434FF000021A607B6803F5FE
:10BDD000405303F583634FF000021A607B6803F55C
:10BDE000405303F21C434FF000021A607B6803F5D6
:10BDF0004053002283F824247B6803F5405300223B
:10BE000083F825247B6803F54053002283F8082437
:10BE10007B6803F540531A464FF00003C2F8FC3329
:10BE20007B6803F5405303F580634FF000021A600E
:10BE30007B6803F5405303F204434FF000021A609D
:10BE40007B6803F5405303F585634FF000021A60E9
:10BE500000BF0C37BD465DF8047B704780B584B0E9
:10BE600000AFF86087ED020AC7ED010AFB6803F531
:10BE70004053B3F8F433B3F5806F06D3002210219A
:10BE8000F86802F065FF002324E0FB6803F54053E7
:10BE9000B3F8F433FA687A33DB0013440433BA6836
:10BEA0001A60FB6803F54053B3F8F433FA687A3349
:10BEB000DB00134408337A681A60FB6803F54053CB
:10BEC000B3F8F43301339AB2FB6803F54053A3F897
:10BED000F423012318461037BD4680BD80B584B0D9
:10BEE00000AF786039603B685B88002B03D03B680B
:10BEF0005B880A2B01D9002334E03B681B881A4673
:10BF00003B685B881344B3F5806F06DD0022102187
:10BF1000786802F01DFF002324E03B681B887A3319
:10BF2000DB007A681344181D3B68191D3B685B8869
:10BF3000DB001A461FF0A6F93B681A883B685B884D
:10BF40001344FB817B6803F54053B3F8F433FA895B
:10BF50009A4206D97B6803F540531A46FB89A2F83A
:10BF6000F433012318461037BD4680BD80B584B038
:10BF700000AFF860B9601346FB80FB88B3F5806FB3
:10BF800006D900221021F86802F0E2FE002310E03A
:10BF9000FB6803F57570FB88DB001A46B9681FF073
:10BFA00071F9FB6803F540531A46FB88A2F8F43395
:10BFB000012318461037BD4680BD80B483B000AF62
:10BFC00078600B467B807B6803F5405393F8F6332B
:10BFD0000F2B01D900231AE07B6803F5405393F837
:10BFE000F63319467A6841F6E8130B445B001344B4
:10BFF0007A889A807B6803F5405393F8F6330133CF
:10C00000DAB27B6803F5405383F8F6230123184620
:10C010000C37BD465DF8047B704780B483B000AF39
:10C0200078607B6803F54053B3F8F43318460C3757
:10C03000BD465DF8047B704780B584B000AFF86002
:10C04000B9601346FB80F868FFF79AFEFB88B3F5EA
:10C05000806F02D94FF48063FB80FB881A46B96871
:10C06000F868FFF783FFFB8819460348FAF70EFDCF
:10C0700000BF1037BD4680BD4CD4030890B58BB0CF
:10C0800006AF786039607B6803F54053B3F8F4334A
:10C09000012B01D800236EE17B6893F81833002B45
:10C0A00001D0002367E1786800F0E4FA3B68D3ED43
:10C0B000007AF5EEC07AF1EE10FA02DD3B681B68FB
:10C0C00002E07B68D3F83C337A6802F54052C2F84C
:10C0D000FC333B68D3ED017AF5EEC07AF1EE10FA4D
:10C0E00008DD3B685A687B6803F5405303F58063BD
:10C0F0001A6056E07B6803F5405303F580634FF008
:10C1000000021A600123FB812EE0FB897A6803F6A6
:10C11000F4039B001344043393ED007AFB89013B45
:10C120007A6803F6F4039B0013440433D3ED007ADA
:10C1300077EE677AC7ED027A7B6803F5405303F523
:10C140008063D3ED007A97ED027AB4EEE77AF1EEF0
:10C1500010FA06DD7B6803F5405303F58063BA6887
:10C160001A60FB890133FB817B6803F54053B3F808
:10C17000F433FA899A42C8D37B6803F5405303F538
:10C180008063D3ED007A9FED7E7AF4EEC77AF1EE0C
:10C1900010FA06D57B6803F5405303F58063794AAE
:10C1A0001A607B6803F54053B3F8F433013B7A68B7
:10C1B00003F6F4039B00134404331A687B6803F509
:10C1C000405303F204431A607B6803F540531A4658
:10C1D0004FF00003C2F8F8337B6803F5405303F2D5
:10C1E00014434FF000021A607B6803F5405303F5D7
:10C1F00083634FF000021A607B6803F5405303F23B
:10C200001C434FF000021A607B6803F5405303F5AE
:10C2100084634FF000021A607B6803F540530022EC
:10C2200083F824247B6803F54053002283F82524F7
:10C230007B6803F54053002283F808247B68D3F819
:10C24000D4237B6803F5405303F20C431A607B68E8
:10C25000D3F8D8237B6803F5405303F582631A6053
:10C260007B683A6803F571731468506891681C60C4
:10C2700058609960127B1A737B6803F54053012262
:10C2800083F8F7230321786802F0A8FC7B6803F5A4
:10C290004053B3F8F43319467B6803F5405393F8E1
:10C2A000F6331A467B6803F54053D3EDFF7AB7EEB9
:10C2B000E77A7B6803F5405303F58063D3ED006AAA
:10C2C000B7EEE66A7B6803F5405303F20443D3ED0F
:10C2D000005AB7EEE55A8DED045B8DED026B8DEDE6
:10C2E000007B2948FAF7D2FB00237B7337E0787B89
:10C2F000797B7A6841F6E8130B445B0013449B8812
:10C300001C46797B7A6841F6E8130B445B001344C2
:10C310009B887A687A33DB0013440433D3ED007AC8
:10C32000B7EEE77A797B7A6841F6E8130B445B0055
:10C3300013449B887A687A33DB0013440833D3EDC7
:10C34000006AB7EEE66A8DED026B8DED007B22464A
:10C3500001460E48FAF79AFB7B7B01337B737B68BF
:10C3600003F5405393F8F6337A7B9A42BFD378684B
:10C3700002F055FC012318461437BD4690BD00BF9E
:10C38000BD3786350AD7233C6CD40308BCD40308D8
:10C3900080B582B000AF78607B6803F5405393F8B6
:10C3A000F733012B0AD17B6803F54053022283F84F
:10C3B000F72300220421786802F0CAFC00BF083786
:10C3C000BD4680BD80B582B000AF78607B6803F564
:10C3D000405393F8F733022B0AD17B6803F540539F
:10C3E000012283F8F72300220521786802F0B0FCCF
:10C3F00000BF0837BD4680BD80B582B000AF786011
:10C400007B6893F81833032B0CD1786802F069FC31
:10C410007B6803F54053002283F8F72300217868F6
:10C4200002F0DCFB00BF0837BD4680BD80B483B09E
:10C4300000AF78607B6803F5405393F8F7331846F4
:10C440000C37BD465DF8047B7047B0B483B000AFD5
:10C45000786039607A683B68154603F55B740FCCE9
:10C460000FC50FCC0FC50FCC0FC523682B607868A4
:10C470000C37BD46B0BC704780B582B000AF786065
:10C480007B6893F81833032B06D0032B1AD8012BA3
:10C4900012D0022B0AD015E0786802F022FC7B68EB
:10C4A00003F54053002283F8F7230CE000220B2110
:10C4B000786802F04DFC06E000220E21786802F058
:10C4C00047FC00E000BF7B6803F5405303F21443D0
:10C4D0004FF000021A607B6803F5405303F5836355
:10C4E0004FF000021A607B6803F5405303F21C43CF
:10C4F0004FF000021A607B6803F5405303F5846334
:10C500004FF000021A607B6803F54053002283F865
:10C5100024247868FFF734FC0021786802F05EFB81
:10C52000012318460837BD4680BD000080B58AB09B
:10C5300000AF7861396187ED030A4FF00003BB61FA
:10C540004FF00003FB617B6993F81833002B12D086
:10C550007B6903F5405303F5846393ED007A7B69AF
:10C56000D3EDC77A77EE277A7B6903F5405303F55D
:10C570008463C3ED007A7B6993F81833032B36D8B4
:10C5800001A252F823F000BFEFC5010899C50108C8
:10C59000B3C50108D1C501083969786902F012FCF8
:10C5A000B0EE407AF0EE607A87ED067AC7ED077A52
:10C5B0001DE097ED030A3969786902F0A5FDB0EE38
:10C5C000407AF0EE607A87ED067AC7ED077A0EE0E2
:10C5D00097ED030A3969786900F0C2FDB0EE407A40
:10C5E000F0EE607A87ED067AC7ED077A00BF7B69C7
:10C5F00093F818237B6983F86C237B6903F5405318
:10C6000093F8F7237B6983F86D237B694FF480628D
:10C61000A3F86E237B6903F54053B3F8F4237B69D9
:10C62000A3F870237B6903F5637307F1180292E89E
:10C63000030083E803007B6903F5405303F584633B
:10C640001A687B69C3F8942307F1200307F11802E5
:10C6500092E8030083E803003A6A7B6A07EE102A37
:10C6600007EE903AB0EE470AF0EE670A2837BD466B
:10C6700080BD00BF80B52DED028B86B000AF786025
:10C680007B6803F500531A464FF00003C2F8D43319
:10C690000123FB8251E0FB8A7A687A33DB00134482
:10C6A000043393ED007AFB8A013B7A687A33DB002E
:10C6B00013440433D3ED007A77EE677AC7ED047A3A
:10C6C000FB8A7A687A33DB001344083393ED007AEF
:10C6D000FB8A013B7A687A33DB0013440833D3EDDD
:10C6E000007A77EE677AC7ED037AFB8A013B7A68B6
:10C6F00003F6F4039B001344043393ED008AD7ED53
:10C70000047A27EEA77AD7ED037A67EEA77A77EE59
:10C71000277AB0EE670A1CF0CBFBF0EE407AFB8A7A
:10C7200078EE277A7A6803F6F4039B001344043307
:10C73000C3ED007AFB8A0133FB827B6803F540532B
:10C74000B3F8F433FA8A9A42A5D300BF00BF183772
:10C75000BD46BDEC028B80BD80B59EB000AFF860D9
:10C7600087ED020AC7ED010AFB6803F54053B3F8F1
:10C77000F433022B02D84FF00003B9E1D7ED027A6F
:10C78000FCEEE77A17EE903AA7F87630B7F8762005
:10C79000FB6803F54053B3F8F433013B9A4207DBDF
:10C7A000FB6803F54053B3F8F433023BA7F8763047
:10C7B000B7F87630FA6803F6F4039B0013440433A9
:10C7C0001B687B6697ED197AD7ED017A77EE277AA9
:10C7D000C7ED187AB7F87630A7F8743004E0B7F8E8
:10C7E00074300133A7F87430B7F87420FB6803F590
:10C7F0004053B3F8F433013B9A4210DAB7F874307F
:10C80000FA6803F6F4039B0013440433D3ED007A73
:10C8100097ED187AB4EEE77AF1EE10FADFDCFB68F8
:10C8200003F54053B3F8F433012B13D9FB6803F538
:10C83000405303F20443D3ED006AFB6803F5405311
:10C84000B3F8F433013B07EE903AB8EEE77AC6EE60
:10C85000877A01E0DFEDAA7AC7ED177ADFEDA90A42
:10C8600097ED170A1CF050FDB0EE407ADFEDA66A96
:10C87000C6EE877AFCEEE77A17EE903AA7F87230A8
:10C88000B7F87230002B02D10123A7F87230B7F845
:10C8900072300F2B02D90F23A7F87230B7F874202B
:10C8A000B7F87610B7F872305B000B449A4219DA89
:10C8B000B7F87620B7F872305B001344FA6802F5D7
:10C8C0004052B2F8F423934209DAB7F872305B00B1
:10C8D0009AB2B7F876301344A7F8743002E04FF0FC
:10C8E000000305E14FF00003FB66B7F87630A7F8C8
:10C8F0006A30E4E0B7F86A30FA687A33DB00134450
:10C9000004331B68BB65B7F86A30FA687A33DB001A
:10C91000134408331B687B65B7F86A20B7F8723098
:10C920001344FA687A33DB00134404331B683B6515
:10C93000B7F86A20B7F872301344FA687A33DB002C
:10C94000134408331B68FB64B7F86A20B7F87230E9
:10C950005B001344FA687A33DB00134404331B682A
:10C96000BB64B7F86A20B7F872305B001344FA680A
:10C970007A33DB00134408331B687B6497ED147A29
:10C98000D7ED167A77EE677AC7ED107A97ED137ABE
:10C99000D7ED157A77EE677AC7ED0F7A97ED127AB1
:10C9A000D7ED147A77EE677AC7ED0E7A97ED117AA4
:10C9B000D7ED137A77EE677AC7ED0D7A97ED127A95
:10C9C000D7ED167A77EE677AC7ED0C7A97ED117A84
:10C9D000D7ED157A77EE677AC7ED0B7A97ED107A77
:10C9E000D7ED0B7A27EE277AD7ED0F6AD7ED0C7AC1
:10C9F00066EEA77A77EE677AF0EEE77AC7ED0A7A05
:10CA0000D7ED107A27EEA77AD7ED0F7A67EEA77ADF
:10CA100077EE277AB0EE670A1CF04AFA87ED090A2A
:10CA2000D7ED0E7A27EEA77AD7ED0D7A67EEA77AC3
:10CA300077EE277AB0EE670A1CF03AFA87ED080A1B
:10CA4000D7ED0C7A27EEA77AD7ED0B7A67EEA77AA7
:10CA500077EE277AB0EE670A1CF02AFA87ED070A0C
:10CA600097ED097AD7ED087A67EE277A97ED077A7E
:10CA700067EE277AC7ED067AD7ED067A9FED237A1F
:10CA8000F4EEC77AF1EE10FA14DDD7ED0A7A77EEFC
:10CA9000A76A97ED067AC6EE877AC7ED057A97ED15
:10CAA000057AD7ED1B7AB4EEE77AF1EE10FA01DDE4
:10CAB0007B69FB66B7F86A300133A7F86A30B7F8CC
:10CAC0006A20B7F872305B001A44B7F874309A42A3
:10CAD0000DDCB7F86A20B7F872305B001344FA68CF
:10CAE00002F54052B2F8F4239342FFF603AFFB6E17
:10CAF00007EE903AB0EE670A7837BD4680BD00BFBA
:10CB00008FC2753C6F12833ACDCC4C3DFFE6DB2ED5
:10CB100080B594B000AFF86087ED020AC7ED010A56
:10CB200087ED001AD7ED007AFCEEE77A17EE903A1F
:10CB3000A7F84E30B7F84E20FB6803F54053B3F822
:10CB4000F433013B9A4207DBFB6803F54053B3F82B
:10CB5000F433023BA7F84E30B7F84E301E33A7F837
:10CB60004C30B7F84C20FB6803F54053B3F8F4336E
:10CB7000013B9A4207DBFB6803F54053B3F8F433FB
:10CB8000023BA7F84C303B68BB64754B7B64B7F83D
:10CB90004E30A7F84230D3E0B7F84230FA687A3323
:10CBA000DB00134404331B68BB63B7F84230FA68F8
:10CBB0007A33DB00134408331B687B63B7F84230D9
:10CBC0000133FA687A33DB00134404331B683B6398
:10CBD000B7F842300133FA687A33DB001344083384
:10CBE0001B68FB6297ED0C7AD7ED0E7A77EE677AC9
:10CBF000C7ED0A7A97ED0B7AD7ED0D7A77EE677A63
:10CC0000C7ED097AD7ED0A7A27EEA77AD7ED097A28
:10CC100067EEA77A77EE277AC7ED087AD7ED087A1C
:10CC20009FED507AF4EEC77AF1EE10FA03D54FF08B
:10CC30000003FB6325E097ED027AD7ED0E7A37EE1D
:10CC4000677AD7ED0A7A27EE277AD7ED016AD7ED12
:10CC50000D7A76EEE76AD7ED097A66EEA77A77EE77
:10CC6000276A97ED087AC6EE877AC7ED0F7AB7EE96
:10CC7000001ADFED3D0A97ED0F0A02F08DFE87EDF9
:10CC80000F0A97ED0F7AD7ED0A7A67EE277A97EDBC
:10CC90000E7A77EE277AC7ED077A97ED0F7AD7ED00
:10CCA000097A67EE277A97ED0D7A77EE277AC7ED46
:10CCB000067A97ED027AD7ED077A37EE677AD7EDE5
:10CCC000026AD7ED077A76EEE77A27EE277AD7ED74
:10CCD000016AD7ED067A76EEE76A97ED016AD7ED3D
:10CCE000067A76EE677A66EEA77A77EE277AC7ED50
:10CCF000057AB7F8423007EE903AF8EE677A97ED8A
:10CD00000F7A77EE277AC7ED047A97ED047AD7ED9C
:10CD1000007AB4EEE77AF1EE10FA0CDB97ED057AC3
:10CD2000D7ED117AB4EEE77AF1EE10FA03D57B690C
:10CD30007B643B69BB64B7F842300133A7F84230EB
:10CD4000B7F84220B7F84C309A427FF625AFBB6C5B
:10CD500007EE903AB0EE670A5037BD4680BD00BF7F
:10CD6000CAF24971BD3786350000000080B58CB02D
:10CD700000AFF86087ED020AC7ED010AFB6803F512
:10CD80004053B3F8F433012B02D8D7ED027AAAE06E
:10CD900097ED020AF86800F067F987ED090A97ED48
:10CDA000097AD7ED017A77EE277AC7ED087AFB6822
:10CDB00003F54053B3F8F433013BFA6803F6F40388
:10CDC0009B0013440433D3ED007A97ED087AB4EE58
:10CDD000E77AF1EE10FA0ADBFB6803F54053B3F88B
:10CDE000F433013B07EE903AF8EEE77A7BE0D7EDBB
:10CDF000087AF5EEC07AF1EE10FA02D8DFED3C7A4F
:10CE000071E00023FB85FB6803F54053B3F8F4336E
:10CE1000013BBB851CE0FA8DBB8D1344002B00DA6F
:10CE200001335B107B827B8AFA6803F6F4039B0074
:10CE300013440433D3ED007A97ED087AB4EEE77A21
:10CE4000F1EE10FA02DB7B8AFB8501E07B8ABB8571
:10CE5000FA8DBB8D013B9A42DDDBFB8DFA6803F650
:10CE6000F4039B00134404331B68FB61FB8D013307
:10CE7000FA6803F6F4039B00134404331B68BB6198
:10CE800097ED067AD7ED077A77EE677AC7ED057AE0
:10CE90004FF00003BB62D7ED057A9FED167AF4EEF2
:10CEA000C77AF1EE10FA15DD97ED087AD7ED077A1B
:10CEB00077EE676A97ED057AC6EE877AC7ED0A7A4C
:10CEC000B7EE001ADFED0A0A97ED0A0A02F064FDD8
:10CED00087ED0A0AFB8D07EE903AB8EE677AD7ED38
:10CEE0000A7A77EE277AB0EE670A3037BD4680BD02
:10CEF00000000000BD37863580B487B000AFF86011
:10CF000087ED020A79603A60FB6803F54053B3F895
:10CF1000F433002B08D17B684FF000021A603B68A5
:10CF20004FF000021A6099E0D7ED027AF5EEC07A70
:10CF3000F1EE10FA0AD8FB68D3F8D4237B681A60A4
:10CF4000FB68D3F8D8233B681A6087E0FB6803F5D9
:10CF50004053B3F8F433013B07EE903AF8EEE77A2A
:10CF600097ED027AB4EEE77AF1EE10FA1CDBFB687B
:10CF700003F54053B3F8F433013BFA687A33DB002E
:10CF8000134404331A687B681A60FB6803F5405346
:10CF9000B3F8F433013BFA687A33DB001344083307
:10CFA0001A683B681A6059E0D7ED027AFCEEE77A1E
:10CFB00017EE903AFB82FB8A07EE903AF8EE677A1A
:10CFC00097ED027A77EE677AC7ED047AFB8AFA6802
:10CFD0007A33DB001344043393ED007AFB8A013388
:10CFE000FA687A33DB0013440433D3ED006AFB8A1A
:10CFF000FA687A33DB0013440433D3ED007A76EE1B
:10D00000E76AD7ED047A66EEA77A77EE277A7B682F
:10D01000C3ED007AFB8AFA687A33DB0013440833E5
:10D0200093ED007AFB8A0133FA687A33DB0013440C
:10D030000833D3ED006AFB8AFA687A33DB001344C5
:10D040000833D3ED007A76EEE76AD7ED047A66EE20
:10D05000A77A77EE277A3B68C3ED007A1C37BD4686
:10D060005DF8047B7047000080B485B000AF786045
:10D0700087ED000A7B6803F54053B3F8F433012BC6
:10D0800002D8DFED367A62E0D7ED007AF5EEC07AAD
:10D09000F1EE10FA05D87B6803F50053D3EDF57A6D
:10D0A00055E07B6803F54053B3F8F433013B07EEDA
:10D0B000903AF8EEE77A97ED007AB4EEE77AF1EE7F
:10D0C00010FA0EDB7B6803F54053B3F8F433013BF1
:10D0D0007A6803F6F4039B0013440433D3ED007A1B
:10D0E00035E0D7ED007AFCEEE77A17EE903AFB8157
:10D0F000FB8907EE903AF8EE677A97ED007A77EEC3
:10D10000677AC7ED027AFB897A6803F6F4039B001D
:10D110001344043393ED007AFB8901337A6803F6F4
:10D12000F4039B0013440433D3ED006AFB897A684F
:10D1300003F6F4039B0013440433D3ED007A76EE38
:10D14000E76AD7ED027A66EEA77A77EE277AB0EE35
:10D15000670A1437BD465DF8047B70470000000085
:10D16000B0B52DED028BD4B00CAF07F59073A3F5DD
:10D170008673186007F59073A3F58873196007F537
:10D180009073A3F58A7383ED000A07F59073A3F5F6
:10D1900082734FF000021A6007F59073A3F5827353
:10D1A0004FF000025A6007F59073A3F586731B6871
:10D1B00003F5405393F8F733012B0AD107F5907329
:10D1C000A3F586731B6803F54053B3F8F433012BC2
:10D1D0000BD807F59073A3F5827207F1240392E848
:10D1E000030083E8030001F0E1BC07F59073A3F5A9
:10D1F00086731B68D3EDF37AF5EEC07AF1EE10FA80
:10D200003BDD07F59073A3F586731B6803F5405368
:10D2100003F5846393ED007A07F59073A3F58673A5
:10D220001B68D3EDF37AB4EEE77AF1EE10FA24DD61
:10D2300007F59073A3F58673186801F03EFD07F5B6
:10D240009073A3F586731B6803F54053002283F89F
:10D25000F72307F59073A3F586730021186801F092
:10D26000BDFC07F59073A3F5827207F1240392E8E1
:10D27000030083E8030001F099BC07F59073A3F560
:10D2800088731B68D3ED007A07F59073A3F5887354
:10D290001B6893ED017A07F59073A3F586731B68FD
:10D2A00003F54053D3EDFE6A07F59073A3F586733B
:10D2B000B0EE661AF0EE470AB0EE670A1868FFF79C
:10D2C00027FCF0EE407A07F59073A3F586731B6890
:10D2D00003F54053C3EDFE7A07F59073A3F586730B
:10D2E0001B6803F54053D3EDFE7A07F59073A3F561
:10D2F00086731B6893EDDA7A07F59073A3F586734E
:10D30000F0EE470AB0EE670A1868FFF725FA87EDD6
:10D310003B0A07F59073A3F586731B6803F540532A
:10D32000D3EDFF6A07F59073A3F586731B6893ED41
:10D33000D97AD7ED3B7A67EE277AB7EE007A37EEE7
:10D34000877AC6EE877AC7ED3A7A07F59073A3F528
:10D3500086731B6803F54053D3EDFF7AB0EE671A6E
:10D36000DFEDAB0A97ED3A0A02F016FB87ED3A0AB9
:10D3700007F59073A3F586731B68D3EDC76A07F5AD
:10D380009073A3F586731B68D3EDC77A9FEDA17ADE
:10D3900037EE877AC6EE877AC7ED397A97ED397A14
:10D3A000D7ED3A7A27EE277AF7EE006AD7ED397A89
:10D3B00076EEE76A07F59073A3F586731B6803F5AD
:10D3C000405303F58563D3ED007A66EEA77A77EED6
:10D3D000277A07F59073A3F586731B6803F540530E
:10D3E00003F58563C3ED007A07F59073A3F58673A3
:10D3F0001B6803F5405303F585631B68C7F81C31B0
:10D4000007F59073A3F586731B6803F54053D3EDBE
:10D41000FE7A07F59073A3F58673B0EE670A186875
:10D42000FFF722FE87ED380A07F59073A3F58673A0
:10D430001B6803F5405393F8082407F59073A3F590
:10D4400086731B6803F5405393F8F6339A4266D20D
:10D4500007F59073A3F586731B6803F5405393F8A3
:10D460000834194607F59073A3F586731A6841F6D8
:10D47000E8130B445B0013449B88A7F8DE30B7F831
:10D48000DE3007F59072A2F58672126803F6F40397
:10D490009B001344043393ED007AD7ED387A77EE8E
:10D4A000677AC7ED367AD7ED367AF5EEC07AF1EEC7
:10D4B00010FA34DD07F59073A3F586731B68D3ED7E
:10D4C000D87AF5EEC07AF1EE10FA13DD07F5907315
:10D4D000A3F586731B68D3EDD87A37EEA77AD7ED1C
:10D4E000367A67EE277AB0EE670A1BF0E1FC87ED2B
:10D4F000460A0CE007F59073A3F586731B68D3ED1D
:10D50000CC7A97ED367A67EE277AC7ED467AD7ED73
:10D51000460A97ED470A1BF014FF87ED470A07F507
:10D520009073A3F586731B6803F54053B3F8F43387
:10D53000013B07F59072A2F58672126803F6F403B8
:10D540009B001344043393ED007AD7ED387A77EEDD
:10D55000677AC7ED357AD7ED357AF5EEC07AF1EE18
:10D5600010FA35DD07F59073A3F586731B68D3EDCC
:10D57000D87AF5EEC07AF1EE10FA13DD07F5907364
:10D58000A3F586731B68D3EDD87A37EEA77AD7ED6B
:10D59000357A67EE277AB0EE670A1BF089FC87EDD3
:10D5A000450A0CE007F59073A3F586731B68D3ED6D
:10D5B000CC7A97ED357A67EE277AC7ED457AD7EDC5
:10D5C000450A97ED470A1BF0BCFE87ED470A03E0CA
:10D5D0004FF00003C7F81C3107F59073A3F586736D
:10D5E0001B68D3EDCC7A9FED0C7AF4EEC77AF1EE9E
:10D5F00010FA13DD07F59073A3F586731B6893ED9E
:10D60000CC7AD7ED476AC6EE877AC7ED447A25E033
:10D6100000000000CDCCCC3DBD37863507F59073BA
:10D62000A3F586731B6893EDD18A07F59073A3F574
:10D6300086731B6803F54053D3EDFF7A5FED0A0A4A
:10D64000B0EE670A1BF060FEF0EE406A97ED477A95
:10D65000C7EE267A68EE277AC7ED447A07F590730D
:10D66000A3F586731B68D3EDD27AF0EE670A97EDC7
:10D67000440A1BF049FE87ED440A07F59073A3F5B1
:10D6800086731B6803F54053D3EDFE7A07F590735C
:10D69000A3F58673D7ED440AB0EE670A1868FFF762
:10D6A00065FB87ED430A07F59073A3F586731B6846
:10D6B00003F5405393F8082407F59073A3F5867398
:10D6C0001B6803F5405393F8F6339A422BD207F5C3
:10D6D0009073A3F586731B6803F5405393F80834E1
:10D6E000194607F59073A3F586731A6841F6E81397
:10D6F0000B445B0013449B88A7F8D230B7F8D230B4
:10D7000007EE903AF8EE677A97ED437AB4EEE77A4F
:10D71000F1EE10FA07DDB7F8D23007EE903AF8EEE6
:10D72000677AC7ED437A07F59073A3F586731B6894
:10D7300003F54053B3F8F433013B07EE903AF8EEAB
:10D74000E77A97ED437AB4EEE77AF1EE10FA0FDD5F
:10D7500007F59073A3F586731B6803F54053B3F880
:10D76000F433013B07EE903AF8EEE77AC7ED437ADF
:10D7700007F59073A3F586731A6843F20C431344BC
:10D7800007F59072A2F58672116843F210420A44BE
:10D7900007F59071A1F58670194697ED430A006868
:10D7A000FFF7AAFB07F59073A3F586731B6803F5D3
:10D7B000405303F20C4393ED007A07F59073A3F501
:10D7C00088731B68D3ED007A77EE677AC7ED337AFA
:10D7D00007F59073A3F586731B6803F5405303F5B3
:10D7E000826393ED007A07F59073A3F588731B6845
:10D7F000D3ED017A77EE677AC7ED327AD7ED337AD7
:10D8000027EEA77AD7ED327A67EEA77A77EE277AF6
:10D81000B0EE670A1BF04CFB87ED310AD7ED330AF7
:10D8200097ED320A1BF050F887ED300A07F5907338
:10D83000A3F588731B68D3ED027A97ED307A77EE03
:10D84000677AB0EE670A02F02BF887ED2F0AD7F857
:10D85000BC30C7F8083107F59073A3F586731B68D1
:10D8600093F8D033002B00F08380D7ED2F7AF0EEC1
:10D87000E77AC7ED2E7A07F59073A3F586731B68D8
:10D8800003F5405393F8243483F00103DBB2002BFB
:10D8900024D007F59073A3F586731B68D3EDD67A71
:10D8A00097ED2E7AB4EEE77AF1EE10FA16DD07F571
:10D8B0009073A3F586731B6803F54053012283F828
:10D8C000242407F59073A3F586731B6803F5405372
:10D8D00003F214434FF000021A602EE007F5907334
:10D8E000A3F586731B6803F5405393F82434002B8B
:10D8F00023D007F59073A3F586731B68D3EDD77A11
:10D9000097ED2E7AB4EEE77AF1EE10FA15D507F519
:10D910009073A3F586731B6803F54053002283F8C8
:10D92000242407F59073A3F586731B6803F5405311
:10D9300003F214434FF000021A6007F59073A3F549
:10D9400086731B6803F5405393F82434002B0FD0E3
:10D95000D7ED2F7AB7EEE77A9FED8D6B37EE067B2A
:10D96000F7EEC77BB0EE670A01F09AFF87ED420A37
:10D9700007F59073A3F586731B68D7F80821C3F8E1
:10D98000842307F59073A3F586731B68D7F8C4202A
:10D99000C3F8802307F59073A3F586731B68D3ED56
:10D9A000D87A9FED7D7AF4EEC77AF1EE10FA11DDA8
:10D9B00007F59073A3F586731B68D3EDCE7AB7EEA7
:10D9C000007A77EE877A97ED477A67EE277AC7ED88
:10D9D000417A12E007F59073A3F586731B6893ED07
:10D9E000CC7AD7ED317A67EE277AF0EE670A97EDB9
:10D9F000470A1BF0A6FC87ED410A07F59073A3F5D3
:10DA000086731B6893EDCE7A07F59073A3F58A733E
:10DA1000D3ED007AF0EEE77A67EE277A97ED417A58
:10DA200077EE677ADFED5E0AB0EE670A1BF06CFCFA
:10DA300087ED410A97ED420A1BF05EF9F0EE407A5D
:10DA4000DFED570AB0EE670A1BF05EFC87ED2D0A8A
:10DA500097ED417AD7ED2D7A67EE277AC7ED417AB7
:10DA600007F59073A3F586731B6803F5405393F88D
:10DA70002434002B05D0D7ED417AF1EE677AC7ED5B
:10DA8000417A07F59073A3F58273D7F804211A60E1
:10DA900007F59073A3F586731B68D7F81C21C3F8AC
:10DAA000882307F59073A3F586731B68D3EDC87AB6
:10DAB00097ED427A67EE277AC7ED2C7A07F59073D7
:10DAC000A3F586731B6803F5405303F214431B68E8
:10DAD000C7F8AC3097ED2C7AD7ED2B7A77EE277A12
:10DAE000C7ED2A7A07F59073A3F586731B68D3ED0B
:10DAF000D07AF1EE677A07F59073A3F586731B6809
:10DB000093EDD07AB0EE471AF0EE670A97ED2A0A45
:10DB100001F042FF87ED290A97ED2A7AD7ED297A9D
:10DB200077EE677AF0EEE77A9FED1B7AF4EEC77A2C
:10DB3000F1EE10FACCBF0123002387F8A33097F849
:10DB4000A330002B2ED097ED2A7AD7ED297AB4EEA8
:10DB5000E77AF1EE10FA06DDD7ED427AF5EEC07AFB
:10DB6000F1EE10FA0FDC97ED2A7AD7ED297AB4EEB0
:10DB7000E77AF1EE10FA15D5D7ED427AF5EEC07AD4
:10DB8000F1EE10FA0ED501230DE000BFAFF30080D7
:10DB9000182D4454FB210940BD3786350AD7233C54
:10DBA00000000000002387F8A23097F8A23083F02D
:10DBB0000103DBB2002B69D007F59073A3F58673E0
:10DBC0001B6803F5405303F2144393ED007A07F505
:10DBD0009073A3F586731B68D3EDC96AD7ED427ABB
:10DBE00066EEA76A07F59073A3F586731B68D3EDFD
:10DBF000C77A66EEA77A77EE277A07F59073A3F5D2
:10DC000086731B6803F5405303F21443C3ED007A97
:10DC100007F59073A3F586731B6893EDD08A07F51B
:10DC20009073A3F586731B68D3EDC97A5FED250A5F
:10DC3000B0EE670A1BF068FBB0EE407AC8EE077AD8
:10DC4000C7ED277A07F59073A3F586731B6803F574
:10DC5000405303F2144393ED007AD7ED277AF1EEA7
:10DC6000677A97ED271AF0EE670AB0EE470A01F0DF
:10DC700093FEF0EE407A07F59073A3F586731B6868
:10DC800003F5405303F21443C3ED007A07F5907394
:10DC9000A3F586731B68D3EDD37A77EEA77AC7ED29
:10DCA000267A97ED317AD7ED267AC7EE276AB7EE56
:10DCB000001A5FED450AB0EE660A01F06DFE87EDD1
:10DCC000250A97ED297AD7ED257A67EE277A07F5A9
:10DCD0009073A3F58273C3ED017A07F59073A3F5F2
:10DCE00088731B68D3ED007A07F59073A3F58873EA
:10DCF0001B6893ED017A07F59073A3F586731B6893
:10DD000003F54053B3F8F433013B07F59072A2F5E5
:10DD1000867212687A33DB0013440433D3ED006A51
:10DD200007F59073A3F586731B6803F54053B3F8AA
:10DD3000F433013B07F59072A2F5867212687A33CC
:10DD4000DB001344083393ED006AF0EE461AB0EEA0
:10DD5000661AF0EE470AB0EE670A01F0EDFD87EDB6
:10DD6000240A07F59073A3F586731B6803F54053E7
:10DD7000B3F8F433013B07EE903AF8EEE77AB7EEEA
:10DD8000007A77EEC77AC7ED237A07F59073A3F58B
:10DD900086731B6803F54053D3EDFE7A97ED237A23
:10DDA000B4EEE77AF1EE10FA0FD807F59073A3F509
:10DDB00086731B68D3EDD37A97ED247AB4EEE77AB5
:10DDC000F1EE10FA01D5012300E0002387F88B3033
:10DDD00007F59073A3F586731B6803F5405393ED25
:10DDE000FE7AD7ED237AF1EE046A77EEE67AB4EEA6
:10DDF000E77AF1EE10FA50DBB24B1B8801339AB28E
:10DE0000B04B1A80AF4B1B88312B8CBF01230023F2
:10DE1000DBB2002B41D007F59073A3F586731B6826
:10DE200003F54053D3EDFE7AB7EEE73A07F590736A
:10DE3000A3F586731B6803F54053B3F8F433013B35
:10DE4000D7ED247AB7EEE77A07F59072A2F58672DD
:10DE50001268D2EDD36AB7EEE66A97F88B20D7ED59
:10DE6000475AB7EEE55A07F59071A1F58271D1EDE9
:10DE7000004AB7EEE44A8DED0A4B8DED085B069241
:10DE80008DED046B8DED027B009353EC132B8E48CC
:10DE9000F8F7FCFD8B4B00221A80002387F8033132
:10DEA0000023A7F8003107F59073A3F586731B686C
:10DEB00003F5405393F8082407F59073A3F5867390
:10DEC0001B6803F5405393F8F6339A4275D207F571
:10DED0009073A3F586731B6803F5405393F80834D9
:10DEE000194607F59073A3F586731A6841F6E8138F
:10DEF0000B445B0013449B88A7F8003107F590732F
:10DF0000A3F588731B68D3ED007A07F59073A3F52A
:10DF100088731B6893ED017AB7F8003107F59072AA
:10DF2000A2F5867212687A33DB0013440433D3ED12
:10DF3000006AB7F8003107F59072A2F58672126890
:10DF40007A33DB001344083393ED006AF0EE461A8F
:10DF5000B0EE661AF0EE470AB0EE670A01F0ECFC8C
:10DF600087ED210A07F59073A3F586731B6803F507
:10DF7000405393EDFE7AB7F8003107EE903AF8EE91
:10DF8000677AF7EE006A77EEE67AB4EEE77AF1EEBA
:10DF900010FA0FDB07F59073A3F586731B68D3EDBA
:10DFA000D37A97ED217AB4EEE77AF1EE10FA01D543
:10DFB000012300E0002387F8033197F88B30002B12
:10DFC00000F0868007F59073A3F582734FF000028E
:10DFD0001A6007F59073A3F582734FF000025A6040
:10DFE00007F59073A3F586731B6803F5405303F29E
:10DFF0001C4393ED007A07F59073A3F586731B68B5
:10E00000D3EDC77A77EE277A07F59073A3F5867379
:10E010001B6803F5405303F21C43C3ED007A07F578
:10E020009073A3F586731B6803F5405303F21C43FA
:10E0300093ED007A07F59073A3F586731B68D3ED13
:10E04000D47AB4EEE77AF1EE10FA2EDB07F590738E
:10E05000A3F586731B6803F54053D3EDFE7AB7EE44
:10E06000E76AD7ED247AB7EEE77A8DED007B53ECC3
:10E07000162B1648F8F70AFD07F59073A3F586737B
:10E08000186800F006FE07F59073A3F586731B6809
:10E0900003F54053002283F8F72307F59073A3F5A7
:10E0A00086730021186800F099FD07F59073A3F5B9
:10E0B000827207F1240392E8030083E8030000F072
:10E0C00075BD00BF10040224E0D4030830D5030856
:10E0D00097F80331002B00F0228107F59073A3F528
:10E0E00086731B6803F5405393F8253483F00103CE
:10E0F000DBB2002B69D007F59073A3F586731B681C
:10E1000003F5405393F808341D46B7F8004107F56E
:10E110009073A3F586731B6803F54053D3EDFE7A25
:10E12000B7EEE78A07F59073A3F588731B68D3ED04
:10E13000007A07F59073A3F588731B6893ED017A55
:10E14000B7F8003107F59072A2F5867212687A333B
:10E15000DB0013440433D3ED006AB7F8003107F550
:10E160009072A2F5867212687A33DB00134408338A
:10E1700093ED006AF0EE461AB0EE661AF0EE470A2A
:10E18000B0EE670A01F0D8FBF0EE407AB7EEE77A1E
:10E190008DED027B8DED008B22462946DA48F8F79B
:10E1A00075FCB7F8002107F59073A3F58673114647
:10E1B000186800F041FD07F59073A3F586731B689E
:10E1C00003F54053012283F8252407F59073A3F546
:10E1D00082734FF000021A6007F59073A3F5827303
:10E1E0004FF000025A6007F59073A3F586731B6821
:10E1F00003F5405303F21C4393ED007A07F5907347
:10E20000A3F586731B68D3EDC77A77EE277A07F5F7
:10E210009073A3F586731B6803F5405303F21C4308
:10E22000C3ED007A07F59073A3F586731B6803F5B9
:10E23000405303F21C4393ED007A07F59073A3F566
:10E2400086731B68D3EDD57AB4EEE77AF1EE10FA57
:10E2500059DB07F59073A3F586731B6803F54053EC
:10E2600093F808341946B7F8002107F59073A3F521
:10E2700086731B68D3EDD57AB7EEE77A8DED007B18
:10E28000A248F8F703FCB7F8002107F59073A3F54F
:10E2900086731146186800F0E5FC07F59073A3F546
:10E2A00086731B6803F5405393F808340133DAB2E0
:10E2B00007F59073A3F586731B6803F5405383F845
:10E2C000082407F59073A3F586731B6803F5405384
:10E2D00003F21C434FF000021A6007F59073A3F598
:10E2E00086731B6803F5405303F214434FF000029A
:10E2F0001A6007F59073A3F586731B6803F5405306
:10E30000002283F8252407F59073A3F5827207F1A4
:10E31000240392E8030083E8030000F047BC07F5FC
:10E320009073A3F586731B6803F5405303F21C43F7
:10E330004FF000021A6007F59073A3F586731B680F
:10E3400003F54053002283F8252407F59073A3F5C5
:10E3500086731B68D3EDD87A9FED6D7AF4EEC77A99
:10E36000F1EE10FA1FDD07F59073A3F586731B68B5
:10E3700003F5405393EDFF7A07F59073A3F5867389
:10E380001B6803F54053D3EDFF7A67EE276A07F564
:10E390009073A3F586731B68D3EDD87A37EEA77A0E
:10E3A000C6EE877A01E0F6EE007AC7ED207A97EDA7
:10E3B000357AD7ED207AB4EEE77AF1EE10FA06D48A
:10E3C000D7ED357AF5EEC07AF1EE10FA01D50123DA
:10E3D00000E0002387F87F3097F87F30002B00F0B3
:10E3E000798197F88B3083F00103DBB2002B00F0CA
:10E3F000718107F59073A3F586731B6803F540538D
:10E40000B3F8F433013B07F59072A2F586721268F7
:10E410007A33DB001344043393ED007A07F59073ED
:10E42000A3F588731B68D3ED007A77EE677AC7EDA2
:10E430001E7A07F59073A3F586731B6803F54053A6
:10E44000B3F8F433013B07F59072A2F586721268B7
:10E450007A33DB001344083393ED007A07F59073A9
:10E46000A3F588731B68D3ED017A77EE677AC7ED61
:10E470001D7AD7ED1E7A27EEA77AD7ED1D7A67EEC3
:10E48000A77A77EE277AB0EE670A1AF011FD87EDCA
:10E490001C0AD7ED1E0A97ED1D0A1AF015FA87ED32
:10E4A0001B0A07F59073A3F588731B68D3ED027AF6
:10E4B00097ED1B7A77EE677AB0EE670A01F0F0F914
:10E4C00087ED3F0A07F59073A3F586731B68D3EDBC
:10E4D000D87A9FED0F7AF4EEC77AF1EE10FA1BDDD1
:10E4E00007F59073A3F586731B68D3EDD87A37EEE2
:10E4F000A77AD7ED1C7A67EE277AB0EE670A1AF092
:10E50000D7FC87ED3E0A14E060D5030898D50308D0
:10E51000BD3786350000000007F59073A3F58673BC
:10E520001B68D3EDCC7A97ED1C7A67EE277AC7ED9E
:10E530003E7A07F59073A3F586731B6893EDCE7A48
:10E5400007F59073A3F58A73D3ED007AF0EEE77ABE
:10E5500067EE277A97ED3E7A77EE677A5FED130ADA
:10E56000B0EE670A1AF0D0FE87ED3E0A07F5907309
:10E57000A3F586731B6803F54053D3EDFF7AF0EEE5
:10E58000670A97ED3E0A1AF0DCFE87ED3E0AD7EDEA
:10E590003F7AB0EEE77A07F59073A3F586731B68B0
:10E5A000D3EDD67AB4EEE77AF1EE10FACCBF0123C0
:10E5B000002387F86B3097F86B30002B2AD0D7ED0B
:10E5C0003F7AB7EEE77A9FEDCE6B37EE067BF7EE3C
:10E5D000C77BB0EE670A01F063F987ED3F0AD7ED1C
:10E5E0003E7AB1EE678A97ED3F0A1AF085FBF0EEAE
:10E5F000407ADFEDC60AB0EE670A1AF085FEF0EE4B
:10E60000407A68EE277A07F59073A3F58273C3ED1D
:10E61000007A17E097ED3F0A1AF06EFBF0EE407AB1
:10E62000DFEDBA0AB0EE670A1AF06EFEB0EE407A7D
:10E63000D7ED3E7A67EE277A07F59073A3F58273DC
:10E64000C3ED007A07F59073A3F586731B6893ED0D
:10E65000C87AD7ED3F7A27EE277A07F59073A3F5AE
:10E6600086731B68D3EDD07AF1EE677A07F5907365
:10E67000A3F586731B68D3EDD06AB0EE661AF0EE90
:10E68000670AB0EE470A01F087F987ED190A07F526
:10E690009073A3F586731B68D3EDD37A77EEA77AD0
:10E6A00097ED1C7AC7EE276AB7EE001ADFED970ADE
:10E6B000B0EE660A01F070F987ED180A97ED197A45
:10E6C000D7ED187A67EE277A07F59073A3F5827372
:10E6D000C3ED017A07F59073A3F586731B6803F504
:10E6E000405393F8082407F59073A3F586731B68CD
:10E6F00003F5405393F8F6339A4280F0E78197F898
:10E70000033183F00103DBB2002B00F0DF8107F55A
:10E710009073A3F586731B6803F5405393F8083490
:10E72000194607F59073A3F586731A6841F6E81346
:10E730000B445B0013449B88A7F85E30B7F85E304B
:10E7400007F59072A2F5867212687A33DB001344E3
:10E7500004331B68BB65B7F85E3007F59072A2F50D
:10E76000867212687A33DB00134408331B687B65BA
:10E7700007F59073A3F588731B68D3ED007A97EDC6
:10E78000167A77EE677AC7ED147A07F59073A3F5DA
:10E7900088731B68D3ED017A97ED157A77EE677A67
:10E7A000C7ED137AD7ED147A27EEA77AD7ED137A4F
:10E7B00067EEA77A77EE277AB0EE670A1AF078FB51
:10E7C00087ED120A07F59073A3F586731B68D3EDE6
:10E7D000D87A9FED4D7AF4EEC77AF1EE10FA1FDD8C
:10E7E00007F59073A3F586731B6803F5405393ED0B
:10E7F000FF7A07F59073A3F586731B6803F5405302
:10E80000D3EDFF7A67EE276A07F59073A3F5867359
:10E810001B68D3EDD87A37EEA77AC6EE877A01E087
:10E82000F6EE007AC7ED117AB7F85E3007F5907210
:10E83000A2F58672126803F6F4039B0013440433B6
:10E8400093ED007AD7ED387A77EE677AC7ED107AD4
:10E8500097ED107AD7ED117AB4EEE77AF1EE10FA6F
:10E8600006D4D7ED107AF5EEC07AF1EE10FA01D5A4
:10E87000012300E0002387F83F3097F83F30002B5A
:10E8800000F02481D7ED140A97ED130A1AF01CF852
:10E8900087ED0E0A07F59073A3F588731B68D3ED17
:10E8A000027A97ED0E7A77EE677AB0EE670A00F09B
:10E8B000F7FF87ED3D0A07F59073A3F586731B6894
:10E8C000D3EDD87A9FED107AF4EEC77AF1EE10FA14
:10E8D0001EDD07F59073A3F586731B68D3EDD87A18
:10E8E00037EEA77AD7ED127A67EE277AB0EE670A8D
:10E8F0001AF0DEFA87ED3C0A17E000BFAFF30080A4
:10E90000182D4454FB210940BD3786350000000016
:10E9100007F59073A3F586731B68D3EDCC7A97ED5A
:10E92000127A67EE277AC7ED3C7A07F59073A3F564
:10E9300086731B6893EDCE7A07F59073A3F58A73FF
:10E94000D3ED007AF0EEE77A67EE277A97ED3C7A1E
:10E9500077EE677A5FED130AB0EE670A1AF0D4FC1F
:10E9600087ED3C0A07F59073A3F586731B6803F5E2
:10E970004053D3EDFF7AF0EE670A97ED3C0A1AF0A8
:10E98000E0FC87ED3C0AD7ED3D7AB0EEE77A07F57B
:10E990009073A3F586731B68D3EDD67AB4EEE77A4D
:10E9A000F1EE10FACCBF0123002387F8373097F837
:10E9B0003730002B2AD0D7ED3D7AB7EEE77A9FEDBE
:10E9C000846B37EE067BF7EEC77BB0EE670A00F08C
:10E9D00067FF87ED3D0AD7ED3C7AB1EE678A97ED88
:10E9E0003D0A1AF089F9F0EE407ADFED7B0AB0EECD
:10E9F000670A1AF089FCF0EE407A68EE277A07F58C
:10EA00009073A3F58273C3ED007A17E097ED3D0A8A
:10EA10001AF072F9F0EE407ADFED6F0AB0EE670A95
:10EA20001AF072FCB0EE407AD7ED3C7A67EE277AA6
:10EA300007F59073A3F58273C3ED007A07F5907321
:10EA4000A3F586731B6893EDC87AD7ED3D7A27EE60
:10EA5000277A07F59073A3F586731B68D3EDD07AF8
:10EA6000F1EE677A07F59073A3F586731B68D3ED13
:10EA7000D06AB0EE661AF0EE670AB0EE470A00F010
:10EA80008BFF87ED0C0A07F59073A3F586731B685F
:10EA9000D3EDD37A77EEA77A97ED127AC7EE276A8D
:10EAA000B7EE001ADFED4C0AB0EE660A00F074FF14
:10EAB00087ED0B0A97ED0C7AD7ED0B7A67EE277A84
:10EAC00007F59073A3F58273C3ED017A07F5907390
:10EAD000A3F586731B6803F54053B3F8F42307F5D9
:10EAE0009073A3F586731B68A3F8722307F59073E0
:10EAF000A3F586731B6803F54053D3EDFE7AFCEE55
:10EB0000E77A17EE903A9AB207F59073A3F58673F9
:10EB10001B68A3F8742307F59073A3F586731B682D
:10EB200003F5405303F20C431A6807F59073A3F5FD
:10EB300086731B68C3F8782307F59073A3F5867373
:10EB40001B6803F5405303F582631A6807F5907359
:10EB5000A3F586731B68C3F87C23DFED1F0A97EDCE
:10EB6000350A1AF0D1FBF0EE407A07F59073A3F561
:10EB700086731B68C3EDE67A07F59073A3F5867379
:10EB80001B6803F54053D3F8F82307F59073A3F5FA
:10EB900086731B68C3F89C2307F59073A3F58272F4
:10EBA00007F1240392E8030083E803007A6ABB6A52
:10EBB00007EE102A07EE903AB0EE470AF0EE670A29
:10EBC00007F59077BD46BDEC028BB0BDAFF300807A
:10EBD000182D4454FB2109400000000080B582B08C
:10EBE00000AF78600B46FB707B6893F81833FA78B7
:10EBF0009A4210D07B68FA7883F8182300220F21FC
:10EC0000786800F0A5F87B6803F52573FA7811465B
:10EC1000184600F01AFF00BF0837BD4680BD80B51A
:10EC200082B000AF786000220021786800F090F890
:10EC300000BF0837BD4680BD80B582B000AF7860A8
:10EC40000B467B807B881A460221786800F080F8AA
:10EC50007B687A881146184600F01DFF00BF083710
:10EC6000BD4680BD80B582B000AF78600B467B802A
:10EC70007B881A460321786800F06AF87B68843341
:10EC80007A881146184600F006FF00BF0837BD46D7
:10EC900080BD80B582B000AF786000220621786820
:10ECA00000F056F87B6803F584730021184600F0E5
:10ECB00018FF00BF0837BD4680BD80B582B000AFE9
:10ECC000786000220721786800F042F87B6803F53D
:10ECD000C6730021184600F004FF00BF0837BD4688
:10ECE00080BD80B582B000AF7860002208217868CE
:10ECF00000F02EF87B6803F504730021184600F03D
:10ED0000F0FE00BF0837BD4680BD000080B582B070
:10ED100000AF7860054A7B681A607B681846F7F791
:10ED20005FFA7B6818460837BD4680BD2CE00308B3
:10ED300080B582B000AF78607868FFF7E7FF4821C0
:10ED4000786819F049FD7B6818460837BD4680BDD4
:10ED5000B0B5A4B000AF78600B46FB7013463B80A3
:10ED6000FB7887F850307B6807F1540403F55B7536
:10ED70000FCD0FC40FCD0FC40FCD0FC42B68236070
:10ED80000F4B1B68C7F888303B88A7F88C300023EE
:10ED900087F88E3007F1500207F108031146184634
:10EDA00000F0C6FE07F108031846F7F7C3FE07F1A7
:10EDB00008031846FFF7AAFF9037BD46B0BD00BF55
:10EDC0002077022480B594B000AFF860B9604FF0AE
:10EDD00000037B614FF00003BB61FB6893EDE97AB0
:10EDE000BB68D3ED027A77EE677AB0EE670A00F07F
:10EDF00057FD87ED130AFB68FA6CC3F88423FB68A0
:10EE0000D3EDEB7AF5EEC07AF1EE10FA03DDFB6894
:10EE1000D3F8AC3302E0FB68D3F84033BB64FB6843
:10EE2000D3EDCA7AF5EEC07AF1EE10FA03DDFB6895
:10EE3000D3F8283302E0FB68D3F820337B64FB6807
:10EE4000D3EDCB7AF5EEC07AF1EE10FA03DDFB6874
:10EE5000D3F82C3302E0FB68D3F824333B6497EDFE
:10EE6000117AD7ED137A67EE277AC7ED0F7AFB6830
:10EE700003F5405303F214431B68BB6397ED0F7A0D
:10EE8000D7ED0E7A77EE277AC7ED0D7AD7ED127AA5
:10EE9000F1EE677A97ED121AF0EE670A97ED0D0A18
:10EEA00000F07AFD87ED0C0A97ED0D7AD7ED0C7A1C
:10EEB00077EE677AF0EEE77A9FED8F7AF4EEC77A15
:10EEC000F1EE10FACCBF0123002387F82F3097F81A
:10EED0002F30002B21D097ED0D7AD7ED0C7AB4EEC0
:10EEE000E77AF1EE10FA06DDD7ED137AF5EEC07A87
:10EEF000F1EE10FA0FDC97ED0D7AD7ED0C7AB4EE47
:10EF0000E77AF1EE10FA08D5D7ED137AF5EEC07A6C
:10EF1000F1EE10FA01D5012300E0002387F82E302E
:10EF200097F82E3083F00103DBB2002B44D0FB684E
:10EF300003F5405303F2144393ED007AD7ED106AC2
:10EF4000D7ED137A66EEA76AFB68D3EDC77A66EE53
:10EF5000A77A77EE277AFB6803F5405303F2144350
:10EF6000C3ED007ADFED650A97ED100A1AF0CCF9CF
:10EF7000F0EE406A97ED127AC7EE267AC7ED0A7A6C
:10EF8000FB6803F5405303F2144393ED007AD7ED89
:10EF90000A7AF1EE677A97ED0A1AF0EE670AB0EE98
:10EFA000470A00F0F9FCF0EE407AFB6803F54053A5
:10EFB00003F21443C3ED007A3B6BBB61504B7B62A1
:10EFC000D7ED137AF0EEE77A97ED097AB4EEE77AA7
:10EFD000F1EE10FA43DDFB6803F5405303F21C43E6
:10EFE00093ED007AFB68D3EDC77A77EE277AFB685A
:10EFF00003F5405303F21C43C3ED007AFB6803F5AD
:10F00000405303F21C4393ED007AFB68D3EDD47AAE
:10F01000B4EEE77AF1EE10FA29DBFB6803F5405312
:10F0200003F214434FF000021A60FB6803F54053EB
:10F0300003F21C434FF000021A600021F868FFF74A
:10F04000CDFD00220D21F868FFF782FE07F11C03B9
:10F0500007F1140292E8030083E803003FE0FB6835
:10F0600003F5405303F21C434FF000021A60FB68A3
:10F07000D3EDEA7AF5EEC07AF1EE10FA27DDFB68FF
:10F0800003F5405303F5846393ED007AFB68D3EDF9
:10F09000EA7AB4EEE77AF1EE10FA18DDFB6803F5D0
:10F0A000405303F214434FF000021A60FB6803F56B
:10F0B000405303F21C434FF000021A600021F8682D
:10F0C000FFF78CFD00220E21F868FFF741FE07F1E3
:10F0D0001C0307F1140292E8030083E80300FA69B5
:10F0E0003B6A07EE102A07EE903AB0EE470AF0EEC0
:10F0F000670A5037BD4680BDBD3786350AD7233CE9
:10F10000CDCC4C3D0000000080B52DED028BAAB0A7
:10F1100000AF7861396187ED030A4FF00003FB61AE
:10F120004FF000033B627B6993EDED7A3B69D3EDD1
:10F13000007A77EE677AC7ED247A7B6993EDEE7AF1
:10F140003B69D3ED017A77EE677AC7ED237AD7ED85
:10F15000247A27EEA77AD7ED237A67EEA77A77EE9F
:10F16000277AB0EE670A19F0A3FE87ED220A7B69C1
:10F17000D3EDD37A97ED227AB4EEE77AF1EE10FA76
:10F1800064D57B6903F5405303F21C4393ED007A89
:10F190007B69D3EDC77A77EE277A7B6903F5405315
:10F1A00003F21C43C3ED007A7B6903F5405303F27D
:10F1B0001C4393ED007A7B69D3EDD47AB4EEE77A01
:10F1C000F1EE10FA2FDB7B6903F5405303F2144391
:10F1D0004FF000021A607B6903F5405303F5836327
:10F1E0004FF000021A607B6903F5405303F21C43A1
:10F1F0004FF000021A607B6903F54053002283F848
:10F20000242400217869FFF7E9FC00220A217869AB
:10F21000FFF79EFD07F1240307F11C0292E80300AB
:10F2200083E803002DE37B694FF00002C3F88823D5
:10F230007B69D7F88820C3F8982307F1240307F1E6
:10F240001C0292E8030083E803001AE37B6903F5DC
:10F25000405303F21C434FF000021A60D7ED240A1A
:10F2600097ED230A19F030FB87ED210A3B69D3EDB6
:10F27000027A97ED217A77EE677AB0EE670A00F0AE
:10F280000FFB87ED200AD7ED207AF0EEE77AC7ED85
:10F290001F7A7B6903F5405393F8243483F001030C
:10F2A000DBB2002B18D07B69D3EDD67A97ED1F7AAD
:10F2B000B4EEE77AF1EE10FA0EDD7B6903F5405308
:10F2C000012283F824247B6903F5405303F214439D
:10F2D0004FF000021A601EE07B6903F5405393F87B
:10F2E0002434002B17D07B69D3EDD77A97ED1F7AA2
:10F2F000B4EEE77AF1EE10FA0DD57B6903F54053D1
:10F30000002283F824247B6903F5405303F214435D
:10F310004FF000021A607B69D3F84433BB677B6906
:10F32000D3F8B433C7F8A4307B69D3F8B833C7F83F
:10F33000A030D7ED227A9FED687AF4EEC77AF1EE2D
:10F3400010FA44DDD7ED1E7A9FED637AF4EEC77AAA
:10F35000F1EE10FA3BDD97ED227AD7ED1E7A77EECB
:10F36000677ADFED5F0AB0EE670A19F0CDFF87ED2F
:10F370001D0AD7ED227A9FED587A37EE877AF7EE9D
:10F38000006AC6EE877AC7ED1C7A7B6993EDED7A49
:10F39000D7ED246AD7ED1C7A66EEA76AD7ED1D7A01
:10F3A00066EEA77A77EE677AC7ED297A7B6993EDE7
:10F3B000EE7AD7ED236AD7ED1C7A66EEA76AD7ED11
:10F3C0001D7A66EEA77A77EE677AC7ED287A3B69F1
:10F3D000D3ED007A97ED297A77EE677AC7ED1B7A3D
:10F3E0003B69D3ED017A97ED287A77EE677AC7ED1E
:10F3F0001A7AD7ED1B0A97ED1A0A19F065FA87ED0C
:10F40000270AD7ED1B7A27EEA77AD7ED1A7A67EE8F
:10F41000A77A77EE277AB0EE670A19F049FD87EDF3
:10F42000190A7B6903F5405393F82434002B0FD05D
:10F43000D7ED277AB7EEE77A9FED256B37EE067B9F
:10F44000F7EEC77BB0EE670A00F02AFA87ED270ACD
:10F450003B69D3ED027A97ED277A77EE677AB0EEC3
:10F46000670A00F01DFA87ED180A7B693A6EC3F847
:10F4700084237B69D3EDF07AF5EEC07AF1EE10FAD1
:10F4800003DD7B69D3F8C03302E07B69D3F83C33FA
:10F49000FB657B69D3EDD87AF5EEC07AF1EE10FA10
:10F4A00020DDD7ED227AF5EEC07AF1EE10FA19DD03
:10F4B0007B69D3EDD87A37EEA77AD7ED227A67EE5B
:10F4C000277AB0EE670A19F0F3FC87ED260A12E0FE
:10F4D000182D4454FB210940BD3786350AD7233CFB
:10F4E000000000007B69D3EDCC7A97ED227A67EEBD
:10F4F000277AC7ED267A7B6993EDCE7AD7ED037A2A
:10F50000F0EEE77A67EE277A97ED267A77EE677A5C
:10F510005FED0D0AB0EE670A19F0F6FE87ED260AD8
:10F520007B6903F5405303F583631B68BB6597ED67
:10F53000267AD7ED167A77EE277AC7ED157A97ED0A
:10F54000171A5FED190A97ED150A00F025FA87EDF5
:10F55000140A97ED157AD7ED147A77EE677AF0EE04
:10F56000E77A1FED237AF4EEC77AF1EE10FA33D57D
:10F570007B6903F5405303F5836393ED007A7B6960
:10F58000D3EDCD6AD7ED197A66EEA76A7B69D3ED24
:10F59000C77A66EEA77A77EE277A7B6903F5405340
:10F5A00003F58363C3ED007A7B6903F5405303F5EC
:10F5B0008363D3ED007A97ED171A5FED370AB0EE4B
:10F5C000670A00F0E9F9F0EE407A7B6903F54053F1
:10F5D00003F58363C3ED007A97ED180A19F08CFBED
:10F5E000F0EE407A5FED420AB0EE670A19F08CFE49
:10F5F00087ED130A97ED147AD7ED137A67EE277A21
:10F60000C7ED257A7B6903F5405393F82434002B2A
:10F6100005D0D7ED257AF1EE677AC7ED257AD7F8D0
:10F620009430FB617B69D3EDC87A97ED187A67EE69
:10F63000277AC7ED127A7B6903F5405303F214432E
:10F640001B687B6497ED127AD7ED117A77EE277AF3
:10F65000C7ED107A7B69D3EDD07AF1EE677A7B69DA
:10F6600093EDD07AB0EE471AF0EE670A97ED100AE4
:10F6700000F092F987ED0F0A97ED107AD7ED0F7A27
:10F6800077EE677AF0EEE77A1FED6D7AF4EEC77ADF
:10F69000F1EE10FACCBF0123002387F83B3097F836
:10F6A0003B30002B21D097ED107AD7ED0F7AB4EED6
:10F6B000E77AF1EE10FA06DDD7ED187AF5EEC07AAA
:10F6C000F1EE10FA0FDC97ED107AD7ED0F7AB4EE69
:10F6D000E77AF1EE10FA08D5D7ED187AF5EEC07A90
:10F6E000F1EE10FA01D5012300E0002387F83A304B
:10F6F00097F83A3083F00103DBB2002B49D07B69E5
:10F7000003F5405303F2144393ED007A7B69D3ED84
:10F71000C96AD7ED187A66EEA76A7B69D3EDC77A16
:10F7200066EEA77A77EE277A7B6903F5405303F2FA
:10F730001443C3ED007A7B6993EDD08A7B69D3EDE6
:10F74000C97A5FED9A0AB0EE670A19F0DDFDB0EEF6
:10F75000407AC8EE077AC7ED0D7A7B6903F540530E
:10F7600003F2144393ED007AD7ED0D7AF1EE677A48
:10F7700097ED0D1AF0EE670AB0EE470A00F00CF9AB
:10F78000F0EE407A7B6903F5405303F21443C3ED76
:10F79000007A7B69D3EDD37A77EEA77AC7ED0C7A3E
:10F7A00097ED227AD7ED0C7AC7EE276AB7EE001AEA
:10F7B0005FEDB50AB0EE660A00F0EEF887ED0B0AD1
:10F7C00097ED0F7AD7ED0B7A67EE277AC7ED087AB7
:10F7D0007B69D3EDEF7AF5EEC07AF1EE10FA35DD04
:10F7E0007B6903F5405303F5846393ED007A7B69ED
:10F7F000D3EDEF7AB4EEE77AF1EE10FA26DD7B690D
:10F8000003F5405303F214434FF000021A607B6982
:10F8100003F5405303F583634FF000021A607B69E0
:10F8200003F5405303F21C434FF000021A607B695A
:10F8300003F54053002283F8242400217869FFF760
:10F84000CDF900220B217869FFF782FA7B69D7F89E
:10F85000A420C3F878237B69D7F8A020C3F87C23C1
:10F860007B693A6DC3F888237B69D7F88820C3F891
:10F87000982307F1240307F11C0292E8030083E8B0
:10F8800003007A6ABB6A07EE102A07EE903AB0EEE0
:10F89000470AF0EE670AA837BD46BDEC028B80BD73
:10F8A00080B483B000AF87ED010A0BE0D7ED017A99
:10F8B000B7EEE77A9FED1A6B37EE467BF7EEC77B24
:10F8C000C7ED017AD7ED017AB7EEE77A9FED166BB7
:10F8D000B4EEC67BF1EE10FAE8DC0BE0D7ED017A6E
:10F8E000B7EEE77A9FED0E6B37EE067BF7EEC77B40
:10F8F000C7ED017AD7ED017AB7EEE77A9FED0C6B91
:10F90000B4EEC67BF1EE10FAE8D47B6807EE903ACD
:10F91000B0EE670A0C37BD465DF8047B704700BF48
:10F92000182D4454FB211940182D4454FB21094043
:10F93000182D4454FB2109C080B586B000AF87ED77
:10F94000030AC7ED020A87ED011AC7ED001A97ED09
:10F95000017AD7ED037A77EE677AC7ED057A97EDEE
:10F96000007AD7ED027A77EE677AC7ED047AD7EDA1
:10F97000057A27EEA77AD7ED047A67EEA77A77EEB5
:10F98000277AB0EE670A19F093FAF0EE407AB0EEFB
:10F99000670A1837BD4680BD80B485B000AF87EDDB
:10F9A000030AC7ED020A87ED011A97ED037AD7ED36
:10F9B000027AB4EEE77AF1EE10FA01D5BB680BE0FB
:10F9C00097ED037AD7ED017AB4EEE77AF1EE10FA0B
:10F9D00001DD7B6800E0FB6807EE903AB0EE670A55
:10F9E0001437BD465DF8047B7047B0B582B000AFF8
:10F9F00078607B6800221A607B68043303241D460C
:10FA000004E0284600F0ACF8013C2035002CF8DA80
:10FA10007B6818460837BD46B0BDB0B582B000AFB0
:10FA200078607B6800221A607B68043303241D46DB
:10FA300004E0284600F0B2F8013C2035002CF8DA4A
:10FA40007B6818460837BD46B0BD80B584B000AFAE
:10FA500078600B46FB700023FB6014E07A68FB685B
:10FA60005B01134408331B78002B09D0FB685B0152
:10FA70007A6813440433FA781146184600F0ACF85B
:10FA8000FB680133FB60FB68032BE7DD00BF00BFB1
:10FA90001037BD4680BD80B584B000AF78600B469E
:10FAA0007B800023FB6014E07A68FB685B011344F1
:10FAB00008331B78002B09D0FB685B017A6813447C
:10FAC00004337A8811461846F7F76EFBFB6801335A
:10FAD000FB60FB68032BE7DD00BF00BF1037BD46AE
:10FAE00080BD80B584B000AF78600B46FB7000230A
:10FAF000FB6014E07A68FB685B01134408331B78F1
:10FB0000002B09D0FB685B017A6813440433FA7850
:10FB10001146184600F071F8FB680133FB60FB6882
:10FB2000032BE7DD00BF00BF1037BD4680BD0000DE
:10FB300080B582B000AF786039607B681846F7F70F
:10FB40006FF8064A7B681A603968786800F066F8D2
:10FB50007B6818460837BD4680BD00BF2CE003080F
:10FB600080B582B000AF78607B681846F6F756FA29
:10FB7000094A7B681A607B6800221A717B68083327
:10FB80000021184600F05AF87B6800221A717B6841
:10FB900018460837BD4680BD50E0030880B582B0E6
:10FBA00000AF78607B681846F6F738FA094A7B6838
:10FBB0001A607B6800221A717B680833002118469E
:10FBC00000F04AF87B6800221A717B6818460837F3
:10FBD000BD4680BD40E0030880B582B000AF7860CC
:10FBE0000B46FB707B680833FA781146184600F024
:10FBF00041F800BF0837BD4680BD80B582B000AF78
:10FC000078600B46FB707B680833FA78114618461B
:10FC100000F03FF800BF0837BD4680BD80B582B018
:10FC200000AF786039607B68083340223968184635
:10FC30001BF028FB00BF0837BD4680BD80B582B0F1
:10FC400000AF786039603968786800F031F87B6817
:10FC500018460837BD4680BD80B582B000AF7860D9
:10FC600039603968786800F034F87B6818460837DE
:10FC7000BD4680BD80B582B000AF78600B46FB709A
:10FC8000FB781946786800F035F800BF0837BD46A4
:10FC900080BD80B582B000AF78600B46FB70FB780A
:10FCA0001946786800F04FF800BF0837BD4680BDA0
:10FCB00080B483B000AF786039607B683A681A60BE
:10FCC0007B6800225A6100BF0C37BD465DF8047B9B
:10FCD000704780B483B000AF786039607B683A6861
:10FCE0001A607B6800225A6100BF0C37BD465DF880
:10FCF000047B704780B582B000AF78600B46FB7024
:10FD00007B685B69002B09D17B681B68002B05D0E1
:10FD10007B681B68FA781046984711E07B685B693E
:10FD2000002B0CD07B681B68002B08D07B685B69BC
:10FD30007A6810687A68111DFA78984700E000BF69
:10FD40000837BD4680BD80B582B000AF78600B46F5
:10FD5000FB707B685B69002B09D17B681B68002BFB
:10FD600005D07B681B68FA781046984711E07B68DD
:10FD70005B69002B0CD07B681B68002B08D07B686C
:10FD80005B697A6810687A68111DFA78984700E014
:10FD900000BF0837BD4680BD80B483B000AF786037
:10FDA00039607B6805221A707B6801221A727B68B1
:10FDB00000225A727B6853229A727B680022DA72A0
:10FDC0003B6803F108027B68DA607B6840221A8294
:10FDD00000BF78680C37BD465DF8047B70470000B3
:10FDE00080B582B000AF78607B68184615F0FDFAE8
:10FDF0007B685433184615F035F87B68A0331846F5
:10FE000015F0F3FA7B68F433184615F02BF87B688D
:10FE100003F5A073F822002118461BF08BF97B68CC
:10FE20001A4AC3F84C217B68184AC3F8C8217A687B
:10FE30007B6803F5A0731946104615F074FC7B68C7
:10FE400003F1A0027B6803F5DE731946104615F036
:10FE50006AFC7B6803F154027B6803F5C0731946A2
:10FE6000104615F01BF87B6803F1F4027B6803F57C
:10FE7000FE731946104615F011F8786800F008F87E
:10FE80007B6818460837BD4680BD00BF0AD7233CB3
:10FE900080B582B000AF78607B68184615F0D6FA5E
:10FEA0007B68A033184615F0D1FA7B6854331846A6
:10FEB00015F00EF87B68F433184615F009F87B68E6
:10FEC0004FF00002C3F840227B684FF00002C3F8F5
:10FED00044227B684FF00002C3F838227B684FF061
:10FEE0000002C3F83C227B684FF00002C3F84822AE
:10FEF0007B684FF00002C3F84C2200BF0837BD46B4
:10FF000080BDB0B582B000AF786039607868FFF727
:10FF1000BFFF7B683A6803F5A07415460FCD0FC488
:10FF20000FCD0FC40FCD0FC495E80F0084E80F006C
:10FF30007B683968184615F0F6FB00BF0837BD46E8
:10FF4000B0BDB0B582B000AF786039607868FFF7B7
:10FF50009FFF7B683A6803F5C07415460FCD0FC448
:10FF60000FCD0FC40FCD0FC495E8070084E807003C
:10FF70007B6854333968184614F090FF00BF083787
:10FF8000BD46B0BDB0B582B000AF7860396078686A
:10FF9000FFF77EFF7B683A6803F5DE7415460FCDE8
:10FFA0000FC40FCD0FC40FCD0FC495E80F0084E828
:10FFB0000F007B68A0333968184615F0B4FB00BF0A
:10FFC0000837BD46B0BDB0B582B000AF78603960CB
:10FFD0007868FFF75DFF7B683A6803F5FE741546A5
:10FFE0000FCD0FC40FCD0FC40FCD0FC495E8070080
:10FFF00084E807007B68F4333968184614F04EFF34
:020000040802F0
:1000000000BF0837BD46B0BD80B590B000AF786185
:10001000396187ED030AC7ED020A07F118030022D0
:100020001A605A607B6903F154023B69D3ED007A90
:10003000B0EE670A104615F02FF987ED0F0A7B69BD
:1000400003F1F4023B69D3ED017AB0EE670A104682
:1000500015F022F987ED0E0A7A693B69D3ED007A33
:10006000D7ED030AB0EE670A104615F076FB87ED70
:100070000D0A7B6903F1A0023B69D3ED017AD7ED4C
:10008000020AB0EE670A104615F067FB87ED0C0A0E
:1000900097ED0F7AD7ED0D7A77EE277AC7ED0B7AC9
:1000A00097ED0E7AD7ED0C7A77EE277AC7ED0A7ABC
:1000B00097ED0B7AD7ED0A7A77EE677AC7ED067A75
:1000C00097ED0B7AD7ED0A7A77EE277AC7ED077AA4
:1000D0007B6903F5107307F1180292E8030083E8C7
:1000E00003007B69FA68C3F838227B69BA68C3F8F1
:1000F0003C227B693A6903F5127392E8030083E8B6
:10010000030007F1200307F1180292E8030083E8D7
:1001100003003A6A7B6A07EE102A07EE903AB0EEC7
:10012000470AF0EE670A4037BD4680BD80B582B011
:1001300000AF786018F049FB02467B681A6000BF88
:100140000837BD4680BD80B582B000AF78603960A9
:1001500018F03BFB02463B68D21A7B681A607B684A
:1001600018460837BD4680BD80B582B000AF7860C4
:1001700018F02BFB02467B681B68D31A1846083719
:10018000BD4680BD80B483B000AF0346FB71FB79F0
:100190006E2B00F3E780002BC0F20B816E2B00F278
:1001A000088101A252F823F06B0302086F030208D2
:1001B000B3030208B30302087303020877030208BB
:1001C0007B030208B3030208B3030208B303020867
:1001D0007F030208B3030208B3030208B303020853
:1001E000B3030208B3030208B3030208B30302080F
:1001F000B303020883030208870302088B03020883
:10020000B3030208B3030208B3030208B3030208EE
:10021000B3030208B3030208B3030208B3030208DE
:10022000B3030208B30302088F0302089303020812
:10023000970302089B030208B3030208B3030208F2
:10024000B3030208B30302089F030208B3030208C2
:10025000B3030208B3030208B3030208B30302089E
:10026000B3030208B3030208B3030208B30302088E
:10027000B3030208B3030208B3030208B30302087E
:10028000B3030208B3030208B3030208B30302086E
:10029000B3030208B3030208A3030208B30302086E
:1002A000B3030208B3030208B3030208B30302084E
:1002B000B3030208B3030208B3030208B30302083E
:1002C000A7030208B3030208B3030208B30302083A
:1002D000B3030208B3030208B3030208B30302081E
:1002E000B3030208B3030208B3030208B30302080E
:1002F000B3030208B3030208B3030208B3030208FE
:10030000B3030208B3030208B3030208B3030208ED
:10031000B3030208B3030208B3030208B3030208DD
:10032000B3030208B3030208B3030208B3030208CD
:10033000B3030208B3030208B3030208B3030208BD
:10034000B3030208B3030208B3030208B3030208AD
:10035000B3030208B3030208B3030208B30302089D
:10036000AB030208FF2B22D023E0154B22E0154BF4
:1003700020E0154B1EE0154B1CE0154B1AE0154B09
:1003800018E0154B16E0154B14E0154B12E0154B19
:1003900010E0154B0EE0154B0CE0154B0AE0154B29
:1003A00008E0154B06E0154B04E0154B02E0154B39
:1003B00000E0144B18460C37BD465DF8047B7047CF
:1003C000C8D50308CCD50308D4D50308E0D5030865
:1003D000ECD50308F8D50308FCD5030808D60308B4
:1003E00014D6030824D603082CD6030838D60308ED
:1003F00044D6030854D603085CD6030864D6030821
:100400006CD6030874D6030880B483B000AF78605C
:100410007B6800221A607B6801221A747B684FF0A7
:100420000002DA617B68203300221A605A607B6820
:10043000283300221A605A607B68002283F830203B
:100440007B68FF2283F831207B68FF2283F832200B
:100450007B6818460C37BD465DF8047B704700008A
:1004600080B584B000AFF860384680E80E00FB68C5
:1004700004333A4607CA83E80700FB68BA695A6141
:10048000FB68FA699A61002201210120F2F748F81D
:1004900003460B4A1360002201210120F2F740F8C5
:1004A0000346084A1360002201210120F2F738F8C0
:1004B0000346054A1360002318461037BD4680BD29
:1004C00014040224180402241C04022480B584B0FD
:1004D00000AF78607B685B691B6810331B687A68C3
:1004E0005269104698470346FB73FB7B002B01D0F3
:1004F00001232DE06420F1F73AFF7B689B691B68BC
:1005000010331B687A689269104698470346FB735C
:10051000FB7B002B01D001231AE07B685B691B6821
:1005200008331B687A685269104698477B689B6954
:100530001B6808331B687A68926910469847064A18
:1005400079680648F1F781FE7B6801221A7400235E
:1005500018461037BD4680BD58E00308CB0D020891
:1005600080B582B000AF7860054A7B681A607B680E
:100570001846F5F735FE7B6818460837BD4680BD3E
:1005800084E0030880B582B000AF78607868FFF738
:10059000E7FF1021786818F01FF97B6818460837C4
:1005A000BD4680BD90B58BB000AF78607B681B7C8A
:1005B000022B04D02B48F6F769FA01244CE07B6843
:1005C000012283F8302040F6B8337B62F1F728FE31
:1005D000386202E00520F1F7CAFE7B6893F83030FC
:1005E000DBB2002B09D0F1F71BFE02463B6AD31A9F
:1005F0007A6A9A4201D9012300E00023002BE9D155
:100600007B681B7C012B23D107F1180300221A60A1
:100610005A6001233B76144B1B68FB6107F11802FB
:1006200007F108031146184600F0DCFB07F1080348
:100630001846F6F77FFA0C4B1B6819460B48F6F77D
:1006400025FA012407F108031846FFF789FF03E0A4
:100650000748F6F753FA0024234618462C37BD46C0
:1006600090BD00BF84D6030820770224B4D60308C7
:10067000D8D6030890B589B000AF78607B680222B5
:100680001A747B685B691B682C331B687A68526933
:10069000104698470120F1F76AFE7B689B691B684A
:1006A0002C331B687A6892691046984707F1180343
:1006B00000221A605A6002233B760D4B1B68FB61D7
:1006C00007F1180207F108031146184600F08AFBEB
:1006D00007F108031846F6F72DFA002407F108037E
:1006E0001846FFF73DFF234618462437BD4690BD08
:1006F0002077022480B588B000AFF860144B1B68E7
:100700004FF0FF311846F1F795FFFA6807F1100333
:10071000203292E8030083E803000D4B1B68184663
:10072000F1F7DAFF07F1180307F1100292E803006E
:1007300083E80300BA69FB6907EE102A07EE903AD6
:10074000B0EE470AF0EE670A2037BD4680BD00BF15
:100750001404022480B584B000AFF860B0EE407A93
:10076000F0EE607A87ED017AC7ED027A0B4B1B68D9
:100770004FF0FF311846F1F75DFFFB6828333A1D53
:1007800092E8030083E80300044B1B681846F1F766
:10079000A3FF00BF1037BD4680BD00BF1C0402246C
:1007A00080B584B000AF78600B4B1B684FF0FF3111
:1007B0001846F1F73FFF7B68DB69FB60064B1B685F
:1007C0001846F1F789FFFB6807EE903AB0EE670A2A
:1007D0001037BD4680BD00BF1804022490B591B00B
:1007E00000AF786000233B630023FB6207F11C032A
:1007F00000211846FFF7A7FC4FF00003BB614FF044
:1008000000037B614FF00003BB624FF000033B61CC
:100810004FF000037B62012387F83F306420F1F73B
:10082000A6FD0023BB6307F10C0300211846FFF768
:100830008AFCF1F7F5FC38637B681B7C012B40F0E8
:100840001582012387F837307B685B691B683C336E
:100850001B687A685269104698470220F1F787FDB5
:100860007B689B691B683C331B687A6892691046F9
:1008700098470220F1F77BFD07F11C031846FFF7AC
:1008800073FC0346B3F5FA6F8CBF01230023DBB280
:10089000002B27D007F11C031846FFF747FC7B68A5
:1008A0005B691B6820331B687A68526907F1140181
:1008B00010469847034687F83F3097F83F30002BA3
:1008C00040F05F82424B1B684FF0FF311846F1F752
:1008D000B1FE7A697B68DA613D4B1B681846F1F717
:1008E000FBFE4EE207F10C031846FFF73DFC034602
:1008F000B3F5FA6F8CBF01230023DBB2002B6DD060
:1009000007F10C031846FFF711FC7B685B691B6855
:1009100040331B687A68526907F10B01104698470B
:100920000346002B0CBF01230023DBB2002B1AD09F
:100930007B6893F83120FB7A9A4214D07B6893F855
:1009400031301846FFF71EFC0446FB7A1846FFF7C5
:1009500019FC03461A4621461E48F6F797F8FA7A1C
:100960007B6883F831200220F1F701FD7B689B69E9
:100970001B6840331B687A68926907F10A011046C8
:1009800098470346002B0CBF01230023DBB2002B4A
:1009900000F0F9817B6893F83220BB7A9A4200F02C
:1009A000F2817B6893F832301846FFF7EBFB044680
:1009B000BB7A1846FFF7E6FB03461A46214606486F
:1009C000F6F764F8BA7A7B6883F83220DBE100BF7F
:1009D0001804022410D7030834D703087B685B6926
:1009E0001B6824331B687A68526907F118011046A6
:1009F0009847034687F8363097F83630002B19D0E1
:100A00007B685B691B6834331B687A6852691046DF
:100A100098470220F1F7ABFC7B685B691B682433C5
:100A20001B687A68526907F1180110469847034617
:100A300087F8363097F83630002B02D0002387F83D
:100A400037300220F1F793FC012387F8353097F80F
:100A50003730002B32D07B689B691B6824331B68BE
:100A60007A68926907F1100110469847034687F8A3
:100A7000353097F83530002B19D07B689B691B689F
:100A800034331B687A689269104698470220F1F760
:100A90006EFC7B689B691B6824331B687A689269CB
:100AA00007F1100110469847034687F8353097F84C
:100AB0003530002B02D0002387F8373097F83630D6
:100AC000002B15D197F83530002B11D18F4B1B68B7
:100AD0004FF0FF311846F1F7ADFDBA697B681A6235
:100AE0003A697B685A62894B1B681846F1F7F4FD36
:100AF00097F83730002B7ED0854B1B684FF0FF31C5
:100B00001846F1F797FD7B689B6ABB627B68DB6ADE
:100B10007B627F4B1B681846F1F7DEFD7B685B69E3
:100B20001B6818331B687A68526997ED0A0A1046E9
:100B30009847034687F83F3097F83F30002B19D08D
:100B40007B685B691B6834331B687A68526910469E
:100B500098470220F1F70BFC7B685B691B68183330
:100B60001B687A68526997ED0A0A1046984703464F
:100B700087F83F3097F83F30002B02D0002387F8EA
:100B800037300220F1F7F3FB97F83730002B32D0E3
:100B90007B689B691B6818331B687A68926997EDBC
:100BA000090A10469847034687F83F3097F83F30C8
:100BB000002B19D07B689B691B6834331B687A68EB
:100BC0009269104698470220F1F7D1FB7B689B6938
:100BD0001B6818331B687A68926997ED090A1046FA
:100BE0009847034687F83F3097F83F30002B02D0F4
:100BF000002387F8373097F83730002B02D00023D6
:100C0000BB63A2E0BB6B0133BB63BB6B012B08D999
:100C10000821012001F0A8F80322B96B3D48F5F73F
:100C20006DFFBB6B022B40F290800821032001F086
:100C30009BF803213848F5F761FF7B6802221A749C
:100C40007B685B691B6828331B687A6852691046A9
:100C500098470220F1F78BFB7B689B691B68283360
:100C60001B687A689269104698476EE07B681B7C27
:100C7000022B6AD17B6893F83030DBB2002B4FD067
:100C80007B685B691B6808331B687A685269104689
:100C90009847034687F823300A20F1F768FB7B6802
:100CA0009B691B6808331B687A68926910469847ED
:100CB000034687F8223097F82330002B1DD197F890
:100CC0002230002B19D10023BB63104B1B684FF05F
:100CD000FF311846F1F7AEFC7B684FF000021A6254
:100CE0007B684FF000025A62084B1B681846F1F708
:100CF000F3FC7B6801221A7402E00848F5F7FEFE57
:100D00007B68002283F830201FE000BF1404022417
:100D10001C04022458D703087CD70308BCD7030857
:100D20007B685B691B682C331B687A6852691046C4
:100D300098470220F1F71BFB7B689B691B682C33EB
:100D40001B687A68926910469847F1F769FA02467B
:100D50003B6BD31AFB627B68DB68FA6A9A4203D961
:100D60000621012001F000F87B681B685A1C7B6893
:100D70001A607B68DA683B6B13441846F1F712FB84
:100D800057E500BF55E500BF53E500BF80B485B00F
:100D900000AF78607B681B7C3B737B6893F83130D5
:100DA0007B737B6893F83230BB7300233A7B62F32A
:100DB00007037A7B62F30F23BA7B62F3174318466B
:100DC0001437BD465DF8047B704780B584B000AF32
:100DD00078607B68FB60F868FFF700FD00BF1037A4
:100DE000BD4680BD80B582B000AF786039607B6859
:100DF0001846F5F715FF064A7B681A603968786867
:100E000000F008F87B6818460837BD4680BD00BF73
:100E100084E0030880B582B000AF786039607B68F9
:100E200008330822396818461AF02CFA00BF083730
:100E3000BD4680BD80B483B000AF786039607B6808
:100E400005221A707B6801221A727B6800225A728E
:100E50007B6854229A727B680022DA723B6803F145
:100E600008027B68DA607B6808221A8200BF786813
:100E70000C37BD465DF8047B704780B483B000AF8B
:100E8000786000BF0C37BD465DF8047B704780B4C6
:100E900083B000AF7860002318460C37BD465DF87C
:100EA000047B704780B483B000AF7860002318469D
:100EB0000C37BD465DF8047B704780B483B000AF4B
:100EC000786039603B68FF221A70012318460C379E
:100ED000BD465DF8047B704780B483B000AF786096
:100EE000044A7B681A607B6818460C37BD465DF87B
:100EF000047B704798E0030880B483B000AF78604B
:100F0000044A7B681A607B6818460C37BD465DF85A
:100F1000047B704798E0030880B582B000AF78602A
:100F20007B681846FFF7D8FF034A7B681A607B6826
:100F300018460837BD4680BDE4E0030880B586B09A
:100F400000AFF860384680E80E00FB6804333A468C
:100F500007CA83E80700FB681B680C331B68F86846
:100F600098470346FB75FB7D002B01D0012356E01B
:100F70000023BB8207F114031946F86800F01EFA3B
:100F80000346FB750121F86800F027FA0346FB755C
:100F9000FB7D002B01D0012341E0FB681B6830334F
:100FA0001B68FA68D2ED037AB0EE670AF8689847D2
:100FB0000346FB75FB7D002B01D001232FE00521AB
:100FC000F86800F065FB0346FB75FB7D002B01D044
:100FD000012324E00D21F86800F08BFB0346FB752C
:100FE000FB7D002B01D0012319E04FF42F71F8682D
:100FF00000F0DCFA0346FB75FB7D002B01D00123DA
:101000000DE0FB681B6838331B68F8689847034697
:10101000FB75FB7D002B01D0012300E00023184667
:101020001837BD4680BD80B584B000AF7860002120
:10103000786800F02DFA0346FB73FB7B002B01D090
:1010400001230BE02821786800F0C7F90346FB7301
:10105000FB7B002B01D0012300E000231846103752
:10106000BD4680BD90B587B002AFF8607A601A4681
:101070000B467B8113467B72FB685C687B89194653
:10108000F86800F040FD01467B7A012200927A6800
:10109000204612F060FC034618461437BD4690BD4A
:1010A00080B584B000AF78600B467B8013463B80F0
:1010B00007F10C023B881146184617F08AF807F131
:1010C0000C02798802237868FFF7CCFF03461846A4
:1010D0001037BD4680BD80B584B000AF78600B4648
:1010E0007B8013463B8007F10C02B7F900301146B4
:1010F000184617F085F807F10C0279880223786802
:10110000FFF7B0FF034618461037BD4680BD80B5D7
:1011100086B000AFF8600B467A607B8107F114035C
:101120001946786817F013F807F114027989042337
:10113000F868FFF797FF034618461837BD4680BD8D
:1011400090B587B002AFF8607A601A460B467B8193
:1011500013467B72FB685C687B891946F86800F06F
:10116000D2FC01463B6A01937B7A00937B6805229F
:10117000204612F02DFC034618461437BD4690BD9C
:1011800080B588B002AFF8600B467A607B8100239F
:10119000FB7407F11402798907F11303009302230A
:1011A000F868FFF7CDFF0346FB75FB7D002B02D1EE
:1011B000FB7C022B01D0012309E007F11403184640
:1011C00016F078FF03461A467B681A8000231846FB
:1011D0001837BD4680BD80B588B002AFF8600B46B9
:1011E0007A607B810023BB820023FB7407F1140229
:1011F000798907F1130300930223F868FFF7A0FF32
:101200000346FB75FB7D002B02D1FB7C022B01D03A
:10121000012309E007F11403184616F062FF0346A4
:101220001A467B681A80002318461837BD4680BDD1
:1012300080B584B000AF786007F10E031946786876
:1012400000F0FDF80346FB734FF00003BB607B68C2
:101250001B6824331B6807F1080211467868984719
:101260000346FB73FB7B18461037BD4680BD80B537
:1012700084B000AF78607B681B680C331B687868AB
:1012800098470346FB73FB7B002B01D0FB7B1FE0E1
:101290007B681B6814331B684FF4FA7178689847B1
:1012A0000346FB73FB7B002B01D0FB7B10E09620F9
:1012B000F1F75DF87B681B6828331B6878689847EE
:1012C0000346FB73FB7B002B01D0FB7B00E000237C
:1012D00018461037BD4680BD80B584B000AF786039
:1012E00087ED000A7B681B7C282B01D0012322E0BC
:1012F0007B6893F9093007EE903AB8EEE77AD7EDBC
:10130000007A67EE276A7B6893ED037AC6EE877AE8
:10131000B7EEE77A9FED0A6B27EE067BFDEEC77B03
:1013200017EE903AFB81B7F90E301946786800F055
:10133000AFF8034600BF18461037BD4680BD00BF5A
:1013400000000000C0FFDF4080B584B000AF7860CF
:1013500039600023BB8107F10C031A46CA21786863
:10136000FFF739FF0346FB73FB7B002B01D0012302
:101370001BE07B6893F909305B0007EE903AF8EECA
:10138000E77A9FED0C7A27EE877AB7F90C3007EEF3
:10139000903AF8EEE77A27EE277ADFED076AC7EE94
:1013A000267A3B68C3ED007A002318461037BD4605
:1013B00080BD00BFDB0F49400000804380B582B094
:1013C00000AF786039603A6802217868FFF7D8FE8C
:1013D000034618460837BD4680BD80B584B000AFCF
:1013E00078600B46FB70FB789BB21A464FF4C871CD
:1013F0007868FFF755FE0346FB73FB7B002B01D09B
:10140000FB7B18E00023BB7307F10E0319467868D5
:1014100000F015F80346FB73FB7B002B01D0FB7B30
:1014200009E0BB7BFA789A4201D0012303E07B6894
:10143000FA781A74002318461037BD4680BD80B56F
:1014400086B002AF786039600023BB810023FB7255
:1014500007F10C0207F10B03009302234FF4C8714C
:101460007868FFF76DFE0346FB73FB7B002B0AD108
:1014700007F10C03184616F01DFE0346DAB23B686E
:101480001A70002300E0012318461037BD4680BDC6
:1014900080B582B000AF786039603A684FF4E1718E
:1014A0007868FFF734FE034618460837BD4680BD0E
:1014B00080B584B000AF786000217868FFF7E8FF5E
:1014C0000346FB73FB7B002B01D0012300E00023CC
:1014D00018461037BD4680BD80B582B000AF786039
:1014E00000217868FFF7D4FF00217868FFF775FFC7
:1014F000034618460837BD4680BD80B584B000AFAE
:1015000078600B467B803C217868FFF766FF0346D6
:10151000FB73FB7B002B01D0FB7B0CE07B88194627
:101520007868FFF7B5FF0346FB73FB7B002B01D008
:10153000FB7B00E0FB7B18461037BD4680BD0000FA
:1015400080B584B000AF786087ED000AD7ED007AEF
:101550009FED157A67EE877AFCEEE77A17EE903A00
:10156000FB81FB891A46CC217868FFF799FD034679
:101570007B737B7B002B01D0012311E000237B8157
:1015800007F10A031A46CC217868FFF7F9FD0346F4
:101590007B737B89FA899A4201D0012300E0002302
:1015A00018461037BD4680BD00007A4480B584B02F
:1015B00000AF78600B467B807B881B03174AA2FB39
:1015C00003235B0AFB81B7F90E301A4640F25F1124
:1015D0007868FFF780FD03467B737B7B002B01D08F
:1015E000012317E000237B8107F10A031A4640F22A
:1015F0005F117868FFF7EFFD03467B737B7B002B61
:1016000005D1B7F90A30B7F90E209A4201D001236B
:1016100000E0002318461037BD4680BD89888888C1
:1016200080B483B000AF78603960012318460C376E
:10163000BD465DF8047B704780B584B000AF78602C
:1016400039600023BB8107F10C031A4664217868D6
:10165000FFF796FD0346FB73FB7B002B01D0FB7B62
:101660000EE0BB8907EE903AB8EEE77B9FED066B84
:1016700027EE067BF7EEC77B3B68C3ED007A0023BD
:1016800018461037BD4680BD7B14AE47E17A843FD3
:1016900080B584B000AF78600B467B807B880F2BD1
:1016A00001D9012321E07B881A4679217868FFF768
:1016B000F7FC0346FB73FB7B002B01D0012314E0F6
:1016C0000023BB8107F10C031A4679217868FFF7E4
:1016D00057FD0346FB73FB7B002B03D1BB897A8844
:1016E0009A4201D0012300E0002318461037BD467E
:1016F00080BD80B584B000AF78600B467B807B886E
:101700000E2B0CD00E2B0DDC0C2B02D00D2B03D08E
:1017100008E00023FB8107E00123FB8104E00223B2
:10172000FB8101E001233EE000237B8107F10A03F6
:101730001A46D4217868FFF723FD03467B737B7B31
:10174000002B01D001232EE07B891BB2C3F30B03D6
:101750001AB2B7F90E301B031BB213431BB29BB274
:101760007B817B891A46D4217868FFF799FC034670
:101770007B737B7B002B01D0012314E000233B8192
:1017800007F108031A46D4217868FFF7F9FC0346ED
:101790007B737B7B002B03D13A897B899A4201D0F2
:1017A000012300E0002318461037BD4680BD00002D
:1017B00080B588B000AF78600023FB810223FB83F3
:1017C0000323BB8340F672637B8343F631533B8331
:1017D0000023FB82FB8A1A4640F2AA217868FFF7B1
:1017E0005FFC03467B757B7D002B01D0012344E128
:1017F00007F10E031A4640F2AA217868FFF7C0FCF1
:10180000FB8A1A4640F2AB217868FFF749FC034691
:101810007B757B7D002B01D001232EE107F10E03A8
:101820001A4640F2AB217868FFF7AAFC4FF41B720E
:1018300040F2BE217868FFF733FC03467B757B7D61
:10184000002B01D0012318E107F10E031A4640F2E4
:10185000BE217868FFF794FCFB8A1A4640F2D22139
:101860007868FFF71DFC03467B757B7D002B01D05C
:10187000012302E107F10E031A4640F2D2217868F3
:10188000FFF77EFC4FF41B7240F2E6217868FFF709
:1018900007FC03467B757B7D002B01D00123ECE028
:1018A00007F10E031A4640F2E6217868FFF768FC5C
:1018B00001237B827B8A1A4640F2FA217868FFF77F
:1018C000EFFB03467B757B7D002B01D00123D4E029
:1018D00007F10E031A4640F2FA217868FFF750FC30
:1018E0004FF41B7240F20E317868FFF7D9FB0346C4
:1018F0007B757B7D002B01D00123BEE007F10E0339
:101900001A4640F20E317868FFF73AFC4FF41B722A
:1019100040F2BF217868FFF7C3FB03467B757B7DF0
:10192000002B01D00123A8E007F10E031A4640F274
:10193000BF217868FFF724FCFB8A1A4640F2D321C6
:101940007868FFF7ADFB03467B757B7D002B01D0EC
:10195000012392E007F10E031A4640F2D321786882
:10196000FFF70EFC052240F2FB217868FFF798FB99
:1019700003467B757B7D002B01D001237DE007F1C1
:101980000E031A4640F2FB217868FFF7F9FB4FF48B
:10199000C87240F20F317868FFF782FB03467B750F
:1019A0007B7D002B01D0012367E007F10E031A466F
:1019B00040F20F317868FFF7E3FB7B68D3ED037AE1
:1019C0009FED337A67EE877AB7EEE77A9FED2E6B5D
:1019D00027EE067BFCEEC77B17EE903A3B823B8AF4
:1019E0001A46CD217868FFF75BFB03467B757B7D4C
:1019F000002B01D0012340E007F10E031A46CD2150
:101A00007868FFF7BDFB64224FF41B717868FFF71D
:101A100047FB03467B757B7D002B01D001232CE027
:101A20007B8B1A4640F2AA217868FFF739FB034600
:101A30007B757B7D002B01D001231EE007F10E0397
:101A40001A4640F2AA217868FFF79AFB3B8B1A46A8
:101A500040F2AB217868FFF723FB03467B757B7D63
:101A6000002B01D0012308E007F10E031A4640F2D3
:101A7000AB217868FFF784FB002318462037BD466A
:101A800080BD00BFAFF300809A9999999999E93F79
:101A900000007A4480B582B000AF78600A224FF42B
:101AA0001B717868FFF7FCFA034618460837BD46F5
:101AB00080BD80B584B000AF7860396007F10E0357
:101AC00019467868FFF7BBFC0346FB73FB7B002BD2
:101AD00004D03B68FF221A70012303E0BA7B3B6805
:101AE0001A70002318461037BD4680BD80B582B0FD
:101AF00000AF78607B685B68184612F029F800BF79
:101B00000837BD4680BD80B483B000AF78600B4617
:101B10007B807B681B7A1A047B88134318460C373A
:101B2000BD465DF8047B704780B582B000AF786039
:101B3000054A7B681A607B681846FFF7DDF97B6809
:101B400018460837BD4680BDE4E0030880B582B082
:101B500000AF78607868FFF7E7FF1421786816F027
:101B60003BFE7B6818460837BD4680BD80B582B015
:101B700000AF78607B680022A3F824237B680022F2
:101B800083F82623094A7B68136000220121012083
:101B9000F0F7C6FC0346064A13607B680022A3F8F0
:101BA00024237B6818460837BD4680BD20040224E4
:101BB0002404022480B483B000AF786039607B686D
:101BC0003A68C3F8202300BF0C37BD465DF8047B9C
:101BD0007047000080B582B000AF7860054A7B682E
:101BE0001A607B681846F4F7FBFA7B6818460837DA
:101BF000BD4680BD30E1030880B582B000AF78609B
:101C00007868FFF7E7FF1021786816F0E5FD7B683C
:101C100018460837BD4680BD80B58AB000AF7860F1
:101C20000B46FB701346BB70334B1B684FF0FF3104
:101C30001846F0F7FFFC314B1B68FB61FB7887F817
:101C40002030BB7887F821307B68B3F824337A687A
:101C5000DB00134407F11C0292E8030083E8030051
:101C60007B68B3F8243301339AB27B68A3F824234A
:101C70007B68B3F82433642B03D17B680022A3F87C
:101C800024237B6893F82633FA789A4203D97B6839
:101C9000FA7883F826237B6893F82633022B06D93B
:101CA0007B68D3F82033FF221A70F9F7AFF9124B93
:101CB0001B681846F0F710FDFB7887F82430BB78D6
:101CC00087F825307B6893F8263387F8263007F1AC
:101CD000240207F108031146184600F05FF807F1E7
:101CE00008031846F4F726FF07F108031846FFF724
:101CF00071FF2837BD4680BD2404022420770224CA
:101D000080B584B000AF78603960164B1B684FF027
:101D1000FF311846F0F78EFC3B6893F826237B686A
:101D20001A703B68B3F82433002B02D16323FB8184
:101D300003E03B68B3F82433FB81FB897A68396898
:101D40000432DB000B4493E8030082E80300054BF8
:101D50001B681846F0F7C0FC00BF78681037BD4616
:101D600080BD00BF2404022480B582B000AF0346CA
:101D70000A46FB711346BB71074B1B68002B06D04C
:101D8000054B1B68BA79F9791846FFF745FF00BF84
:101D90000837BD4680BD00BF2004022480B582B054
:101DA00000AF786039607B681846F4F739FF064A5F
:101DB0007B681A603968786800F008F87B68184614
:101DC0000837BD4680BD00BF30E1030880B582B052
:101DD00000AF786039607B680833032239681846A1
:101DE00019F050FA00BF0837BD4680BD80B483B0FB
:101DF00000AF786039607B6805221A707B68012229
:101E00001A727B6800225A727B6810229A727B6871
:101E10000022DA723B6803F108027B68DA607B68B3
:101E200003221A8200BF78680C37BD465DF8047B38
:101E3000704780B582B000AF87ED010AC7ED000A98
:101E4000D7ED000A97ED010A16F03EFDF0EE407A5C
:101E5000B0EE670A0837BD4680BD000080B483B08D
:101E600000AF78607B6801221A707B68054A5A606F
:101E70007B6801221A727B6818460C37BD465DF8F4
:101E8000047B70470000F04180B483B000AF7860FD
:101E90007B6801221A707B68054A5A607B680122C0
:101EA0001A727B6818460C37BD465DF8047B704794
:101EB0000000F04180B483B000AF78607B680122FD
:101EC0001A707B68054A5A607B6801221A727B6827
:101ED00018460C37BD465DF8047B70470000F041A2
:101EE00080B483B000AF78607B6801221A707B6891
:101EF000104A5A607B68104A9A607B680F4ADA6021
:101F00007B680E4A1A617B680D4A5A617B680C4AED
:101F10009A617B680B4ADA617B680B4A1A627B68BC
:101F20000A229A847B6818460C37BD465DF8047B0C
:101F3000704700BF6F12033A0AD7A33BCDCCCC3D0C
:101F40009A99193E17B7D1386F12833A80B582B08B
:101F500000AF78607B681846FFF780FF7B680C3322
:101F60001846FFF791FF7B6818331846FFF7A2FF6A
:101F70007B6824331846FFF7B3FF7B6818460837A1
:101F8000BD4680BD0000000080B582B000AF786023
:101F90007B6844331846FFF7D9FF7B680022A3F81B
:101FA000902B7B6803F69833BFEE002BBFEE001B2F
:101FB0009FED2D0B184613F037FD7B6803F6884321
:101FC0004FF000021A607B6803F68C434FF07E529C
:101FD0001A607B6803F549634FF000021A607B6862
:101FE000002283F8942C7B6803F698434FF07E52CE
:101FF0001A607B6803F69C434FF000021A607B680E
:10200000002283F8A02C7B6803F6A4434FF07E5295
:102010001A607B6803F6A8434FF000021A607B68E1
:10202000002283F8AC2C7B68002283F8D42C7B68D8
:10203000012283F8D52C7B680022A3F8D62C7B687C
:10204000002283F8E42C7B6800221A707B6803F678
:102050009833B6EE000B184613F084FE7B681846E2
:102060000837BD4680BD00BF7B14AE47E17A843F90
:1020700080B58EB000AFF8603B1D83E80600FB68BA
:102080003C333A1D92E8030083E80300FB6893F8B1
:102090004430002B2FD0FB689B6C7B63D7ED0D7A0F
:1020A0009FED627AF4EEC77AF1EE10FA01D5604B3B
:1020B0007B63604BBB62D7ED0D7A9FED5F7A67EE75
:1020C000877AC7ED097AD7ED097A9FED5C7A67EEDA
:1020D000876AD7ED097A9FED597A67EE877AB7EE6E
:1020E000007A37EE877AC6EE877AFB6803F68C4370
:1020F000C3ED007A05E0FB6803F68C434FF07E5297
:102100001A60FB68002283F8942CFB6893F8503027
:10211000002B2FD0FB685B6D3B63D7ED0C7A9FEDF6
:10212000437AF4EEC77AF1EE10FA01D5404B3B63E7
:10213000404B3B62D7ED0C7A9FED3F7A67EE877A92
:10214000C7ED077AD7ED077A9FED3C7A67EE876A8D
:10215000D7ED077A9FED397A67EE877AB7EE007A86
:1021600037EE877AC6EE877AFB6803F69843C3EDAD
:10217000007A05E0FB6803F698434FF07E521A6040
:10218000FB68002283F8A02CFB6893F85C30002BDE
:102190002FD0FB681B6EFB62D7ED0B7A9FED237A85
:1021A000F4EEC77AF1EE10FA01D5214BFB62214B18
:1021B000BB61D7ED0B7A9FED207A67EE877AC7ED8A
:1021C000057AD7ED057A9FED1D7A67EE876AD7ED20
:1021D000057A9FED1A7A67EE877AB7EE007A37EEC6
:1021E000877AC6EE877AFB6803F6A443C3ED007ACC
:1021F00005E0FB6803F6A4434FF07E521A60FB68CB
:10220000002283F8AC2CF86800F036FFFB6801224E
:102210001A70002201210120F0F782F90246FB68C2
:10222000C3F8942B00BF3837BD4680BD6F12833A88
:102230006F12833A0AD7233CDB0FC9400AD7233CED
:1022400080B582B000AF78607B68002283F8942C60
:102250007B68002283F8A02C7B68002283F8AC2CDA
:10226000044A79680448EFF7F0FF00BF0837BD461D
:1022700080BD00BF3CE103082136020880B582B072
:1022800000AF78607B6803F549634FF000021A6085
:102290007B68002283F8942C7B6803F69C434FF004
:1022A00000021A607B68002283F8A02C7B6803F68A
:1022B000A8434FF000021A607B68002283F8AC2C20
:1022C0007B68D3F8943B4FF0FF311846F0F7B2F932
:1022D0007B684FF000025A607B684FF000029A6002
:1022E0007B684FF000029A617B684FF00002C3F8F0
:1022F00090207B684FF00002C3F894207B684FF079
:102300000002C3F898207B68D3F8943B1846F0F796
:10231000E3F9786800F0B0FE7B68002283F8E42CD3
:102320007B68012283F8D52C7B68B3F88C207B680E
:10233000A3F8D62C00BF0837BD4680BD80B584B059
:1023400000AF78607B6802221A70EFF769FFF860CF
:10235000786800F009F8FB680A331846F0F722F8AD
:1023600000BFF2E700000000B0B5AAB000AF78608F
:102370007B681B6C184601F0D4F97B681A6C07F176
:1023800058031146184601F0DDF9D7ED1B7AB7EE78
:10239000E77A87ED107BD7ED1C7AB7EEE77A87ED09
:1023A000127BD7ED1D7AB7EEE77A87ED147BD7ED78
:1023B000187AB7EEE77A87ED0A7BD7ED197AB7EE90
:1023C000E77A87ED0C7BD7ED1A7AB7EEE77A87EDDF
:1023D0000E7B7B6803F6983307F1280207F1400172
:1023E000184613F09BFC7B6803F6983307F108024C
:1023F0001146184613F0A4FC97ED027BF7EEC77B5D
:10240000C7ED267A97ED047BF7EEC77BC7ED257AFB
:1024100097ED067BF7EEC77BC7ED247A97ED087B37
:10242000F7EEC77BC7ED237A97ED267AD7ED257AAD
:1024300027EE277AD7ED246AD7ED237A66EEA77ABE
:1024400077EE277A77EEA76AD7ED257A27EEA77A77
:10245000D7ED247A67EEA77A77EE277A77EEA77A18
:10246000B7EE007A77EE677AF0EE670AB0EE660AAA
:10247000FFF7DFFC87ED220AFB6EC7F88430D7F840
:102480008430C7F8A4307B6893F85030002B07D015
:1024900097ED210A786800F04FFC87ED290A09E0E2
:1024A0007B6803F69C43D7F884201A607B6801227E
:1024B00083F8A02C97ED167AD7ED297A77EE277A54
:1024C000C7ED167A97ED177AD7ED297A77EE277A46
:1024D000C7ED177A97ED167AD7ED177A37EE277A88
:1024E000F0EE006AC7EE267AB7EEE77A9FED646BEE
:1024F00027EE066BB0EE005B86EE057BF7EEC77B42
:10250000C7ED207AD7F88030C7F8A0307B6893F801
:102510004430002B07D097ED200A786800F04BFA82
:1025200087ED280A09E07B6803F54963D7F8802026
:102530001A607B68012283F8942C97ED177AD7ED07
:10254000167A77EE677AB7EEE77A9FED4F6B27EE54
:10255000066B9FED4F5B86EE057BF7EEC77BC7ED05
:102560001F7AFB6FC7F89C307B6893F85C30002BB8
:1025700007D097ED1F0A786800F028FC87ED270A3E
:1025800008E07B6803F6A843FA6F1A607B680122B3
:1025900083F8AC2C7B6893F86830002B48D09FED13
:1025A0003E1AD7ED270A97ED280A786800F0BCFD9F
:1025B0007B6893F8E43C002B25D07A68134603F639
:1025C000D843D3ED006A134603F6DC4393ED007A5B
:1025D000134603F54E63D3ED007AB0EE660AF0EED3
:1025E000470AB0EE671A786800F0E6FF7B680022C1
:1025F00083F8E42C7B680022A3F8D62C7B680022A9
:1026000083F8D52C60E07B68B3F8D63C01339AB2EE
:102610007B68A3F8D62C7B68B3F8D62C7B68B3F81C
:102620008C309A4250D37B68012283F8D52C4BE042
:102630007B6893F8E43C002B32D07B6803F6D843E8
:102640001A687B68C3F890207B6803F6DC431A683D
:102650007B68C3F894207B6803F54E631A687B6837
:10266000C3F898207B68002283F8E42C7B68002262
:10267000A3F8D62C7B68002283F8D52C24E000BF79
:102680006A6AD95A5F24C43F6A6AD95A5F24B43F40
:10269000B81E85EB51B8CE3F0AD7233C0000C84294
:1026A0007B68B3F8D63C01339AB27B68A3F8D62C8A
:1026B0007B68B3F8D62C7B68B3F88C309A4203D38E
:1026C0007B68012283F8D52C7B68D3F8943B4FF0CC
:1026D000FF311846EFF7AEFF7B68D7F8A020DA602D
:1026E0007B6803F6884393ED007AD7ED227A77EE84
:1026F000277A7B68C3ED047A7B68D7F8A4205A61F7
:102700007B68D3F898207B689A617B68D7F89C2017
:10271000DA617B68D3F890207B685A607B68D3F8D5
:1027200094207B689A607B6893ED0A7A7B68B3F8A3
:10273000903B19467A680B46DB005B1A9B001344FA
:10274000A833D3ED006A1FED2B6AC6EE867A37EE0A
:10275000677A7B68D3ED036A1FED306AC6EE867A2E
:1027600077EE277A7B68C3ED0A7A7B6893ED0B7A64
:102770007B68B3F8903B19467A680B46DB005B1A1E
:102780009B001344AC33D3ED006A1FED3C6AC6EEE8
:10279000867A37EE677A7B68D3ED046A1FED416A6B
:1027A000C6EE867A77EE277A7B68C3ED0B7A7B6874
:1027B00093ED0C7A7B68B3F8903B19467A680B4628
:1027C000DB005B1A9B001344B033D3ED006A1FEDAE
:1027D0004D6AC6EE867A37EE677A7B68D3ED056A76
:1027E0001FED526AC6EE867A77EE277A7B68C3EDD4
:1027F0000C7A7B6893ED0D7A7B68B3F8903B1946B1
:102800007A680B46DB005B1A9B001344B433D3EDAC
:10281000006A1FED5E6AC6EE867A37EE677A7B68DD
:10282000D3ED066A1FED636AC6EE867A77EE277AE5
:102830007B68C3ED0D7A7B6893ED0E7A7B68B3F805
:10284000903B19467A680B46DB005B1A9B001344E9
:10285000B833D3ED006A1FED6F6AC6EE867A37EEA5
:10286000677A7B68D3ED076A1FED746AC6EE867AD5
:1028700077EE277A7B68C3ED0E7A7B68B3F8903BDE
:1028800019467A680B46DB005B1A9B00134403F180
:10289000A0027B6815461C1D0FCC0FC594E80700ED
:1028A00085E807007B68D3F8943B1846EFF714FFE0
:1028B0007B68B3F8903B01339AB27B68A3F8902B06
:1028C0007B68B3F8903B642B03D17B680022A3F8AC
:1028D000902B00BFA837BD46B0BD00BF80B483B009
:1028E00000AF786087ED000A7B6803F688433A689A
:1028F0001A60012318460C37BD465DF8047B70470B
:10290000B0B582B000AF786039603B68D3F8943BD3
:102910004FF0FF311846EFF78DFE7A683B68154699
:102920001C1D0FCC0FC594E8070085E807003B6825
:10293000D3F8943B1846EFF7CFFE00BF786808370E
:10294000BD46B0BD80B485B000AFF860F0EE406A1F
:10295000B0EE607AF0EE417AC7ED006A87ED017A59
:10296000C7ED027AFB6890333A4607CA83E807004E
:1029700000BF1437BD465DF8047B7047B0B58AB020
:1029800000AF786239627C6A3B46396A1846FFF7C5
:10299000B7FF25463C460FCC0FC594E8070085E8F5
:1029A00007003B6A93F8D52C7B6A1A7700BF786AD8
:1029B0002837BD46B0BD80B483B000AF786087EDE6
:1029C000000A7B6893F84C30002B15D07B6893F895
:1029D000943C83F00103DBB2002B0DD07B6803F540
:1029E00049633A681A607B68012283F8942C7B68FB
:1029F00003F549631B681FE07B6803F5496393EDAA
:102A0000007A7B6803F68C43D3ED006A7B6803F59C
:102A10004963D3ED007A97ED006A76EE677A66EE49
:102A2000A77A77EE277A7B6803F54963C3ED007ACE
:102A30007B6803F549631B6807EE903AB0EE670ABE
:102A40000C37BD465DF8047B704780B485B000AF9D
:102A5000F860F0EE406AB0EE607AF0EE417AC7EDD1
:102A6000006A87ED017AC7ED027AFB6803F6D84366
:102A70003A4607CA83E80700FB68012283F8E42C82
:102A800000BF1437BD465DF8047B704790B482B038
:102A900000AF786039607A683B681446443393E845
:102AA000070084E8070078680837BD4690BC704787
:102AB00080B489B000AFF860384680E80E00FB684B
:102AC00003F144023B4603CB106051601B78137244
:102AD000FB6893F84430002B2FD0FB689B6CFB61A4
:102AE000D7ED077A9FED1D7AF4EEC77AF1EE10FA72
:102AF00001D51B4BFB611B4BBB61D7ED077A9FEDEB
:102B00001A7A67EE877AC7ED057AD7ED057A9FEDD9
:102B1000177A67EE876AD7ED057A9FED147A67EE2C
:102B2000877AB7EE007A37EE877AC6EE877AFB6847
:102B300003F68C43C3ED007A05E0FB6803F68C4393
:102B40004FF07E521A60FB68002283F8942C00BF7D
:102B50002437BD465DF8047B704700BF6F12833A8F
:102B60006F12833A0AD7233CDB0FC9400AD7233CB4
:102B700090B482B000AF786039607A683B681446E0
:102B8000503393E8070084E8070078680837BD46AB
:102B900090BC704780B489B000AFF860384680E8D8
:102BA0000E00FB6803F150023B4603CB10605160FE
:102BB0001B781372FB6893F85030002B2FD0FB6802
:102BC0005B6DFB61D7ED077A9FED1D7AF4EEC77A56
:102BD000F1EE10FA01D51B4BFB611B4BBB61D7ED2E
:102BE000077A9FED1A7A67EE877AC7ED057AD7EDF7
:102BF000057A9FED177A67EE876AD7ED057A9FED24
:102C0000147A67EE877AB7EE007A37EE877AC6EEE7
:102C1000877AFB6803F69843C3ED007A05E0FB680A
:102C200003F698434FF07E521A60FB68002283F847
:102C3000A02C00BF2437BD465DF8047B704700BF61
:102C40006F12833A6F12833A0AD7233CDB0FC940D5
:102C50000AD7233C90B482B000AF786039607A68BC
:102C60003B6814465C3393E8070084E80700786803
:102C70000837BD4690BC704780B489B000AFF8609B
:102C8000384680E80E00FB6803F15C023B4603CB4C
:102C9000106051601B781372FB6893F85C30002B56
:102CA0002FD0FB681B6EFB61D7ED077A9FED1D7A75
:102CB000F4EEC77AF1EE10FA01D51B4BFB611B4B0A
:102CC000BB61D7ED077A9FED1A7A67EE877AC7ED79
:102CD000057AD7ED057A9FED177A67EE876AD7ED0B
:102CE000057A9FED147A67EE877AB7EE007A37EEB1
:102CF000877AC6EE877AFB6803F6A443C3ED007AB1
:102D000005E0FB6803F6A4434FF07E521A60FB68AF
:102D1000002283F8AC2C00BF2437BD465DF8047B4D
:102D2000704700BF6F12833A6F12833A0AD7233C71
:102D3000DB0FC9400AD7233C80B483B000AF786072
:102D400087ED000A7B6893F85830002B15D07B681C
:102D500093F8A03C83F00103DBB2002B0DD07B681D
:102D600003F69C433A681A607B68012283F8A02C22
:102D70007B6803F69C431B681FE07B6803F69C435B
:102D800093ED007A7B6803F69843D3ED006A7B6885
:102D900003F69C43D3ED007A97ED006A76EE677AEE
:102DA00066EEA77A77EE277A7B6803F69C43C3ED3D
:102DB000007A7B6803F69C431B6807EE903AB0EEFE
:102DC000670A0C37BD465DF8047B704780B483B05A
:102DD00000AF786087ED000A7B6893F86430002BC1
:102DE00015D07B6893F8AC3C83F00103DBB2002B79
:102DF0000DD07B6803F6A8433A681A607B6801220D
:102E000083F8AC2C7B6803F6A8431B681FE07B6843
:102E100003F6A84393ED007A7B6803F6A443D3ED51
:102E2000006A7B6803F6A843D3ED007A97ED006A49
:102E300076EE677A66EEA77A77EE277A7B6803F6F6
:102E4000A843C3ED007A7B6803F6A8431B6807EE2E
:102E5000903AB0EE670A0C37BD465DF8047B7047C8
:102E600080B582B000AF786039607A683B68104600
:102E700044334C22194618F005FA78680837BD46E5
:102E800080BD000084B080B58CB000AF786007F1E1
:102E90003C0080E80E007B68443307F13C014C2283
:102EA000184618F0EFF97B6893F84430002B2FD0C8
:102EB0007B689B6CFB62D7ED0B7A9FED5D7AF4EE3D
:102EC000C77AF1EE10FA01D55A4BFB625A4B3B62BE
:102ED000D7ED0B7A9FED597A67EE877AC7ED077ABF
:102EE000D7ED077A9FED567A67EE876AD7ED077AB6
:102EF0009FED537A67EE877AB7EE007A37EE877ADE
:102F0000C6EE877A7B6803F68C43C3ED007A05E052
:102F10007B6803F68C434FF07E521A607B68002278
:102F200083F8942C7B6893F85030002B2FD07B686B
:102F30005B6DBB62D7ED0A7A9FED3D7AF4EEC77AFE
:102F4000F1EE10FA01D53B4BBB623B4BBB61D7EDB9
:102F50000A7A9FED3A7A67EE877AC7ED057AD7ED60
:102F6000057A9FED377A67EE876AD7ED057A9FED90
:102F7000347A67EE877AB7EE007A37EE877AC6EE54
:102F8000877A7B6803F69843C3ED007A05E07B6897
:102F900003F698434FF07E521A607B68002283F854
:102FA000A02C7B6893F85C30002B2FD07B681B6EC5
:102FB0007B62D7ED097A9FED1E7AF4EEC77AF1EEC7
:102FC00010FA01D51B4B7B621B4B3B61D7ED097A95
:102FD0009FED1A7A67EE877AC7ED037AD7ED037A09
:102FE0009FED177A67EE876AD7ED037A9FED147A23
:102FF00067EE877AB7EE007A37EE877AC6EE877A81
:103000007B6803F6A443C3ED007A05E07B6803F612
:10301000A4434FF07E521A607B68002283F8AC2CE8
:1030200000BF3037BD46BDE8804004B0704700BFE8
:103030006F12833A6F12833A0AD7233CDB0FC940E1
:103040000AD7233C80B483B000AF78600B46FB7096
:103050007B68FA7883F86820FB7883F00103DBB2A1
:10306000002B03D07B68012283F8D52C00BF0C37DE
:10307000BD465DF8047B704780B485B000AF7860D2
:103080007B684FF00002C3F890207B684FF000028D
:10309000C3F894207B684FF00002C3F89820002307
:1030A000FB6019E00023BB6010E07968FA68134602
:1030B0005B001344BA68134403F54B739B000B4445
:1030C0004FF000021A60BB680133BB60BB68022B83
:1030D000EBDDFB680133FB60FB68022BE2DD7B6804
:1030E00003F54B630F4A1A607B6803F54C630D4A86
:1030F0001A607B6803F54D630A4A1A607B680122F7
:1031000083F8D42C7B68012283F8D52C7B68B3F834
:103110008C207B68A3F8D62C00BF1437BD465DF821
:10312000047B70470AD7233C80B5A6B000AFF86097
:1031300087ED020AC7ED010A87ED001AFB68D3F894
:103140009030C7F88C30FB68D3F89430C7F88830DB
:10315000FB68D3F89830C7F8843097ED210A15F052
:10316000CBFD87ED200A97ED210A15F001FD87EDD3
:103170001F0A97ED027AD7ED207A27EE277AD7ED4E
:10318000007A27EE277AD7ED237A77EE277AFB6845
:10319000C3ED247A97ED027AD7ED1F7A27EE277ACE
:1031A000D7ED007A27EE277AD7ED227A77EE277AC5
:1031B000FB68C3ED257A97ED017AD7ED007A27EE0B
:1031C000277AD7ED217A77EE277AFB68C3ED267A46
:1031D00009E0FB68D3ED267A9FEDDB7A77EEC77ABC
:1031E000FB68C3ED267AFB68D3ED267A9FEDD77A8C
:1031F000F4EEC77AF1EE10FAEBDC09E0FB68D3EDF0
:10320000267A9FEDD17A77EE877AFB68C3ED267A2E
:10321000FB68D3ED267A9FEDCE7AF4EEC77AF1EE15
:1032200010FAEBD4D7ED027AB1EE677AD7ED1F7AB8
:1032300067EE277A97ED007A67EE277AC7ED1E7A58
:1032400097ED027AD7ED207A67EE277A97ED007A2C
:1032500067EE277AC7ED1D7AD7ED027AF5EEC07AD0
:10326000F1EE10FA02DBD7ED027A03E0D7ED027A35
:10327000F1EE677AC7ED1C7AD7ED017AF5EEC07AE8
:10328000F1EE10FA02DBD7ED017A03E0D7ED017A17
:10329000F1EE677AC7ED1B7AFB6893ED1D7AFB6848
:1032A000D3ED1E6AD7ED1C7A66EEA77A77EE277A01
:1032B000C7ED1A7AFB6893ED1F7AFB68D3ED206A9D
:1032C000D7ED1B7A66EEA77A77EE277AC7ED197AE3
:1032D000D7ED1A7A27EEA77AD7ED007A67EE277A2C
:1032E00097ED007A67EE277AC7ED187AD7ED197A4D
:1032F00027EEA77AD7ED007A67EE277A97ED007A66
:1033000067EE277AC7ED177A07F1380324220021E8
:10331000184617F00FFF3B6EBB633B6EBB64FB6D43
:10332000BB65FB6803F54B6393ED007AFB6803F61E
:10333000C843D3ED006AD7ED1E7A66EEA77A37EE62
:10334000277AFB6803F6B843D3ED006AD7ED1E7AFF
:1033500066EEA77A37EE277AFB6803F54D63D3ED67
:10336000006AD7ED1E7A66EEA76AD7ED1E7A66EE82
:10337000A77A37EE277AD7ED0E7A77EE277AC7ED60
:10338000057AFB6803F6B44393ED007AFB6803F615
:10339000CC43D3ED006AD7ED1E7A66EEA77A37EEFE
:1033A000277AFB6803F6B843D3ED006AD7ED1D7AA0
:1033B00066EEA77A37EE277AFB6803F54D63D3ED07
:1033C000006AD7ED1E7A66EEA76AD7ED1D7A66EE23
:1033D000A77A77EE277AC7ED067AFB6803F6B8433B
:1033E00093ED007AFB6803F54D63D3ED006AD7EDEA
:1033F0001E7A66EEA77A77EE277AC7ED077AFB6822
:1034000003F6BC4393ED007AFB6803F6C843D3EDA3
:10341000006AD7ED1D7A66EEA77A37EE277AFB6849
:1034200003F6C443D3ED006AD7ED1E7A66EEA77AA1
:1034300037EE277AFB6803F54D63D3ED006AD7EDCD
:103440001D7A66EEA76AD7ED1E7A66EEA77A77EE4A
:10345000277AC7ED087AFB6803F54C6393ED007A91
:10346000FB6803F6CC43D3ED006AD7ED1D7A66EE18
:10347000A77A37EE277AFB6803F6C443D3ED006AD8
:10348000D7ED1D7A66EEA77A37EE277AFB6803F54B
:103490004D63D3ED006AD7ED1D7A66EEA76AD7EDCE
:1034A0001D7A66EEA77A37EE277AD7ED127A77EE95
:1034B000277AC7ED097AFB6803F6C44393ED007AD7
:1034C000FB6803F54D63D3ED006AD7ED1D7A66EE18
:1034D000A77A77EE277AC7ED0A7AFB6803F6C84326
:1034E00093ED007AFB6803F54D63D3ED006AD7EDE9
:1034F0001E7A66EEA77A77EE277AC7ED0B7AFB681D
:1035000003F6CC4393ED007AFB6803F54D63D3EDEE
:10351000006AD7ED1D7A66EEA77A77EE277AC7EDB7
:103520000C7AFB6803F54D6393ED007AD7ED167ABC
:1035300077EE277AC7ED0D7A0023C7F8943032E092
:103540000023C7F8903025E0DB0FC940DB0F49406E
:10355000DB0F49C0D7F8942013465B001344D7F81B
:10356000902013449B0098333B44843B1968F868CF
:10357000D7F8942013465B001344D7F890201344E7
:1035800003F54B739B0003441960D7F89030013367
:10359000C7F89030D7F89030022BDBDDD7F89430A5
:1035A0000133C7F89430D7F89430022BC8DD00BF40
:1035B00000BF9837BD4680BD80B485B000AFF860CD
:1035C000F0EE406AB0EE607AF0EE417AC7ED006A44
:1035D00087ED017AC7ED027A3A68FB68C3F890205C
:1035E0007A68FB68C3F89420BA68FB68C3F898202F
:1035F000FB6803F54B63094A1A60FB6803F54C63EB
:10360000064A1A60FB6803F54D63044A1A6000BF5E
:103610001437BD465DF8047B704700BF6F12833AD4
:1036200080B584B000AF78607B68FB60F868FEF717
:1036300085FE00BF1037BD4680BD80B582B000AFAB
:1036400078607B680433184613F0A9FE7B6818463F
:103650000837BD4680BD000090B58DB002AF7860E0
:103660003960254B1B683B62244B1B68FB6107F1EB
:10367000080300221A605A609A60DA601A61204BCF
:10368000BB60204BFB604FF480533B8207F1120379
:1036900007F120021068186007F1160307F11C02F9
:1036A000106818607B681C1D6A4607F1140393E8D4
:1036B000030082E8030007F108030ECB204613F055
:1036C000AEFE034687F8273097F82730002B08D145
:1036D00005210320FEF748FB7B68FF221A700023B8
:1036E00006E07B683A681A657B6800221A7001233D
:1036F00018462C37BD4690BDFCD7030800D80308F8
:10370000B40300240004025880B483B000AF786092
:103710007B6801221A7000BF0C37BD465DF8047B40
:10372000704780B582B000AF7860786800F01FF80D
:10373000786800F03BF8786800F055F800BF08376B
:10374000BD4680BDB0B483B000AF786039607A68A0
:103750003B68154603F154040FCC0FC50FCC0FC5C1
:1037600023682B6078680C37BD46B0BC704780B5C5
:1037700082B000AF78607B680433184613F07CFF9A
:103780007B6803F15C007B6820330C22194617F03C
:1037900079FD7B6803F168007B680C330C221946C5
:1037A00017F070FD00BF0837BD4680BD80B584B0FE
:1037B00000AF78607B681B6D1846FCF79BFFB0EE8E
:1037C000407AF0EE607A87ED027AC7ED037ABA6844
:1037D0007B685A65FA687B689A65F4F7EAF900BF76
:1037E0001037BD4680BD80B584B000AF78607B687F
:1037F0001B6D1846FCF7D4FF87ED030A7B68FA6857
:103800005A6700BF1037BD4680BD80B582B000AF9B
:10381000786014F0DAFF02467B681A607B6818460D
:103820000837BD4680BD80B582B000AF78607A6849
:1038300041F6185313441846F2F7F2FC7A6841F245
:10384000D073134418460FF0F5FD7B68184608370F
:10385000BD4680BD80B582B000AF78607B68002235
:103860001A707B6803225A707B6800229A707B680A
:10387000324A03331188927819809A707B6800224B
:103880009A607B6810331846F2F7ECFC7A6841F6D0
:10389000985313441846F6F7FDFA7A6845F62C1348
:1038A000134418460EF080FA7A6845F6C0131344A4
:1038B0001846FEF769FB7A6846F2A8631344184677
:1038C0000EF061F97A6846F2D86313441846FFF7A0
:1038D000B4FE7A6846F25073134418460DF0FFFFA9
:1038E0007A6846F6687313441846FCF78DFD7A68CB
:1038F00046F69C7313441846FEF738F97A6847F287
:10390000C42313441846FDF707FB7A6847F2D8230F
:1039100013441846FDF700FB7B6803F5E0430022E3
:1039200083F8ED227A6847F2F02313441846FFF734
:103930006CFF7B6818460837BD4680BD04D8030875
:1039400080B500AF034A04490448EEF77EFC00BF8F
:1039500080BD00BF60E10308280402246139020829
:1039600080B582B000AF7860786800F085FB00BF5A
:103970000837BD4680BD80B582B000AF78607868FA
:1039800000F0ACFA00BF0837BD4680BD80B483B0FC
:1039900000AF786039607B6818460C37BD465DF82B
:1039A000047B704780B582B000AF786039607B6877
:1039B0003A6811461846FFF7E9FF7B683A68043316
:1039C000043207CA83E807003B681A7C7B681A74D4
:1039D0007B6818460837BD4680BD0000F0B5C7B00B
:1039E00008AF78600FF076FC0FF086FC0DF040FF1A
:1039F000002328227821CC480FF0CCFB0121CA48B3
:103A00000FF0E6FB0122FA219FEDC80AC8480FF02B
:103A1000FFFBC7480FF014FCFA20EEF7A8FC7B6808
:103A2000C7F8C4307A6846F69C731344D7F8C410BC
:103A30001846FEF7BFF807F198032C22002118461C
:103A400017F078FBBB4BC7F89830BB4BC7F89C30DE
:103A500040F6B833A7F8AC30B84BC7F8B0304FF4E5
:103A60008063A7F8B4300423A7F8B630B44BC7F886
:103A7000B830B44BC7F8BC304FF40043A7F8C0309F
:103A800007F1980308334FF40072AF49184614F059
:103A900017FC7B6803F5A043D3F84C39C7F8A8306E
:103AA0007B6803F110066D4607F1A4040FCC0FC527
:103AB00094E80F0085E80F0007F198030ECB30461D
:103AC000F2F704FC7B6810331846F2F73BFD7A6886
:103AD00046F668731344C7F894307A6846F2D863A0
:103AE0001344D7F894101846FFF7B6FD7A6846F6E7
:103AF00068731344C7F88C307A6846F2D86313446D
:103B0000C7F890307A6845F6C013134407F18C0269
:103B100006CA1846FEF7ACFA07F1800300221A60C5
:103B20005A609A60894BC7F888307A6845F6C013A6
:103B30001344C7F880307A6846F668731344C7F8B0
:103B400084307B6841F69850184407F180030ECB0F
:103B5000F6F7EEF97B6803F5A0431A46774BC2F8F7
:103B6000B0387B6803F1B4007B6841F69851194482
:103B7000774BC7F8C8300023C7F8CC3007F1C8032B
:103B80000CCB00F043FB07F1740300221A605A606B
:103B90009A60012387F87830FF2387F879304FF057
:103BA0007C53FB677B6803F5BF537B6707F1D0034A
:103BB0001846FDF7B1F97A6847F2C423134407F1B8
:103BC000D00211461846FFF7EDFE07F1D003184664
:103BD000FDF7AAFF7B6847F2C420184407F174037D
:103BE0000ECBFDF7ABF907F1680300221A605A60AB
:103BF0009A60022387F86C30012387F86D304FF00C
:103C00007C533B677B6803F5BF53BB6607F1E40356
:103C10001846FDF781F97A6847F2D823134407F173
:103C2000E40211461846FFF7BDFE07F1E40318460B
:103C3000FDF77AFF7B6847F2D820184407F1680344
:103C40000ECBFDF77BF9434A07F15C0307CA83E813
:103C500007007B6846F6687018447A6847F2C42308
:103C60001344796847F2D8220A440192009307F17D
:103C70005C030ECBFCF7F4FB07F130032C22002190
:103C8000184617F057FA344B3B64344B7B64344B83
:103C9000BB64344BFB6432233B65334B7B65324B57
:103CA000BB657A6845F6C01313443B637A6846F6F1
:103CB000687313447B637A6841F698531344BB637B
:103CC0007B681033FB637B6846F2A8661E446D4632
:103CD00007F13C040FCC0FC594E80F0085E80F00F6
:103CE00007F130030ECB30460DF05DFF7A6841F6E8
:103CF00098531344BB627B681033FB627A6845F6C5
:103D00002C13134407F1280206CA18460EF080F857
:103D10007B68FB607A6841F6985313443B617A688C
:103D200045F6C013134421E0748B0224000048447C
:103D3000808B02243C070024000300240000003094
:103D4000A4050024000C0258001002580AD7233C96
:103D500093B301081CD803081C8902240000964272
:103D6000CDCCCC3DCDCC4C3DCDCC4C3E7B617A68AE
:103D700046F2D8631344BB617A6846F6687313440D
:103D8000FB617A6845F62C1313443B627A6846F669
:103D90009C7313447B627B6846F250741C446D46EE
:103DA00007F118030FCB85E80F0007F10C030ECBCA
:103DB00020460DF0A3FD7B6803F5E043002283F865
:103DC000EC2200231846FC37BD46F0BD80B584B018
:103DD00000AF78607A6846F2D86313441846FFF75C
:103DE00093FC7A6845F6C01313441846FEF728FA88
:103DF0007A6846F6687313441846FCF767FB034677
:103E0000FB73FB7B002B02D0F3F7D3FEFCE77A6851
:103E100041F6985313441846F6F7F4F87A6846F2D8
:103E2000A863134418460DF0D9FE7A6845F62C13A2
:103E3000134418460EF034F8064A07490748EEF7CF
:103E400004FA7B6801221A70002318461037BD4619
:103E500080BD00BF84E103082804022477390208EA
:103E600080B582B000AF78607B6800221A701420A1
:103E7000EEF77DFA7B6810331846F2F78DFB7A680F
:103E800046F25073134418460DF056FD7A6841F619
:103E9000985313441846F6F772FA1420EEF767FAAF
:103EA0007B6800229A600A4B00221A600122FA21E4
:103EB0009FED080A08480FF0ABF907480FF0C0F96A
:103EC0007B6801221A70012318460837BD4680BD61
:103ED0002077022400006144808B022480B588B0E2
:103EE00000AF7860EEF79CF9F8615B48FCF73CF9AD
:103EF0000346FA2B8CBF01230023DBB2002B05D035
:103F00005548FCF713F9554812F09FFF5448FCF749
:103F10002BF9034642F20F7293428CBF0123002318
:103F2000DBB2002B0CD04E48FCF700F97B6893F90C
:103F3000003019467B689B681A464A48F2F78AFDAA
:103F40007B6893F90030012B07D0012B62DCB3F1C1
:103F5000FF3F4ED0002B45D05CE07A6845F62C132D
:103F6000134418460DF0C8FF7A6841F6985313447D
:103F70001846F6F779FDB0EE407AF0EE607A87EDFC
:103F8000037AC7ED047A7A6846F2507313441846F0
:103F90000DF0E0FC03461A467B6803F5E04383F826
:103FA000ED227B6803F5E04393F8ED32012B09D154
:103FB0007B6803F110007A6846F250731344194687
:103FC000F2F7D0FC00233C22002127480FF0E2F852
:103FD0007B689B685A1C7B689A607B689B68234A55
:103FE00013601EE00223022202211F480FF0D2F8C4
:103FF00017E00023002278211B480FF0CBF8642340
:104000003B7500237B750023BB75796918480EF05A
:10401000FCFD06E000230022782113480FF0BAF8D7
:1040200000BFEEF7FDF80246FB69D31ABB61BB691E
:104030000A2B0AD907210420FDF796FEB9690D481D
:10404000F2F75CFD7B68FF221A70FB690A331846A1
:10405000EEF7A8F946E700BF24770224308B02244C
:104060002877022428D80308748B0224207702249E
:104070003C8B022448D8030880B584B000AF786038
:104080007868FFF7ABFC0346FB73FB7B012B07D182
:1040900003210420FDF768FE2448F2F72FFD41E0DC
:1040A0007868FFF793FE0346FB73FB7B012B07D178
:1040B00004210420FDF758FE1D48F2F71FFD31E0F2
:1040C0000122FA219FED1B0A1B480FF0A1F81A48A4
:1040D0000FF0B6F800230022002118480FF05AF81C
:1040E000012116480FF074F80021786800F036F8C6
:1040F0007A6847F2F02313441846FCF735F8034674
:10410000F92B8CBF01230023DBB2002B06D07A6889
:1041100047F2F02313441846FCF708F86420EEF742
:1041200026F9E5E71037BD4680BD00BF6CD803080F
:1041300088D8030800006144808B0224788B022415
:1041400080B483B000AF78607B6893F90030184684
:104150000C37BD465DF8047B7047000080B586B023
:1041600000AF78600B46FB70FB78042B41D801A2AE
:1041700052F823F089410208F3410208A5410208E0
:10418000BB410208D74102081C4A07F10803126824
:10419000114619800233120C1A70B96818480EF0D3
:1041A00034FD27E000233B7306237B730023BB739E
:1041B000F96813480EF029FD1CE0124A07F11003BC
:1041C0001268114619800233120C1A7039690C48B2
:1041D0000EF01BFD0EE00C4A07F1140312681146A5
:1041E00019800233120C1A70796905480EF00DFD22
:1041F00000E000BF00BF1837BD4680BDA0D803084F
:104200003C8B0224A4D80308A8D8030880B584B046
:1042100000AFF860B960394681E80C00FB681B68A4
:10422000042B11DCFB681B685B01FA681344181D42
:104230003B460CCBB96800F00CF8FB681B685A1CB5
:10424000FB681A60012300E0002318461037BD46C2
:1042500080BDB0B58AB000AFF860B960394681E87A
:104260000C0007F110003B460CCBB96800F012F8C7
:10427000FB6803F1080407F110050FCD0FC495E8A2
:10428000030084E80300FB6801221A7100BF28378D
:10429000BD46B0BD80B584B000AFF860B9603946A6
:1042A00081E80C003B460CCBB968F86800F006F8D2
:1042B000FB6818461037BD4680BD000080B485B04D
:1042C00000AFF860B960394681E80C00FB68BA6855
:1042D0001A60FB6804331A463B4693E8030082E801
:1042E0000300FB68034A5A6100BF1437BD465DF8FE
:1042F000047B7047F942020880B586B000AFF860D1
:10430000B9601346FB80FB687B61BB683B613B691E
:104310005B6803F00103002B0BD03B695B685B100B
:104320001A467B6913441B683A69126813441B6878
:1043300001E03B691B683A695268521011467A697C
:104340000A44F9881046984700BF1837BD4680BD1B
:1043500080B500AF0548FFF77DFA0548FFF755FA2D
:104360000448FFF752FA00BF80BD00BF28040224B2
:10437000247702242877022480B582B000AF7860C9
:104380007A6847F2D82313441846FDF7CDFB7A68C4
:1043900047F2C42313441846FDF7C6FB7B6810336D
:1043A0001846FFF740FA7B6818460837BD4680BDBF
:1043B00080B500AF0248FFF7DFFF00BF80BD00BF40
:1043C0002804022480B500AFFFF7C2FF80BD80B58E
:1043D00000AFFFF7EDFF80BD80B483B000AF786021
:1043E000002318460C37BD465DF8047B704780B447
:1043F00083B000AF7860002318460C37BD465DF8E7
:10440000047B704780B483B000AF786000BF0C3786
:10441000BD465DF8047B704780B485B000AFF8609E
:10442000B9607A60002318461437BD465DF8047BF6
:10443000704780B483B000AF7860396000BF0C373C
:10444000BD465DF8047B704780B483B000AF7860F0
:104450003960002318460C37BD465DF8047B704771
:1044600080B483B000AF7860002318460C37BD4697
:104470005DF8047B7047000080B483B000AF7860C3
:10448000044A7B681A607B6818460C37BD465DF8A5
:10449000047B70472CEB030880B483B000AF7860D6
:1044A00039607B6818460C37BD465DF8047B704761
:1044B000B0B582B000AF786039607B683A68114669
:1044C0001846FFF7E9FF3B681A797B681A717A682A
:1044D0003B6802F1080403F108050FCD0FC495E80D
:1044E000030084E803007B6818460837BD46B0BD6A
:1044F00080B582B000AF78607B6808331846F1F76A
:10450000B2FD00BF0837BD4680BD80B584B000AFA6
:10451000F860B9607A60FB6808331846F1F7A3FDCC
:10452000FB681B6804331B68F86898470346184605
:104530001037BD4680BD80B483B000AF78600023E3
:1045400018460C37BD465DF8047B704780B483B0D5
:1045500000AF7860002318460C37BD465DF8047B39
:10456000704780B483B000AF78607B689B79184651
:104570000C37BD465DF8047B7047000080B584B001
:1045800000AFF860B9603B601346FB71FB681846EA
:10459000FFF772FF0E4AFB681A60FB68103318467B
:1045A00002F0EEF8FB68FA791A73BB681B681B68A7
:1045B000FA68117BFA68B8689847FB683A689A60AD
:1045C000FB6803225A73FB6818461037BD4680BD4E
:1045D000D4EA030880B584B000AFF860B9603B60EE
:1045E0001346FB71FB681846FFF746FF0E4AFB684F
:1045F0001A60FB681433184602F0E0F8FB68FA7999
:104600001A74BB681B681B68FA68117CFA68B86882
:104610009847FB683A68DA60FB6803225A74FB68C3
:1046200018461037BD4680BDA0EA030880B584B0A7
:1046300000AFF860B9603B601346FB71FB68184639
:10464000FFF71AFF0E4AFB681A60FB681033184622
:1046500002F0D2F8FB68FA791A73BB681B681B6812
:10466000FA68117BFA68B8689847FB683A689A60FC
:10467000FB6803225A73FB6818461037BD4680BD9D
:104680006CEA030880B584B000AFF860B9603B60A5
:104690001346FB71FB681846FFF7EEFE0E4AFB68F7
:1046A0001A60FB681033184602F0C4F8FB68FA7908
:1046B0001A73BB681B681B68FA68117BFA68B868D4
:1046C0009847FB683A689A60FB6803225A73FB6854
:1046D00018461037BD4680BD38EA0308B0B582B031
:1046E00000AF786039607B683A6811461846FFF77A
:1046F000D3FE3B681A797B681A717A683B6802F1CD
:10470000080403F108050FCD0FC495E8030084E801
:1047100003007B6818460837BD46B0BD80B58CB035
:1047200000AFF860B9603B601346FB71FB68184648
:10473000FFF7A2FE164AFB681A60FB6800221A61A6
:10474000FB681833184602F093F8FB68FA791A757B
:10475000BB681B681B68FA68117DFA68B8689847DF
:1047600007F1100007F138030CCB396802F09EF80E
:10477000FB68183307F1100211461846FFF7AEFF29
:10478000FB6801225A75FB6818463037BD4680BD6C
:1047900004EA0308B0B582B000AF786039607B6886
:1047A0003A6811461846FFF777FE3B681A797B682E
:1047B0001A717A683B6802F1080403F108050FCD0D
:1047C0000FC495E8030084E803007B6818460837A7
:1047D000BD46B0BD80B58CB000AFF860B9603B603D
:1047E0001346FB71FB681846FFF746FE164AFB6846
:1047F0001A60FB6800229A60FB681033184602F0CA
:1048000089F8FB68FA791A73BB681B681B68FA6839
:10481000117BFA68B868984707F1100007F1380370
:104820000CCB396802F094F8FB68103307F11002E2
:1048300011461846FFF7AEFFFB6801225A73FB686A
:1048400018463037BD4680BDD0E90308B0B582B008
:1048500000AF786039607B683A6811461846FFF708
:104860001BFE3B681A797B681A717A683B6802F113
:10487000080403F108050FCD0FC495E8030084E890
:1048800003007B6818460837BD46B0BD80B58CB0C4
:1048900000AFF860B9603B601346FB71FB681846D7
:1048A000FFF7EAFD184AFB681A60FB6800229A636A
:1048B000FB684033184602F07FF8FB68FA7983F80A
:1048C0003C20BB681B681B68FA6892F83C10FA68C9
:1048D000B868984707F1100007F138030CCB396826
:1048E00002F088F8FB68403307F1100211461846C1
:1048F000FFF7ACFFFB68012283F83D20FB681846F8
:104900003037BD4680BD00BF9CE9030880B584B048
:1049100000AFF860B9603B601346FB71FB68184656
:10492000FFF7AAFD104AFB681A60FB6800229A6034
:10493000FB681033184602F091F8FB68FA791A7395
:10494000BB681B681B68FA68117BFA68B8689847EF
:10495000FB683A689A60FB6804225A73FB68184641
:104960001037BD4680BD00BF68E90308B0B582B00E
:1049700000AF786039607B683A6811461846FFF7E7
:104980008BFD3B681A797B681A717A683B6802F183
:10499000080403F108050FCD0FC495E8030084E86F
:1049A00003007B6818460837BD46B0BD80B58CB0A3
:1049B00000AFF860B9603B601346FB71FB681846B6
:1049C000FFF75AFD154AFB681A60FB68103318465A
:1049D00002F062F8FB68FA791A73BB681B681B68FF
:1049E000FA68117BFA68B868984707F1100007F178
:1049F00038030CCB396802F06DF8FB68103307F10F
:104A0000100211461846FFF7B1FFFB6801225A73E6
:104A1000FB6818463037BD4680BD00BF34E9030847
:104A200080B58CB000AFF860B9603B601346FB7195
:104A3000FB681846FFF720FD154AFB681A60FB6803
:104A40001033184602F028F8FB68FA791A73BB682D
:104A50001B681B68FA68117BFA68B868984707F109
:104A6000100007F138030CCB396802F067F8FB68D7
:104A7000103307F1100211461846FFF777FFFB6865
:104A800001225A73FB6818463037BD4680BD00BF0F
:104A900034E9030880B584B000AFF860B9603B60CA
:104AA0001346FB71FB681846FFF7E6FC0E4AFB68ED
:104AB0001A60FB681033184602F074F8FB68FA7944
:104AC0001A73BB681B681B68FA68117BFA68B868C0
:104AD0009847FB683A689A60FB6803225A73FB6840
:104AE00018461037BD4680BD00E90308B0B582B056
:104AF00000AF786039607B683A6811461846FFF766
:104B0000CBFC3B681A797B681A717A683B6802F1C2
:104B1000080403F108050FCD0FC495E8030084E8ED
:104B200003007B6818460837BD46B0BD80B58CB021
:104B300000AFF860B9603B601346FB71FB68184634
:104B4000FFF79AFC164AFB681A60FB6800229A601D
:104B5000FB681033184602F043F8FB68FA791A73C1
:104B6000BB681B681B68FA68117BFA68B8689847CD
:104B700007F1100007F138030CCB396802F04EF84A
:104B8000FB68103307F1100211461846FFF7AEFF1D
:104B9000FB6801225A73FB6818463037BD4680BD5A
:104BA000CCE80308B0B582B000AF786039607B68AC
:104BB0003A6811461846FFF76FFC3B681A797B6824
:104BC0001A717A683B6802F1080403F108050FCDF9
:104BD0000FC495E8030084E803007B681846083793
:104BE000BD46B0BD80B58CB000AFF860B9603B6029
:104BF0001346FB71FB681846FFF73EFC184AFB683A
:104C00001A60FB680022DA62FB683433184602F04F
:104C100039F8FB68FA7983F83020BB681B681B6899
:104C2000FA6892F83010FA68B868984707F11000EF
:104C300007F138030CCB396802F042F8FB683433D3
:104C400007F1100211461846FFF7ACFFFB6801227E
:104C500083F83120FB6818463037BD4680BD00BF61
:104C600098E80308B0B582B000AF786039607B681F
:104C70003A6811461846FFF70FFC3B681A797B68C3
:104C80001A717A683B6802F1080403F108050FCD38
:104C90000FC495E8030084E803007B6818460837D2
:104CA000BD46B0BD80B58CB000AFF860B9603B6068
:104CB0001346FB71FB681846FFF7DEFB164AFB68DC
:104CC0001A60FB6800225A61FB681C33184602F028
:104CD0002BF8FB68FA791A76BB681B681B68FA68C0
:104CE000117EFA68B868984707F1100007F1380399
:104CF0000CCB396802F036F8FB681C3307F1100260
:104D000011461846FFF7AEFFFB6801225A76FB6892
:104D100018463037BD4680BD64E80308B0B582B0A0
:104D200000AF786039607B683A6811461846FFF733
:104D3000B3FB3B681A797B681A717A683B6802F1A9
:104D4000080403F108050FCD0FC495E8030084E8BB
:104D500003007B6818460837BD46B0BD80B58CB0EF
:104D600000AFF860B9603B601346FB71FB68184602
:104D7000FFF782FB164AFB681A60FB6800225A6143
:104D8000FB681C33184602F021F8FB68FA791A76A2
:104D9000BB681B681B68FA68117EFA68B868984798
:104DA00007F1100007F138030CCB396802F02CF83A
:104DB000FB681C3307F1100211461846FFF7AEFFDF
:104DC000FB6801225A76FB6818463037BD4680BD25
:104DD00030E80308B0B582B000AF786039607B6816
:104DE0003A6811461846FFF757FB3B681A797B680B
:104DF0001A717A683B6802F1080403F108050FCDC7
:104E00000FC495E8030084E803007B681846083760
:104E1000BD46B0BD80B58CB000AFF860B9603B60F6
:104E20001346FB71FB681846FFF726FB174AFB6821
:104E30001A60FB6803F5DE73184602F019F8FB6888
:104E4000FA7983F8B821BB681B681B68FA6892F886
:104E5000B811FA68B868984707F1100007F13803ED
:104E60000CCB396802F022F8FB6803F5DE7307F11A
:104E7000100211461846FFF7ADFFFB68012283F8C8
:104E8000B921FB6818463037BD4680BDFCE70308F2
:104E900080B584B000AFF860B9603B601346FB7129
:104EA000FB681846FFF7E8FA104AFB681A60FB68CF
:104EB00000221A61FB681833184602F02BF8FB68D1
:104EC000FA791A75BB681B681B68FA68117DFA6865
:104ED000B8689847FB683A681A61FB6804225A75FB
:104EE000FB6818461037BD4680BD00BFC8E7030801
:104EF000B0B582B000AF786039607B683A6811461F
:104F00001846FFF7C9FA3B681A797B681A717A6804
:104F10003B6802F1080403F108050FCD0FC495E8C2
:104F2000030084E803007B6818460837BD46B0BD1F
:104F300080B58CB000AFF860B9603B601346FB7180
:104F4000FB681846FFF798FA184AFB681A60FB6876
:104F50000022DA64FB685433184601F0F9FFFB685D
:104F6000FA7983F85020BB681B681B68FA6892F8CE
:104F70005010FA68B868984707F1100007F1380335
:104F80000CCB396802F002F8FB68543307F11002C9
:104F900011461846FFF7ACFFFB68012283F8512049
:104FA000FB6818463037BD4680BD00BF94E7030854
:104FB000B0B582B000AF786039607B683A6811465E
:104FC0001846FFF769FA3B681A797B681A717A68A4
:104FD0003B6802F1080403F108050FCD0FC495E802
:104FE000030084E803007B6818460837BD46B0BD5F
:104FF00080B58CB000AFF860B9603B601346FB71C0
:10500000FB681846FFF738FA184AFB681A60FB6815
:1050100000229A64FB685033184601F0EBFFFB68EE
:10502000FA7983F84C20BB681B681B68FA6892F811
:105030004C10FA68B868984707F1100007F1380378
:105040000CCB396801F0F4FFFB68503307F1100214
:1050500011461846FFF7ACFFFB68012283F84D208C
:10506000FB6818463037BD4680BD00BF60E70308C7
:10507000B0B582B000AF786039607B683A6811469D
:105080001846FFF709FA3B681A797B681A717A6843
:105090003B6802F1080403F108050FCD0FC495E841
:1050A000030084E803007B6818460837BD46B0BD9E
:1050B00080B58CB000AFF860B9603B601346FB71FF
:1050C000FB681846FFF7D8F9184AFB681A60FB68B6
:1050D00000221A62FB682833184601F0DDFFFB68E6
:1050E000FA7983F82420BB681B681B68FA6892F879
:1050F0002410FA68B868984707F1100007F13803E0
:105100000CCB396801F0E6FFFB68283307F1100289
:1051100011461846FFF7ACFFFB68012283F82520F3
:10512000FB6818463037BD4680BD00BF2CE703083A
:10513000B0B582B000AF786039607B683A681146DC
:105140001846FFF7A9F93B681A797B681A717A68E3
:105150003B6802F1080403F108050FCD0FC495E880
:10516000030084E803007B6818460837BD46B0BDDD
:1051700080B58CB000AFF860B9603B601346FB713E
:10518000FB681846FFF778F9184AFB681A60FB6855
:1051900000225A62FB682C33184601F0CFFFFB68EF
:1051A000FA7983F82820BB681B681B68FA6892F8B4
:1051B0002810FA68B868984707F1100007F138031B
:1051C0000CCB396801F0D8FFFB682C3307F11002D3
:1051D00011461846FFF7ACFFFB68012283F829202F
:1051E000FB6818463037BD4680BD00BFF8E60308AF
:1051F000B0B582B000AF786039607B683A6811461C
:105200001846FFF749F93B681A797B681A717A6882
:105210003B6802F1080403F108050FCD0FC495E8BF
:10522000030084E803007B6818460837BD46B0BD1C
:1052300080B58CB000AFF860B9603B601346FB717D
:10524000FB681846FFF718F9164AFB681A60FB68F6
:1052500000221A61FB681833184601F0C1FFFB6891
:10526000FA791A75BB681B681B68FA68117DFA68C1
:10527000B868984707F1100007F138030CCB39687C
:1052800001F0CCFFFB68183307F1100211461846F5
:10529000FFF7AEFFFB6801225A75FB6818463037EE
:1052A000BD4680BDC4E60308B0B582B000AF7860EB
:1052B00039607B683A6811461846FFF7EDF83B689D
:1052C0001A797B681A717A683B6802F1080403F165
:1052D00008050FCD0FC495E8030084E803007B6840
:1052E00018460837BD46B0BD80B58CB000AFF86039
:1052F000B9603B601346FB71FB681846FFF7BCF8CA
:10530000164AFB681A60FB6800229A60FB6810333B
:10531000184601F0B7FFFB68FA791A73BB681B687F
:105320001B68FA68117BFA68B868984707F11000A3
:1053300007F138030CCB396801F0C2FFFB6810336A
:1053400007F1100211461846FFF7AEFFFB68012275
:105350005A73FB6818463037BD4680BD90E6030897
:10536000B0B582B000AF786039607B683A681146AA
:105370001846FFF791F83B681A797B681A717A68CA
:105380003B6802F1080403F108050FCD0FC495E84E
:10539000030084E803007B6818460837BD46B0BDAB
:1053A00080B58CB000AFF860B9603B601346FB710C
:1053B000FB681846FFF760F8184AFB681A60FB683C
:1053C00000221A62FB682833184601F0ADFFFB6823
:1053D000FA7983F82420BB681B681B68FA6892F886
:1053E0002410FA68B868984707F1100007F13803ED
:1053F0000CCB396801F0B6FFFB68283307F11002C7
:1054000011461846FFF7ACFFFB68012283F8252000
:10541000FB6818463037BD4680BD00BF5CE6030818
:10542000B0B582B000AF786039607B683A681146E9
:105430001846FFF731F83B681A797B681A717A6869
:105440003B6802F1080403F108050FCD0FC495E88D
:10545000030084E803007B6818460837BD46B0BDEA
:1054600080B58CB000AFF860B9603B601346FB714B
:10547000FB681846FFF700F8164AFB681A60FB68DD
:1054800000229A61FB682033184601F09FFFFB68F9
:10549000FA791A77BB681B681B68FA68117FFA688B
:1054A000B868984707F1100007F138030CCB39684A
:1054B00001F0AAFFFB68203307F1100211461846DD
:1054C000FFF7AEFFFB6801225A77FB6818463037BA
:1054D000BD4680BD28E60308B0B582B000AF786055
:1054E00039607B683A6811461846FEF7D5FF3B687D
:1054F0001A797B681A717A683B6802F1080403F133
:1055000008050FCD0FC495E8030084E803007B680D
:1055100018460837BD46B0BD80B58CB000AFF86006
:10552000B9603B601346FB71FB681846FEF7A4FFA9
:10553000154AFB681A60FB681C33184601F098FF97
:10554000FB68FA791A76BB681B681B68FA68117EDB
:10555000FA68B868984707F1100007F138030CCBD8
:10556000396801F0A3FFFB681C3307F110021146F4
:105570001846FFF7B1FFFB6801225A76FB68184610
:105580003037BD4680BD00BFF4E50308B0B582B03A
:1055900000AF786039607B683A6811461846FEF7BC
:1055A0007BFF3B681A797B681A717A683B6802F165
:1055B000080403F108050FCD0FC495E8030084E843
:1055C00003007B6818460837BD46B0BD80B58CB077
:1055D00000AFF860B9603B601346FB71FB6818468A
:1055E000FEF74AFF164AFB681A60FB680022DA6081
:1055F000FB681433184601F08DFFFB68FA791A74C2
:10560000BB681B681B68FA68117CFA68B868984721
:1056100007F1100007F138030CCB396801F098FF4F
:10562000FB68143307F1100211461846FFF7AEFF6E
:10563000FB6801225A74FB6818463037BD4680BDAE
:10564000C0E5030880B58CB000AFF860B9603B607E
:105650001346FB71FB681846FEF70EFF154AFB6800
:105660001A60FB6808331846F1F768FFFB68FA799F
:105670005A71BB681B681B68FA685179FA68B86888
:10568000984707F1100007F138030CCB396801F097
:1056900093FFFB68083307F1100211461846FEF726
:1056A00007FFFB6801229A71FB6818463037BD4638
:1056B00080BD00BF08EB030880B58CB000AFF86078
:1056C000B9603B601346FB71FB681846FEF7D4FED9
:1056D000164AFB681A60FB6800221A61FB681833DF
:1056E000184601F07DFDFB68FA791A75BB681B68E6
:1056F0001B68FA68117DFA68B868984707F11000CE
:1057000007F138030CCB396801F08AFFFB681833C6
:1057100007F1100211461846FFF76AFDFB680122E7
:105720005A75FB6818463037BD4680BDC4E603088D
:10573000B0B582B000AF786039607B683A681146D6
:105740001846FEF7A9FE3B681A797B681A717A68D9
:105750003B6802F1080403F108050FCD0FC495E87A
:10576000030084E803007B6818460837BD46B0BDD7
:1057700080B58CB000AFF860B9603B601346FB7138
:10578000FB681846FEF778FE164AFB681A60FB684D
:1057900000225A61FB681C33184601F075FFFB6854
:1057A000FA791A76BB681B681B68FA68117EFA687A
:1057B000B868984707F1100007F138030CCB396837
:1057C00001F080FFFB681C3307F1100211461846F8
:1057D000FFF7AEFFFB6801225A76FB6818463037A8
:1057E000BD4680BD8CE5030880B58CB000AFF86085
:1057F000B9603B601346FB71FB681846FEF73CFE40
:10580000154AFB681A60FB6808331846F1F796FEE4
:10581000FB68FA795A71BB681B681B68FA68517992
:10582000FA68B868984707F1100007F138030CCB05
:10583000396801F07BFFFB68083307F1100211465D
:105840001846FEF735FEFB6801229A71FB68184680
:105850003037BD4680BD00BF08EB0308B0B582B04D
:1058600000AF786039607B683A6811461846FEF7E9
:1058700013FE3B681A797B681A717A683B6802F1FB
:10588000080403F108050FCD0FC495E8030084E870
:1058900003007B6818460837BD46B0BD80B58CB0A4
:1058A00000AFF860B9603B601346FB71FB681846B7
:1058B000FEF7E2FD154AFB681A60FB681C331846C8
:1058C00001F068FFFB68FA791A76BB681B681B68F1
:1058D000FA68117EFA68B868984707F1100007F176
:1058E00038030CCB396801F073FFFB681C3307F1F8
:1058F000100211461846FFF7B1FFFB6801225A76E5
:10590000FB6818463037BD4680BD00BF58E5030828
:10591000B0B582B000AF786039607B683A681146F4
:105920001846FEF7B9FD3B681A797B681A717A68E8
:105930003B6802F1080403F108050FCD0FC495E898
:10594000030084E803007B6818460837BD46B0BDF5
:1059500080B58CB000AFF860B9603B601346FB7156
:10596000FB681846FEF788FD164AFB681A60FB685C
:1059700000225A61FB681C33184601F05DFFFB688A
:10598000FA791A76BB681B681B68FA68117EFA6898
:10599000B868984707F1100007F138030CCB396855
:1059A00001F068FFFB681C3307F11002114618462E
:1059B000FFF7AEFFFB6801225A76FB6818463037C6
:1059C000BD4680BD24E50308B0B582B000AF786065
:1059D00039607B683A6811461846FEF75DFD3B6802
:1059E0001A797B681A717A683B6802F1080403F13E
:1059F00008050FCD0FC495E8030084E803007B6819
:105A000018460837BD46B0BD80B58CB000AFF86011
:105A1000B9603B601346FB71FB681846FEF72CFD2E
:105A2000154AFB681A60FB681C33184601F056FFE4
:105A3000FB68FA791A76BB681B681B68FA68117EE6
:105A4000FA68B868984707F1100007F138030CCBE3
:105A5000396801F061FFFB681C3307F11002114641
:105A60001846FFF7B1FFFB6801225A76FB6818461B
:105A70003037BD4680BD00BFF0E40308B0B582B04A
:105A800000AF786039607B683A6811461846FEF7C7
:105A900003FD3B681A797B681A717A683B6802F1EA
:105AA000080403F108050FCD0FC495E8030084E84E
:105AB00003007B6818460837BD46B0BD80B58CB082
:105AC00000AFF860B9603B601346FB71FB68184695
:105AD000FEF7D2FC164AFB681A60FB6800225A6186
:105AE000FB681C33184601F04BFFFB68FA791A7605
:105AF000BB681B681B68FA68117EFA68B86898472B
:105B000007F1100007F138030CCB396801F056FF9C
:105B1000FB681C3307F1100211461846FFF7AEFF71
:105B2000FB6801225A76FB6818463037BD4680BDB7
:105B3000BCE40308B0B582B000AF786039607B6820
:105B40003A6811461846FEF7A7FC3B681A797B684D
:105B50001A717A683B6802F1080403F108050FCD59
:105B60000FC495E8030084E803007B6818460837F3
:105B7000BD46B0BD80B58CB000AFF860B9603B6089
:105B80001346FB71FB681846FEF776FC154AFB6866
:105B90001A60FB681C33184601F044FFFB68FA7971
:105BA0001A76BB681B681B68FA68117EFA68B868C9
:105BB000984707F1100007F138030CCB396801F062
:105BC0004FFFFB681C3307F1100211461846FFF720
:105BD000B1FFFB6801225A76FB6818463037BD4694
:105BE00080BD00BF88E40308B0B582B000AF786024
:105BF00039607B683A6811461846FEF74DFC3B68F1
:105C00001A797B681A717A683B6802F1080403F11B
:105C100008050FCD0FC495E8030084E803007B68F6
:105C200018460837BD46B0BD80B58CB000AFF860EF
:105C3000B9603B601346FB71FB681846FEF71CFC1D
:105C4000164AFB681A60FB6800225A61FB681C3325
:105C5000184601F039FFFB68FA791A76BB681B68B1
:105C60001B68FA68117EFA68B868984707F1100057
:105C700007F138030CCB396801F044FFFB681C3393
:105C800007F1100211461846FFF7AEFFFB6801222C
:105C90005A76FB6818463037BD4680BD54E4030889
:105CA000B0B582B000AF786039607B683A68114661
:105CB0001846FEF7F1FB3B681A797B681A717A681F
:105CC0003B6802F1080403F108050FCD0FC495E805
:105CD000030084E803007B6818460837BD46B0BD62
:105CE00080B58CB000AFF860B9603B601346FB71C3
:105CF000FB681846FEF7C0FB164AFB681A60FB6893
:105D00005C33184601F032FFFB68FA7983F85820BB
:105D1000BB681B681B68FA6892F85810FA68B86884
:105D2000984707F1100007F138030CCB396801F0F0
:105D30003BFFFB685C3307F1100211461846FFF782
:105D4000AFFFFB68012283F85920FB681846303703
:105D5000BD4680BD20E40308B0B582B000AF7860D6
:105D600039607B683A6811461846FEF795FB3B6838
:105D70001A797B681A717A683B6802F1080403F1AA
:105D800008050FCD0FC495E8030084E803007B6885
:105D900018460837BD46B0BD80B58CB000AFF8607E
:105DA000B9603B601346FB71FB681846FEF764FB65
:105DB000184AFB681A60FB6800225A65FB685C336E
:105DC000184601F025FFFB68FA7983F85820BB6874
:105DD0001B681B68FA6892F85810FA68B868984708
:105DE00007F1100007F138030CCB396801F02EFFE2
:105DF000FB685C3307F1100211461846FFF7ACFF51
:105E0000FB68012283F85920FB6818463037BD46ED
:105E100080BD00BFECE30308B0B582B000AF78608E
:105E200039607B683A6811461846FEF735FB3B68D7
:105E30001A797B681A717A683B6802F1080403F1E9
:105E400008050FCD0FC495E8030084E803007B68C4
:105E500018460837BD46B0BD80B58CB000AFF860BD
:105E6000B9603B601346FB71FB681846FEF704FB04
:105E7000164AFB681A60FB6800229A60FB681033C0
:105E8000184601F017FFFB68FA791A73BB681B68A4
:105E90001B68FA68117BFA68B868984707F1100028
:105EA00007F138030CCB396801F022FFFB6810338F
:105EB00007F1100211461846FFF7AEFFFB680122FA
:105EC0005A73FB6818463037BD4680BDB8E30308F7
:105ED000B0B582B000AF786039607B683A6811462F
:105EE0001846FEF7D9FA3B681A797B681A717A6806
:105EF0003B6802F1080403F108050FCD0FC495E8D3
:105F0000030084E803007B6818460837BD46B0BD2F
:105F100080B58CB000AFF860B9603B601346FB7190
:105F2000FB681846FEF7A8FA184AFB681A60FB6877
:105F30000022DA65FB686433184601F00DFFFB6848
:105F4000FA7983F86020BB681B681B68FA6892F8CE
:105F50006010FA68B868984707F1100007F1380335
:105F60000CCB396801F016FFFB68643307F11002AF
:105F700011461846FFF7ACFFFB68012283F8612049
:105F8000FB6818463037BD4680BD00BF84E3030878
:105F9000B0B582B000AF786039607B683A6811466E
:105FA0001846FEF779FA3B681A797B681A717A68A5
:105FB0003B6802F1080403F108050FCD0FC495E812
:105FC000030084E803007B6818460837BD46B0BD6F
:105FD00080B58CB000AFF860B9603B601346FB71D0
:105FE000FB681846FEF748FA164AFB681A60FB6819
:105FF0006033184601F002FFFB68FA7983F85C20F1
:10600000BB681B681B68FA6892F85C10FA68B8688D
:10601000984707F1100007F138030CCB396801F0FD
:106020000BFFFB68603307F1100211461846FFF7BB
:10603000AFFFFB68012283F85D20FB68184630370C
:10604000BD4680BD50E3030880B58CB000AFF8605A
:10605000B9603B601346FB71FB681846FEF70CFA0B
:10606000154AFB681A60FB681033184600F014FDEF
:10607000FB68FA791A73BB681B681B68FA68117BA6
:10608000FA68B868984707F1100007F138030CCB9D
:10609000396801F005FFFB68103307F11002114663
:1060A0001846FEF763FCFB6801225A73FB6818462A
:1060B0003037BD4680BD00BF34E90308B0B582B0BB
:1060C00000AF786039607B683A6811461846FEF781
:1060D000E3F93B681A797B681A717A683B6802F1C8
:1060E000080403F108050FCD0FC495E8030084E808
:1060F00003007B6818460837BD46B0BD80B58CB03C
:1061000000AFF860B9603B601346FB71FB6818464E
:10611000FEF7B2F9164AFB681A60FB6800225A6162
:10612000FB681C33184601F0EFFEFB68FA791A761B
:10613000BB681B681B68FA68117EFA68B8689847E4
:1061400007F1100007F138030CCB396801F0FAFEB3
:10615000FB681C3307F1100211461846FFF7AEFF2B
:10616000FB6801225A76FB6818463037BD4680BD71
:106170001CE30308B0B582B000AF786039607B687B
:106180003A6811461846FEF787F93B681A797B682A
:106190001A717A683B6802F1080403F108050FCD13
:1061A0000FC495E8030084E803007B6818460837AD
:1061B000BD46B0BD80B58CB000AFF860B9603B6043
:1061C0001346FB71FB681846FEF756F9184AFB6840
:1061D0001A60FB680022DA61FB682433184601F07C
:1061E000E5FEFB68FA7983F82020BB681B681B6812
:1061F000FA6892F82010FA68B868984707F110001A
:1062000007F138030CCB396801F0EEFEFB6824334C
:1062100007F1100211461846FFF7ACFFFB68012298
:1062200083F82120FB6818463037BD4680BD00BF8B
:10623000E8E2030880B58CB000AFF860B9603B605D
:106240001346FB71FB681846FEF716F9154AFB6802
:106250001A60FB6808331846F1F770F9FB68FA79A1
:106260005A71BB681B681B68FA685179FA68B8688C
:10627000984707F1100007F138030CCB396801F09B
:10628000E7FEFB68083307F1100211461846FEF7D7
:106290000FF9FB6801229A71FB6818463037BD463A
:1062A00080BD00BF08EB0308B0B582B000AF7860D6
:1062B00039607B683A6811461846FEF7EDF83B688E
:1062C0001A797B681A717A683B6802F1080403F155
:1062D00008050FCD0FC495E8030084E803007B6830
:1062E00018460837BD46B0BD80B58CB000AFF86029
:1062F000B9603B601346FB71FB681846FEF7BCF8BB
:10630000154AFB681A60FB681033184601F0D4FE8A
:10631000FB68FA791A73BB681B681B68FA68117B03
:10632000FA68B868984707F1100007F138030CCBFA
:10633000396801F0DFFEFB68103307F110021146E7
:106340001846FFF7B1FFFB6801225A73FB68184635
:106350003037BD4680BD00BFB4E20308B0B582B09F
:1063600000AF786039607B683A6811461846FEF7DE
:1063700093F83B681A797B681A717A683B6802F176
:10638000080403F108050FCD0FC495E8030084E865
:1063900003007B6818460837BD46B0BD80B58CB099
:1063A00000AFF860B9603B601346FB71FB681846AC
:1063B000FEF762F8164AFB681A60FB684433184619
:1063C00001F0CCFEFB68FA7983F84020BB681B68BB
:1063D0001B68FA6892F84010FA68B868984707F1A5
:1063E000100007F138030CCB396801F0D5FEFB68CB
:1063F000443307F1100211461846FFF7AFFFFB6860
:10640000012283F84120FB6818463037BD4680BD25
:1064100080E20308B0B582B000AF786039607B6875
:106420003A6811461846FEF737F83B681A797B68D8
:106430001A717A683B6802F1080403F108050FCD70
:106440000FC495E8030084E803007B68184608370A
:10645000BD46B0BD80B58CB000AFF860B9603B60A0
:106460001346FB71FB681846FEF706F8154AFB68F1
:106470001A60FB681033184601F0C2FEFB68FA7917
:106480001A73BB681B681B68FA68117BFA68B868E6
:10649000984707F1100007F138030CCB396801F079
:1064A000CDFEFB68103307F1100211461846FFF7C6
:1064B000B1FFFB6801225A73FB6818463037BD46AE
:1064C00080BD00BF4CE2030880B58CB000AFF8601F
:1064D000B9603B601346FB71FB681846FDF7CCFFC3
:1064E000164AFB681A60FB680022DA60FB68143306
:1064F000184601F00FF8FB68FA791A74BB681B683C
:106500001B68FA68117CFA68B868984707F11000B0
:1065100007F138030CCB396801F0C4FEFB68143373
:1065200007F1100211461846FFF730F8FB68012208
:106530005A74FB6818463037BD4680BDC0E5030875
:10654000B0B582B000AF786039607B683A681146B8
:106550001846FDF7A1FF3B681A797B681A717A68C3
:106560003B6802F1080403F108050FCD0FC495E85C
:10657000030084E803007B6818460837BD46B0BDB9
:1065800080B58CB000AFF860B9603B601346FB711A
:10659000FB681846FDF770FF184AFB681A60FB6835
:1065A00000221A66FB686833184601F0AFFEFB68EC
:1065B000FA7983F86420BB681B681B68FA6892F854
:1065C0006410FA68B868984707F1100007F13803BB
:1065D0000CCB396801F0B8FEFB68683307F1100294
:1065E00011461846FFF7ACFFFB68012283F86520CF
:1065F000FB6818463037BD4680BD00BF18E203086F
:10660000B0B582B000AF786039607B683A681146F7
:106610001846FDF741FF3B681A797B681A717A6862
:106620003B6802F1080403F108050FCD0FC495E89B
:10663000030084E803007B6818460837BD46B0BDF8
:1066400080B58CB000AFF860B9603B601346FB7159
:10665000FB681846FDF710FF184AFB681A60FB68D4
:106660000022DA61FB682433184601F0A1FEFB68C2
:10667000FA7983F82020BB681B681B68FA6892F8D7
:106680002010FA68B868984707F1100007F138033E
:106690000CCB396801F0AAFEFB68243307F1100225
:1066A00011461846FFF7ACFFFB68012283F8212052
:1066B000FB6818463037BD4680BD00BFE4E10308E3
:1066C000B0B582B000AF786039607B683A68114637
:1066D0001846FDF7E1FE3B681A797B681A717A6803
:1066E0003B6802F1080403F108050FCD0FC495E8DB
:1066F000030084E803007B6818460837BD46B0BD38
:1067000080B58CB000AFF860B9603B601346FB7198
:10671000FB681846FDF7B0FE184AFB681A60FB6874
:1067200000221A62FB682833184601F093FEFB68CA
:10673000FA7983F82420BB681B681B68FA6892F812
:106740002410FA68B868984707F1100007F1380379
:106750000CCB396801F09CFEFB68283307F110026E
:1067600011461846FFF7ACFFFB68012283F825208D
:10677000FB6818463037BD4680BD00BFB0E1030856
:1067800080B582B000AF78607B681846EFF746FCB2
:10679000094A7B681A607B6800221A717B6808339B
:1067A0000021184601F0A8FE7B6800221A717B6860
:1067B00018460837BD4680BDF8EA030880B582B0A8
:1067C00000AF78607B681846EFF728FC094A7B68C1
:1067D0001A607B6800221A717B6808330021184612
:1067E00001F098FE7B6800221A717B681846083712
:1067F000BD4680BDC4EA030880B582B000AF7860B2
:106800007B681846EFF70AFC094A7B681A607B68C8
:1068100000221A717B6808330021184601F088FEB7
:106820007B6800221A717B6818460837BD4680BD18
:1068300090EA030880B582B000AF78607B681846A4
:10684000EFF7ECFB094A7B681A607B6800221A713B
:106850007B6808330021184601F078FE7B6800222F
:106860001A717B6818460837BD4680BD5CEA03088C
:1068700080B582B000AF78607B681846EFF7CEFB3A
:10688000094A7B681A607B6800221A717B680833AA
:106890000021184601F068FE7B6800221A717B68AF
:1068A00018460837BD4680BD28EA0308B0B58AB04F
:1068B00000AFF860B960394681E80C00FB68184603
:1068C000EFF7ACFB124AFB681A60FB6800221A71F2
:1068D000FB6808330021184601F046FE07F110005E
:1068E0003B460CCBB96801F04DFEFB6803F1080490
:1068F00007F110050FCD0FC495E8030084E80300ED
:10690000FB6801221A71FB6818462837BD46B0BDE6
:1069100028EA030880B582B000AF78607B6818462B
:10692000EFF77CFB094A7B681A607B6800221A71CA
:106930007B6808330021184601F037FE7B6800228F
:106940001A717B6818460837BD4680BDF4E9030814
:10695000B0B58AB000AFF860B960394681E80C0084
:10696000FB681846EFF75AFB124AFB681A60FB688F
:1069700000221A71FB6808330021184601F015FE49
:1069800007F110003B460CCBB96801F01CFEFB6818
:1069900003F1080407F110050FCD0FC495E80300BB
:1069A00084E80300FB6801221A71FB681846283747
:1069B000BD46B0BDF4E9030880B582B000AF786091
:1069C0007B681846EFF72AFB094A7B681A607B68E8
:1069D00000221A717B6808330021184601F006FE78
:1069E0007B6800221A717B6818460837BD4680BD57
:1069F000C0E90308B0B58AB000AFF860B9603946A5
:106A000081E80C00FB681846EFF708FB124AFB68A8
:106A10001A60FB6800221A71FB68083300211846CF
:106A200001F0E4FD07F110003B460CCBB96801F022
:106A3000EBFDFB6803F1080407F110050FCD0FC44F
:106A400095E8030084E80300FB6801221A71FB68E3
:106A500018462837BD46B0BDC0E9030880B582B0EE
:106A600000AF78607B681846EFF7D8FA094A7B6870
:106A70001A607B6800221A717B680833002118466F
:106A800001F0D5FD7B6800221A717B681846083733
:106A9000BD4680BD8CE9030880B582B000AF786048
:106AA0007B681846EFF7BAFA094A7B681A607B6878
:106AB00000221A717B6808330021184601F0C5FDD9
:106AC0007B6800221A717B6818460837BD4680BD76
:106AD00058E90308B0B58AB000AFF860B96039462C
:106AE00081E80C00FB681846EFF798FA124AFB6839
:106AF0001A60FB6800221A71FB68083300211846EF
:106B000001F0A3FD07F110003B460CCBB96801F082
:106B1000AAFDFB6803F1080407F110050FCD0FC4AF
:106B200095E8030084E80300FB6801221A71FB6802
:106B300018462837BD46B0BD58E90308B0B58AB03D
:106B400000AFF860B960394681E80C00FB68184670
:106B5000EFF764FA124AFB681A60FB6800221A71A8
:106B6000FB6808330021184601F06FFD07F11000A3
:106B70003B460CCBB96801F089FDFB6803F10804C2
:106B800007F110050FCD0FC495E8030084E803005A
:106B9000FB6801221A71FB6818462837BD46B0BD54
:106BA00058E9030880B582B000AF78607B6818466A
:106BB000EFF734FA094A7B681A607B6800221A7181
:106BC0007B6808330021184601F073FD7B680022C2
:106BD0001A717B6818460837BD4680BD24E9030852
:106BE00080B582B000AF78607B681846EFF716FA80
:106BF000094A7B681A607B6800221A717B68083337
:106C00000021184601F063FD7B6800221A717B6841
:106C100018460837BD4680BDF0E80308B0B58AB015
:106C200000AFF860B960394681E80C00FB6818468F
:106C3000EFF7F4F9124AFB681A60FB6800221A7138
:106C4000FB6808330021184601F041FD07F11000F0
:106C50003B460CCBB96801F048FDFB6803F1080422
:106C600007F110050FCD0FC495E8030084E8030079
:106C7000FB6801221A71FB6818462837BD46B0BD73
:106C8000F0E8030880B582B000AF78607B681846F2
:106C9000EFF7C4F9094A7B681A607B6800221A7111
:106CA0007B6808330021184601F032FD7B68002222
:106CB0001A717B6818460837BD4680BDBCE80308DA
:106CC000B0B58AB000AFF860B960394681E80C0011
:106CD000FB681846EFF7A2F9124AFB681A60FB68D6
:106CE00000221A71FB6808330021184601F010FDDC
:106CF00007F110003B460CCBB96801F017FDFB68AB
:106D000003F1080407F110050FCD0FC495E8030047
:106D100084E80300FB6801221A71FB6818462837D3
:106D2000BD46B0BDBCE8030880B582B000AF786056
:106D30007B681846EFF772F9094A7B681A607B682E
:106D400000221A717B6808330021184601F001FD0A
:106D50007B6800221A717B6818460837BD4680BDE3
:106D600088E80308B0B58AB000AFF860B96039466A
:106D700081E80C00FB681846EFF750F9124AFB68EF
:106D80001A60FB6800221A71FB680833002118465C
:106D900001F0DFFC07F110003B460CCBB96801F0B5
:106DA000E6FCFB6803F1080407F110050FCD0FC4E2
:106DB00095E8030084E80300FB6801221A71FB6870
:106DC00018462837BD46B0BD88E8030880B582B0B4
:106DD00000AF78607B681846EFF720F9094A7B68B6
:106DE0001A607B6800221A717B68083300211846FC
:106DF00001F0D0FC7B6800221A717B6818460837C6
:106E0000BD4680BD54E80308B0B58AB000AFF86055
:106E1000B960394681E80C00FB681846EFF7FEF8C8
:106E2000124AFB681A60FB6800221A71FB6808337B
:106E30000021184601F0AEFC07F110003B460CCBD8
:106E4000B96801F0B5FCFB6803F1080407F110050F
:106E50000FCD0FC495E8030084E80300FB6801220E
:106E60001A71FB6818462837BD46B0BD54E80308C0
:106E700080B582B000AF78607B681846EFF7CEF837
:106E8000094A7B681A607B6800221A717B680833A4
:106E90000021184601F09FFC7B6800221A717B6874
:106EA00018460837BD4680BD20E80308B0B58AB053
:106EB00000AFF860B960394681E80C00FB681846FD
:106EC000EFF7ACF8124AFB681A60FB6800221A71EF
:106ED000FB6808330021184601F07DFC07F1100023
:106EE0003B460CCBB96801F084FCFB6803F1080455
:106EF00007F110050FCD0FC495E8030084E80300E7
:106F0000FB6801221A71FB6818462837BD46B0BDE0
:106F100020E8030880B582B000AF78607B6818462F
:106F2000EFF77CF8094A7B681A607B6800221A71C7
:106F30007B6808330021184601F06EFC7B68002254
:106F40001A717B6818460837BD4680BDECE7030818
:106F500080B582B000AF78607B681846EFF75EF8C6
:106F6000094A7B681A607B6800221A717B680833C3
:106F70000021184601F05EFC7B6800221A717B68D4
:106F800018460837BD4680BDB8E70308B0B58AB0DB
:106F900000AFF860B960394681E80C00FB6818461C
:106FA000EFF73CF8124AFB681A60FB6800221A717E
:106FB000FB6808330021184601F03CFC07F1100083
:106FC0003B460CCBB96801F043FCFB6803F10804B5
:106FD00007F110050FCD0FC495E8030084E8030006
:106FE000FB6801221A71FB6818462837BD46B0BD00
:106FF000B8E7030880B582B000AF78607B681846B8
:10700000EFF70CF8094A7B681A607B6800221A7156
:107010007B6808330021184601F02DFC7B680022B4
:107020001A717B6818460837BD4680BD84E703089F
:10703000B0B58AB000AFF860B960394681E80C009D
:10704000FB681846EEF7EAFF124AFB681A60FB6815
:1070500000221A71FB6808330021184601F00BFC6E
:1070600007F110003B460CCBB96801F012FCFB683D
:1070700003F1080407F110050FCD0FC495E80300D4
:1070800084E80300FB6801221A71FB681846283760
:10709000BD46B0BD84E7030880B582B000AF78601C
:1070A0007B681846EEF7BAFF094A7B681A607B686E
:1070B00000221A717B6808330021184601F0FCFB9E
:1070C0007B6800221A717B6818460837BD4680BD70
:1070D00050E70308B0B58AB000AFF860B960394630
:1070E00081E80C00FB681846EEF798FF124AFB682F
:1070F0001A60FB6800221A71FB68083300211846E9
:1071000001F0DAFB07F110003B460CCBB96801F047
:10711000E1FBFB6803F1080407F110050FCD0FC474
:1071200095E8030084E80300FB6801221A71FB68FC
:1071300018462837BD46B0BD50E7030880B582B079
:1071400000AF78607B681846EEF768FF094A7B68F5
:107150001A607B6800221A717B6808330021184688
:1071600001F0CBFB7B6800221A717B681846083758
:10717000BD4680BD1CE70308B0B58AB000AFF8601B
:10718000B960394681E80C00FB681846EEF746FF07
:10719000124AFB681A60FB6800221A71FB68083308
:1071A0000021184601F0A9FB07F110003B460CCB6B
:1071B000B96801F0B0FBFB6803F1080407F11005A2
:1071C0000FCD0FC495E8030084E80300FB6801229B
:1071D0001A71FB6818462837BD46B0BD1CE7030886
:1071E00080B582B000AF78607B681846EEF716FF76
:1071F000094A7B681A607B6800221A717B68083331
:107200000021184601F09AFB7B6800221A717B6806
:1072100018460837BD4680BDE8E60308B0B58AB019
:1072200000AFF860B960394681E80C00FB68184689
:10723000EEF7F4FE124AFB681A60FB6800221A712E
:10724000FB6808330021184601F078FB07F11000B5
:107250003B460CCBB96801F07FFBFB6803F10804E7
:1072600007F110050FCD0FC495E8030084E8030073
:10727000FB6801221A71FB6818462837BD46B0BD6D
:10728000E8E6030880B582B000AF78607B681846F6
:10729000EEF7C4FE094A7B681A607B6800221A7107
:1072A0007B6808330021184601F069FB7B680022E7
:1072B0001A717B6818460837BD4680BDB4E60308DE
:1072C000B0B58AB000AFF860B960394681E80C000B
:1072D000FB681846EEF7A2FE124AFB681A60FB68CC
:1072E00000221A71FB6808330021184601F047FBA1
:1072F00007F110003B460CCBB96801F04EFBFB6870
:1073000003F1080407F110050FCD0FC495E8030041
:1073100084E80300FB6801221A71FB6818462837CD
:10732000BD46B0BDB4E6030880B582B000AF78605A
:107330007B681846EEF772FE094A7B681A607B6824
:1073400000221A717B6808330021184601F038FBCF
:107350007B6800221A717B6818460837BD4680BDDD
:1073600080E60308B0B58AB000AFF860B96039466E
:1073700081E80C00FB681846EEF750FE124AFB68E5
:107380001A60FB6800221A71FB6808330021184656
:1073900001F016FB07F110003B460CCBB96801F079
:1073A0001DFBFB6803F1080407F110050FCD0FC4A6
:1073B00095E8030084E80300FB6801221A71FB686A
:1073C00018462837BD46B0BD80E6030880B582B0B8
:1073D00000AF78607B681846EEF720FE094A7B68AC
:1073E0001A607B6800221A717B68083300211846F6
:1073F00001F007FB7B6800221A717B68184608378A
:10740000BD4680BD4CE60308B0B58AB000AFF86059
:10741000B960394681E80C00FB681846EEF7FEFDBE
:10742000124AFB681A60FB6800221A71FB68083375
:107430000021184601F0E5FA07F110003B460CCB9D
:10744000B96801F0ECFAFB6803F1080407F11005D4
:107450000FCD0FC495E8030084E80300FB68012208
:107460001A71FB6818462837BD46B0BD4CE60308C4
:1074700080B582B000AF78607B681846EEF7CEFD2D
:10748000094A7B681A607B6800221A717B6808339E
:107490000021184601F0D6FA7B6800221A717B6839
:1074A00018460837BD4680BD18E60308B0B58AB057
:1074B00000AFF860B960394681E80C00FB681846F7
:1074C000EEF7ACFD124AFB681A60FB6800221A71E5
:1074D000FB6808330021184601F0B4FA07F11000E8
:1074E0003B460CCBB96801F0BBFAFB6803F108041A
:1074F00007F110050FCD0FC495E8030084E80300E1
:10750000FB6801221A71FB6818462837BD46B0BDDA
:1075100018E6030880B582B000AF78607B68184633
:10752000EEF77CFD094A7B681A607B6800221A71BD
:107530007B6808330021184601F0A5FA7B68002219
:107540001A717B6818460837BD4680BDE4E503081C
:10755000B0B58AB000AFF860B960394681E80C0078
:10756000FB681846EEF75AFD124AFB681A60FB6882
:1075700000221A71FB6808330021184601F083FAD3
:1075800007F110003B460CCBB96801F08AFAFB68A2
:1075900003F1080407F110050FCD0FC495E80300AF
:1075A00084E80300FB6801221A71FB68184628373B
:1075B000BD46B0BDE4E50308B0B58AB000AFF860E1
:1075C000B960394681E80C00FB681846EEF726FDE5
:1075D000124AFB681A60FB6800221A71FB680833C4
:1075E00000211846EFF7BAFA07F110003B460CCB22
:1075F000B96801F069FAFB6803F1080407F11005A6
:107600000FCD0FC495E8030084E80300FB68012256
:107610001A71FB6818462837BD46B0BD6CDF0308F9
:10762000B0B58AB000AFF860B960394681E80C00A7
:10763000FB681846EEF7F2FC124AFB681A60FB681A
:1076400000221A71FB6808330021184601F076F910
:1076500007F110003B460CCBB96801F048FAFB6813
:1076600003F1080407F110050FCD0FC495E80300DE
:1076700084E80300FB6801221A71FB68184628376A
:10768000BD46B0BDE8E6030880B582B000AF7860C3
:107690007B681846EEF7C2FC094A7B681A607B6873
:1076A00000221A717B6808330021184601F032FA73
:1076B0007B6800221A717B6818460837BD4680BD7A
:1076C000B0E50308B0B58AB000AFF860B9603946DC
:1076D00081E80C00FB681846EEF7A0FC124AFB6834
:1076E0001A60FB6800221A71FB68083300211846F3
:1076F00001F010FA07F110003B460CCBB96801F01D
:1077000017FAFB6803F1080407F110050FCD0FC449
:1077100095E8030084E80300FB6801221A71FB6806
:1077200018462837BD46B0BDB0E50308B0B58AB0ED
:1077300000AFF860B960394681E80C00FB68184674
:10774000EEF76CFC124AFB681A60FB6800221A71A3
:10775000FB68083300211846EFF700FA07F1100024
:107760003B460CCBB96801F0F6F9FB6803F108045D
:1077700007F110050FCD0FC495E8030084E803005E
:10778000FB6801221A71FB6818462837BD46B0BD58
:107790006CDF030880B582B000AF78607B68184664
:1077A000EEF73CFC094A7B681A607B6800221A717C
:1077B0007B6808330021184601F0E0F97B6800225D
:1077C0001A717B6818460837BD4680BD7CE5030802
:1077D000B0B58AB000AFF860B960394681E80C00F6
:1077E000FB681846EEF71AFC124AFB681A60FB6841
:1077F00000221A71FB6808330021184601F0BEF917
:1078000007F110003B460CCBB96801F0C5F9FB68E5
:1078100003F1080407F110050FCD0FC495E803002C
:1078200084E80300FB6801221A71FB6818462837B8
:10783000BD46B0BD7CE5030880B582B000AF78607E
:107840007B681846EEF7EAFB094A7B681A607B689A
:1078500000221A717B6808330021184601F0AFF945
:107860007B6800221A717B6818460837BD4680BDC8
:1078700048E50308B0B58AB000AFF860B960394692
:1078800081E80C00FB681846EEF7C8FB124AFB685B
:107890001A60FB6800221A71FB6808330021184641
:1078A00001F08DF907F110003B460CCBB96801F0EF
:1078B00094F9FB6803F1080407F110050FCD0FC41C
:1078C00095E8030084E80300FB6801221A71FB6855
:1078D00018462837BD46B0BD48E5030880B582B0DC
:1078E00000AF78607B681846EEF798FB094A7B6822
:1078F0001A607B6800221A717B68083300211846E1
:1079000001F07EF97B6800221A717B6818460837FF
:10791000BD4680BD14E50308B0B58AB000AFF8607D
:10792000B960394681E80C00FB681846EEF776FB33
:10793000124AFB681A60FB6800221A71FB68083360
:107940000021184601F05CF907F110003B460CCB12
:10795000B96801F063F9FB6803F1080407F1100549
:107960000FCD0FC495E8030084E80300FB680122F3
:107970001A71FB6818462837BD46B0BD14E50308E8
:1079800080B582B000AF78607B681846EEF746FBA2
:10799000094A7B681A607B6800221A717B68083389
:1079A0000021184601F04DF97B6800221A717B68AE
:1079B00018460837BD4680BDE0E40308B0B58AB07C
:1079C00000AFF860B960394681E80C00FB681846E2
:1079D000EEF724FB124AFB681A60FB6800221A715A
:1079E000FB6808330021184601F02BF907F110005D
:1079F0003B460CCBB96801F032F9FB6803F108048F
:107A000007F110050FCD0FC495E8030084E80300CB
:107A1000FB6801221A71FB6818462837BD46B0BDC5
:107A2000E0E4030880B582B000AF78607B68184658
:107A3000EEF7F4FA094A7B681A607B6800221A7133
:107A40007B6808330021184601F01CF97B6800228E
:107A50001A717B6818460837BD4680BDACE4030840
:107A6000B0B58AB000AFF860B960394681E80C0063
:107A7000FB681846EEF7D2FA124AFB681A60FB68F8
:107A800000221A71FB6808330021184601F0FAF849
:107A900007F110003B460CCBB96801F001F9FB6817
:107AA00003F1080407F110050FCD0FC495E803009A
:107AB00084E80300FB6801221A71FB681846283726
:107AC000BD46B0BDACE4030880B582B000AF7860BD
:107AD0007B681846EEF7A2FA094A7B681A607B6851
:107AE00000221A717B6808330021184601F0EBF878
:107AF0007B6800221A717B6818460837BD4680BD36
:107B000078E40308B0B58AB000AFF860B9603946D0
:107B100081E80C00FB681846EEF780FA124AFB6811
:107B20001A60FB6800221A71FB68083300211846AE
:107B300001F0C9F807F110003B460CCBB96801F021
:107B4000D0F8FB6803F1080407F110050FCD0FC44E
:107B500095E8030084E80300FB6801221A71FB68C2
:107B600018462837BD46B0BD78E4030880B582B01A
:107B700000AF78607B681846EEF750FA094A7B68D8
:107B80001A607B6800221A717B680833002118464E
:107B900001F0BAF87B6800221A717B681846083732
:107BA000BD4680BD44E40308B0B58AB000AFF860BC
:107BB000B960394681E80C00FB681846EEF72EFAEA
:107BC000124AFB681A60FB6800221A71FB680833CE
:107BD0000021184601F098F807F110003B460CCB45
:107BE000B96801F09FF8FB6803F1080407F110057C
:107BF0000FCD0FC495E8030084E80300FB68012261
:107C00001A71FB6818462837BD46B0BD44E4030826
:107C100080B582B000AF78607B681846EEF7FEF959
:107C2000094A7B681A607B6800221A717B680833F6
:107C30000021184601F089F87B6800221A717B68E0
:107C400018460837BD4680BD10E40308B0B58AB0B9
:107C500000AFF860B960394681E80C00FB6818464F
:107C6000EEF7DCF9124AFB681A60FB6800221A7111
:107C7000FB6808330021184601F067F807F110008F
:107C80003B460CCBB96801F06EF8FB6803F10804C1
:107C900007F110050FCD0FC495E8030084E8030039
:107CA000FB6801221A71FB6818462837BD46B0BD33
:107CB00010E4030880B582B000AF78607B68184696
:107CC000EEF7ACF9094A7B681A607B6800221A71EA
:107CD0007B6808330021184601F058F87B680022C1
:107CE0001A717B6818460837BD4680BDDCE303087F
:107CF000B0B58AB000AFF860B960394681E80C00D1
:107D0000FB681846EEF78AF9124AFB681A60FB68AE
:107D100000221A71FB6808330021184601F036F87A
:107D200007F110003B460CCBB96801F03DF8FB6849
:107D300003F1080407F110050FCD0FC495E8030007
:107D400084E80300FB6801221A71FB681846283793
:107D5000BD46B0BDDCE3030880B582B000AF7860FB
:107D60007B681846EEF75AF9094A7B681A607B6807
:107D700000221A717B6808330021184601F027F8A9
:107D80007B6800221A717B6818460837BD4680BDA3
:107D9000A8E30308B0B58AB000AFF860B96039460F
:107DA00081E80C00FB681846EEF738F9124AFB68C8
:107DB0001A60FB6800221A71FB680833002118461C
:107DC00001F005F807F110003B460CCBB96801F053
:107DD0000CF8FB6803F1080407F110050FCD0FC480
:107DE00095E8030084E80300FB6801221A71FB6830
:107DF00018462837BD46B0BDA8E3030880B582B059
:107E000000AF78607B681846EEF708F9094A7B688E
:107E10001A607B6800221A717B68083300211846BB
:107E200000F0F6FF7B6800221A717B68184608375D
:107E3000BD4680BD74E30308B0B58AB000AFF860FA
:107E4000B960394681E80C00FB681846EEF7E6F8A1
:107E5000124AFB681A60FB6800221A71FB6808333B
:107E60000021184600F0D4FF07F110003B460CCB70
:107E7000B96800F0DBFFFB6803F1080407F11005A7
:107E80000FCD0FC495E8030084E80300FB680122CE
:107E90001A71FB6818462837BD46B0BD74E3030865
:107EA000B0B58AB000AFF860B960394681E80C001F
:107EB000FB681846EEF7B2F8124AFB681A60FB68D6
:107EC00000221A71FB6808330021184600F0BDFB40
:107ED00007F110003B460CCBB96800F0BAFFFB6815
:107EE00003F1080407F110050FCD0FC495E8030056
:107EF00084E80300FB6801221A71FB6818462837E2
:107F0000BD46B0BD58E9030880B582B000AF7860C7
:107F10007B681846EEF782F8094A7B681A607B682E
:107F200000221A717B6808330021184600F0A4FF74
:107F30007B6800221A717B6818460837BD4680BDF1
:107F400040E30308B0B58AB000AFF860B9603946C5
:107F500081E80C00FB681846EEF760F8124AFB68EF
:107F60001A60FB6800221A71FB680833002118466A
:107F700000F082FF07F110003B460CCBB96800F01F
:107F800089FFFB6803F1080407F110050FCD0FC44A
:107F900095E8030084E80300FB6801221A71FB687E
:107FA00018462837BD46B0BD40E3030880B582B00F
:107FB00000AF78607B681846EEF730F8094A7B68B6
:107FC0001A607B6800221A717B680833002118460A
:107FD00000F073FF7B6800221A717B68184608372F
:107FE000BD4680BD0CE30308B0B58AB000AFF860B1
:107FF000B960394681E80C00FB681846EEF70EF8C8
:10800000124AFB681A60FB6800221A71FB68083389
:108010000021184600F051FF07F110003B460CCB41
:10802000B96800F058FFFB6803F1080407F1100578
:108030000FCD0FC495E8030084E80300FB6801221C
:108040001A71FB6818462837BD46B0BD0CE303081B
:10805000B0B58AB000AFF860B960394681E80C006D
:10806000FB681846EDF7DAFF124AFB681A60FB68F6
:1080700000221A71FB68083300211846EEF76EFDE6
:1080800007F110003B460CCBB968F3F766FBFB68C1
:1080900003F1080407F110050FCD0FC495E80300A4
:1080A00084E80300FB6801221A71FB681846283730
:1080B000BD46B0BD6CDF030880B582B000AF78600C
:1080C0007B681846EDF7AAFF094A7B681A607B684F
:1080D00000221A717B6808330021184600F00EFF59
:1080E0007B6800221A717B6818460837BD4680BD40
:1080F000D8E20308B0B58AB000AFF860B96039467D
:1081000081E80C00FB681846EDF788FF124AFB680F
:108110001A60FB6800221A71FB68083300211846B8
:1081200000F0ECFE07F110003B460CCBB96800F004
:10813000F3FEFB6803F1080407F110050FCD0FC42F
:1081400095E8030084E80300FB6801221A71FB68CC
:1081500018462837BD46B0BDD8E2030880B582B0C6
:1081600000AF78607B681846EDF758FF094A7B68D6
:108170001A607B6800221A717B6808330021184658
:1081800000F0DDFE7B6800221A717B681846083714
:10819000BD4680BDA4E20308B0B58AB000AFF86068
:1081A000B960394681E80C00FB681846EDF736FFE8
:1081B000124AFB681A60FB6800221A71FB680833D8
:1081C0000021184600F0BBFE07F110003B460CCB27
:1081D000B96800F0C2FEFB6803F1080407F110055E
:1081E0000FCD0FC495E8030084E80300FB6801226B
:1081F0001A71FB6818462837BD46B0BDA4E20308D3
:1082000080B582B000AF78607B681846EDF706FF56
:10821000094A7B681A607B6800221A717B68083300
:108220000021184600F0ACFE7B6800221A717B68C2
:1082300018460837BD4680BD70E20308B0B58AB065
:1082400000AFF860B960394681E80C00FB68184659
:10825000EDF7E4FE124AFB681A60FB6800221A710F
:10826000FB6808330021184600F08AFE07F1100071
:108270003B460CCBB96800F091FEFB6803F10804A3
:1082800007F110050FCD0FC495E8030084E8030043
:10829000FB6801221A71FB6818462837BD46B0BD3D
:1082A00070E20308B0B58AB000AFF860B960394633
:1082B00081E80C00FB681846EDF7B0FE124AFB6837
:1082C0001A60FB6800221A71FB6808330021184607
:1082D00000F0D9FB07F110003B460CCBB96800F069
:1082E00070FEFB6803F1080407F110050FCD0FC401
:1082F00095E8030084E80300FB6801221A71FB681B
:1083000018462837BD46B0BDE4E5030880B582B005
:1083100000AF78607B681846EDF780FE094A7B68FD
:108320001A607B6800221A717B68083300211846A6
:1083300000F05AFE7B6800221A717B6818460837E5
:10834000BD4680BD3CE20308B0B58AB000AFF8601E
:10835000B960394681E80C00FB681846EDF75EFE0F
:10836000124AFB681A60FB6800221A71FB68083326
:108370000021184600F038FE07F110003B460CCBF8
:10838000B96800F03FFEFB6803F1080407F110052F
:108390000FCD0FC495E8030084E80300FB680122B9
:1083A0001A71FB6818462837BD46B0BD3CE2030889
:1083B00080B582B000AF78607B681846EDF72EFE7E
:1083C000094A7B681A607B6800221A717B6808334F
:1083D0000021184600F029FE7B6800221A717B6894
:1083E00018460837BD4680BD08E20308B0B58AB01C
:1083F00000AFF860B960394681E80C00FB681846A8
:10840000EDF70CFE124AFB681A60FB6800221A7135
:10841000FB6808330021184600F007FE07F1100042
:108420003B460CCBB96800F00EFEFB6803F1080474
:1084300007F110050FCD0FC495E8030084E8030091
:10844000FB6801221A71FB6818462837BD46B0BD8B
:1084500008E2030880B582B000AF78607B681846F8
:10846000EDF7DCFD094A7B681A607B6800221A710F
:108470007B6808330021184600F0F8FD7B68002275
:108480001A717B6818460837BD4680BDD4E10308E1
:10849000B0B58AB000AFF860B960394681E80C0029
:1084A000FB681846EDF7BAFD124AFB681A60FB68D4
:1084B00000221A71FB6808330021184600F0D6FD2F
:1084C00007F110003B460CCBB96800F0DDFDFB68FE
:1084D00003F1080407F110050FCD0FC495E8030060
:1084E00084E80300FB6801221A71FB6818462837EC
:1084F000BD46B0BDD4E1030880B582B000AF78605E
:1085000039603968786800F0D2FD7B681846083712
:10851000BD4680BD80B582B000AF786039603968F3
:10852000786800F0D5FD7B6818460837BD4680BDE9
:1085300080B582B000AF786039603968786800F043
:10854000D8FD7B6818460837BD4680BD80B582B02F
:1085500000AF786039603968786800F0DBFD7B68CF
:1085600018460837BD4680BD80B582B000AF786040
:1085700039603968786800F0DEFD7B681846083796
:10858000BD4680BD80B584B000AFF860B9603946A3
:1085900081E80C003B460CCBB968F86800F0DCFDC4
:1085A000FB6818461037BD4680BD80B582B000AF6D
:1085B000786039603968786800F0ECFD7B681846AF
:1085C0000837BD4680BD80B584B000AFF860B960A3
:1085D000394681E80C003B460CCBB968F86800F0DE
:1085E000EBFDFB6818461037BD4680BD80B582B0F4
:1085F00000AF786039603968786800F0FBFD7B680F
:1086000018460837BD4680BD80B584B000AFF8601D
:10861000B960394681E80C003B460CCBB968F86874
:1086200000F0FAFDFB6818461037BD4680BD80B5E6
:1086300082B000AF786039603968786800F00AFE6F
:108640007B6818460837BD4680BD80B582B000AF54
:10865000786039603968786800F00DFE7B681846EC
:108660000837BD4680BD80B584B000AFF860B96002
:10867000394681E80C003B460CCBB968F86800F03D
:108680000BFEFB6818461037BD4680BD80B584B030
:1086900000AFF860B960394681E80C003B460CCB6E
:1086A000B968F86800F016FEFB6818461037BD463A
:1086B00080BD80B582B000AF786039603968786875
:1086C00000F026FE7B6818460837BD4680BD80B5A1
:1086D00082B000AF786039603968786800F029FEB0
:1086E0007B6818460837BD4680BD80B584B000AFB2
:1086F000F860B960394681E80C003B460CCBB9689C
:10870000F86800F027FEFB6818461037BD4680BDAC
:1087100080B582B000AF786039603968786800F061
:1087200037FE7B6818460837BD4680BD80B584B0EB
:1087300000AFF860B960394681E80C003B460CCBCD
:10874000B968F86800F036FEFB6818461037BD4679
:1087500080BD80B582B000AF7860396039687868D4
:1087600000F046FE7B6818460837BD4680BD80B5E0
:1087700084B000AFF860B960394681E80C003B4630
:108780000CCBB968F86800F045FEFB681846103756
:10879000BD4680BD80B582B000AF78603960396871
:1087A000786800F055FE7B6818460837BD4680BDE6
:1087B00080B584B000AFF860B960394681E80C003C
:1087C0003B460CCBB968F86800F054FEFB681846CD
:1087D0001037BD4680BD80B582B000AF786039608B
:1087E0003968786800F064FE7B6818460837BD4633
:1087F00080BD80B584B000AFF860B960394681E8CB
:108800000C003B460CCBB968F86800F063FEFB68CF
:1088100018461037BD4680BD80B582B000AF786085
:1088200039603968786800F073FE7B68184608374D
:10883000BD4680BD80B582B000AF786039603968D0
:10884000786800F076FE7B6818460837BD4680BD24
:1088500080B584B000AFF860B960394681E80C009B
:108860003B460CCBB968F86800F074FEFB6818460C
:108870001037BD4680BD80B582B000AF78603960EA
:108880003968786800F084FE7B6818460837BD4672
:1088900080BD80B584B000AFF860B960394681E82A
:1088A0000C003B460CCBB968F86800F083FEFB680F
:1088B00018461037BD4680BD80B582B000AF7860E5
:1088C00039603968786800F093FE7B68184608378D
:1088D000BD4680BD80B584B000AFF860B960394650
:1088E00081E80C003B460CCBB968F86800F092FEBA
:1088F000FB6818461037BD4680BD80B582B000AF1A
:10890000786039603968786800F0A2FE7B681846A4
:108910000837BD4680BD80B584B000AFF860B9604F
:10892000394681E80C003B460CCBB968F86800F08A
:10893000A1FEFB6818461037BD4680BD80B582B0E9
:1089400000AF786039603968786800F0B1FE7B6804
:1089500018460837BD4680BD80B584B000AFF860CA
:10896000B960394681E80C003B460CCBB968F86821
:1089700000F0B0FEFB6818461037BD4680BD80B5DC
:1089800082B000AF786039603968786800F0C0FE66
:108990007B6818460837BD4680BD80B584B000AFFF
:1089A000F860B960394681E80C003B460CCBB968E9
:1089B000F86800F0BFFEFB6818461037BD4680BD62
:1089C00080B582B000AF786039603968786800F0AF
:1089D000CFFE7B6818460837BD4680BD80B584B0A1
:1089E00000AFF860B960394681E80C003B460CCB1B
:1089F000B968F86800F0CEFEFB6818461037BD462F
:108A000080BD80B582B000AF786039603968786821
:108A100000F0DEFE7B6818460837BD4680BD80B595
:108A200084B000AFF860B960394681E80C003B467D
:108A30000CCBB968F86800F0DDFEFB68184610370B
:108A4000BD4680BD80B582B000AF786039603968BE
:108A5000786800F0EDFE7B6818460837BD4680BD9B
:108A600080B584B000AFF860B960394681E80C0089
:108A70003B460CCBB968F86800F0ECFEFB68184682
:108A80001037BD4680BD80B582B000AF78603960D8
:108A90003968786800F0FCFE7B6818460837BD46E8
:108AA00080BD80B584B000AFF860B960394681E818
:108AB0000C003B460CCBB968F86800F0FBFEFB6885
:108AC00018461037BD4680BD80B584B000AFF86051
:108AD000B960394681E80C003B460CCBB968F868B0
:108AE00000F006FFFB6818461037BD4680BD80B514
:108AF00084B000AFF860B960394681E80C003B46AD
:108B00000CCBB968F86800F011FFFB681846103705
:108B1000BD4680BD80B582B000AF786039603968ED
:108B2000786800F021FF7B6818460837BD4680BD95
:108B300080B584B000AFF860B960394681E80C00B8
:108B40003B460CCBB968F86800F020FFFB6818467C
:108B50001037BD4680BD80B584B000AFF860B96005
:108B6000394681E80C003B460CCBB968F86800F048
:108B70002BFFFB6818461037BD4680BD80B582B01C
:108B800000AF786039603968786800F03BFF7B6837
:108B900018460837BD4680BD80B584B000AFF86088
:108BA000B960394681E80C003B460CCBB968F868DF
:108BB00000F03AFFFB6818461037BD4680BD80B50F
:108BC00082B000AF786039603968786800F04AFF99
:108BD0007B6818460837BD4680BD80B584B000AFBD
:108BE000F860B960394681E80C003B460CCBB968A7
:108BF000F86800F049FFFB6818461037BD4680BD95
:108C000080B582B000AF786039603968786800F06C
:108C100059FF7B6818460837BD4680BD80B584B0D3
:108C200000AFF860B960394681E80C003B460CCBD8
:108C3000B968F86800F058FFFB6818461037BD4661
:108C400080BD80B582B000AF7860396039687868DF
:108C500000F068FF7B6818460837BD4680BD80B5C8
:108C600084B000AFF860B960394681E80C003B463B
:108C70000CCBB968F86800F067FFFB68184610373E
:108C8000BD4680BD80B582B000AF7860396039687C
:108C9000786800F077FF7B6818460837BD4680BDCE
:108CA00080B584B000AFF860B960394681E80C0047
:108CB0003B460CCBB968F86800F076FFFB681846B5
:108CC0001037BD4680BD80B582B000AF7860396096
:108CD0003968786800F086FF7B6818460837BD461B
:108CE00080BD80B584B000AFF860B960394681E8D6
:108CF0000C003B460CCBB968F86800F085FFFB68B8
:108D000018461037BD4680BD80B582B000AF786090
:108D100039603968786800F095FF7B681846083735
:108D2000BD4680BD80B584B000AFF860B9603946FB
:108D300081E80C003B460CCBB968F86800F094FF62
:108D4000FB6818461037BD4680BD80B582B000AFC5
:108D5000786039603968786800F0A4FF7B6818464D
:108D60000837BD4680BD80B584B000AFF860B960FB
:108D7000394681E80C003B460CCBB968F86800F036
:108D8000A3FFFB6818461037BD4680BD80B582B092
:108D900000AF786039603968786800F0B3FF7B68AD
:108DA00018460837BD4680BD80B584B000AFF86076
:108DB000B960394681E80C003B460CCBB968F868CD
:108DC00000F0B2FFFB6818461037BD4680BD80B585
:108DD00082B000AF786039603968786800F0C2FF0F
:108DE0007B6818460837BD4680BD80B584B000AFAB
:108DF000F860B960394681E80C003B460CCBB96895
:108E0000F86800F0C1FFFB6818461037BD4680BD0A
:108E100080B582B000AF786039603968786800F05A
:108E2000D1FF7B6818460837BD4680BD80B584B049
:108E300000AFF860B960394681E80C003B460CCBC6
:108E4000B968F86800F0D0FFFB6818461037BD46D7
:108E500080BD80B584B000AFF860B960394681E864
:108E60000C003B460CCBB968F86800F0DBFFFB68F0
:108E700018461037BD4680BD80B582B000AF78601F
:108E800039603968786800F0EBFF7B68184608376E
:108E9000BD4680BD80B584B000AFF860B96039468A
:108EA00081E80C003B460CCBB968F86800F0EAFF9B
:108EB000FB6818461037BD4680BD80B582B000AF54
:108EC000786039603968786800F0FAFF7B68184686
:108ED0000837BD4680BD80B584B000AFF860B9608A
:108EE000394681E80C003B460CCBB968F86800F0C5
:108EF000F9FFFB6818461037BD4680BD80B582B0CB
:108F000000AF786039603968786801F009F87B68EB
:108F100018460837BD4680BD80B584B000AFF86004
:108F2000B960394681E80C003B460CCBB968F8685B
:108F300001F008F8FB6818461037BD4680BD80B5C3
:108F400082B000AF786039603968786801F018F84D
:108F50007B6818460837BD4680BD80B584B000AF39
:108F6000F860B960394681E80C003B460CCBB96823
:108F7000F86801F017F8FB6818461037BD4680BD49
:108F800080B582B000AF786039603968786801F0E8
:108F900027F87B6818460837BD4680BD80B584B089
:108FA00000AFF860B960394681E80C003B460CCB55
:108FB000B968F86801F026F8FB6818461037BD4616
:108FC00080BD80B584B000AFF860B960394681E8F3
:108FD0000C003B460CCBB968F86801F031F8FB682F
:108FE00018461037BD4680BD80B582B000AF7860AE
:108FF00039603968786801F041F87B6818460837AD
:10900000BD4680BD80B584B000AFF860B960394618
:1090100081E80C003B460CCBB968F86801F040F8D9
:10902000FB6818461037BD4680BD80B582B000AFE2
:10903000786039603968786801F050F87B681846C4
:109040000837BD4680BD80B584B000AFF860B96018
:10905000394681E80C003B460CCBB968F86801F052
:109060004FF8FB6818461037BD4680BD80B582B00A
:1090700000AF786039603968786801F05FF87B6824
:1090800018460837BD4680BD80B584B000AFF86093
:10909000B960394681E80C003B460CCBB968F868EA
:1090A00001F05EF8FB6818461037BD4680BD80B4FD
:1090B00083B000AF786039607B683A681A607B687B
:1090C00000225A6100BF0C37BD465DF8047B704733
:1090D00080B483B000AF786039607B683A681A600A
:1090E0007B6800225A6100BF0C37BD465DF8047BE7
:1090F000704780B483B000AF786039607B683A68AD
:109100001A607B6800225A6100BF0C37BD465DF8CB
:10911000047B704780B483B000AF786039607B68AF
:109120003A681A607B6800225A6100BF0C37BD465E
:109130005DF8047B704780B483B000AF786039601D
:109140007B683A681A607B6800225A6100BF0C375E
:10915000BD465DF8047B704780B485B000AFF86011
:10916000B960394681E80C00FB68BA681A60FB6890
:1091700004331A463B4693E8030082E80300FB6889
:10918000034A5A6100BF1437BD465DF8047B70473F
:109190009DA1020880B483B000AF786039607B681D
:1091A0003A681A607B6800225A6100BF0C37BD46DE
:1091B0005DF8047B7047000080B485B000AFF860B4
:1091C000B960394681E80C00FB68BA681A60FB6830
:1091D00004331A463B4693E8030082E80300FB6829
:1091E000034A5A6100BF1437BD465DF8047B7047DF
:1091F000F7A1020880B483B000AF786039607B6863
:109200003A681A607B6800225A6100BF0C37BD467D
:109210005DF8047B7047000080B485B000AFF86053
:10922000B960394681E80C00FB68BA681A60FB68CF
:1092300004331A463B4693E8030082E80300FB68C8
:10924000034A5A6100BF1437BD465DF8047B70477E
:109250004DA2020880B483B000AF786039607B68AB
:109260003A681A607B6800225A6100BF0C37BD461D
:109270005DF8047B704780B483B000AF78603960DC
:109280007B683A681A607B6800225A6100BF0C371D
:10929000BD465DF8047B704780B485B000AFF860D0
:1092A000B960394681E80C00FB68BA681A60FB684F
:1092B00004331A463B4693E8030082E80300FB6848
:1092C000034A5A6100BF1437BD465DF8047B7047FE
:1092D000C9A2020880B485B000AFF860B960394611
:1092E00081E80C00FB68BA681A60FB6804331A4610
:1092F0003B4693E8030082E80300FB68034A5A6197
:1093000000BF1437BD465DF8047B70471DA30208FB
:1093100080B483B000AF786039607B683A681A60C7
:109320007B6800225A6100BF0C37BD465DF8047BA4
:10933000704780B483B000AF786039607B683A686A
:109340001A607B6800225A6100BF0C37BD465DF889
:10935000047B704780B485B000AFF860B9603946CF
:1093600081E80C00FB68BA681A60FB6804331A468F
:109370003B4693E8030082E80300FB68034A5A6116
:1093800000BF1437BD465DF8047B704771A3020827
:1093900080B483B000AF786039607B683A681A6047
:1093A0007B6800225A6100BF0C37BD465DF8047B24
:1093B0007047000080B485B000AFF860B9603946EE
:1093C00081E80C00FB68BA681A60FB6804331A462F
:1093D0003B4693E8030082E80300FB68034A5A61B6
:1093E00000BF1437BD465DF8047B7047CBA302086D
:1093F00080B483B000AF786039607B683A681A60E7
:109400007B6800225A6100BF0C37BD465DF8047BC3
:109410007047000080B485B000AFF860B96039468D
:1094200081E80C00FB68BA681A60FB6804331A46CE
:109430003B4693E8030082E80300FB68034A5A6155
:1094400000BF1437BD465DF8047B704723A40208B3
:1094500080B483B000AF786039607B683A681A6086
:109460007B6800225A6100BF0C37BD465DF8047B63
:109470007047000080B485B000AFF860B96039462D
:1094800081E80C00FB68BA681A60FB6804331A466E
:109490003B4693E8030082E80300FB68034A5A61F5
:1094A00000BF1437BD465DF8047B704797A40208DF
:1094B00080B483B000AF786039607B683A681A6026
:1094C0007B6800225A6100BF0C37BD465DF8047B03
:1094D0007047000080B485B000AFF860B9603946CD
:1094E00081E80C00FB68BA681A60FB6804331A460E
:1094F0003B4693E8030082E80300FB68034A5A6195
:1095000000BF1437BD465DF8047B70470BA5020809
:1095100080B483B000AF786039607B683A681A60C5
:109520007B6800225A6100BF0C37BD465DF8047BA2
:10953000704780B483B000AF786039607B683A6868
:109540001A607B6800225A6100BF0C37BD465DF887
:10955000047B704780B485B000AFF860B9603946CD
:1095600081E80C00FB68BA681A60FB6804331A468D
:109570003B4693E8030082E80300FB68034A5A6114
:1095800000BF1437BD465DF8047B704763A5020831
:1095900080B483B000AF786039607B683A681A6045
:1095A0007B6800225A6100BF0C37BD465DF8047B22
:1095B0007047000080B485B000AFF860B9603946EC
:1095C00081E80C00FB68BA681A60FB6804331A462D
:1095D0003B4693E8030082E80300FB68034A5A61B4
:1095E00000BF1437BD465DF8047B7047E5A502084F
:1095F00080B483B000AF786039607B683A681A60E5
:109600007B6800225A6100BF0C37BD465DF8047BC1
:109610007047000080B485B000AFF860B96039468B
:1096200081E80C00FB68BA681A60FB6804331A46CC
:109630003B4693E8030082E80300FB68034A5A6153
:1096400000BF1437BD465DF8047B704767A602086B
:1096500080B483B000AF786039607B683A681A6084
:109660007B6800225A6100BF0C37BD465DF8047B61
:109670007047000080B485B000AFF860B96039462B
:1096800081E80C00FB68BA681A60FB6804331A466C
:109690003B4693E8030082E80300FB68034A5A61F3
:1096A00000BF1437BD465DF8047B7047DFA6020893
:1096B00080B483B000AF786039607B683A681A6024
:1096C0007B6800225A6100BF0C37BD465DF8047B01
:1096D0007047000080B485B000AFF860B9603946CB
:1096E00081E80C00FB68BA681A60FB6804331A460C
:1096F0003B4693E8030082E80300FB68034A5A6193
:1097000000BF1437BD465DF8047B704757A70208B9
:1097100080B483B000AF786039607B683A681A60C3
:109720007B6800225A6100BF0C37BD465DF8047BA0
:109730007047000080B485B000AFF860B96039466A
:1097400081E80C00FB68BA681A60FB6804331A46AB
:109750003B4693E8030082E80300FB68034A5A6132
:1097600000BF1437BD465DF8047B7047B3A70208FD
:1097700080B483B000AF786039607B683A681A6063
:109780007B6800225A6100BF0C37BD465DF8047B40
:109790007047000080B485B000AFF860B96039460A
:1097A00081E80C00FB68BA681A60FB6804331A464B
:1097B0003B4693E8030082E80300FB68034A5A61D2
:1097C00000BF1437BD465DF8047B70470DA8020842
:1097D00080B483B000AF786039607B683A681A6003
:1097E0007B6800225A6100BF0C37BD465DF8047BE0
:1097F0007047000080B485B000AFF860B9603946AA
:1098000081E80C00FB68BA681A60FB6804331A46EA
:109810003B4693E8030082E80300FB68034A5A6171
:1098200000BF1437BD465DF8047B704785A8020869
:1098300080B483B000AF786039607B683A681A60A2
:109840007B6800225A6100BF0C37BD465DF8047B7F
:109850007047000080B485B000AFF860B960394649
:1098600081E80C00FB68BA681A60FB6804331A468A
:109870003B4693E8030082E80300FB68034A5A6111
:1098800000BF1437BD465DF8047B7047F3A802089B
:1098900080B483B000AF786039607B683A681A6042
:1098A0007B6800225A6100BF0C37BD465DF8047B1F
:1098B0007047000080B485B000AFF860B9603946E9
:1098C00081E80C00FB68BA681A60FB6804331A462A
:1098D0003B4693E8030082E80300FB68034A5A61B1
:1098E00000BF1437BD465DF8047B70474BA90208E2
:1098F00080B485B000AFF860B960394681E80C00EB
:10990000FB68BA681A60FB6804331A463B4693E862
:10991000030082E80300FB68034A5A6100BF143762
:10992000BD465DF8047B7047A5A9020880B485B0E8
:1099300000AFF860B960394681E80C00FB68BA688E
:109940001A60FB6804331A463B4693E8030082E83A
:109950000300FB68034A5A6100BF1437BD465DF837
:10996000047B7047F7A9020880B483B000AF786029
:1099700039607B683A681A607B6800225A6100BFD0
:109980000C37BD465DF8047B7047000080B485B09D
:1099900000AFF860B960394681E80C00FB68BA682E
:1099A0001A60FB6804331A463B4693E8030082E8DA
:1099B0000300FB68034A5A6100BF1437BD465DF8D7
:1099C000047B704753AA020880B485B000AFF860EA
:1099D000B960394681E80C00FB68BA681A60FB6818
:1099E00004331A463B4693E8030082E80300FB6811
:1099F000034A5A6100BF1437BD465DF8047B7047C7
:109A0000D5AA020880B483B000AF786039607B6863
:109A10003A681A607B6800225A6100BF0C37BD4665
:109A20005DF8047B7047000080B485B000AFF8603B
:109A3000B960394681E80C00FB68BA681A60FB68B7
:109A400004331A463B4693E8030082E80300FB68B0
:109A5000034A5A6100BF1437BD465DF8047B704766
:109A600027AB020880B483B000AF786039607B68B0
:109A70003A681A607B6800225A6100BF0C37BD4605
:109A80005DF8047B7047000080B485B000AFF860DB
:109A9000B960394681E80C00FB68BA681A60FB6857
:109AA00004331A463B4693E8030082E80300FB6850
:109AB000034A5A6100BF1437BD465DF8047B704706
:109AC0007FAB020880B483B000AF786039607B68F8
:109AD0003A681A607B6800225A6100BF0C37BD46A5
:109AE0005DF8047B7047000080B485B000AFF8607B
:109AF000B960394681E80C00FB68BA681A60FB68F7
:109B000004331A463B4693E8030082E80300FB68EF
:109B1000034A5A6100BF1437BD465DF8047B7047A5
:109B2000E5AB020880B483B000AF786039607B6831
:109B30003A681A607B6800225A6100BF0C37BD4644
:109B40005DF8047B7047000080B485B000AFF8601A
:109B5000B960394681E80C00FB68BA681A60FB6896
:109B600004331A463B4693E8030082E80300FB688F
:109B7000034A5A6100BF1437BD465DF8047B704745
:109B80003DAC020880B483B000AF786039607B6878
:109B90003A681A607B6800225A6100BF0C37BD46E4
:109BA0005DF8047B7047000080B485B000AFF860BA
:109BB000B960394681E80C00FB68BA681A60FB6836
:109BC00004331A463B4693E8030082E80300FB682F
:109BD000034A5A6100BF1437BD465DF8047B7047E5
:109BE000A3AC020880B483B000AF786039607B68B2
:109BF0003A681A607B6800225A6100BF0C37BD4684
:109C00005DF8047B7047000080B485B000AFF86059
:109C1000B960394681E80C00FB68BA681A60FB68D5
:109C200004331A463B4693E8030082E80300FB68CE
:109C3000034A5A6100BF1437BD465DF8047B704784
:109C4000FBAC020880B483B000AF786039607B68F9
:109C50003A681A607B6800225A6100BF0C37BD4623
:109C60005DF8047B7047000080B485B000AFF860F9
:109C7000B960394681E80C00FB68BA681A60FB6875
:109C800004331A463B4693E8030082E80300FB686E
:109C9000034A5A6100BF1437BD465DF8047B704724
:109CA00061AD020880B483B000AF786039607B6832
:109CB0003A681A607B6800225A6100BF0C37BD46C3
:109CC0005DF8047B7047000080B485B000AFF86099
:109CD000B960394681E80C00FB68BA681A60FB6815
:109CE00004331A463B4693E8030082E80300FB680E
:109CF000034A5A6100BF1437BD465DF8047B7047C4
:109D0000B9AD020880B483B000AF786039607B6879
:109D10003A681A607B6800225A6100BF0C37BD4662
:109D20005DF8047B7047000080B485B000AFF86038
:109D3000B960394681E80C00FB68BA681A60FB68B4
:109D400004331A463B4693E8030082E80300FB68AD
:109D5000034A5A6100BF1437BD465DF8047B704763
:109D60003DAE020880B483B000AF786039607B6894
:109D70003A681A607B6800225A6100BF0C37BD4602
:109D80005DF8047B7047000080B485B000AFF860D8
:109D9000B960394681E80C00FB68BA681A60FB6854
:109DA00004331A463B4693E8030082E80300FB684D
:109DB000034A5A6100BF1437BD465DF8047B704703
:109DC00095AE020880B483B000AF786039607B68DC
:109DD0003A681A607B6800225A6100BF0C37BD46A2
:109DE0005DF8047B7047000080B485B000AFF86078
:109DF000B960394681E80C00FB68BA681A60FB68F4
:109E000004331A463B4693E8030082E80300FB68EC
:109E1000034A5A6100BF1437BD465DF8047B7047A2
:109E20000DAF020880B485B000AFF860B960394664
:109E300081E80C00FB68BA681A60FB6804331A46B4
:109E40003B4693E8030082E80300FB68034A5A613B
:109E500000BF1437BD465DF8047B704765AF02084C
:109E600080B483B000AF786039607B683A681A606C
:109E70007B6800225A6100BF0C37BD465DF8047B49
:109E80007047000080B485B000AFF860B960394613
:109E900081E80C00FB68BA681A60FB6804331A4654
:109EA0003B4693E8030082E80300FB68034A5A61DB
:109EB00000BF1437BD465DF8047B7047B9AF020898
:109EC00080B483B000AF786039607B683A681A600C
:109ED0007B6800225A6100BF0C37BD465DF8047BE9
:109EE0007047000080B485B000AFF860B9603946B3
:109EF00081E80C00FB68BA681A60FB6804331A46F4
:109F00003B4693E8030082E80300FB68034A5A617A
:109F100000BF1437BD465DF8047B70472DB00208C2
:109F200080B483B000AF786039607B683A681A60AB
:109F30007B6800225A6100BF0C37BD465DF8047B88
:109F40007047000080B485B000AFF860B960394652
:109F500081E80C00FB68BA681A60FB6804331A4693
:109F60003B4693E8030082E80300FB68034A5A611A
:109F700000BF1437BD465DF8047B704799B00208F6
:109F800080B483B000AF786039607B683A681A604B
:109F90007B6800225A6100BF0C37BD465DF8047B28
:109FA0007047000080B485B000AFF860B9603946F2
:109FB00081E80C00FB68BA681A60FB6804331A4633
:109FC0003B4693E8030082E80300FB68034A5A61BA
:109FD00000BF1437BD465DF8047B7047EDB0020842
:109FE00080B483B000AF786039607B683A681A60EB
:109FF0007B6800225A6100BF0C37BD465DF8047BC8
:10A000007047000080B485B000AFF860B960394691
:10A0100081E80C00FB68BA681A60FB6804331A46D2
:10A020003B4693E8030082E80300FB68034A5A6159
:10A0300000BF1437BD465DF8047B704745B1020888
:10A0400080B485B000AFF860B960394681E80C0093
:10A05000FB68BA681A60FB6804331A463B4693E80B
:10A06000030082E80300FB68034A5A6100BF14370B
:10A07000BD465DF8047B704799B1020880B483B097
:10A0800000AF786039607B683A681A607B680022AC
:10A090005A6100BF0C37BD465DF8047B7047000075
:10A0A00080B485B000AFF860B960394681E80C0033
:10A0B000FB68BA681A60FB6804331A463B4693E8AB
:10A0C000030082E80300FB68034A5A6100BF1437AB
:10A0D000BD465DF8047B7047F3B1020880B483B0DD
:10A0E00000AF786039607B683A681A607B6800224C
:10A0F0005A6100BF0C37BD465DF8047B7047000015
:10A1000080B485B000AFF860B960394681E80C00D2
:10A11000FB68BA681A60FB6804331A463B4693E84A
:10A12000030082E80300FB68034A5A6100BF14374A
:10A13000BD465DF8047B70476BB2020880B483B003
:10A1400000AF786039607B683A681A607B680022EB
:10A150005A6100BF0C37BD465DF8047B70470000B4
:10A1600080B485B000AFF860B960394681E80C0072
:10A17000FB68BA681A60FB6804331A463B4693E8EA
:10A18000030082E80300FB68034A5A6100BF1437EA
:10A19000BD465DF8047B7047D7B2020880B586B033
:10A1A00000AFF860B960394681E80C00FB687B615C
:10A1B000BB683B613B695B6803F00103002B0BD07C
:10A1C0003B695B685B101A467B6913441B683A69FC
:10A1D000126813441B6801E03B691B683A695268C6
:10A1E000521011467A6950183A4606CA984700BF7D
:10A1F0001837BD4680BD80B586B000AFF860B96045
:10A200007A60FB687B61BB683B613B695B6803F01C
:10A210000103002B0BD03B695B685B101A467B691E
:10A2200013441B683A69126813441B6801E03B69D8
:10A230001B683A695268521011467A690A44796873
:10A240001046984700BF1837BD4680BD82B0F0B5B4
:10A250008FB00AAF7860396007F1280181E80C00FF
:10A260007B68FB603B68BB60BB685B6803F0010315
:10A27000002B0BD0BB685B685B101A46FB6813446D
:10A280001B68BA68126813441E6801E0BB681E6848
:10A29000BB685B685B101A46FB6803EB020C6D46FB
:10A2A00007F134040FCC0FC50FCC0FC523682B600A
:10A2B00007F128030ECB6046B04700BF1437BD46F8
:10A2C000BDE8F04002B0704780B584B000AF786060
:10A2D00039607B68FB603B68BB60BB685B6803F010
:10A2E0000103002B0BD0BB685B685B101A46FB6850
:10A2F00013441B68BA68126813441B6801E0BB680A
:10A300001B68BA68526852101146FA680A4410462F
:10A310009847034618461037BD4680BD80B584B0C7
:10A3200000AF786039607B68FB603B68BB60BB68EE
:10A330005B6803F00103002B0BD0BB685B685B100C
:10A340001A46FB6813441B68BA68126813441B68FA
:10A3500001E0BB681B68BA68526852101146FA687F
:10A360000A4410469847034618461037BD4680BD3C
:10A3700080B586B000AFF860B9601346FB71FB682A
:10A380007B61BB683B613B695B6803F00103002BA9
:10A390000BD03B695B685B101A467B6913441B68F2
:10A3A0003A69126813441B6801E03B691B683A690B
:10A3B0005268521011467A690A44F9791046984752
:10A3C000034618461837BD4680BD80B586B000AF3D
:10A3D000F860B9607A60FB687B61BB683B613B6990
:10A3E0005B6803F00103002B0BD03B695B685B10DB
:10A3F0001A467B6913441B683A69126813441B6848
:10A4000001E03B691B683A695268521011467A694B
:10A410000A44796810469847034618461837BD46DF
:10A4200080BD80B586B000AFF860B960B0EE407A0C
:10A43000F0EE607A87ED007AC7ED017AFB687B6108
:10A44000BB683B613B695B6803F00103002B0BD0E9
:10A450003B695B685B101A467B6913441B683A6969
:10A46000126813441B6801E03B691B683A69526833
:10A47000521011467A690A4497ED007AD7ED017AB5
:10A48000B0EE470AF0EE670A1046984703461846B2
:10A490001837BD4680BD80B586B000AFF860B960A2
:10A4A000B0EE407AF0EE607A87ED007AC7ED017A7F
:10A4B000FB687B61BB683B613B695B6803F0010340
:10A4C000002B0BD03B695B685B101A467B69134419
:10A4D0001B683A69126813441B6801E03B691B68FA
:10A4E0003A695268521011467A690A4497ED007A27
:10A4F000D7ED017AB0EE470AF0EE670A10469847AA
:10A50000034618461837BD4680BD80B586B000AFFB
:10A51000F860B9607A60BB687B617B683B613B69CE
:10A520005B6803F00103002B0BD03B695B685B1099
:10A530001A467B6913441B683A69126813441B6806
:10A5400001E03B691B683A695268521011467A690A
:10A550001144FA681046984700BFF8681837BD469E
:10A5600080BD82B0F0B593B00EAF7860396007F16E
:10A57000280181E80C007B68FB603B68BB60BB681E
:10A580005B6803F00103002B0BD0BB685B685B10BA
:10A590001A46FB6813441B68BA68126813441E68A5
:10A5A00001E0BB681E68BB685B685B101A46FB680D
:10A5B00003EB020C6D4607F134040FCC0FC50FCC32
:10A5C0000FC50FCC0FC523682B6007F128030ECBF6
:10A5D0006046B047034618461437BD46BDE8F04014
:10A5E00002B0704782B0F0B591B00CAF78603960BE
:10A5F00007F1280181E80C007B68FB603B68BB60C9
:10A60000BB685B6803F00103002B0BD0BB685B6881
:10A610005B101A46FB6813441B68BA68126813443F
:10A620001E6801E0BB681E68BB685B685B101A4669
:10A63000FB6803EB020C6D4607F134040FCC0FC529
:10A640000FCC0FC594E80F0085E80F0007F1280331
:10A650000ECB6046B047034618461437BD46BDE8EA
:10A66000F04002B0704782B0B0B586B002AF7860FB
:10A67000396007F1200181E80C007B68FB603B68D2
:10A68000BB60BB685B6803F00103002B0BD0BB68A9
:10A690005B685B101A46FB6813441B68BA68126853
:10A6A00013441C6801E0BB681C68BB685B685B10F6
:10A6B0001A46FB689D186A4607F12C0393E80300CD
:10A6C00082E8030007F120030ECB2846A04703468B
:10A6D00018461037BD46BDE8B04002B0704782B0A2
:10A6E000F0B589B004AF7860396007F1280181E8DE
:10A6F0000C007B68FB603B68BB60BB685B6803F079
:10A700000103002B0BD0BB685B685B101A46FB682B
:10A7100013441B68BA68126813441C6801E0BB68E4
:10A720001C68BB685B685B101A46FB689E186D4628
:10A7300007F1340393E8070085E8070007F12803D1
:10A740000ECB3046A047034618461437BD46BDE839
:10A75000F04002B0704780B586B000AFF860B960D5
:10A7600087ED010AFB687B61BB683B613B695B6805
:10A7700003F00103002B0BD03B695B685B101A46AA
:10A780007B6913441B683A69126813441B6801E033
:10A790003B691B683A695268521011467A690A444B
:10A7A00097ED010A10469847034618461837BD46EC
:10A7B00080BD80B586B000AFF860B9601346FB710C
:10A7C000FB687B61BB683B613B695B6803F001032D
:10A7D000002B0BD03B695B685B101A467B69134406
:10A7E0001B683A69126813441B6801E03B691B68E7
:10A7F0003A695268521011467A690A44F97910464A
:10A800009847034618461837BD4680BD82B0B0B59C
:10A8100086B002AF7860396007F1200181E80C0052
:10A820007B68FB603B68BB60BB685B6803F001034F
:10A83000002B0BD0BB685B685B101A46FB681344A7
:10A840001B68BA68126813441C6801E0BB681C6886
:10A85000BB685B685B101A46FB689D186A4607F187
:10A860002C0393E8030082E8030007F120030ECBDA
:10A870002846A047034618461037BD46BDE8B040FD
:10A8800002B0704782B090B587B002AF786039608F
:10A8900007F1200181E80C007B68FB603B68BB602E
:10A8A000BB685B6803F00103002B0BD0BB685B68DF
:10A8B0005B101A46FB6813441B68BA68126813449D
:10A8C0001C6801E0BB681C68BB685B685B101A46CB
:10A8D000FB689818BB8DADF8003007F120030ECB54
:10A8E000A047034618461437BD46BDE8904002B065
:10A8F000704780B586B000AFF860B9607A60BB6819
:10A900007B617B683B613B695B6803F00103002B63
:10A910000BD03B695B685B101A467B6913441B686C
:10A920003A69126813441B6801E03B691B683A6985
:10A930005268521011467A691144FA6810469847D5
:10A9400000BFF8681837BD4680BD80B586B000AF3F
:10A95000F860B9601346FB80FB687B61BB683B61B4
:10A960003B695B6803F00103002B0BD03B695B681C
:10A970005B101A467B6913441B683A6912681344DA
:10A980001B6801E03B691B683A6952685210114626
:10A990007A690A44F98810469847034618461837DA
:10A9A000BD4680BD80B584B000AF786039607B68FB
:10A9B000FB603B68BB60BB685B6803F00103002B76
:10A9C0000BD0BB685B685B101A46FB6813441B68BE
:10A9D000BA68126813441B6801E0BB681B68BA6858
:10A9E000526852101146FA680A441046984700BF50
:10A9F0001037BD4680BD80B586B000AFF860B96045
:10AA000087ED010AFB687B61BB683B613B695B6862
:10AA100003F00103002B0BD03B695B685B101A4607
:10AA20007B6913441B683A69126813441B6801E090
:10AA30003B691B683A695268521011467A690A44A8
:10AA400097ED010A10469847034618461837BD4649
:10AA500080BD80B588B000AF78613961F0EE406AA2
:10AA6000B0EE607AF0EE417AC7ED016A87ED027AC6
:10AA7000C7ED037A7B69FB613B69BB61BB695B68BE
:10AA800003F00103002B0BD0BB695B685B101A4617
:10AA9000FB6913441B68BA69126813441B6801E020
:10AAA000BB691B68BA69526852101146FA690A44B8
:10AAB000D7ED016A97ED027AD7ED037AB0EE660A18
:10AAC000F0EE470AB0EE671A1046984700BF2037ED
:10AAD000BD4680BD80B584B000AF786039607B68CA
:10AAE000FB603B68BB60BB685B6803F00103002B45
:10AAF0000BD0BB685B685B101A46FB6813441B688D
:10AB0000BA68126813441B6801E0BB681B68BA6826
:10AB1000526852101146FA680A441046984700BF1E
:10AB20001037BD4680BD80B586B000AFF860B96013
:10AB30007A60BB687B617B683B613B695B6803F063
:10AB40000103002B0BD03B695B685B101A467B69E5
:10AB500013441B683A69126813441B6801E03B699F
:10AB60001B683A695268521011467A691144FA68B2
:10AB70001046984700BFF8681837BD4680BD82B0C0
:10AB800090B585B000AF7860396007F1200181E8A9
:10AB90000C007B68FB603B68BB60BB685B6803F0D4
:10ABA0000103002B0BD0BB685B685B101A46FB6887
:10ABB00013441B68BA68126813441C6801E0BB6840
:10ABC0001C68BB685B685B101A46FB68981807F145
:10ABD00020030ECBA04700BF1437BD46BDE8904010
:10ABE00002B0704780B586B000AFF860B9607A6097
:10ABF000BB687B617B683B613B695B6803F0010379
:10AC0000002B0BD03B695B685B101A467B691344D1
:10AC10001B683A69126813441B6801E03B691B68B2
:10AC20003A695268521011467A691144FA6810461E
:10AC3000984700BFF8681837BD4680BD82B090B510
:10AC400085B000AF7860396007F1200181E80C0021
:10AC50007B68FB603B68BB60BB685B6803F001031B
:10AC6000002B0BD0BB685B685B101A46FB68134473
:10AC70001B68BA68126813441C6801E0BB681C6852
:10AC8000BB685B685B101A46FB68981807F12003E5
:10AC90000ECBA04700BF1437BD46BDE8904002B0C0
:10ACA000704780B586B000AFF860B9607A60BB6865
:10ACB0007B617B683B613B695B6803F00103002BB0
:10ACC0000BD03B695B685B101A467B6913441B68B9
:10ACD0003A69126813441B6801E03B691B683A69D2
:10ACE0005268521011467A691144FA681046984722
:10ACF00000BFF8681837BD4680BD82B090B585B0FA
:10AD000000AF7860396007F1200181E80C007B68B2
:10AD1000FB603B68BB60BB685B6803F00103002B12
:10AD20000BD0BB685B685B101A46FB6813441B685A
:10AD3000BA68126813441C6801E0BB681C68BB68F1
:10AD40005B685B101A46FB68981807F120030ECB6E
:10AD5000A04700BF1437BD46BDE8904002B0704721
:10AD600080B586B000AFF860B9607A60BB687B617F
:10AD70007B683B613B695B6803F00103002B0BD0F0
:10AD80003B695B685B101A467B6913441B683A6930
:10AD9000126813441B6801E03B691B683A695268FA
:10ADA000521011467A691144FA681046984700BF5C
:10ADB000F8681837BD4680BD82B0F0B595B010AFC9
:10ADC0007860396007F1280181E80C007B68FB603E
:10ADD0003B68BB60BB685B6803F00103002B0BD0D2
:10ADE000BB685B685B101A46FB6813441B68BA6853
:10ADF000126813441E6801E0BB681E68BB685B688C
:10AE00005B101A46FB6803EB020C6D4607F1340435
:10AE10000FCC0FC50FCC0FC50FCC0FC594E80F009A
:10AE200085E80F0007F128030ECB6046B04700BF4E
:10AE30001437BD46BDE8F04002B0704780B586B01B
:10AE400000AFF860B9601346FB71FB687B61BB68BB
:10AE50003B613B695B6803F00103002B0BD03B694E
:10AE60005B685B101A467B6913441B683A69126879
:10AE700013441B6801E03B691B683A695268521031
:10AE800011467A690A44F9791046984700BF183785
:10AE9000BD4680BD82B0B0B596B012AF7860396063
:10AEA00007F1200181E80C007B68FB603B68BB6018
:10AEB000BB685B6803F00103002B0BD0BB685B68C9
:10AEC0005B101A46FB6813441B68BA681268134487
:10AED0001C6801E0BB681C68BB685B685B101A46B5
:10AEE000FB689D18684607F12C034422194610F0B0
:10AEF000C9F907F120030ECB2846A04703461846A0
:10AF00001037BD46BDE8B04002B0704780B586B08E
:10AF100000AFF860B9607A60BB687B617B683B61B9
:10AF20003B695B6803F00103002B0BD03B695B6856
:10AF30005B101A467B6913441B683A691268134414
:10AF40001B6801E03B691B683A6952685210114660
:10AF50007A691144FA681046984700BFF8681837B4
:10AF6000BD4680BD80B584B000AF786039607B6835
:10AF7000FB603B68BB60BB685B6803F00103002BB0
:10AF80000BD0BB685B685B101A46FB6813441B68F8
:10AF9000BA68126813441B6801E0BB681B68BA6892
:10AFA000526852101146FA680A4410469847034600
:10AFB00018461037BD4680BD80B586B000AFF8603A
:10AFC000B960B0EE407AF0EE607A87ED007AC7EDB6
:10AFD000017AFB687B61BB683B613B695B6803F09E
:10AFE0000103002B0BD03B695B685B101A467B6941
:10AFF00013441B683A69126813441B6801E03B69FB
:10B000001B683A695268521011467A690A4497EDF2
:10B01000007AD7ED017AB0EE470AF0EE670A1046E3
:10B020009847034618461837BD4680BD82B090B594
:10B0300087B002AF7860396007F1200181E80C0029
:10B040007B68FB603B68BB60BB685B6803F0010327
:10B05000002B0BD0BB685B685B101A46FB6813447F
:10B060001B68BA68126813441C6801E0BB681C685E
:10B07000BB685B685B101A46FB689818FB6A009314
:10B0800007F120030ECBA047034618461437BD46F0
:10B09000BDE8904002B0704780B584B000AF7860E2
:10B0A00039607B68FB603B68BB60BB685B6803F032
:10B0B0000103002B0BD0BB685B685B101A46FB6872
:10B0C00013441B68BA68126813441B6801E0BB682C
:10B0D0001B68BA68526852101146FA680A44104652
:10B0E0009847034618461037BD4680BD80B586B0E8
:10B0F00000AFF860B9607A60BB687B617B683B61D8
:10B100003B695B6803F00103002B0BD03B695B6874
:10B110005B101A467B6913441B683A691268134432
:10B120001B6801E03B691B683A695268521011467E
:10B130007A691144FA681046984700BFF8681837D2
:10B14000BD4680BD80B584B000AF786039607B6853
:10B15000FB603B68BB60BB685B6803F00103002BCE
:10B160000BD0BB685B685B101A46FB6813441B6816
:10B17000BA68126813441B6801E0BB681B68BA68B0
:10B18000526852101146FA680A441046984703461E
:10B1900018461037BD4680BD80B586B000AFF86058
:10B1A000B9601346FB80FB687B61BB683B613B6910
:10B1B0005B6803F00103002B0BD03B695B685B10FD
:10B1C0001A467B6913441B683A69126813441B686A
:10B1D00001E03B691B683A695268521011467A696E
:10B1E0000A44F98810469847034618461837BD4662
:10B1F00080BD82B0B0B596B012AF7860396007F10B
:10B20000200181E80C007B68FB603B68BB60BB6889
:10B210005B6803F00103002B0BD0BB685B685B101D
:10B220001A46FB6813441B68BA68126813441C680A
:10B2300001E0BB681C68BB685B685B101A46FB6872
:10B240009D18684607F12C034822194610F01AF899
:10B2500007F120030ECB2846A047034618461037B7
:10B26000BD46BDE8B04002B0704782B090B587B02F
:10B2700002AF7860396007F1200181E80C007B683B
:10B28000FB603B68BB60BB685B6803F00103002B9D
:10B290000BD0BB685B685B101A46FB6813441B68E5
:10B2A000BA68126813441C6801E0BB681C68BB687C
:10B2B0005B685B101A46FB689818FB6A009307F1FD
:10B2C00020030ECBA047034618461437BD46BDE801
:10B2D000904002B0704782B0B0B586B002AF7860DF
:10B2E000396007F1200181E80C007B68FB603B6856
:10B2F000BB60BB685B6803F00103002B0BD0BB682D
:10B300005B685B101A46FB6813441B68BA681268D6
:10B3100013441C6801E0BB681C68BB685B685B1079
:10B320001A46FB689D186A4607F12C0393E8030050
:10B3300082E8030007F120030ECB2846A04703460E
:10B3400018461037BD46BDE8B04002B07047000057
:10B3500080B5F2B002AFCB4B0122CB49CB48F9F715
:10B360000DF9CB4B0222C849CA48F9F733F9CA4B49
:10B370000322C549C948F9F759F9C94B0422C24902
:10B38000C848F9F77FF907F5E073A3F5E073C64AFB
:10B390001A6007F5E073A3F5E07300225A6007F521
:10B3A000E073A3F5E0726B4692E8030083E80300C4
:10B3B000BE4B0622B449BE48F9F7B0F907F5E07371
:10B3C000A3F5DC73BB4A1A6007F5E073A3F5DC73E1
:10B3D00000225A6007F5E073A3F5DC726B4692E831
:10B3E000030083E80300B44B0722A749B348F9F7E9
:10B3F000F1F907F5E073A3F5D873B14A1A6007F5C0
:10B40000E073A3F5D87300225A6007F5E073A3F543
:10B41000D8726B4692E8030083E80300A64B08222B
:10B420009949A848F9F732FAA74B09229649A74843
:10B43000F9F76CFA07F5E073A3F5D473A44A1A6020
:10B4400007F5E073A3F5D47300225A6007F5E073A3
:10B45000A3F5D4726B4692E8030083E80300894B9E
:10B46000F02289499B48F9F7A1FA07F5E073A3F5A3
:10B47000D073994A1A6007F5E073A3F5D0730022E0
:10B480005A6007F5E073A3F5D0726B4692E80300AB
:10B4900083E80300914BF1227B499148F9F7C0FA08
:10B4A000904B202278499048F9F7F4FA07F5E073B9
:10B4B000A3F5CC738D4A1A6007F5E073A3F5CC733E
:10B4C00000225A6007F5E073A3F5CC726B4692E850
:10B4D000030083E80300864B21226B498548F9F776
:10B4E00025FB07F5E073A3F5C873834A1A6007F5D7
:10B4F000E073A3F5C87300225A6007F5E073A3F563
:10B50000C8726B4692E8030083E80300784B22225E
:10B510005D497A48F9F766FB07F5E073A3F5C47354
:10B52000774A1A6007F5E073A3F5C47300225A60E6
:10B5300007F5E073A3F5C4726B4692E8030083E855
:10B5400003006B4B262250496E48F9F7ABFB07F519
:10B55000E073A3F5C0736C4A1A6007F5E073A3F5B6
:10B56000C07300225A6007F5E073A3F5C0726B4602
:10B5700092E8030083E803005D4B272242496348B9
:10B58000F9F7ECFB07F5E073A3F5BC73604A1A60AA
:10B5900007F5E073A3F5BC7300225A6007F5E0736A
:10B5A000A3F5BC726B4692E8030083E80300504B9E
:10B5B000282235495748F9F72DFC574B2A223249A2
:10B5C0005648F9F765FC07F5E073A3F5B873544ADC
:10B5D0001A6007F5E073A3F5B87300225A6007F507
:10B5E000E073A3F5B8726B4692E8030083E80300AA
:10B5F0003F4B302224494B48F9F79AFC07F5E0739A
:10B60000A3F5B473484A1A6007F5E073A3F5B47361
:10B6100000225A6007F5E073A3F5B4726B4692E816
:10B62000030083E80300324B312217493F48F9F702
:10B63000DFFC07F5E073A3F5B0733D4A1A6007F528
:10B64000E073A3F5B07300225A6007F5E073A3F529
:10B65000B0726B4692E8030083E80300244B322269
:10B6600009493448F9F764FC07F5E073A3F5AC73B6
:10B67000314A1A6007F5E073A3F5AC7300225A60F3
:10B680005CE000BF28040224CCEE01242C770224C5
:10B69000300402245C7702242904022490770224D7
:10B6A0002B040224C07702245D320308808B02241D
:10B6B000F07702240B2C03083C8B02242878022408
:10B6C0004B2C03085878022414770224B8780224FB
:10B6D000613E0208E8780224A5050208907302245E
:10B6E00018790224C1210224487902245DA40108AA
:10B6F000C02102247879022419A30108A879022420
:10B70000F9A60108FC790224BDA70108387A0224B1
:10B7100091A20108747A0224E46A0224507C022473
:10B7200021A00108887C022473A00108FC7C02246B
:10B73000C5A001086C7D022417A1010807F5E0737C
:10B74000A3F5AC726B4692E8030083E80300CF4B8D
:10B750003322CF49CF48F9F74BFC07F5E073A3F547
:10B76000A873CD4A1A6007F5E073A3F5A873002209
:10B770005A6007F5E073A3F5A8726B4692E80300E0
:10B7800083E80300C14B3522C149C448F9F790FC56
:10B7900007F5E073A3F5A473C14A1A6007F5E073D7
:10B7A000A3F5A47300225A6007F5E073A3F5A47211
:10B7B0006B4692E8030083E80300B44B3622B44999
:10B7C000B848F9F7D5FC07F5E073A3F5A073B64ABE
:10B7D0001A6007F5E073A3F5A07300225A6007F51D
:10B7E000E073A3F5A0726B4692E8030083E80300C0
:10B7F000A64B3722A649AD48F9F71AFD07F5E073C5
:10B80000A3F59C73AA4A1A6007F5E073A3F59C732D
:10B8100000225A6007F5E073A3F59C726B4692E82C
:10B82000030083E80300994B3A229949A148F9F7AC
:10B830005BFD07F5E073A3F598739F4A1A6007F55F
:10B84000E073A3F5987300225A6007F5E073A3F53F
:10B8500098726B4692E8030083E803008B4B3B220F
:10B860008B499648F9F740FD07F5E073A3F594730B
:10B87000914A1A6007F5E073A3F5947300225A60A9
:10B8800007F5E073A3F594726B4692E8030083E832
:10B8900003007E4B38227E498948F9F725FD07F5DC
:10B8A000E073A3F59073874A1A6007F5E073A3F578
:10B8B000907300225A6007F5E073A3F590726B460F
:10B8C00092E8030083E80300704B3C2270497E48F5
:10B8D000F9F766FD07F5E073A3F58C737B4A1A60F0
:10B8E00007F5E073A3F58C7300225A6007F5E07347
:10B8F000A3F58C726B4692E8030083E80300634B68
:10B900003D2263497248F9F7EFFC07F5E073A3F5B0
:10B910008873704A1A6007F5E073A3F588730022F4
:10B920005A6007F5E073A3F588726B4692E803004E
:10B9300083E80300554B3E2255496748F9F778FCE8
:10B9400007F5E073A3F58473644A1A6007F5E073A2
:10B95000A3F5847300225A6007F5E073A3F584729F
:10B960006B4692E8030083E803005D4B40224849A0
:10B970005C48F9F775FD07F5E073A3F580735A4A43
:10B980001A6007F5E073A3F5807300225A6007F58B
:10B99000E073A3F580726B4692E8030083E803002E
:10B9A0004F4B43223A495148F9F7B6FD504BC7F87F
:10B9B000C8300023C7F8CC306A4607F1C80393E8C3
:10B9C000030082E80300464B412231494948F9F718
:10B9D000FDFD494BC7F8D0300023C7F8D4306A4684
:10B9E00007F1D00393E8030082E803003C4B4222B6
:10B9F00027494248F9F726FE414BC7F8D8300023C3
:10BA0000C7F8DC306A4607F1D80393E8030082E800
:10BA100003003C4B50221E493B48F9F74DFE3B4B7F
:10BA2000C7F8E0300023C7F8E4306A4607F1E003C6
:10BA300093E8030082E80300324B51221449344852
:10BA4000F9F796FE334BC7F8E8300023C7F8EC301F
:10BA50006A4607F1E80393E8030082E80300294BF4
:10BA600052220B492C48F9F783FE2C4BC7F8F030D3
:10BA70000023C7F8F4306A4607F1F00393E80300A7
:10BA800082E803001F4B5322014949E0C0210224F0
:10BA9000CCEE0124E07D022469A10108507E02243D
:10BAA000BFA10108987E02246FA20108E47E02244F
:10BAB000A1A801081C7F0224F9A701084C7F0224D9
:10BAC0007C7F022419A20108AC7F022449A9010845
:10BAD000F47F022441AA0108248002247D23030864
:10BAE000545D02245C8002244D2403089C800224BF
:10BAF0001D200308D8800224052203080C8102249B
:10BB0000DD280208E85D0224348102244529020868
:10BB10006C8102244B2A0208A88102247D2202089B
:10BB2000D148F9F761FED14BC7F8F8300023C7F8C8
:10BB3000FC306A4607F1F80393E8030082E803004B
:10BB4000CB4B5422CB49CC48F9F7A8FECB4BC7F8D6
:10BB500000310023C7F804316A4607F5807393E883
:10BB6000030082E80300C24B5522C249C448F9F7DA
:10BB7000EFFEC44BC7F808310023C7F80C316A4602
:10BB800007F5847393E8030082E80300B84B56225C
:10BB9000B849BD48F9F738FFBC4BC7F8103100234E
:10BBA000C7F814316A4607F5887393E8030082E802
:10BBB0000300AF4B5722AF49B548F9F77FFFB54BAC
:10BBC000C7F818310023C7F81C316A4607F58C7393
:10BBD00093E8030082E80300A54B5922A549AE482B
:10BBE000F9F7C8FFAD4BC7F820310023C7F824315F
:10BBF0006A4607F5907393E8030082E803009C4BC4
:10BC00005A229C49A648FAF70FF8A64BC7F82831E4
:10BC10000023C7F82C316A4607F5947393E80300B4
:10BC200082E80300924B5B2292499F48FAF758F84A
:10BC30009E4BC7F830310023C7F834316A4607F508
:10BC4000987393E8030082E80300894B5C228949DA
:10BC50009748FAF7A1F8974BC7F838310023C7F88F
:10BC60003C316A4607F59C7393E8030082E80300C1
:10BC70007F4B58227F499048FAF7EEF88F4BC7F870
:10BC800040310023C7F844316A4607F5A07393E8B2
:10BC9000030082E803008A4B602276498948FAF75C
:10BCA00037F9894BC7F848310023C7F84C316A4649
:10BCB00007F5A47393E8030082E80300804B612238
:10BCC0006C498248FAF784F9814BC7F85031002358
:10BCD000C7F854316A4607F5A87393E8030082E871
:10BCE0000300774B622263497A48FAF7ADF97A4B41
:10BCF000C7F858310023C7F85C316A4607F5AC73C2
:10BD000093E8030082E803006D4B632259497348AE
:10BD1000FAF7F4F9724BC7F860310023C7F86431C1
:10BD20006A4607F5B07393E8030082E80300644BAA
:10BD3000642250496B48FAF73DFA6B4BC7F86831FB
:10BD40000023C7F86C316A4607F5B47393E8030023
:10BD500082E803005A4B652246496448FAF76AFABA
:10BD6000634BC7F870310023C7F874316A4607F592
:10BD7000B87393E8030082E80300514B66223D4903
:10BD80005C48FAF757FA5C4BC7F878310023C7F8DC
:10BD90007C316A4607F5BC7393E8030082E8030030
:10BDA000474B672233495548FAF744FA544BC7F8D2
:10BDB00080310023C7F884316A4607F5C07393E8E1
:10BDC000030082E803003E4B68222A494D48FAF7F7
:10BDD0008BFA4D4BC7F888310023C7F88C316A467F
:10BDE00007F5C47393E8030082E80300344B69222B
:10BDF00020494648FAF7D2FA454BC7F8903100235C
:10BE0000C7F894316A4607F5C87393E8030082E8DF
:10BE100003002B4B6A2217493E48FAF71BFB3E4BA7
:10BE2000C7F898310023C7F89C316A4607F5CC73F0
:10BE300093E8030082E80300214B6E220D49374846
:10BE4000FAF742FB364BC7F8A0310023C7F8A431FC
:10BE50006A4607F5D07393E8030082E80300184BA5
:10BE60006F2204495EE000BFE48102248D2A0208AB
:10BE7000E85D0224CCEE01240C820224B12A0208DF
:10BE800048820224552C020884820224792C02085C
:10BE9000C0820224712B0208FC820224952B020826
:10BEA00038830224612E020874830224852E02083E
:10BEB000F0830224453002086C840224CDB00108CE
:10BEC000C02102249C84022401B10108208502249F
:10BED00025B10108A085022443B10108D0850224C0
:10BEE000DDB101080C86022429B201085086022423
:10BEF00045B201087886022461B20108A0860224B6
:10BF00007DB20108C88602249BB20108F88602248B
:10BF1000BFB201085C870224B5B101088C870224F6
:10BF200081B101082048FAF72BFB204BC7F8A83154
:10BF30000023C7F8AC316A4607F5D47393E80300D1
:10BF400082E803001A4B6B221A491B48FAF778FB68
:10BF50001A4BC7F8B0310023C7F8B4316A4607F569
:10BF6000D87393E8030082E80300114B6C22114957
:10BF70001348FAF7C5FB134BC7F8B8310023C7F8CD
:10BF8000BC316A4607F5DC7393E8030082E80300DE
:10BF9000074B6D2207490C48FAF756F800BF07F522
:10BFA000E077BD4680BD00BFC0870224DDB2010836
:10BFB000C0210224CCEE01244888022429B30108C0
:10BFC0008C88022475B30108D488022480B483B01D
:10BFD00000AF7860142318460C37BD465DF8047B2B
:10BFE000704780B483B000AF7860012318460C37E7
:10BFF000BD465DF8047B7047B0B58AB004AFF86009
:10C00000B9607A600023FB750BE0FB7DBA681A44C7
:10C01000FB7D1178FA6813440A461A72FB7D0133DE
:10C02000FB75FB7D132BF0D9FB6803F12804FB683B
:10C030000833FA681C3202926D4603F10C0292E852
:10C04000030085E803000ECB204603F0B5F900237A
:10C05000BB750AE0BA7DBB7D79680B44F9680A4478
:10C06000127F1A70BB7D0133BB75BB7D002BF1D0F5
:10C07000FB681B6804331B68F8689847034618463A
:10C080001837BD46B0BD80B485B000AF7860396068
:10C090007B6893F82530042B13D17B681B6ABB6047
:10C0A0000023FB730AE0FB7B3A681A44FB7BB96808
:10C0B0000B4412781A70FB7B0133FB73FB7B132B51
:10C0C000F1D900BF1437BD465DF8047B704780B4DA
:10C0D00085B000AF786039607B6893F82530042B19
:10C0E00015D17B681B6ABB600023FB730AE0FB7BF6
:10C0F000BA681A44FB7B39680B4412781A70FB7BD0
:10C100000133FB73FB7B002BF1D0012300E0002304
:10C1100018461437BD465DF8047B704780B483B081
:10C1200000AF78607B6893F8253018460C37BD4621
:10C130005DF8047B704780B483B000AF7860102353
:10C1400018460C37BD465DF8047B704780B483B059
:10C1500000AF7860012318460C37BD465DF8047BBC
:10C16000704780B588B002AFF860B9607A6000238C
:10C17000FB750BE0FB7DBA681A44FB7D1178FA6809
:10C1800013440A461A72FB7D0133FB75FB7D0F2BAE
:10C19000F0D9FB6803F12400FB680833FA68183211
:10C1A0000192DA6800920ECB03F02AF90023BB75E6
:10C1B0000AE0BA7DBB7D79680B44F9680A44127EB7
:10C1C0001A70BB7D0133BB75BB7D002BF1D0FB68C2
:10C1D0001B6804331B68F8689847034618461837ED
:10C1E000BD4680BD80B485B000AF786039607B68A3
:10C1F00093F82130042B13D17B68DB69BB600023EB
:10C20000FB730AE0FB7B3A681A44FB7BB9680B447A
:10C2100012781A70FB7B0133FB73FB7B0F2BF1D978
:10C2200000BF1437BD465DF8047B704780B485B00D
:10C2300000AF786039607B6893F82130042B15D10A
:10C240007B68DB69BB600023FB730AE0FB7BBA6899
:10C250001A44FB7B39680B4412781A70FB7B01335C
:10C26000FB73FB7B002BF1D0012300E00023184679
:10C270001437BD465DF8047B704780B483B000AFCF
:10C2800078607B6893F8213018460C37BD465DF81E
:10C29000047B704780B483B000AF786054231846A5
:10C2A0000C37BD465DF8047B704780B483B000AFA7
:10C2B0007860012318460C37BD465DF8047B704753
:10C2C000B0B59AB014AFF860B9607A600023FB751E
:10C2D0000BE0FB7DBA681A44FB7D1178FA681344C1
:10C2E0000A461A72FB7D0133FB75FB7D532BF0D997
:10C2F000FB6803F16805FB6803F10804FB685C3325
:10C300001293684604F10C03482219460EF0BAFF56
:10C3100094E80E00284603F091F80023BB750BE06B
:10C32000BA7DBB7D79680B44F9680A4492F85C20B9
:10C330001A70BB7D0133BB75BB7D002BF0D0FB6851
:10C340001B6804331B68F86898470346184618377B
:10C35000BD46B0BD80B485B000AF786039607B6801
:10C3600093F86530042B13D17B681B6EBB600023F0
:10C37000FB730AE0FB7B3A681A44FB7BB9680B4409
:10C3800012781A70FB7B0133FB73FB7B532BF1D9C3
:10C3900000BF1437BD465DF8047B704780B485B09C
:10C3A00000AF786039607B6893F86530042B15D155
:10C3B0007B681B6EBB600023FB730AE0FB7BBA68E3
:10C3C0001A44FB7B39680B4412781A70FB7B0133EB
:10C3D000FB73FB7B002BF1D0012300E00023184608
:10C3E0001437BD465DF8047B704780B483B000AF5E
:10C3F00078607B6893F8653018460C37BD465DF869
:10C40000047B704780B483B000AF78600023184687
:10C410000C37BD465DF8047B704780B483B000AF35
:10C420007860022318460C37BD465DF8047B7047E0
:10C4300080B586B000AFF860B9607A60FB6803F140
:10C440001002FB6806331946104603F01BF8002360
:10C45000FB750AE0FA7DFB7D79680B44F9680A44B4
:10C4600092791A70FB7D0133FB75FB7D012BF1D9AD
:10C47000FB681B6804331B68F86898470346184636
:10C480001837BD4680BD80B485B000AF7860396094
:10C490007B685B7B032B15D17B689B68BB600023AB
:10C4A000FB730AE0FB7BBA681A44FB7B39680B44D8
:10C4B00012781A70FB7B0133FB73FB7B012BF1D9E4
:10C4C000022300E0002318461437BD465DF8047BC4
:10C4D000704780B483B000AF78607B685B7B1846A0
:10C4E0000C37BD465DF8047B704780B483B000AF65
:10C4F0007860002318460C37BD465DF8047B704712
:10C5000080B483B000AF7860342318460C37BD4642
:10C510005DF8047B704780B586B000AFF860B96005
:10C520007A60FB6803F14402FB6808331946104641
:10C5300002F0BAFF0023FB750AE0FA7DFB7D796803
:10C540000B44F9680A44127A1A70FB7D0133FB75BB
:10C55000FB7D332BF1D9FB681B6804331B68F8683B
:10C560009847034618461837BD4680BD80B485B04D
:10C5700000AF786039607B6893F84130032B15D1A8
:10C580007B68DB6BBB600023FB730AE0FB7BBA6854
:10C590001A44FB7B39680B4412781A70FB7B013319
:10C5A000FB73FB7B332BF1D9342300E000231846C7
:10C5B0001437BD465DF8047B704780B483B000AF8C
:10C5C00078607B6893F8413018460C37BD465DF8BB
:10C5D000047B704780B483B000AF786000231846B6
:10C5E0000C37BD465DF8047B704780B483B000AF64
:10C5F0007860012318460C37BD465DF8047B704710
:10C6000080B586B000AFF860B9607A60FB6803F16E
:10C610001002FB6805331946104602F061FF002343
:10C62000FB750AE0FA7DFB7D79680B44F9680A44E2
:10C6300052791A70FB7D0133FB75FB7D002BF1D025
:10C64000FB681B6804331B68F86898470346184664
:10C650001837BD4680BD80B485B000AF78603960C2
:10C660007B685B7B032B15D17B689B68BB600023D9
:10C67000FB730AE0FB7BBA681A44FB7B39680B4406
:10C6800012781A70FB7B0133FB73FB7B002BF1D01C
:10C69000012300E0002318461437BD465DF8047BF3
:10C6A000704780B483B000AF78607B685B7B1846CE
:10C6B0000C37BD465DF8047B704780B483B000AF93
:10C6C0007860102318460C37BD465DF8047B704730
:10C6D00080B483B000AF7860012318460C37BD46A4
:10C6E0005DF8047B704780B588B002AFF860B96030
:10C6F0007A600023FB750BE0FB7DBA681A44FB7D72
:10C700001178FA6813440A461A72FB7D0133FB75EF
:10C71000FB7D0F2BF0D9FB6803F12400FB68083385
:10C72000FA6818320192DA6800920ECB02F0EAFE43
:10C730000023BB750AE0BA7DBB7D79680B44F968BC
:10C740000A44127E1A70BB7D0133BB75BB7D002B82
:10C75000F1D0FB681B6804331B68F86898470346F0
:10C7600018461837BD4680BD80B485B000AF7860EC
:10C7700039607B6893F82130042B13D17B68DB6927
:10C78000BB600023FB730AE0FB7B3A681A44FB7B27
:10C79000B9680B4412781A70FB7B0133FB73FB7B87
:10C7A0000F2BF1D900BF1437BD465DF8047B7047ED
:10C7B00080B485B000AF786039607B6893F8213031
:10C7C000042B15D17B68DB69BB600023FB730AE097
:10C7D000FB7BBA681A44FB7B39680B4412781A70E9
:10C7E000FB7B0133FB73FB7B002BF1D0012300E0CB
:10C7F000002318461437BD465DF8047B704780B4AB
:10C8000083B000AF78607B6893F8213018460C370E
:10C81000BD465DF8047B704780B483B000AF78609C
:10C82000082318460C37BD465DF8047B704780B47A
:10C8300083B000AF7860012318460C37BD465DF821
:10C84000047B704780B586B000AFF860B9607A604D
:10C850000023FB750BE0FB7DBA681A44FB7D117861
:10C86000FA6813440A461A72FB7D0133FB75FB7D9F
:10C87000072BF0D9FB6803F11C00FB680833FA684A
:10C88000103293ED007AD3ED017A1146B0EE470AEB
:10C89000F0EE670A02F054FE0023BB750AE0BA7D91
:10C8A000BB7D79680B44F9680A44127C1A70BB7D21
:10C8B0000133BB75BB7D002BF1D0FB681B680433D3
:10C8C0001B68F8689847034618461837BD4680BD70
:10C8D00080B485B000AF786039607B685B7E042BE4
:10C8E00013D17B685B69BB600023FB730AE0FB7BB1
:10C8F0003A681A44FB7BB9680B4412781A70FB7BC8
:10C900000133FB73FB7B072BF1D900BF1437BD4606
:10C910005DF8047B704780B485B000AF7860396003
:10C920007B685B7E042B15D17B685B69BB60002351
:10C93000FB730AE0FB7BBA681A44FB7B39680B4443
:10C9400012781A70FB7B0133FB73FB7B002BF1D059
:10C95000012300E0002318461437BD465DF8047B30
:10C96000704780B483B000AF78607B685B7E184608
:10C970000C37BD465DF8047B704780B483B000AFD0
:10C980007860002318460C37BD465DF8047B70477D
:10C9900080B483B000AF7860502318460C37BD4692
:10C9A0005DF8047B704780B586B000AFF860B96071
:10C9B0007A60FB6803F16002FB6808331946104691
:10C9C00002F0E0FD0023FB750AE0FA7DFB7D79684B
:10C9D0000B44F9680A44127A1A70FB7D0133FB7527
:10C9E000FB7D4F2BF1D9FB681B6804331B68F8688B
:10C9F0009847034618461837BD4680BD80B485B0B9
:10CA000000AF786039607B6893F85D30032B15D1F7
:10CA10007B689B6DBB600023FB730AE0FB7BBA68FD
:10CA20001A44FB7B39680B4412781A70FB7B013384
:10CA3000FB73FB7B4F2BF1D9502300E000231846FA
:10CA40001437BD465DF8047B704780B483B000AFF7
:10CA500078607B6893F85D3018460C37BD465DF80A
:10CA6000047B704780B483B000AF786050231846D1
:10CA70000C37BD465DF8047B704780B483B000AFCF
:10CA80007860012318460C37BD465DF8047B70477B
:10CA9000B0B598B012AFF860B9607A600023FB754A
:10CAA0000BE0FB7DBA681A44FB7D1178FA681344E9
:10CAB0000A461A72FB7D0133FB75FB7D4F2BF0D9C3
:10CAC000FB6803F16405FB6803F10804FB68583355
:10CAD0001193684604F10C03442219460EF0D2FB70
:10CAE00094E80E00284602F065FD0023BB750BE0BC
:10CAF000BA7DBB7D79680B44F9680A4492F85820E6
:10CB00001A70BB7D0133BB75BB7D002BF0D0FB6879
:10CB10001B6804331B68F8689847034618461837A3
:10CB2000BD46B0BD80B485B000AF786039607B6829
:10CB300093F86130042B13D17B68DB6DBB6000235D
:10CB4000FB730AE0FB7B3A681A44FB7BB9680B4431
:10CB500012781A70FB7B0133FB73FB7B4F2BF1D9EF
:10CB600000BF1437BD465DF8047B704780B485B0C4
:10CB700000AF786039607B6893F86130042B15D181
:10CB80007B68DB6DBB600023FB730AE0FB7BBA684C
:10CB90001A44FB7B39680B4412781A70FB7B013313
:10CBA000FB73FB7B002BF1D0012300E00023184630
:10CBB0001437BD465DF8047B704780B483B000AF86
:10CBC00078607B6893F8613018460C37BD465DF895
:10CBD000047B704780B483B000AF786001231846AF
:10CBE0000C37BD465DF8047B704780B483B000AF5E
:10CBF0007860002318460C37BD465DF8047B70470B
:10CC000080B586B000AFF860B9607A600023FB752C
:10CC10000BE0FB7DBA681A44FB7D1178FA68134477
:10CC20000A465A71FB7D0133FB75FB7D002BF0D06A
:10CC3000FB6803F11002FB6805331B7819461046A8
:10CC400002F0DCFCFB681B6804331B68F86898473B
:10CC5000034618461837BD4680BD80B485B000AF86
:10CC6000786039607B685B7B022B13D17B689B68A3
:10CC7000BB600023FB730AE0FB7B3A681A44FB7B32
:10CC8000B9680B4412781A70FB7B0133FB73FB7B92
:10CC9000002BF1D000BF1437BD465DF8047B704710
:10CCA00080B483B000AF78607B685B7B18460C373C
:10CCB000BD465DF8047B704780B483B000AF7860F8
:10CCC0004C2318460C37BD465DF8047B704780B492
:10CCD00083B000AF7860002318460C37BD465DF87E
:10CCE000047B7047F0B597B010AFF860B9607A6018
:10CCF0000023FB750BE0FB7DBA681A44FB7D1178BD
:10CD0000FA6813440A461A72FB7D0133FB75FB7DFA
:10CD10004B2BF0D9FB6803F15C0CFB6803F10806B0
:10CD20006D4606F10C040FCC0FC50FCC0FC50FCC10
:10CD30000FC594E80F0085E80F0096E80E006046E6
:10CD400002F06DFCFB681B6804331B68F8689847A9
:10CD5000034618461C37BD46F0BD80B485B000AF11
:10CD6000786039607B6893F85930022B13D17B6867
:10CD70005B6DBB600023FB730AE0FB7B3A681A44DF
:10CD8000FB7BB9680B4412781A70FB7B0133FB7391
:10CD9000FB7B4B2BF1D900BF1437BD465DF8047BFC
:10CDA000704780B483B000AF78607B6893F85930E7
:10CDB00018460C37BD465DF8047B704780B483B0DD
:10CDC00000AF7860002318460C37BD465DF8047B41
:10CDD000704780B483B000AF78604C2318460C379E
:10CDE000BD465DF8047B704780B586B000AFF86043
:10CDF000B9607A60FB6803F15C02FB68083319468E
:10CE0000104602F032FC0023FB750AE0FA7DFB7D40
:10CE100079680B44F9680A44127A1A70FB7D013371
:10CE2000FB75FB7D4B2BF1D9FB681B6804331B683A
:10CE3000F8689847034618461837BD4680BD80B449
:10CE400085B000AF786039607B6893F85930032B68
:10CE500015D17B685B6DBB600023FB730AE0FB7B35
:10CE6000BA681A44FB7B39680B4412781A70FB7B52
:10CE70000133FB73FB7B4B2BF1D94C2300E00023E8
:10CE800018461437BD465DF8047B704780B483B004
:10CE900000AF78607B6893F8593018460C37BD4670
:10CEA0005DF8047B704780B483B000AF78600C23DA
:10CEB00018460C37BD465DF8047B704780B483B0DC
:10CEC00000AF7860002318460C37BD465DF8047B40
:10CED000704780B586B000AFF860B9607A60002313
:10CEE000FB750BE0FB7DBA681A44FB7D1178FA688C
:10CEF00013440A461A72FB7D0133FB75FB7D0B2B35
:10CF0000F0D9FB6803F11C00FB6808330ECB02F07C
:10CF1000C4FBFB681B6804331B68F868984703462A
:10CF200018461837BD4680BD80B485B000AF786024
:10CF300039607B685B7E022B13D17B685B69BB60C9
:10CF40000023FB730AE0FB7B3A681A44FB7BB96859
:10CF50000B4412781A70FB7B0133FB73FB7B0B2BAA
:10CF6000F1D900BF1437BD465DF8047B704780B42B
:10CF700083B000AF78607B685B7E18460C37BD4697
:10CF80005DF8047B704780B483B000AF7860002305
:10CF900018460C37BD465DF8047B704780B483B0FB
:10CFA00000AF78600C2318460C37BD465DF8047B53
:10CFB000704780B586B000AFF860B9607A60FB68F2
:10CFC00003F11C02FB6808331946104602F077FB98
:10CFD0000023FB750AE0FA7DFB7D79680B44F96854
:10CFE0000A44127A1A70FB7D0133FB75FB7D0B2B13
:10CFF000F1D9FB681B6804331B68F868984703463F
:10D0000018461837BD4680BD80B485B000AF786043
:10D0100039607B685B7E032B15D17B685B69BB60E5
:10D020000023FB730AE0FB7BBA681A44FB7B396878
:10D030000B4412781A70FB7B0133FB73FB7B0B2BC9
:10D04000F1D90C2300E0002318461437BD465DF8E3
:10D05000047B704780B483B000AF78607B685B7EF0
:10D0600018460C37BD465DF8047B704780B483B02A
:10D0700000AF78600C2318460C37BD465DF8047B82
:10D08000704780B483B000AF7860002318460C3737
:10D09000BD465DF8047B704780B586B000AFF86090
:10D0A000B9607A600023FB750BE0FB7DBA681A4417
:10D0B000FB7D1178FA6813440A461A72FB7D01332E
:10D0C000FB75FB7D0B2BF0D9FB6803F11C00FB68A3
:10D0D00008330ECB02F00EFBFB681B6804331B68A1
:10D0E000F8689847034618461837BD4680BD80B497
:10D0F00085B000AF786039607B685B7E022B13D10E
:10D100007B685B69BB600023FB730AE0FB7B3A68CA
:10D110001A44FB7BB9680B4412781A70FB7B01330D
:10D12000FB73FB7B0B2BF1D900BF1437BD465DF8B9
:10D13000047B704780B483B000AF78607B685B7E0F
:10D1400018460C37BD465DF8047B704780B483B049
:10D1500000AF7860002318460C37BD465DF8047BAD
:10D16000704780B483B000AF78600C2318460C374A
:10D17000BD465DF8047B704780B586B000AFF860AF
:10D18000B9607A60FB6803F11C02FB68083319463A
:10D19000104602F0C1FA0023FB750AE0FA7DFB7D20
:10D1A00079680B44F9680A44127A1A70FB7D0133DE
:10D1B000FB75FB7D0B2BF1D9FB681B6804331B68E7
:10D1C000F8689847034618461837BD4680BD80B4B6
:10D1D00085B000AF786039607B685B7E032B15D12A
:10D1E0007B685B69BB600023FB730AE0FB7BBA686A
:10D1F0001A44FB7B39680B4412781A70FB7B0133AD
:10D20000FB73FB7B0B2BF1D90C2300E000231846AA
:10D210001437BD465DF8047B704780B483B000AF1F
:10D2200078607B685B7E18460C37BD465DF8047BF2
:10D23000704780B483B000AF78600C2318460C3779
:10D24000BD465DF8047B704780B483B000AF786062
:10D25000002318460C37BD465DF8047B704780B547
:10D2600086B000AFF860B9607A600023FB750BE010
:10D27000FB7DBA681A44FB7D1178FA6813440A46AC
:10D280001A72FB7D0133FB75FB7D0B2BF0D9FB681C
:10D2900003F11C00FB6808330ECB02F058FAFB6860
:10D2A0001B6804331B68F86898470346184618370C
:10D2B000BD4680BD80B485B000AF786039607B68C2
:10D2C0005B7E022B13D17B685B69BB600023FB7321
:10D2D0000AE0FB7B3A681A44FB7BB9680B4412787E
:10D2E0001A70FB7B0133FB73FB7B0B2BF1D900BF67
:10D2F0001437BD465DF8047B704780B483B000AF3F
:10D3000078607B685B7E18460C37BD465DF8047B11
:10D31000704780B483B000AF7860002318460C37A4
:10D32000BD465DF8047B704780B483B000AF786081
:10D330000C2318460C37BD465DF8047B704780B55A
:10D3400086B000AFF860B9607A60FB6803F11C0238
:10D35000FB6808331946104602F00BFA0023FB75F0
:10D360000AE0FA7DFB7D79680B44F9680A44127A79
:10D370001A70FB7D0133FB75FB7D0B2BF1D9FB682C
:10D380001B6804331B68F86898470346184618372B
:10D39000BD4680BD80B485B000AF786039607B68E1
:10D3A0005B7E032B15D17B685B69BB600023FB733D
:10D3B0000AE0FB7BBA681A44FB7B39680B4412789D
:10D3C0001A70FB7B0133FB73FB7B0B2BF1D90C2316
:10D3D00000E0002318461437BD465DF8047B704713
:10D3E00080B483B000AF78607B685B7E18460C37F2
:10D3F000BD465DF8047B704780B483B000AF7860B1
:10D400000C2318460C37BD465DF8047B704780B48A
:10D4100083B000AF7860002318460C37BD465DF836
:10D42000047B704780B586B000AFF860B9607A6061
:10D430000023FB750BE0FB7DBA681A44FB7D117875
:10D44000FA6813440A461A72FB7D0133FB75FB7DB3
:10D450000B2BF0D9FB6803F11C02FB680833D3EDFA
:10D46000006A93ED017AD3ED027AB0EE660AF0EE2F
:10D47000470AB0EE671A104602F096F9FB681B687F
:10D4800004331B68F8689847034618461837BD46AA
:10D4900080BD80B485B000AF786039607B685B7E0A
:10D4A000022B13D17B685B69BB600023FB730AE02E
:10D4B000FB7B3A681A44FB7BB9680B4412781A70FC
:10D4C000FB7B0133FB73FB7B0B2BF1D900BF1437C4
:10D4D000BD465DF8047B704780B483B000AF7860D0
:10D4E0007B685B7E18460C37BD465DF8047B704751
:10D4F00080B483B000AF7860022318460C37BD4675
:10D500005DF8047B704780B483B000AF786001237E
:10D5100018460C37BD465DF8047B704780B586B071
:10D5200000AFF860B9607A600023FB750BE0FB7D0B
:10D53000BA681A44FB7D1178FA6813440A469A7156
:10D54000FB7D0133FB75FB7D012BF0D9FB6803F1FB
:10D550001400FB6806331988FB6808331A4602F08A
:10D5600048F90023BB750AE0BA7DBB7D79680B449E
:10D57000F9680A44127A1A70BB7D0133BB75BB7D12
:10D58000002BF1D0FB681B6804331B68F8689847D0
:10D59000034618461837BD4680BD80B485B000AF3D
:10D5A000786039607B685B7C042B13D17B68DB6817
:10D5B000BB600023FB730AE0FB7B3A681A44FB7BE9
:10D5C000B9680B4412781A70FB7B0133FB73FB7B49
:10D5D000012BF1D900BF1437BD465DF8047B7047BD
:10D5E00080B485B000AF786039607B685B7C042BC9
:10D5F00015D17B68DB68BB600023FB730AE0FB7B13
:10D60000BA681A44FB7B39680B4412781A70FB7BAA
:10D610000133FB73FB7B002BF1D0012300E00023DF
:10D6200018461437BD465DF8047B704780B483B05C
:10D6300000AF78607B685B7C18460C37BD465DF8B0
:10D64000047B704780B483B000AF78600023184635
:10D650000C37BD465DF8047B704780B483B000AFE3
:10D6600078600E2318460C37BD465DF8047B704782
:10D6700080B586B000AFF860B9607A60FB6803F1EE
:10D680001C02FB6806331946104602F0C8F8002356
:10D69000FB750AE0FA7DFB7D79680B44F9680A4462
:10D6A00092791A70FB7D0133FB75FB7D0D2BF1D94F
:10D6B000FB681B6804331B68F868984703461846E4
:10D6C0001837BD4680BD80B485B000AF7860396042
:10D6D0007B685B7E032B15D17B685B69BB60002395
:10D6E000FB730AE0FB7BBA681A44FB7B39680B4486
:10D6F00012781A70FB7B0133FB73FB7B0D2BF1D986
:10D700000E2300E0002318461437BD465DF8047B65
:10D71000704780B483B000AF78607B685B7E18464A
:10D720000C37BD465DF8047B704780B483B000AF12
:10D7300078600E2318460C37BD465DF8047B7047B1
:10D7400080B483B000AF7860012318460C37BD4623
:10D750005DF8047B7047B0B588B002AFF860B9607F
:10D760007A600023FB750BE0FB7DBA681A44FB7DF1
:10D770001178FA6813440A469A71FB7D0133FB75F0
:10D78000FB7D0D2BF0D9FB6803F12000FB6806330D
:10D79000FA68143201921A6811465C6822469D6844
:10D7A0002C469B89ADF80030234602F054F8002344
:10D7B000BB750AE0BA7DBB7D79680B44F9680A4401
:10D7C000127D1A70BB7D0133BB75BB7D002BF1D080
:10D7D000FB681B6804331B68F868984703461846C3
:10D7E0001837BD46B0BD80B485B000AF78603960F1
:10D7F0007B685B7F042B13D17B689B69BB60002334
:10D80000FB730AE0FB7B3A681A44FB7BB9680B4464
:10D8100012781A70FB7B0133FB73FB7B0D2BF1D964
:10D8200000BF1437BD465DF8047B704780B485B0F7
:10D8300000AF786039607B685B7F042B15D17B6813
:10D840009B69BB600023FB730AE0FB7BBA681A4448
:10D85000FB7B39680B4412781A70FB7B0133FB7336
:10D86000FB7B002BF1D0012300E000231846143786
:10D87000BD465DF8047B704780B483B000AF78602C
:10D880007B685B7F18460C37BD465DF8047B7047AC
:10D8900080B483B000AF7860142318460C37BD46BF
:10D8A0005DF8047B704780B483B000AF78600123DB
:10D8B00018460C37BD465DF8047B7047B0B58AB09A
:10D8C00004AFF860B9607A600023FB750BE0FB7D64
:10D8D000BA681A44FB7D1178FA6813440A461A7232
:10D8E000FB7D0133FB75FB7D132BF0D9FB6803F146
:10D8F0002804FB680833FA681C3202926D4603F173
:10D900000C0292E8030085E803000ECB204601F0EC
:10D91000C1FF0023BB750AE0BA7DBB7D79680B446B
:10D92000F9680A44127F1A70BB7D0133BB75BB7D59
:10D93000002BF1D0FB681B6804331B68F86898471C
:10D94000034618461837BD46B0BD80B485B000AF59
:10D95000786039607B6893F82530042B13D17B689D
:10D960001B6ABB600023FB730AE0FB7B3A681A4426
:10D97000FB7BB9680B4412781A70FB7B0133FB7395
:10D98000FB7B132BF1D900BF1437BD465DF8047B38
:10D99000704780B485B000AF786039607B6893F8D9
:10D9A0002530042B15D17B681B6ABB600023FB73F9
:10D9B0000AE0FB7BBA681A44FB7B39680B44127897
:10D9C0001A70FB7B0133FB73FB7B002BF1D001232F
:10D9D00000E0002318461437BD465DF8047B70470D
:10D9E00080B483B000AF78607B6893F82530184628
:10D9F0000C37BD465DF8047B704780B483B000AF40
:10DA00007860012318460C37BD465DF8047B7047EB
:10DA100080B483B000AF7860012318460C37BD4650
:10DA20005DF8047B704780B586B000AFF860B960E0
:10DA30007A600023FB750BE0FB7DBA681A44FB7D1E
:10DA40001178FA6813440A465A71FB7D0133FB755D
:10DA5000FB7D002BF0D0FB6803F11000FB68053361
:10DA60001978FB6806331A4601F038FF0023BB75AE
:10DA70000AE0BA7DBB7D79680B44F9680A44927963
:10DA80001A70BB7D0133BB75BB7D002BF1D0FB68E9
:10DA90001B6804331B68F868984703461846183714
:10DAA000BD4680BD80B485B000AF786039607B68CA
:10DAB0005B7B042B13D17B689B68BB600023FB73EB
:10DAC0000AE0FB7B3A681A44FB7BB9680B44127886
:10DAD0001A70FB7B0133FB73FB7B002BF1D000BF83
:10DAE0001437BD465DF8047B704780B485B000AF45
:10DAF000786039607B685B7B042B15D17B689B6801
:10DB0000BB600023FB730AE0FB7BBA681A44FB7B13
:10DB100039680B4412781A70FB7B0133FB73FB7B73
:10DB2000002BF1D0012300E0002318461437BD4636
:10DB30005DF8047B704780B483B000AF78607B6889
:10DB40005B7B18460C37BD465DF8047B704780B49C
:10DB500083B000AF7860042318460C37BD465DF8EB
:10DB6000047B704780B483B000AF7860012318460F
:10DB70000C37BD465DF8047B704780B586B000AFBA
:10DB8000F860B9607A600023FB750BE0FB7DBA6832
:10DB90001A44FB7D1178FA6813440A461A72FB7D19
:10DBA0000133FB75FB7D032BF0D9FB6803F11802F1
:10DBB000FB680833D3ED007AFB680C331946B0EEEE
:10DBC000670A104601F0A0FE0023BB750AE0BA7D8B
:10DBD000BB7D79680B44F9680A44127B1A70BB7DDF
:10DBE0000133BB75BB7D002BF1D0FB681B68043390
:10DBF0001B68F8689847034618461837BD4680BD2D
:10DC000080B485B000AF786039607B685B7D042BA1
:10DC100013D17B681B69BB600023FB730AE0FB7BAD
:10DC20003A681A44FB7BB9680B4412781A70FB7B84
:10DC30000133FB73FB7B032BF1D900BF1437BD46C7
:10DC40005DF8047B704780B485B000AF78603960C0
:10DC50007B685B7D042B15D17B681B69BB6000234F
:10DC6000FB730AE0FB7BBA681A44FB7B39680B4400
:10DC700012781A70FB7B0133FB73FB7B002BF1D016
:10DC8000012300E0002318461437BD465DF8047BED
:10DC9000704780B483B000AF78607B685B7D1846C6
:10DCA0000C37BD465DF8047B704780B483B000AF8D
:10DCB0007860182318460C37BD465DF8047B704722
:10DCC00080B483B000AF7860012318460C37BD469E
:10DCD0005DF8047B7047B0B58AB004AFF860B960F6
:10DCE0007A600023FB750BE0FB7DBA681A44FB7D6C
:10DCF0001178FA6813440A461A72FB7D0133FB75EA
:10DD0000FB7D172BF0D9FB6803F12C05FB6808336A
:10DD1000FA68203203926C4603F10C0207CA84E8C9
:10DD200007000ECB284601F005FE0023BB750BE073
:10DD3000BA7DBB7D79680B44F9680A4492F82020CB
:10DD40001A70BB7D0133BB75BB7D002BF0D0FB6827
:10DD50001B6804331B68F868984703461846183751
:10DD6000BD46B0BD80B485B000AF786039607B68D7
:10DD700093F82930042B13D17B685B6ABB600023C6
:10DD8000FB730AE0FB7B3A681A44FB7BB9680B44DF
:10DD900012781A70FB7B0133FB73FB7B172BF1D9D5
:10DDA00000BF1437BD465DF8047B704780B485B072
:10DDB00000AF786039607B6893F82930042B15D167
:10DDC0007B685B6ABB600023FB730AE0FB7BBA687D
:10DDD0001A44FB7B39680B4412781A70FB7B0133C1
:10DDE000FB73FB7B002BF1D0012300E000231846DE
:10DDF0001437BD465DF8047B704780B483B000AF34
:10DE000078607B6893F8293018460C37BD465DF87A
:10DE1000047B704780B483B000AF78601423184649
:10DE20000C37BD465DF8047B704780B483B000AF0B
:10DE30007860012318460C37BD465DF8047B7047B7
:10DE4000B0B58AB004AFF860B9607A600023FB75A2
:10DE50000BE0FB7DBA681A44FB7D1178FA68134425
:10DE60000A461A72FB7D0133FB75FB7D132BF0D93B
:10DE7000FB6803F12804FB680833FA681C3202923D
:10DE80006D4603F10C0292E8030085E803000ECB17
:10DE9000204601F073FD0023BB750AE0BA7DBB7D0F
:10DEA00079680B44F9680A44127F1A70BB7D01330C
:10DEB000BB75BB7D002BF1D0FB681B6804331B686E
:10DEC000F8689847034618461837BD46B0BD80B479
:10DED00085B000AF786039607B6893F82530042BFB
:10DEE00013D17B681B6ABB600023FB730AE0FB7BDA
:10DEF0003A681A44FB7BB9680B4412781A70FB7BB2
:10DF00000133FB73FB7B132BF1D900BF1437BD46E4
:10DF10005DF8047B704780B485B000AF78603960ED
:10DF20007B6893F82530042B15D17B681B6ABB6096
:10DF30000023FB730AE0FB7BBA681A44FB7B396859
:10DF40000B4412781A70FB7B0133FB73FB7B002BB5
:10DF5000F1D0012300E0002318461437BD465DF8D8
:10DF6000047B704780B483B000AF78607B6893F81F
:10DF7000253018460C37BD465DF8047B704780B4E9
:10DF800083B000AF78603C2318460C37BD465DF87F
:10DF9000047B704780B483B000AF786001231846DB
:10DFA0000C37BD465DF8047B7047F0B595B00EAFF9
:10DFB000F860B9607A600023FB750BE0FB7DBA68FE
:10DFC0001A44FB7D1178FA6813440A461A72FB7DE5
:10DFD0000133FB75FB7D3B2BF0D9FB6803F1500C43
:10DFE000FB6803F10806FB6844330C936D4606F1A9
:10DFF0000C040FCC0FC50FCC0FC594E80F0085E8BB
:10E000000F0096E80E00604601F0DCFC0023BB75B3
:10E010000BE0BA7DBB7D79680B44F9680A4492F83D
:10E0200044201A70BB7D0133BB75BB7D002BF0D043
:10E03000FB681B6804331B68F8689847034618465A
:10E040001C37BD46F0BD80B485B000AF7860396044
:10E050007B6893F84D30042B13D17B689B6CBB60BD
:10E060000023FB730AE0FB7B3A681A44FB7BB96828
:10E070000B4412781A70FB7B0133FB73FB7B3B2B49
:10E08000F1D900BF1437BD465DF8047B704780B4FA
:10E0900085B000AF786039607B6893F84D30042B11
:10E0A00015D17B689B6CBB600023FB730AE0FB7B94
:10E0B000BA681A44FB7B39680B4412781A70FB7BF0
:10E0C0000133FB73FB7B002BF1D0012300E0002325
:10E0D00018461437BD465DF8047B704780B483B0A2
:10E0E00000AF78607B6893F84D3018460C37BD461A
:10E0F0005DF8047B704780B483B000AF7860402344
:10E1000018460C37BD465DF8047B704780B483B079
:10E1100000AF7860012318460C37BD465DF8047BDC
:10E120007047F0B595B00EAFF860B9607A60002323
:10E13000FB750BE0FB7DBA681A44FB7D1178FA6829
:10E1400013440A461A72FB7D0133FB75FB7D3F2B9E
:10E15000F0D9FB6803F1540CFB6803F10806FB6877
:10E1600048330D936D4606F10C040FCC0FC50FCC50
:10E170000FC50FCC0FC523682B6096E80E006046D4
:10E1800001F048FC0023BB750BE0BA7DBB7D7968CC
:10E190000B44F9680A4492F848201A70BB7D013399
:10E1A000BB75BB7D002BF0D0FB681B6804331B687C
:10E1B000F8689847034618461C37BD46F0BD80B442
:10E1C00085B000AF786039607B6893F85130042BDC
:10E1D00013D17B68DB6CBB600023FB730AE0FB7B25
:10E1E0003A681A44FB7BB9680B4412781A70FB7BBF
:10E1F0000133FB73FB7B3F2BF1D900BF1437BD46C6
:10E200005DF8047B704780B485B000AF78603960FA
:10E210007B6893F85130042B15D17B68DB6CBB60B5
:10E220000023FB730AE0FB7BBA681A44FB7B396866
:10E230000B4412781A70FB7B0133FB73FB7B002BC2
:10E24000F1D0012300E0002318461437BD465DF8E5
:10E25000047B704780B483B000AF78607B6893F82C
:10E26000513018460C37BD465DF8047B704780B4CA
:10E2700083B000AF7860042318460C37BD465DF8C4
:10E28000047B704780B483B000AF786004231846E5
:10E290000C37BD465DF8047B704780B586B000AF93
:10E2A000F860B9607A600023FB750BE0FB7DBA680B
:10E2B0001A44FB7D1178FA6813440A461A72FB7DF2
:10E2C0000133FB75FB7D032BF0D9FB6803F11802CA
:10E2D000FB680833D3ED007AFB680C331946B0EEC7
:10E2E000670A104601F0BEFB0023BB750AE0BA7D49
:10E2F000BB7D79680B44F9680A44127B1A70BB7DB8
:10E300000133BB75BB7D032BF1D9FB681B6804335C
:10E310001B68F8689847034618461837BD4680BD05
:10E3200080B485B000AF786039607B685B7D042B7A
:10E3300013D17B681B69BB600023FB730AE0FB7B86
:10E340003A681A44FB7BB9680B4412781A70FB7B5D
:10E350000133FB73FB7B032BF1D900BF1437BD46A0
:10E360005DF8047B704780B485B000AF7860396099
:10E370007B685B7D042B15D17B681B69BB60002328
:10E38000FB730AE0FB7BBA681A44FB7B39680B44D9
:10E3900012781A70FB7B0133FB73FB7B032BF1D9E3
:10E3A000042300E0002318461437BD465DF8047BC3
:10E3B000704780B483B000AF78607B685B7D18469F
:10E3C0000C37BD465DF8047B704780B483B000AF66
:10E3D0007860002318460C37BD465DF8047B704713
:10E3E00080B483B000AF78604FF4D67318460C3712
:10E3F000BD465DF8047B704780B586B000AFF8601D
:10E40000B9607A60FB6803F5DE72FB680833194671
:10E41000104601F03EFB0023FB75FA7DFB7D796819
:10E420000B44F9680A44127A1A70FB7D0133FB75BC
:10E4300000BFF2E780B485B000AF786039607B68D8
:10E4400093F8B931032B12D17B68D3F8B431BB6098
:10E450000023FB73FB7BBA681A44FB7B39680B44CF
:10E4600012781A70FB7B0133FB7300BFF2E70023C5
:10E4700018461437BD465DF8047B704780B483B0FE
:10E4800000AF78607B6893F8B93118460C37BD4609
:10E490005DF8047B704780B483B000AF78600823D8
:10E4A00018460C37BD465DF8047B704780B483B0D6
:10E4B00000AF7860012318460C37BD465DF8047B39
:10E4C000704780B586B000AFF860B9607A6000230D
:10E4D000FB750BE0FB7DBA681A44FB7D1178FA6886
:10E4E00013440A461A72FB7D0133FB75FB7D072B33
:10E4F000F0D9FB6803F11C00FB680833FA6810329E
:10E5000093ED007AD3ED017A1146B0EE470AF0EEB2
:10E51000670A01F0E0FA0023BB750AE0BA7DBB7D13
:10E5200079680B44F9680A44127C1A70BB7D013388
:10E53000BB75BB7D002BF1D0FB681B6804331B68E7
:10E54000F8689847034618461837BD4680BD80B422
:10E5500085B000AF786039607B685B7E042B13D197
:10E560007B685B69BB600023FB730AE0FB7B3A6856
:10E570001A44FB7BB9680B4412781A70FB7B013399
:10E58000FB73FB7B072BF1D900BF1437BD465DF849
:10E59000047B704780B485B000AF786039607B68D9
:10E5A0005B7E042B15D17B685B69BB600023FB732A
:10E5B0000AE0FB7BBA681A44FB7B39680B4412788B
:10E5C0001A70FB7B0133FB73FB7B002BF1D0012323
:10E5D00000E0002318461437BD465DF8047B704701
:10E5E00080B483B000AF78607B685B7E18460C37E0
:10E5F000BD465DF8047B704780B483B000AF78609F
:10E60000082318460C37BD465DF8047B704780B47C
:10E6100083B000AF7860012318460C37BD465DF823
:10E62000047B704780B586B000AFF860B9607A604F
:10E630000023FB750BE0FB7DBA681A44FB7D117863
:10E64000FA6813440A461A72FB7D0133FB75FB7DA1
:10E65000072BF0D9FB6803F11C00FB680833FA684C
:10E66000103293ED007AD3ED017A1146B0EE470AED
:10E67000F0EE670A01F051FA0023BB750AE0BA7D9B
:10E68000BB7D79680B44F9680A44127C1A70BB7D23
:10E690000133BB75BB7D002BF1D0FB681B680433D5
:10E6A0001B68F8689847034618461837BD4680BD72
:10E6B00080B485B000AF786039607B685B7E042BE6
:10E6C00013D17B685B69BB600023FB730AE0FB7BB3
:10E6D0003A681A44FB7BB9680B4412781A70FB7BCA
:10E6E0000133FB73FB7B072BF1D900BF1437BD4609
:10E6F0005DF8047B704780B485B000AF7860396006
:10E700007B685B7E042B15D17B685B69BB60002353
:10E71000FB730AE0FB7BBA681A44FB7B39680B4445
:10E7200012781A70FB7B0133FB73FB7B002BF1D05B
:10E73000012300E0002318461437BD465DF8047B32
:10E74000704780B483B000AF78607B685B7E18460A
:10E750000C37BD465DF8047B704780B483B000AFD2
:10E760007860202318460C37BD465DF8047B70475F
:10E7700080B483B000AF7860012318460C37BD46E3
:10E780005DF8047B704780B586B000AFF860B96073
:10E790007A600023FB750BE0FB7DBA681A44FB7DB1
:10E7A0001178FA6813440A461A72FB7D0133FB752F
:10E7B000FB7D1F2BF0D9FB6803F13400FB6803F1EC
:10E7C0000801FB6828331A4601F0C9F90023BB751C
:10E7D0000BE0BA7DBB7D79680B44F9680A4492F876
:10E7E00028201A70BB7D0133BB75BB7D002BF0D098
:10E7F000FB681B6804331B68F86898470346184693
:10E800001837BD4680BD80B485B000AF78603960F0
:10E810007B6893F83130042B13D17B68DB6ABB60D3
:10E820000023FB730AE0FB7B3A681A44FB7BB96860
:10E830000B4412781A70FB7B0133FB73FB7B1F2B9D
:10E84000F1D900BF1437BD465DF8047B704780B432
:10E8500085B000AF786039607B6893F83130042B65
:10E8600015D17B68DB6ABB600023FB730AE0FB7B8E
:10E87000BA681A44FB7B39680B4412781A70FB7B28
:10E880000133FB73FB7B002BF1D0012300E000235D
:10E8900018461437BD465DF8047B704780B483B0DA
:10E8A00000AF78607B6893F8313018460C37BD466E
:10E8B0005DF8047B704780B483B000AF78600123BB
:10E8C00018460C37BD465DF8047B704780B483B0B2
:10E8D00000AF7860012318460C37BD465DF8047B15
:10E8E000704780B586B000AFF860B9607A600023E9
:10E8F000FB750BE0FB7DBA681A44FB7D1178FA6862
:10E9000013440A465A71FB7D0133FB75FB7D002BD6
:10E91000F0D0FB6803F11000FB6805331978FB6841
:10E9200006331A4601F02FF90023BB750AE0BA7DC1
:10E93000BB7D79680B44F9680A4492791A70BB7DF3
:10E940000133BB75BB7D002BF1D0FB681B68043322
:10E950001B68F8689847034618461837BD4680BDBF
:10E9600080B485B000AF786039607B685B7B042B36
:10E9700013D17B689B68BB600023FB730AE0FB7BC1
:10E980003A681A44FB7BB9680B4412781A70FB7B17
:10E990000133FB73FB7B002BF1D000BF1437BD4666
:10E9A0005DF8047B704780B485B000AF7860396053
:10E9B0007B685B7B042B15D17B689B68BB60002365
:10E9C000FB730AE0FB7BBA681A44FB7B39680B4493
:10E9D00012781A70FB7B0133FB73FB7B002BF1D0A9
:10E9E000012300E0002318461437BD465DF8047B80
:10E9F000704780B483B000AF78607B685B7B18465B
:10EA00000C37BD465DF8047B704780B483B000AF1F
:10EA10007860002318460C37BD465DF8047B7047CC
:10EA200080B483B000AF7860012318460C37BD4630
:10EA30005DF8047B704780B586B000AFF860B960C0
:10EA40007A60FB6803F11002FB6805331946104633
:10EA500001F0AFF80023FB750AE0FA7DFB7D7968D1
:10EA60000B44F9680A4452791A70FB7D0133FB7537
:10EA7000FB7D002BF1D0FB681B6804331B68F86832
:10EA80009847034618461837BD4680BD80B485B008
:10EA900000AF786039607B685B7B032B15D17B68A6
:10EAA0009B68BB600023FB730AE0FB7BBA681A44D7
:10EAB000FB7B39680B4412781A70FB7B0133FB73C4
:10EAC000FB7B002BF1D0012300E000231846143714
:10EAD000BD465DF8047B704780B483B000AF7860BA
:10EAE0007B685B7B18460C37BD465DF8047B70473E
:10EAF00080B483B000AF7860002318460C37BD4661
:10EB00005DF8047B704780B483B000AF7860012368
:10EB100018460C37BD465DF8047B704780B586B05B
:10EB200000AFF860B9607A60FB6803F11002FB681F
:10EB300005331946104601F04EF80023FB750AE034
:10EB4000FA7DFB7D79680B44F9680A4452791A70A2
:10EB5000FB7D0133FB75FB7D002BF1D0FB681B684F
:10EB600004331B68F8689847034618461837BD46B3
:10EB700080BD80B485B000AF786039607B685B7B16
:10EB8000032B15D17B689B68BB600023FB730AE0F5
:10EB9000FB7BBA681A44FB7B39680B4412781A7005
:10EBA000FB7B0133FB73FB7B002BF1D0012300E0E7
:10EBB000002318461437BD465DF8047B704780B4C7
:10EBC00083B000AF78607B685B7B18460C37BD462E
:10EBD0005DF8047B704780B483B000AF7860012398
:10EBE00018460C37BD465DF8047B704780B483B08F
:10EBF00000AF7860012318460C37BD465DF8047BF2
:10EC0000704780B586B000AFF860B9607A600023C5
:10EC1000FB750BE0FB7DBA681A44FB7D1178FA683E
:10EC200013440A465A71FB7D0133FB75FB7D002BB3
:10EC3000F0D0FB6803F11000FB685979FB680633DC
:10EC40001A4600F0DAFF0023BB750AE0BA7DBB7DEF
:10EC500079680B44F9680A4492791A70BB7D0133D4
:10EC6000BB75BB7D002BF1D0FB681B6804331B68B0
:10EC7000F8689847034618461837BD4680BD80B4EB
:10EC800085B000AF786039607B685B7B042B13D163
:10EC90007B689B68BB600023FB730AE0FB7B3A68E0
:10ECA0001A44FB7BB9680B4412781A70FB7B013362
:10ECB000FB73FB7B002BF1D000BF1437BD465DF822
:10ECC000047B704780B485B000AF786039607B68A2
:10ECD0005B7B042B15D17B689B68BB600023FB73B7
:10ECE0000AE0FB7BBA681A44FB7B39680B44127854
:10ECF0001A70FB7B0133FB73FB7B002BF1D00123EC
:10ED000000E0002318461437BD465DF8047B7047C9
:10ED100080B483B000AF78607B685B7B18460C37AB
:10ED2000BD465DF8047B704780B483B000AF786067
:10ED3000302318460C37BD465DF8047B704780B41D
:10ED400083B000AF7860002318460C37BD465DF8ED
:10ED5000047B70472DE9F04790B00AAFF860B960C6
:10ED60007A600023FB750BE0FB7DBA681A44FB7DDB
:10ED70001178FA6813440A465A71FB7D0133FB751A
:10ED8000FB7D2F2BF0D9FB6803F1400EFB680533A8
:10ED90001A6892465A6891469A68904603F10C04A4
:10EDA0006E4604F1200C35462346186859689A6867
:10EDB000DB680FC5103410366445F4D13346224663
:10EDC0001068186051464A464346704600F02BFFD3
:10EDD000FB681B6804331B68F868984703461846AD
:10EDE0001837BD46BDE8F08780B485B000AF7860C5
:10EDF00039607B6893F83D30022B13D17B689B6BA5
:10EE0000BB600023FB730AE0FB7B3A681A44FB7B80
:10EE1000B9680B4412781A70FB7B0133FB73FB7BE0
:10EE20002F2BF1D900BF1437BD465DF8047B704726
:10EE300080B483B000AF78607B6893F83D301846AB
:10EE40000C37BD465DF8047B704780B483B000AFDB
:10EE50007860032318460C37BD465DF8047B704785
:10EE600080B483B000AF7860002318460C37BD46ED
:10EE70005DF8047B704780B586B000AFF860B9607C
:10EE80007A600023FB750BE0FB7DBA681A44FB7DBA
:10EE90001178FA6813440A465A71FB7D0133FB75F9
:10EEA000FB7D022BF0D9FB6803F11000FB680533F2
:10EEB0001A78597809020A439B781B041A430023E5
:10EEC00062F31703194600F0D0FEFB681B68043399
:10EED0001B68F8689847034618461837BD4680BD3A
:10EEE00080B485B000AF786039607B685B7B022BB3
:10EEF00013D17B689B68BB600023FB730AE0FB7B3C
:10EF00003A681A44FB7BB9680B4412781A70FB7B91
:10EF10000133FB73FB7B022BF1D900BF1437BD46D5
:10EF20005DF8047B704780B483B000AF78607B6885
:10EF30005B7B18460C37BD465DF8047B704780B498
:10EF400083B000AF7860082318460C37BD465DF8E3
:10EF5000047B704780B483B000AF7860002318460C
:10EF60000C37BD465DF8047B704780B586B000AFB6
:10EF7000F860B9607A600023FB750BE0FB7DBA682E
:10EF80001A44FB7D1178FA6813440A461A72FB7D15
:10EF90000133FB75FB7D072BF0D9FB6803F11800EB
:10EFA000FB68083393E8060000F06EFEFB681B6800
:10EFB00004331B68F8689847034618461837BD465F
:10EFC00080BD80B485B000AF786039607B685B7DC0
:10EFD000022B13D17B681B69BB600023FB730AE023
:10EFE000FB7B3A681A44FB7BB9680B4412781A70B1
:10EFF000FB7B0133FB73FB7B072BF1D900BF14377D
:10F00000BD465DF8047B704780B483B000AF786084
:10F010007B685B7D18460C37BD465DF8047B704706
:10F0200080B483B000AF7860002318460C37BD462B
:10F030005DF8047B704780B483B000AF7860032331
:10F0400018460C37BD465DF8047B704780B586B026
:10F0500000AFF860B9607A60FB6803F11002FB68EA
:10F0600005331946104600F022FE0023FB750AE026
:10F07000FA7DFB7D79680B44F9680A4452791A706D
:10F08000FB7D0133FB75FB7D022BF1D9FB681B680F
:10F0900004331B68F8689847034618461837BD467E
:10F0A00080BD80B485B000AF786039607B685B7BE1
:10F0B000032B15D17B689B68BB600023FB730AE0C0
:10F0C000FB7BBA681A44FB7B39680B4412781A70D0
:10F0D000FB7B0133FB73FB7B022BF1D9032300E0A5
:10F0E000002318461437BD465DF8047B704780B492
:10F0F00083B000AF78607B685B7B18460C37BD46F9
:10F100005DF8047B704780B483B000AF7860002363
:10F1100018460C37BD465DF8047B704780B483B059
:10F1200000AF7860022318460C37BD465DF8047BBB
:10F13000704780B586B000AFF860B9607A60FB6850
:10F1400003F11002FB6805331946104600F0C7FDB5
:10F150000023FB750AE0FA7DFB7D79680B44F968B2
:10F160000A4452791A70FB7D0133FB75FB7D012B3C
:10F17000F1D9FB681B6804331B68F868984703469D
:10F1800018461837BD4680BD80B485B000AF7860A2
:10F1900039607B685B7B032B15D17B689B68BB6008
:10F1A0000023FB730AE0FB7BBA681A44FB7B3968D7
:10F1B0000B4412781A70FB7B0133FB73FB7B012B32
:10F1C000F1D9022300E0002318461437BD465DF84C
:10F1D000047B704780B483B000AF78607B685B7B52
:10F1E00018460C37BD465DF8047B704780B483B089
:10F1F00000AF7860002318460C37BD465DF8047BED
:10F20000704780B483B000AF7860042318460C3791
:10F21000BD465DF8047B704780B586B000AFF860EE
:10F22000B9607A60FB6803F11402FB680833194681
:10F23000104600F06AFD0023FB750AE0FA7DFB7DB5
:10F2400079680B44F9680A44127A1A70FB7D01331D
:10F25000FB75FB7D032BF1D9FB681B6804331B682E
:10F26000F8689847034618461837BD4680BD80B4F5
:10F2700085B000AF786039607B685B7C032B15D16B
:10F280007B68DB68BB600023FB730AE0FB7BBA682A
:10F290001A44FB7B39680B4412781A70FB7B0133EC
:10F2A000FB73FB7B032BF1D9042300E000231846FA
:10F2B0001437BD465DF8047B704780B483B000AF5F
:10F2C00078607B685B7C18460C37BD465DF8047B34
:10F2D000704780B483B000AF7860002318460C37C5
:10F2E000BD465DF8047B704780B483B000AF7860A2
:10F2F000012318460C37BD465DF8047B704780B586
:10F3000086B000AFF860B9607A60FB6803F1100264
:10F31000FB6805331946104600F008FD0023FB7515
:10F320000AE0FA7DFB7D79680B44F9680A4452795A
:10F330001A70FB7D0133FB75FB7D002BF1D0FB6860
:10F340001B6804331B68F86898470346184618374B
:10F35000BD4680BD80B485B000AF786039607B6801
:10F360005B7B032B15D17B689B68BB600023FB7321
:10F370000AE0FB7BBA681A44FB7B39680B441278BD
:10F380001A70FB7B0133FB73FB7B002BF1D0012355
:10F3900000E0002318461437BD465DF8047B704733
:10F3A00080B483B000AF78607B685B7B18460C3715
:10F3B000BD465DF8047B704784B090B585B002AF60
:10F3C000786007F11C0080E80E007B6803F10804F8
:10F3D0006A4607F1280393E8030082E8030007F177
:10F3E0001C030ECB204600F0B3FC03461A463B6BD1
:10F3F0001A7000BF0C37BD46BDE8904004B070479E
:10F4000084B080B584B002AF786007F1140080E862
:10F410000E007B6803F108003B6A009307F11403B8
:10F420000ECB00F0B3FC03461A467B6A1A7000BF8D
:10F430000837BD46BDE8804004B0704784B090B541
:10F4400095B012AF786007F11C0080E80E007B6871
:10F4500003F10804684607F12803482219460BF017
:10F4600011FF07F11C030ECB204600F0A8FC034659
:10F470001A463B6F1A7000BF0C37BD46BDE890407E
:10F4800004B0704780B582B000AF786039607B68A7
:10F490000833184600F0B1FC03461A463B681A8050
:10F4A00000BF0837BD4680BDB0B590B000AFF8636F
:10F4B000B963FB6B03F10802BC6B3B46114618466F
:10F4C00000F0A7FC25463C460FCC0FC50FCC0FC55E
:10F4D0000FCC0FC523682B6000BF4037BD46B0BDC1
:10F4E00080B582B000AF786039607B680833184619
:10F4F00000F09EFC03461A463B681A7000BF0837AE
:10F50000BD4680BD84B080B584B002AF786007F19D
:10F51000140080E80E007B6803F108003B6A00934A
:10F5200007F114030ECB00F08FFC03461A467B6AEA
:10F530001A7000BF0837BD46BDE8804004B0704770
:10F5400080B584B000AFF860B0EE407AF0EE607A3B
:10F55000396087ED017AC7ED027AFB68083397EDD1
:10F56000017AD7ED027AB0EE470AF0EE670A184644
:10F5700000F083FC03461A463B681A7000BF103740
:10F58000BD4680BD90B597B000AF786539657B6D9D
:10F5900003F108023C6D3B461146184600F089FC19
:10F5A00020463B46502219460BF06CFE00BF5C37EC
:10F5B000BD4690BD84B090B595B012AF786007F1AC
:10F5C0001C0080E80E007B6803F10804684607F120
:10F5D0002803442219460BF055FE07F11C030ECBFD
:10F5E000204600F075FC03461A46FB6E1A7000BFF9
:10F5F0000C37BD46BDE8904004B0704780B582B07E
:10F6000000AF78600B46FB707B680833FA781146D0
:10F61000184600F07BFC00BF0837BD4680BD84B0B3
:10F62000F0B593B010AF786007F1240080E80E00C9
:10F630007B6803F108066D4607F130040FCC0FC557
:10F640000FCC0FC50FCC0FC594E80F0085E80F0055
:10F6500007F124030ECB304600F067FC00BF0C37E7
:10F66000BD46BDE8F04004B0704790B597B000AF1C
:10F67000786539657B6D03F108023C6D3B461146A8
:10F68000184600F075FC20463B464C2219460BF00C
:10F69000F9FD00BF5C37BD4690BD80B584B000AFBA
:10F6A000F860384680E80E00FB6803F108003B462E
:10F6B0000ECB00F06CFC00BF1037BD4680BD80B59E
:10F6C00086B000AF786039607B6803F1080207F10B
:10F6D0000C031146184600F06AFC3B681A4607F115
:10F6E0000C0303CB106051601B78137200BF1837F6
:10F6F000BD4680BD80B584B000AFF860384680E874
:10F700000E00FB6803F108003B460ECB00F05EFCE8
:10F7100000BF1037BD4680BD80B586B000AF7860B1
:10F7200039607B6803F1080207F10C0311461846A3
:10F7300000F05CFC3B681A4607F10C0303CB106039
:10F7400051601B78137200BF1837BD4680BD80B56D
:10F7500084B000AFF860384680E80E00FB6803F123
:10F7600008003B460ECB00F050FC00BF1037BD46F2
:10F7700080BD80B586B000AF786039607B6803F1EA
:10F78000080207F10C031146184600F04EFC3B68D6
:10F790001A4607F10C0303CB106051601B781372FB
:10F7A00000BF1837BD4680BD80B584B000AFF8609B
:10F7B000F0EE406AB0EE607AF0EE417AC7ED006A92
:10F7C00087ED017AC7ED027AFB680833D7ED006A4E
:10F7D00097ED017AD7ED027AB0EE660AF0EE470AAD
:10F7E000B0EE671A184600F02FFC00BF1037BD4678
:10F7F00080BD80B584B000AFF8600B467A607B8135
:10F80000FB6808337A891146184600F040FC03462D
:10F810001A467B681A7000BF1037BD4680BD90B590
:10F8200087B000AF786139617B6903F108023C69F8
:10F830003B461146184600F03AFC22463B461C68FF
:10F84000586899681460506091609B89938100BFEB
:10F850001C37BD4690BD84B080B584B002AF7860DF
:10F8600007F1140080E80E007B6803F108003B8C70
:10F87000ADF8003007F114030ECB00F027FC03466F
:10F880001A467B6A1A7000BF0837BD46BDE8804043
:10F8900004B0704784B090B585B002AF786007F1CE
:10F8A0001C0080E80E007B6803F108046A4607F13B
:10F8B000280393E8030082E8030007F11C030ECB42
:10F8C000204600F01DFC03461A463B6B1A7000BF31
:10F8D0000C37BD46BDE8904004B0704780B584B099
:10F8E00000AFF8600B467A60FB72FB680833FA7A67
:10F8F0001146184600F022FC03461A467B681A702F
:10F9000000BF1037BD4680BD80B584B000AFF86041
:10F9100087ED020A7960FB68083397ED020A184602
:10F9200000F01CFC03461A467B681A7000BF1037B3
:10F93000BD4680BD84B0B0B586B004AF786007F135
:10F940001C0080E80E007B6803F108056C4607F197
:10F95000280393E8070084E8070007F11C030ECB97
:10F96000284600F00BFC03461A467B6B1A7000BF5A
:10F970000837BD46BDE8B04004B0704784B090B5CC
:10F9800085B002AF786007F11C0080E80E007B684C
:10F9900003F108046A4607F1280393E8030082E8AC
:10F9A000030007F11C030ECB204600F005FC0346C4
:10F9B0001A463B6B1A7000BF0C37BD46BDE890403D
:10F9C00004B0704784B0F0B58FB00CAF786007F129
:10F9D000240080E80E007B6803F108066D4607F1FD
:10F9E00030040FCC0FC50FCC0FC594E80F0085E88D
:10F9F0000F0007F124030ECB304600F0FBFB03465B
:10FA00001A463B6E1A7000BF0C37BD46BDE8F04089
:10FA100004B0704784B0F0B591B00EAF786007F1D4
:10FA2000240080E80E007B6803F108066D4607F1AC
:10FA300030040FCC0FC50FCC0FC50FCC0FC52368FA
:10FA40002B6007F124030ECB304600F0F5FB034694
:10FA50001A467B6E1A7000BF0C37BD46BDE8F040F9
:10FA600004B0704780B584B000AFF86087ED020A3B
:10FA70007960FB68083397ED020A184600F0FEFB38
:10FA8000F0EE407A7B68C3ED007A00BF1037BD46C8
:10FA900080BD90B5EFB000AFC7F8B401C7F8B011A2
:10FAA000D7F8B43103F10802D7F8B0413B4611460C
:10FAB000184600F0F5FB07F5DC73A3F5DC73204670
:10FAC00019464FF4D6731A460BF0DCFB00BF07F55E
:10FAD000DE77BD4690BD80B584B000AFF860B0EE73
:10FAE000407AF0EE607A396087ED017AC7ED027AEC
:10FAF000FB68083397ED017AD7ED027AB0EE470A3A
:10FB0000F0EE670A184600F0DAFB03461A463B6837
:10FB10001A7000BF1037BD4680BD80B584B000AFFD
:10FB2000F860B0EE407AF0EE607A396087ED017AE5
:10FB3000C7ED027AFB68083397ED017AD7ED027AB8
:10FB4000B0EE470AF0EE670A184600F0D4FB034611
:10FB50001A463B681A7000BF1037BD4680BD80B59D
:10FB600084B000AFF860B9607A60FB680833B968A8
:10FB7000184600F0DCFB03461A467B681A7000BF8B
:10FB80001037BD4680BD80B584B000AFF8600B462D
:10FB90007A60FB72FB680833FA7A1146184600F067
:10FBA000D4FB03461A467B681A7000BF1037BD4667
:10FBB00080BD80B582B000AF786039607B68083363
:10FBC000184600F0D2FB03461A463B681A7000BF85
:10FBD0000837BD4680BD80B582B000AF786039601F
:10FBE0007B680833184600F0CCFB03461A463B6896
:10FBF0001A7000BF0837BD4680BD80B584B000AF25
:10FC0000F8600B467A60FB72FB680833FA7A11469B
:10FC1000184600F0C2FB03461A467B681A7000BF04
:10FC20001037BD4680BD84B0F0B58DB00AAF7860A6
:10FC300007F1240080E80E007B6803F108066D469A
:10FC400007F130040FCC0FC50FCC0FC523682B6014
:10FC500007F124030ECB304600F0AFFB00BF0C379A
:10FC6000BD46BDE8F04004B0704780B582B000AF3B
:10FC7000786039607B6808333968184600F0BCFB4F
:10FC800000BF0837BD4680BD80B584B000AFF860C6
:10FC90003B1D83E80600FB6803F108003B1D93E869
:10FCA000060000F0B6FB00BF1037BD4680BD80B532
:10FCB00082B000AF786039607B680833184600F086
:10FCC000B9FB02463B6811461970C2F3072159700F
:10FCD000C2F307429A7000BF0837BD4680BD80B5A9
:10FCE00082B000AF786039607B680833184600F056
:10FCF000BFFB02463B6812B211461970C2F30722DD
:10FD00005A7000BF0837BD4680BD80B582B000AFD5
:10FD1000786039607B680833184600F0BDFB024606
:10FD20003B681A6000BF0837BD4680BD80B582B011
:10FD300000AF786039607B680833184600F0B8FB84
:10FD400003461A463B681A7000BF0837BD4680BD9F
:10FD500084B080B584B002AF786007F1140080E809
:10FD60000E006A4607F1200393E8030082E80300CF
:10FD700007F114030ECB786800F0A6FB0346184683
:10FD80000837BD46BDE8804004B0704784B080B5F8
:10FD900084B002AF786007F1140080E80E003B6A7F
:10FDA000009307F114030ECB786800F0CEFB0346F6
:10FDB00018460837BD46BDE8804004B0704784B09F
:10FDC00080B594B012AF786007F1140080E80E009F
:10FDD000684607F12003482219460BF053FA07F151
:10FDE00014030ECB786800F0EEFB03461846083784
:10FDF000BD46BDE8804004B0704780B582B000AF1A
:10FE00007860786800F024FC034618460837BD4641
:10FE100080BD80B582B000AF786039607B6839689A
:10FE2000184600F03DFC00BF78680837BD4680BD2D
:10FE300080B582B000AF7860786800F060FC03465F
:10FE400018460837BD4680BD84B080B584B002AF87
:10FE5000786007F1140080E80E003B6A009307F118
:10FE600014030ECB786800F072FC0346184608377E
:10FE7000BD46BDE8804004B0704780B584B000AF97
:10FE8000F860B0EE407AF0EE607A87ED017AC7ED67
:10FE9000027A97ED017AD7ED027AB0EE470AF0EEDA
:10FEA000670AF86800F091FC034618461037BD4613
:10FEB00080BD80B582B000AF786039607B683968FA
:10FEC000184600F0C2FC00BF78680837BD4680BD08
:10FED00084B080B594B012AF786007F1140080E868
:10FEE0000E00684607F12003442219460BF0CAF9B8
:10FEF00007F114030ECB786800F0D9FC03461846CE
:10FF00000837BD46BDE8804004B0704780B582B078
:10FF100000AF78600B46FB70FB781946786800F0FC
:10FF200011FD00BF0837BD4680BD84B0B0B592B0AA
:10FF300010AF786007F11C0080E80E006D4607F1F5
:10FF400028040FCC0FC50FCC0FC50FCC0FC594E8FC
:10FF50000F0085E80F0007F11C030ECB786800F056
:10FF60001AFD00BF0837BD46BDE8B04004B0704779
:10FF700080B582B000AF786039607B683968184618
:10FF800000F051FD00BF78680837BD4680BD80B5E0
:10FF900084B000AFF860384680E80E003B460ECBD8
:10FFA000F86800F072FD00BF1037BD4680BD80B517
:10FFB00082B000AF786039607B683968184600F01D
:10FFC00092FD00BF78680837BD4680BD80B584B01B
:10FFD00000AFF860384680E80E003B460ECBF8686C
:10FFE00000F0B6FD00BF1037BD4680BD80B582B0C1
:10FFF00000AF786039607B683968184600F0D6FD3C
:020000040803EF
:1000000000BF78680837BD4680BD80B584B000AFBA
:10001000F860384680E80E003B460ECBF86800F0EA
:10002000FAFD00BF1037BD4680BD80B582B000AF7D
:10003000786039607B683968184600F01AFE00BFA6
:1000400078680837BD4680BD80B584B000AFF860E1
:10005000F0EE406AB0EE607AF0EE417AC7ED006AE9
:1000600087ED017AC7ED027AD7ED006A97ED017A44
:10007000D7ED027AB0EE660AF0EE470AB0EE671AE4
:10008000F86800F02BFE00BF1037BD4680BD80B57C
:1000900082B000AF78600B467B807B881946786819
:1000A00000F065FE034618460837BD4680BD80B5A2
:1000B00082B000AF786039607B683968184600F01C
:1000C00082FE00BF78680837BD4680BD84B080B529
:1000D00084B002AF786007F1140080E80E003B8C1A
:1000E000ADF8003007F114030ECB786800F099FEEC
:1000F000034618460837BD46BDE8804004B0704747
:1001000084B080B584B002AF786007F1140080E855
:100110000E006A4607F1200393E8030082E803001B
:1001200007F114030ECB786800F0BAFE03461846B8
:100130000837BD46BDE8804004B0704780B582B046
:1001400000AF78600B46FB70FB781946786800F0CA
:10015000E8FE034618460837BD4680BD80B582B02C
:1001600000AF786087ED000A97ED000A786800F02C
:1001700004FF034618460837BD4680BD84B090B5DD
:1001800087B004AF786007F11C0080E80E006C4671
:1001900007F1280393E8070084E8070007F11C0330
:1001A0000ECB786800F017FF034618460C37BD46A3
:1001B000BDE8904004B0704784B080B584B002AF11
:1001C000786007F1140080E80E006A4607F120030A
:1001D00093E8030082E8030007F114030ECB78686C
:1001E00000F03EFF034618460837BD46BDE8804094
:1001F00004B0704784B0B0B58EB00CAF786007F132
:100200001C0080E80E006D4607F128040FCC0FC5D6
:100210000FCC0FC594E80F0085E80F0007F11C0311
:100220000ECB786800F05DFF034618460837BD46E0
:10023000BDE8B04004B0704784B0B0B590B00EAF28
:10024000786007F11C0080E80E006D4607F1280475
:100250000FCC0FC50FCC0FC50FCC0FC523682B607B
:1002600007F11C030ECB786800F08AFF034618469E
:100270000837BD46BDE8B04004B0704780B582B0D5
:1002800000AF786087ED000A97ED000A786800F00B
:10029000C9FFF0EE407AB0EE670A0837BD4680BD70
:1002A00080B582B000AF786039607B6839681846E5
:1002B00000F0ECFF00BF78680837BD4680BD80B510
:1002C00084B000AFF860B0EE407AF0EE607A87ED6F
:1002D000017AC7ED027A97ED017AD7ED027AB0EE96
:1002E000470AF0EE670AF86801F003F8034618467B
:1002F0001037BD4680BD80B584B000AFF860B0EE69
:10030000407AF0EE607A87ED017AC7ED027A97EDD8
:10031000017AD7ED027AB0EE470AF0EE670AF86884
:1003200001F027F8034618461037BD4680BD80B55A
:1003300082B000AF786039603968786801F059F8A8
:10034000034618460837BD4680BD80B582B000AF71
:1003500078600B46FB70FB781946786801F073F8FB
:10036000034618460837BD4680BD80B582B000AF51
:100370007860786801F093F8034618460837BD4660
:1003800080BD80B582B000AF7860786801F0AFF8CA
:10039000034618460837BD4680BD80B582B000AF21
:1003A00078600B46FB70FB781946786801F0C7F857
:1003B000034618460837BD4680BD84B0B0B58CB042
:1003C0000AAF786007F11C0080E80E006D4607F167
:1003D00028040FCC0FC50FCC0FC523682B6007F185
:1003E0001C030ECB786801F0D6F800BF0837BD4675
:1003F000BDE8B04004B0704780B582B000AF78600F
:1004000039603968786801F010F900BF0837BD46D7
:1004100080BD80B584B000AFF8603B1D83E8060066
:100420003B1D93E80600F86801F026F900BF10377D
:10043000BD4680BD80B584B000AF7860786801F0BB
:1004400047F903461A463A73C3F307227A73C3F394
:100450000743BB7300233A7B62F307037A7B62F3A3
:100460000F23BA7B62F3174318461037BD4680BD91
:1004700080B584B000AF7860786801F070F9034609
:10048000BB8100233A7B62F307037A7B62F30F237D
:1004900018461037BD4680BD80B582B000AF786089
:1004A000786801F090F9034618460837BD4680BDCC
:1004B00080B582B000AF7860786801F0ACF903468F
:1004C00018460837BD4680BD84B0F0B587B004AF8C
:1004D000786007F1240080E80E007B685B69002BE0
:1004E0000DD17B681B68002B09D07B681C687B6B77
:1004F000009307F124030FCBA04703461EE07B685F
:100500005B69002B19D07B681B68002B15D07B68BA
:100510005D697B681E687B6803F1040C6C4607F11B
:100520002C0393E8070084E8070007F124030CCBB1
:1005300061463046A847034600E0002318460C37C2
:10054000BD46BDE8F04004B0704784B0F0B585B05A
:1005500002AF786007F1240080E80E007B685B69D9
:10056000002B0BD17B681B68002B07D07B681C68B5
:1005700007F124030FCBA04703461DE07B685B69AE
:10058000002B18D07B681B68002B14D07B685C693B
:100590007B681D687B681E1D6A4607F12C0393E883
:1005A000030082E8030007F124030CCB3146284600
:1005B000A047034600E0002318460C37BD46BDE8BF
:1005C000F04004B0704784B0F0B597B014AF7860D5
:1005D00007F1240080E80E007B685B69002B12D1D4
:1005E0007B681B68002B0ED07B681C68684607F18F
:1005F0003403442219460AF045FE07F124030FCBC9
:10060000A04703461DE07B685B69002B18D07B6820
:100610001B68002B14D07B685C697B681D687B6855
:100620001E1D684607F12C034C2219460AF02AFECB
:1006300007F124030CCB31462846A047034600E0CF
:10064000002318460C37BD46BDE8F04004B07047A3
:1006500080B582B000AF78607B685B69002B08D101
:100660007B681B68002B04D07B681B689847034697
:1006700012E07B685B69002B0DD07B681B68002B48
:1006800009D07B685B697A6810687A680432114621
:100690009847034600E0002318460837BD4680BD52
:1006A00080B582B000AF786039603B685B69002B31
:1006B00009D13B681B68002B05D03B681B687A6832
:1006C0001046984717E03B685B69002B0CD03B68ED
:1006D0001B68002B08D03B685B693A6811683A6870
:1006E00004327868984706E07B68184634231A4637
:1006F00000210AF01FFD78680837BD4680BD80B52F
:1007000082B000AF78607B685B69002B08D17B68A2
:100710001B68002B04D07B681B689847034612E0D7
:100720007B685B69002B0DD07B681B68002B09D0B0
:100730007B685B697A6810687A680432114698476A
:10074000034600E0002318460837BD4680BD84B04C
:10075000F0B585B002AF786007F1240080E80E00A4
:100760007B685B69002B0BD17B681B68002B07D073
:100770007B681C6807F124030FCBA04703461DE0EC
:100780007B685B69002B18D07B681B68002B14D03A
:100790007B685C697B681D687B681E1D6A4607F183
:1007A0002C0393E8030082E8030007F124030CCB39
:1007B00031462846A047034600E0002318460C3780
:1007C000BD46BDE8F04004B0704780B584B000AFCE
:1007D000F860B0EE407AF0EE607A87ED017AC7ED0E
:1007E000027AFB685B69002B10D1FB681B68002B49
:1007F0000CD0FB681B6897ED017AD7ED027AB0EE5A
:10080000470AF0EE670A984703461AE0FB685B69FF
:10081000002B15D0FB681B68002B11D0FB685B69AF
:10082000FA681068FA68043297ED017AD7ED027A17
:10083000B0EE470AF0EE670A11469847034600E01B
:10084000002318461037BD4680BD80B582B000AF8A
:10085000786039603B685B69002B09D13B681B6895
:10086000002B05D03B681B687A68104698471AE051
:100870003B685B69002B0CD03B681B68002B08D0E1
:100880003B685B693A6811683A680432786898474F
:1008900009E07B68184650231A4600210AF04AFCFA
:1008A0007868E9F767FA78680837BD4680BD84B094
:1008B000F0B595B012AF786007F1240080E80E0023
:1008C0007B685B69002B18D17B681B68002B14D0F8
:1008D0007B681E686D4607F134040FCC0FC50FCC42
:1008E0000FC50FCC0FC594E80F0085E80F0007F186
:1008F00024030FCBB04703461DE07B685B69002BE8
:1009000018D07B681B68002B14D07B685C697B68FF
:100910001D687B681E1D684607F12C034822194696
:100920000AF0B0FC07F124030CCB31462846A0475F
:10093000034600E0002318460C37BD46BDE8F040F2
:1009400004B0704780B582B000AF78600B46FB7092
:100950007B685B69002B09D17B681B68002B05D085
:100960007B681B68FA781046984711E07B685B69E2
:10097000002B0CD07B681B68002B08D07B685B6960
:100980007A6810687A68111DFA78984700E000BF0D
:100990000837BD4680BD84B0F0B595B012AF786021
:1009A00007F1240080E80E007B685B69002B17D1FB
:1009B0007B681B68002B13D07B681E686D4607F1AF
:1009C00034040FCC0FC50FCC0FC50FCC0FC594E866
:1009D000070085E8070007F124030FCBB0471CE0B0
:1009E0007B685B69002B17D07B681B68002B13D0DA
:1009F0007B685C697B681D687B681E1D684607F123
:100A00002C03442219460AF03DFC07F124030CCBC9
:100A100031462846A04700E000BF0C37BD46BDE880
:100A2000F04004B0704780B582B000AF78603960A4
:100A30003B685B69002B09D13B681B68002B05D024
:100A40003B681B687A68104698471AE03B685B6908
:100A5000002B0CD03B681B68002B08D03B685B69FF
:100A60003A6811683A6804327868984709E07B6808
:100A700018464C231A4600210AF05CFB7868F1F70F
:100A800065FA78680837BD4680BD90B587B002AF7B
:100A9000F860384680E80E00FB685B69002B0AD1DD
:100AA000FB681B68002B06D0FB681C683B4693E87C
:100AB0000700A04714E0FB685B69002B0FD0FB68C0
:100AC0001B68002B0BD0FB685C69FB681868FB682F
:100AD000191DBB6800933B460CCBA04700E000BF4C
:100AE0001437BD4690BD80B582B000AF78603960E4
:100AF0003B685B69002B09D13B681B68002B05D064
:100B00003B681B687A68104698471DE03B685B6944
:100B1000002B0CD03B681B68002B08D03B685B693E
:100B20003A6811683A680432786898470CE07B6844
:100B300000221A707B684FF000025A607B68002226
:100B40001A727868F1F7A0F978680837BD4680BD59
:100B500090B587B002AFF860384680E80E00FB68B9
:100B60005B69002B0AD1FB681B68002B06D0FB6871
:100B70001C683B4693E80700A04714E0FB685B69EC
:100B8000002B0FD0FB681B68002B0BD0FB685C6947
:100B9000FB681868FB68191DBB6800933B460CCBCB
:100BA000A04700E000BF1437BD4690BD80B582B0BD
:100BB00000AF786039603B685B69002B09D13B6806
:100BC0001B68002B05D03B681B687A681046984765
:100BD0001DE03B685B69002B0CD03B681B68002B59
:100BE00008D03B685B693A6811683A6804327868F3
:100BF00098470CE07B6800221A707B684FF0000277
:100C00005A607B6800221A727868F1F753F97868A5
:100C10000837BD4680BD90B587B002AFF860384652
:100C200080E80E00FB685B69002B0AD1FB681B683B
:100C3000002B06D0FB681C683B4693E80700A047E2
:100C400014E0FB685B69002B0FD0FB681B68002B6E
:100C50000BD0FB685C69FB681868FB68191DBB68F2
:100C600000933B460CCBA04700E000BF1437BD46C5
:100C700090BD80B582B000AF786039603B685B6939
:100C8000002B09D13B681B68002B05D03B681B6813
:100C90007A68104698471DE03B685B69002B0CD0D2
:100CA0003B681B68002B08D03B685B693A68116899
:100CB0003A680432786898470CE07B6800221A7022
:100CC0007B684FF000025A607B6800221A727868D5
:100CD000F1F7C4F878680837BD4680BD80B584B0A8
:100CE00000AFF860F0EE406AB0EE607AF0EE417A64
:100CF000C7ED006A87ED017AC7ED027AFB685B6990
:100D0000002B13D1FB681B68002B0FD0FB681B68FE
:100D1000D7ED006A97ED017AD7ED027AB0EE660A58
:100D2000F0EE470AB0EE671A98471DE0FB685B6972
:100D3000002B18D0FB681B68002B14D0FB685B6984
:100D4000FA681068FA680432D7ED006A97ED017A04
:100D5000D7ED027AB0EE660AF0EE470AB0EE671AF7
:100D60001146984700E000BF1037BD4680BD80B5F2
:100D700082B000AF78600B467B807B685B69002B9C
:100D80000AD17B681B68002B06D07B681B687A88B9
:100D900010469847034612E07B685B69002B0DD034
:100DA0007B681B68002B09D07B685B697A681068D8
:100DB0007A68111D7A889847034600E00023184698
:100DC0000837BD4680BD80B582B000AF786039601D
:100DD0003B685B69002B09D13B681B68002B05D081
:100DE0003B681B687A681046984716E03B685B6969
:100DF000002B0CD03B681B68002B08D03B685B695C
:100E00003A6811683A6804327868984705E07B6868
:100E100000221A605A609A609A8178680837BD4645
:100E200080BD84B0F0B585B002AF786007F12400D2
:100E300080E80E007B685B69002B0BD17B681B6828
:100E4000002B07D07B681C6807F124030FCBA04759
:100E500003461EE07B685B69002B19D07B681B682A
:100E6000002B15D07B685C697B681D687B681E1D44
:100E70006B4607F12C0292E80300186004331980D6
:100E800007F124030CCB31462846A047034600E077
:100E9000002318460C37BD46BDE8F04004B070474B
:100EA00084B0F0B587B004AF786007F1240080E823
:100EB0000E007B685B69002B0DD17B681B68002BE3
:100EC00009D07B681C687B6B009307F124030FCB70
:100ED000A04703461EE07B685B69002B19D07B6846
:100EE0001B68002B15D07B685D697B681E687B687A
:100EF00003F1040C6C4607F12C0393E8070084E827
:100F0000070007F124030CCB61463046A84703468F
:100F100000E0002318460C37BD46BDE8F04004B0A1
:100F2000704780B582B000AF78600B46FB707B687D
:100F30005B69002B0AD17B681B68002B06D07B689D
:100F40001B68FA7810469847034612E07B685B6995
:100F5000002B0DD07B681B68002B09D07B685B6978
:100F60007A6810687A68111DFA789847034600E09D
:100F7000002318460837BD4680BD80B582B000AF5B
:100F8000786087ED000A7B685B69002B0AD17B687B
:100F90001B68002B06D07B681B6897ED000A9847FA
:100FA000034614E07B685B69002B0FD07B681B68ED
:100FB000002B0BD07B685B697A6810687A68043212
:100FC00097ED000A11469847034600E000231846B3
:100FD0000837BD4680BD84B0F0B587B004AF7860F7
:100FE00007F1240080E80E007B685B69002B12D1BA
:100FF0007B681B68002B0ED07B681C686A4607F173
:10100000340393E8030082E8030007F124030FCBC5
:10101000A04703461DE07B685B69002B18D07B6806
:101020001B68002B14D07B685D697B681E687B6839
:1010300003F1040C6C4607F12C030FCB84E80F007E
:1010400007F124030CCB61463046A847034600E075
:10105000002318460C37BD46BDE8F04004B0704789
:1010600084B0F0B587B004AF786007F1240080E861
:101070000E007B685B69002B0DD17B681B68002B21
:1010800009D07B681C687B6B009307F124030FCBAE
:10109000A04703461EE07B685B69002B19D07B6884
:1010A0001B68002B15D07B685D697B681E687B68B8
:1010B00003F1040C6C4607F12C0393E8070084E865
:1010C000070007F124030CCB61463046A8470346CE
:1010D00000E0002318460C37BD46BDE8F04004B0E0
:1010E000704784B0F0B591B00EAF786007F124007E
:1010F00080E80E007B685B69002B16D17B681B685B
:10110000002B12D07B681E686D4607F134040FCCAB
:101110000FC50FCC0FC594E8070085E8070007F15D
:1011200024030FCBB047034623E07B685B69002BA9
:101130001ED07B681B68002B1AD07B685E697B68B9
:101140001B683B607B6803F1040C6D4607F12C04BF
:101150000FCC0FC50FCC0FC50FCC0FC523682B606C
:1011600007F124030CCB61463868B047034600E022
:10117000002318460C37BD46BDE8F04004B0704768
:1011800084B0F0B591B00EAF786007F1240080E82C
:101190000E007B685B69002B16D17B681B68002BF7
:1011A00012D07B681E686D4607F134040FCC0FC562
:1011B0000FCC0FC594E80F0085E80F0007F124035A
:1011C0000FCBB047034625E07B685B69002B20D03E
:1011D0007B681B68002B1CD07B685E697B681B6882
:1011E0003B607B6803F1040C6D4607F12C040FCCC7
:1011F0000FC50FCC0FC50FCC0FC594E8030085E8D1
:10120000030007F124030CCB61463868B04703465E
:1012100000E0002318460C37BD46BDE8F04004B09E
:101220007047000080B582B000AF786087ED000A9B
:101230007B685B69002B0BD17B681B68002B07D098
:101240007B681B6897ED000A9847F0EE407A16E03D
:101250007B685B69002B10D07B681B68002B0CD06F
:101260007B685B697A6810687A68043297ED000AD7
:1012700011469847F0EE407A01E0DFED037AB0EED8
:10128000670A0837BD4680BD0000000080B582B007
:1012900000AF786039603B685B69002B09D13B681F
:1012A0001B68002B05D03B681B687A68104698477E
:1012B0001BE03B685B69002B0CD03B681B68002B74
:1012C00008D03B685B693A6811683A68043278680C
:1012D00098470AE07B6818464FF4D6731A460021F7
:1012E00009F028FF7868E8F7A9FD78680837BD4657
:1012F00080BD80B584B000AFF860B0EE407AF0EE0B
:10130000607A87ED017AC7ED027AFB685B69002B92
:1013100010D1FB681B68002B0CD0FB681B6897ED95
:10132000017AD7ED027AB0EE470AF0EE670A9847E5
:1013300003461AE0FB685B69002B15D0FB681B684D
:10134000002B11D0FB685B69FA681068FA680432F8
:1013500097ED017AD7ED027AB0EE470AF0EE670A10
:1013600011469847034600E0002318461037BD4653
:1013700080BD80B584B000AFF860B0EE407AF0EE8A
:10138000607A87ED017AC7ED027AFB685B69002B12
:1013900010D1FB681B68002B0CD0FB681B6897ED15
:1013A000017AD7ED027AB0EE470AF0EE670A984765
:1013B00003461AE0FB685B69002B15D0FB681B68CD
:1013C000002B11D0FB685B69FA681068FA68043278
:1013D00097ED017AD7ED027AB0EE470AF0EE670A90
:1013E00011469847034600E0002318461037BD46D3
:1013F00080BD80B582B000AF786039607B685B6982
:10140000002B09D17B681B68002B05D07B681B680B
:1014100038689847034612E07B685B69002B0DD063
:101420007B681B68002B09D07B685B697A68106851
:101430007A68111D3A689847034600E00023184671
:101440000837BD4680BD80B582B000AF78600B46DE
:10145000FB707B685B69002B0AD17B681B68002BE3
:1014600006D07B681B68FA7810469847034612E05E
:101470007B685B69002B0DD07B681B68002B09D053
:101480007B685B697A6810687A68111DFA789847FA
:10149000034600E0002318460837BD4680BD80B5EE
:1014A00082B000AF78607B685B69002B08D17B68F5
:1014B0001B68002B04D07B681B689847034612E02A
:1014C0007B685B69002B0DD07B681B68002B09D003
:1014D0007B685B697A6810687A68043211469847BD
:1014E000034600E0002318460837BD4680BD80B59E
:1014F00082B000AF78607B685B69002B08D17B68A5
:101500001B68002B04D07B681B689847034612E0D9
:101510007B685B69002B0DD07B681B68002B09D0B2
:101520007B685B697A6810687A680432114698476C
:10153000034600E0002318460837BD4680BD80B54D
:1015400082B000AF78600B46FB707B685B69002B54
:101550000AD17B681B68002B06D07B681B68FA7871
:1015600010469847034612E07B685B69002B0DD05C
:101570007B681B68002B09D07B685B697A68106800
:101580007A68111DFA789847034600E00023184650
:101590000837BD4680BD84B0F0B58DB00AAF786025
:1015A00007F1240080E80E007B685B69002B13D1F3
:1015B0007B681B68002B0FD07B681E686D4607F1A7
:1015C00034040FCC0FC594E80F0085E80F0007F135
:1015D00024030FCBB04722E07B685B69002B1DD052
:1015E0007B681B68002B19D07B685E697B681B6871
:1015F0003B607B6803F1040C6D4607F12C040FCCB3
:101600000FC50FCC0FC594E8030085E8030007F170
:1016100024030CCB61463868B04700E000BF0C37AC
:10162000BD46BDE8F04004B0704780B582B000AF61
:10163000786039607B685B69002B08D17B681B6828
:10164000002B04D07B681B683868984711E07B68E2
:101650005B69002B0CD07B681B68002B08D07B6873
:101660005B697A6810687A68111D3A68984700E0EB
:1016700000BF0837BD4680BD90B585B000AFF860AB
:101680003B1D83E80600FB685B69002B0AD1FB6801
:101690001B68002B06D0FB681B683A1D92E803000C
:1016A000984712E0FB685B69002B0DD0FB681B6854
:1016B000002B09D0FB685C69FB681868FB68191D82
:1016C0003B1D0CCBA04700E000BF1437BD4690BDCA
:1016D00080B584B000AF78607B685B69002B10D167
:1016E0007B681B68002B0CD07B681B6898470346FF
:1016F0001A463A73C3F307227A73C3F30743BB73E3
:101700001FE07B685B69002B15D07B681B68002B92
:1017100011D07B685B697A6810687A680432114678
:10172000984703461A463A73C3F307227A73C3F302
:101730000743BB7305E000233B7300237B73002347
:10174000BB7300233A7B62F307037A7B62F30F23B8
:10175000BA7B62F3174318461037BD4680BD80B58B
:1017600084B000AF78607B685B69002B09D17B682F
:101770001B68002B05D07B681B6898470346BB811C
:1017800016E07B685B69002B0ED07B681B68002B22
:101790000AD07B685B697A6810687A6804321146FF
:1017A00098470346BB8103E000233B7300237B7310
:1017B00000233A7B62F307037A7B62F30F23184618
:1017C0001037BD4680BD80B582B000AF78607B68C1
:1017D0005B69002B08D17B681B68002B04D07B68F9
:1017E0001B689847034612E07B685B69002B0DD0AD
:1017F0007B681B68002B09D07B685B697A6810687E
:101800007A68043211469847034600E000231846E0
:101810000837BD4680BD80B582B000AF78607B6878
:101820005B69002B08D17B681B68002B04D07B68A8
:101830001B689847034612E07B685B69002B0DD05C
:101840007B681B68002B09D07B685B697A6810682D
:101850007A68043211469847034600E00023184690
:101860000837BD4680BD80B500AFF9F771FD80BD7A
:1018700080B500AF034805F0D8FA034805F0D5FA63
:1018800000BF80BD048902240C89022480B500AF0A
:1018900001220A490A4805F0B4FA02220749094818
:1018A00005F0AFFA02220849084805F085FA01223E
:1018B0000549074805F080FA00BF80BD00000258C6
:1018C000048902240C890224000802581489022485
:1018D0001C89022480B500AFFFF7D8FF80BD80B41B
:1018E00083B000AF78607B680022C3F814287B685F
:1018F00018460C37BD465DF8047B704784B0B0B421
:1019000083B000AF786007F11C0080E80E007B68B0
:1019100003F5FF6407F11C050FCD0FC495E8070020
:1019200084E807007B680022C3F8142800BF0C3746
:10193000BD46B0BC04B0704780B483B000AF7860DF
:101940007B680022C3F8142800BF0C37BD465DF841
:10195000047B7047B0B5A0B000AFF867FB6FD3F859
:101960001438684A1268F96FCC2000FB03F30B446B
:101970001A60FB6FD3F8F817FB6FD3F81438FA6FBF
:10198000CC2000FB03F313441C1D0846F2F7D8FBE0
:101990002070FB6FD3F81018FB6FD3F81438FA6F70
:1019A000CC2000FB03F3134403F1080407F16803A0
:1019B0001846F0F7A5F907F1680393E8070084E8F3
:1019C0000700FB6FD3F8FC17FB6FD3F81438FA6FDE
:1019D000CC2000FB03F3134403F110043B461846EC
:1019E000E8F776FE231D39466422184609F04AFCC2
:1019F000FB6FD3F80018FB6FD3F81438FA6FCC20C4
:101A000000FB03F3134403F178043B461846F0F758
:101A1000B5FF25463C460FCC0FC594E80F0085E87E
:101A20000F00FB6FD3F80418FB6FD3F81438FA6F6C
:101A3000CC2000FB03F3134403F198043B46184603
:101A4000F1F780FE25463C460FCC0FC50FCC0FC5E5
:101A500023682B60FB6FD3F80818FB6FD3F814389A
:101A6000FA6FCC2000FB03F3134403F1B8040846DB
:101A7000EFF78CF903461A462271C3F3072262710D
:101A8000C3F30743A371FB6FD3F80C18FB6FD3F8B4
:101A90001438FA6FCC2000FB03F3134403F1C004A5
:101AA0003B46184600F026FD22463B4693E80300DD
:101AB00082E80300FB6FD3F8F827FB6FD3F81438E4
:101AC000F96FCC2000FB03F30B44C83302F5E0426E
:101AD00092F8EC221A70FB6FD3F814385A1CFB6F83
:101AE000C3F81428FB6FD3F814380A2B05D1FB6F09
:101AF0000022C3F81428012300E000231846803791
:101B0000BD46B0BD2077022480B483B000AF7860BA
:101B10007B68074A1A607B68064A5A607B683222F3
:101B20009A607B6818460C37BD465DF8047B7047A9
:101B3000CDCCCC3DCDCC4C3D80B483B000AF7860F3
:101B40007B68064A1A607B68044A5A607B681846BC
:101B50000C37BD465DF8047B704700BFCDCC4C3ED2
:101B600080B582B000AF78607B6818331846FFF705
:101B7000CBFF7B6824331846FFF7DEFF7B681846EF
:101B80000837BD4680BD80B582B000AF78607B6805
:101B90001846FFF7E5FF7B680022DA627B6818468B
:101BA0000837BD4680BD84B0B0B483B000AF786064
:101BB00007F11C0080E80E007B681D4607F11C043D
:101BC0000FCC0FC50FCC0FC594E8070085E80700C0
:101BD00000BF0C37BD46B0BC04B0704780B582B0C2
:101BE00000AF7860044A79680448E0F72EFB00BF34
:101BF0000837BD4680BD00BF48EB0308411D030800
:101C000080B582B000AF78600848EEF78FFA786848
:101C100000F018F8786800F00BF8786800F068F8C1
:101C20003220E0F7A4FB00BFF1E700BF24890224C3
:101C300080B483B000AF786000BF0C37BD465DF85C
:101C4000047B704780B584B000AF78607B685B68C8
:101C50001B7C022B46D07B685B681846EEF74AFD7A
:101C6000B0EE407AF0EE607A87ED027AC7ED037A43
:101C7000D7ED027AB0EE670AE7F7D1FCB0EE407A12
:101C80007B68D3ED057AB4EEE77AF1EE10FA0FDC5B
:101C9000D7ED037AB0EE670AE7F7C1FCB0EE407A01
:101CA0007B68D3ED057AB4EEE77AF1EE10FA01DD48
:101CB000012300E00023002B15D00C48E4F702FFBD
:101CC0007B685B681846EEF7D5FC0220E0F74FFB17
:101CD0007B689B681846E8F752FB01210120F0F76A
:101CE00043F800E000BF1037BD4680BDB4D80308FC
:101CF00080B582B000AF78607B681B69184605F03C
:101D00006FF80346002B06D17B689B685B78002B3D
:101D100001D0012300E00023002B0BD07B689B68DF
:101D20001846E8F72CFB02210120F0F71DF80348C4
:101D3000E4F7C8FE00BF0837BD4680BDE0D8030801
:101D400080B584B000AF78607B68FB60F868FFF70F
:101D500057FF00BF1037BD4680BD000080B500AF03
:101D60000248F1F752FD00BF80BD00BF2489022464
:101D700080B500AFFFF7F2FF80BD80B582B000AF45
:101D800078607B681846E5F77BF97B682033184656
:101D9000E5F776F97B6840331846E5F771F97B681B
:101DA00018460837BD4680BD80B582B000AF786068
:101DB0007B6800221A707B6800225A607B680833B7
:101DC00000221A605A607B68103300221A605A6041
:101DD0009A609A817B680C4A1A627B680B4A5A6245
:101DE0007B68002283F828207B6800225A857B6864
:101DF0000022DA627B6830331846FFF7BEFF7B684B
:101E000018460837BD4680BD00200030A0AC003029
:101E100080B588B000AFF8603B1D83E80600FB6822
:101E200008333A1D92E8030083E80300FB680022B0
:101E30005A60FB6800221A70144AFB681360F86845
:101E400000F042FBFB68DB681846114B3B61002346
:101E50007B6107F110030CCBF96800F0F7FBFB681E
:101E60009B6803F531700B4BBB610023FB6107F1ED
:101E700018030CCBF96800F00CFC074A0021074856
:101E8000D2F7B6FE00BF2037BD4680BD28890224A8
:101E9000452503080126030825260308500B0024C6
:101EA00080B483B000AF786000BF0C37BD465DF8EA
:101EB000047B704780B582B000AF7860054A7B68CC
:101EC0001A607B681846E4F78BF97B681846083778
:101ED000BD4680BD74EB030880B582B000AF78606A
:101EE0007868FFF7E7FF1821786806F075FC7B68D3
:101EF00018460837BD4680BD80B58EB000AF78600B
:101F00007B681B78002B14D17B6893F82830002B5A
:101F10000FD03F4B19683F4BA3FB0123DA08134650
:101F20009B0013445B00CA1A002A02D1786800F0B3
:101F3000DBF87B681B78012B65D17B685B68002B25
:101F40002CD107F1200300221A605A609A60012305
:101F500087F820307B681B8A7B842D4B1B68BB6213
:101F600007F1200207F108031146184600F0B4FB00
:101F700007F108031846E4F7DDFD7B689B68002144
:101F80001846E8F78DFC7B689B6800211846E8F747
:101F900033FC07F108031846FFF78CFF7B685B688A
:101FA0007A68528A934209D3786800F08BF97B688B
:101FB0009B6801211846E8F71FFC25E07B685A68FA
:101FC000154913465B0013449B00CA1807F12C0304
:101FD00007CA83E807007B689B7E022B0DD17B68D4
:101FE0009B68386B7A6B03F5405101F532610860EC
:101FF00003F5405303F624331A607B685B685A1C70
:102000007B685A6000E000BF3837BD4680BD00BF26
:1020100020770224CDCCCCCCA0AC003080B582B0EF
:1020200000AF78600B467B807B6800225A607B683B
:102030001B78012B07D17B681B8A19462448E4F7DB
:102040005DFD002340E07B681B7F83F00103DBB272
:10205000002B06D07B8819461E48E4F74FFD00236D
:1020600032E07B681B8A7A889A4208D079887B683C
:102070001B8A1A461848E4F741FD002324E07B68D8
:102080009B685A787B689B7E9A420AD079887B68E5
:102090009B685A787B689B7E1048E4F72FFD0023ED
:1020A00012E07B68012283F828207B687A885A85B1
:1020B0000B4B1A687B68DA627B88094A12681946FA
:1020C0000848E4F7C7FC012318460837BD4680BD21
:1020D000ECD803082CD9030854D9030888D903087D
:1020E00020770224C8D9030880B582B000AF786099
:1020F0007B6893F8283083F00103DBB2002B01D01A
:10210000002371E07B681B7F83F00103DBB2002BAF
:102110000ED07B685B8D19463548E4F7EFFC7B6891
:10212000002283F82820786800F0A4F900235BE0FF
:102130007B681A8A7B685B8D9A4211D07B685B8DC5
:1021400019467B681B8A1A462A48E4F7D7FC7B6845
:10215000002283F82820786800F08CF9002343E0FF
:102160007B689B685A787B689B7E9A4213D07B6819
:102170001B8A19467B689B685A787B689B7E1E4841
:10218000E4F7BCFC7B68002283F82820786800F024
:1021900071F9002328E07B6800225A607B680122E5
:1021A0001A707B689B681846E8F7DDFA7B681B8A23
:1021B00019467B685B8A1A46104B1B681048E4F787
:1021C00065FC7B6893F83430002B08D07B6803F102
:1021D00030027B681B8A19461046E4F7E5FF7B68EE
:1021E000002283F82820012318460837BD4680BD09
:1021F0000CDA030854D9030888D90308207702248D
:1022000040DA030880B58CB000AF78607B689B68CB
:102210001846E8F797FA7B689B681846E8F7B4FA1F
:102220007B6802221A707B681B8A19462348E4F7F0
:1022300049FC07F1240300221A605A609A600323C4
:1022400087F824307B681B8AFB847B685B68BB62F1
:102250001B4B1B68FB6207F1240207F108031146C0
:10226000184600F039FA07F108031846E4F762FC53
:102270007B6893F87430002B08D07B6803F1700200
:102280007B681B8A19461046E4F78EFF7B689B68C3
:1022900001211846E8F7B0FA7B68002283F828206D
:1022A0007B6800225A85786800F00EF907F1080370
:1022B0001846FFF7FFFD3037BD4680BD80DA0308C2
:1022C0002077022480B58CB000AF78607B68002254
:1022D0001A707B681B8A19462648E4F7D7FB07F17A
:1022E000240300221A605A609A60022387F824307F
:1022F0007B681B8AFB847B685B68BB621E4B1B6828
:10230000FB6207F1240207F108031146184600F0AA
:10231000E3F907F108031846E4F70CFC7B6893F82F
:102320005430002B08D07B6803F150027B681B8A75
:1023300019461046E4F738FF7B689A687B68DB7EB5
:1023400019461046E8F78AF8786800F0BDF87B680F
:102350009B681846E8F7F6F97B689B681846E8F72B
:1023600013FA07F108031846FFF7A4FD3037BD46FE
:1023700080BD00BFA0DA03082077022484B090B5A6
:1023800083B000AF786007F11C0080E80E00BB8BC3
:102390001946FB8B1A462848E4F75CFB7B681B78E0
:1023A000012B07D17B681B8A19462448E4F7A6FB5A
:1023B000002339E0BB8B002B04D12148E4F79EFBBE
:1023C000002331E0FB8B40F6B83293420AD9BB8B35
:1023D0001946FB8B1A4640F6B8331A48E4F78EFBD1
:1023E000002321E097F82630022B07D097F82630FB
:1023F00019461548E4F782FB002315E07B6803F1DA
:10240000100407F11C030FCB07C423807B68002254
:102410001A777B6800221A707B68002283F82820D4
:102420007B6800225A85012318460C37BD46BDE85B
:10243000904004B0704700BFB8DA0308D8DA030848
:1024400010DB030834DB030860DB030890B482B0C0
:1024500000AF786039607A683B681446103307CB68
:1024600020606160A2601B88A38178680837BD4640
:1024700090BC704780B58CB000AF786007F1240342
:1024800000221A605A609A60032387F824307B6820
:102490001B8AFB840B4B1B68FB6207F1240207F1CC
:1024A00008031146184600F017F907F1080318460B
:1024B000E4F740FB07F108031846FFF7FBFC303751
:1024C000BD4680BD2077022490B482B000AF786012
:1024D0007B68074A03F1100413460FCB07C423801F
:1024E0007B6800225A6000BF0837BD4690BC704729
:1024F00094DB030880B483B000AF786039607B68F8
:102500001A460023136053603B681A787B681A7080
:102510003B681B78012B08D13B681A8A7B685A807C
:102520003B685A687B685A6005E07B6800225A80E5
:102530007B6800225A6000BF78680C37BD465DF8A2
:10254000047B704780B582B000AF78600B467B801B
:102550007B681B8A002B05D17B8819460C48E4F761
:10256000CDFA11E07B681B7F002B06D07B681B8AAD
:1025700019460848E4F7C2FA06E00749074A48F650
:10258000A0430748D0F73CFC0837BD4680BD00BFDC
:10259000A4DB0308E0DB030800200030A0AC00301F
:1025A000500B002480B58CB000AF78607B680122AE
:1025B0001A7707F1240300221A605A609A600423F4
:1025C00087F824307B681B8AFB840C4B1B68FB62FA
:1025D00007F1240207F108031146184600F07CF8C1
:1025E00007F108031846E4F7A5FA07F108031846AF
:1025F000FFF760FC3037BD4680BD00BF2077022466
:1026000080B582B000AF78600B46FB707B681B78AA
:10261000012B03D17868FFF7F5FD00E000BF083714
:10262000BD4680BD80B582B000AF7860064B1B68A8
:10263000002B04D0044B1B681846FFF7B3FF00BF04
:102640000837BD4680BD00BF2889022480B584B00C
:1026500000AFF860B960394681E80C00FB681B6880
:10266000042B11DCFB681B685B01FA681344181D1E
:102670003B460CCBB96800F047F8FB681B685A1C56
:10268000FB681A60012300E0002318461037BD469E
:1026900080BD80B584B000AFF860B960394681E88C
:1026A0000C00FB681B68032B11DCFB681B685B01DB
:1026B000FA681344181D3B460CCBB96800F045F886
:1026C000FB681B685A1CFB681A60012300E00023AA
:1026D00018461037BD4680BD80B582B000AF786027
:1026E00039607B681846E4F79BFA064A7B681A60F3
:1026F0003968786800F04AF87B6818460837BD46A4
:1027000080BD00BF74EB0308B0B58AB000AFF860BD
:10271000B960394681E80C0007F110003B460CCB4C
:10272000B96800F043F8FB6803F1080407F11005ED
:102730000FCD0FC495E8030084E80300FB68012275
:102740001A7100BF2837BD46B0BDB0B58AB000AF22
:10275000F860B960394681E80C0007F110003B468B
:102760000CCBB96800F035F8FB6803F1080407F1F9
:1027700010050FCD0FC495E8030084E80300FB6843
:1027800001221A7100BF2837BD46B0BD80B582B0A6
:1027900000AF786039607B6808330C2239681846CE
:1027A00008F070FD00BF0837BD4680BD80B584B01D
:1027B00000AFF860B960394681E80C003B460CCBAD
:1027C000B968F86800F018F8FB6818461037BD467D
:1027D00080BD80B584B000AFF860B960394681E84B
:1027E0000C003B460CCBB968F86800F023F8FB6896
:1027F00018461037BD4680BD80B485B000AFF86084
:10280000B960394681E80C00FB68BA681A60FB6859
:1028100004331A463B4693E8030082E80300FB6852
:10282000034A5A6100BF1437BD465DF8047B704708
:102830007128030880B485B000AFF860B9603946EC
:1028400081E80C00FB68BA681A60FB6804331A461A
:102850003B4693E8030082E80300FB68034A5A61A1
:1028600000BF1437BD465DF8047B7047C9280308D4
:1028700080B586B000AFF860B9601346FB80FB6896
:102880007B61BB683B613B695B6803F00103002B24
:102890000BD03B695B685B101A467B6913441B686D
:1028A0003A69126813441B6801E03B691B683A6986
:1028B0005268521011467A690A44F98810469847BE
:1028C00000BF1837BD4680BD80B586B000AFF86048
:1028D000B9601346FB71FB687B61BB683B613B6978
:1028E0005B6803F00103002B0BD03B695B685B1056
:1028F0001A467B6913441B683A69126813441B68C3
:1029000001E03B691B683A695268521011467A69C6
:102910000A44F9791046984700BF1837BD4680BD74
:1029200080B483B000AF786039607B6805221A708C
:102930007B6801221A727B6800225A727B684122EE
:102940009A727B680022DA723B6803F108027B68A6
:10295000DA607B680C221A8200BF78680C37BD46AB
:102960005DF8047B704780B483B000AF0346FB7111
:10297000FB799BB21A46520013445B009BB246336C
:102980009BB218460C37BD465DF8047B704780B497
:1029900083B000AFEFF310833B603B687B6072B69F
:1029A00000BF7B6818460C37BD465DF8047B704756
:1029B00080B483B000AF78607B6803F00103002B24
:1029C00001D162B600BF00BF0C37BD465DF8047B85
:1029D000704780B483B000AF78607B684FF000022E
:1029E0005A637B6818460C37BD465DF8047B704718
:1029F00080B483B000AF786039607B683A681A6051
:102A0000044A7B68136000BF0C37BD465DF8047B49
:102A1000704700BFB08A022480B588B004AF7860E8
:102A20000B46FB70FB78FB737B681868642302938A
:102A30000123019307F10F03009301231C220221BC
:102A4000D4F71EFA00BF1037BD4680BD80B588B0F0
:102A500004AF78600B46FB701346BB70BB78DB019C
:102A6000DBB2FB73FB78022B24D0022B31DC002B72
:102A700002D0012B0FD02CE07B6818680A23029348
:102A80000123019307F10F03009301232022022168
:102A9000D4F7F6F91EE07B6818680A230293012335
:102AA000019307F10F030093012326220221D4F79B
:102AB000E7F90FE07B6818680A230293012301936A
:102AC00007F10F03009301232C220221D4F7D8F938
:102AD00000E000BF00BF1037BD4680BD80B586B0A6
:102AE00004AF7860084611461A460346FB700B4651
:102AF000BB7013467B70FB78022B58D0022B7FDC17
:102B0000002B02D0012B29D07AE07B6818680A23B9
:102B1000029301230193BB1C009301232122022174
:102B2000D4F7AEF97B6818680A2302930123019356
:102B30007B1C0093012322220221D4F7A1F97B6898
:102B400018680A2302930123019307F110030093ED
:102B5000012323220221D4F793F952E07B681868FD
:102B60000A23029301230193BB1C00930123272214
:102B70000221D4F785F97B6818680A2302930123A0
:102B800001937B1C0093012328220221D4F778F9BA
:102B90007B6818680A2302930123019307F110034D
:102BA0000093012329220221D4F76AF929E07B68E6
:102BB00018680A23029301230193BB1C009301238D
:102BC0002D220221D4F75CF97B6818680A2302934E
:102BD000012301937B1C009301232E220221D4F7B1
:102BE0004FF97B6818680A2302930123019307F1C8
:102BF0001003009301232F220221D4F741F900E0B2
:102C000000BF00BF0837BD4680BD80B584B000AFAF
:102C1000786039600023FB730EE0FA7B7968134615
:102C20005B0013440B4404333A46118892781980B0
:102C30009A70FB7B0133FB73FB7B0F2BEDD900F00C
:102C4000FFF900BF1037BD4680BD84B0B0B582B07B
:102C500000AF786007F11C0080E80E007B681C1D47
:102C600007F11C050FCD0FC40FCD0FC495E80F0061
:102C700084E80F0000F0E4F900BF0837BD46BDE866
:102C8000B04004B07047000080B58AB004AFF8606F
:102C900087ED020A0B46FB8013467B7197ED027AA3
:102CA000F2EE046AC7EE267AFCEEE77AC7ED007A08
:102CB0003B78DBB2FB75FB88194AA2FB0323DB08D8
:102CC0009BB2DBB2BB75FB6818680A230293012331
:102CD000019307F117030093012335220221D4F752
:102CE000CFF8FB6818680A2302930123019307F1C8
:102CF00016030093012337220221D4F7C1F8FB68A1
:102D000018680A230293012301937B1D009301237A
:102D100038220221D4F7B4F800BF1837BD4680BD71
:102D2000CDCCCCCC80B588B004AF78600123FB73E8
:102D30007B6818680A2302930123019307F10F03AC
:102D40000093012334220221D4F79AF800BF1037F0
:102D5000BD4680BD90B585B000AF0023FB736B4BC3
:102D600000221A700023BB73BFE0694B1968BA7B5D
:102D700013465B001344CA1807F108030432118894
:102D8000927819809A70BA7B624913465B001344AB
:102D9000CA183B1D1188927819809A7000237B73A2
:102DA0003A7A3B799A4227D0FB7B2F2B24D8FB7BA6
:102DB0005A1CFA731C46BB7B1846FFF7D4FD03462A
:102DC00001339AB2397A544B23F83420524AE30043
:102DD00013440A469A70504AE30013440022DA7002
:102DE0004D4AE300134400221A714B4AE300134496
:102DF0000122DA8001237B737A7A7B799A4227D089
:102E0000FB7B2F2B24D8FB7B5A1CFA731C46BB7B05
:102E10001846FFF7A8FD034602339AB2797A3E4B73
:102E200023F834203C4AE30013440A469A703A4A95
:102E3000E30013440022DA70374AE300134400220F
:102E40001A71354AE30013440122DA8001237B73AF
:102E5000BA7ABB799A4227D0FB7B2F2B24D8FB7BF5
:102E60005A1CFA731C46BB7B1846FFF77CFD0346D1
:102E700003339AB2B97A284B23F83420264AE30068
:102E800013440A469A70244AE30013440022DA707D
:102E9000214AE300134400221A711F4AE30013443D
:102EA0000122DA8001237B737B7B002B1AD0174B26
:102EB0001B780F2B16D8BA7B184913465B001344B6
:102EC0000B441A4607F1080319889B781180937008
:102ED000B97B0E4B1B785A1CD0B20C4A10701A46A4
:102EE0000F4B9954BB7B0133BB73BB7B0F2B03D8B8
:102EF000FB7B2F2B7FF639AF0A4AFB7B13700A4B03
:102F000000221A7000BF1437BD4690BD248B0224E6
:102F1000B08A0224B48A02242C890224E48A02247E
:102F2000148B0224AC8A0224AD8A022480B586B0B8
:102F300002AF394B1B68002B68D0384B1B78DAB2D4
:102F4000374B1B78DBB29A422CBF01230023DBB244
:102F5000002B35D00023FB7317E0FB7B314AD35C99
:102F6000BB71BA79B97930480B465B000B44184401
:102F70002E4913465B001344CA1803461188927801
:102F800019809A70FB7B0133FB73294B1B78FA7B0A
:102F90009A42E2D3264B00221A70264B00221A7066
:102FA000254B1B78DBB2002B14BF01230023DBB2BF
:102FB000002B2DD0204B00221A7000F041F827E0A2
:102FC000164B1B78DBB2DB001C4A1344BB60124B70
:102FD0001B681868BB681988BB680233BA68D28856
:102FE0000192009301230A460221D4F75DF80346BB
:102FF000FB71FB79002B0CD0084B1B78DBB2013343
:10300000DAB2064B1A70FFF791FF02E000BF00E052
:1030100000BF1037BD4680BDB08A0224AD8A0224AD
:10302000AC8A0224148B0224B48A0224E48A022487
:10303000248B0224AE8A0224AF8A02242C89022423
:1030400080B582B000AF1A4B1B68002B2CD0FFF765
:103050009EFC7860174B1B78DBB2002B14BF01235A
:103060000023DBB2002B06D0134B01221A707868C4
:10307000FFF79EFC19E00F4B01221A707868FFF7EA
:1030800097FCFFF767FE0D4B1B78DBB2002B0CBFE4
:1030900001230023DBB2002B03D0064B00221A7061
:1030A00003E0FFF743FF00E000BF0837BD4680BDE7
:1030B000B08A0224AE8A0224AF8A0224AC8A022497
:1030C00080B582B000AF78600B4B1B68002B0FD02F
:1030D000094B1B681B687A689A420AD1074B1B7818
:1030E000DBB20133DAB2054B1A70FFF71FFF00E0C5
:1030F00000BF0837BD4680BDB08A0224AD8A0224D5
:1031000080B582B000AF7860144B1B68002B21D0D3
:10311000124B1B681B687A689A421CD1104B002224
:103120001A70104B00221A700F4B00221A700F4BAE
:1031300000221A700E4B1B78DBB2002B14BF012348
:103140000023DBB2002B06D0094B00221A70FFF7D8
:1031500077FF00E000BF0837BD4680BDB08A02247B
:10316000248B0224AC8A0224AD8A0224AE8A022473
:10317000AF8A022480B483B000AF78600B46FB7046
:103180007B68FA781A707B6818460C37BD465DF884
:10319000047B704780B584B002AF78600846114662
:1031A0001A460346FB700B46BB7013467B707B6868
:1031B0001978B878FA787B78009303460348FFF7CC
:1031C0008DFC00BF0837BD4680BD00BF3C8B02248C
:1031D00080B582B000AF78600B46FB707B681B78CF
:1031E000FA7819460348FFF731FC00BF0837BD469F
:1031F00080BD00BF3C8B022480B483B000AF7860F8
:103200007B6818460C37BD465DF8047B70470000AC
:1032100080B584B000AFF86087ED020A0B46FB80F2
:1032200013467B717A79FB88194697ED020A0348A9
:10323000FFF72AFD00BF1037BD4680BD3C8B02243E
:1032400080B582B000AF78600348FFF76BFD00BF28
:103250000837BD4680BD00BF3C8B022480B584B0DA
:1032600000AFF8603B1D83E80600D7ED017A3B898B
:10327000BA7A1946B0EE670AF868FFF7C9FF054841
:1032800003F0E3FDF868FFF7DBFF00BF1037BD4632
:1032900080BD00BF288B022480B483B000AF78606B
:1032A0007B6818460C37BD465DF8047B704700000C
:1032B00080B582B000AF78600B46FB7097F90330A1
:1032C00019460348FFF7A8FB00BF0837BD4680BD7D
:1032D0003C8B022480B582B000AF054B7B607968DF
:1032E0000448FFF785FB00BF0837BD4680BD00BF1F
:1032F000AC0200243C8B022480B582B000AF0021D8
:103300000848FFF7D5FF00233B7100237B710023A2
:10331000BB7179680448FFF778FC00BF0837BD46E9
:1033200080BD00BF388B02243C8B022480B500AFE7
:103330004FF400421149124803F063FD08220F497F
:10334000104803F05EFD1048FFF7A6FF0F48FFF797
:1033500040FB00210E48FFF70DFF01210D48FFF74C
:1033600009FF02210C48FFF705FF0C48FFF744FF57
:103370000B4803F0F9FC00BF80BD00BF00100258ED
:10338000288B0224308B0224388B02243C8B0224AD
:10339000748B0224788B02247C8B0224808B022481
:1033A000848B022480B500AFFFF7C0FF80BD80B5DD
:1033B00082B000AF78607B68184600F051FD7B68F2
:1033C00018460837BD4680BDB0B582B000AF786002
:1033D0007B6803F5C47307241D4604E02846FFF705
:1033E000E6FF013C2835002CF8DA7B6803F53273E0
:1033F00007241D4604E02846FFF7D9FF013C283585
:10340000002CF8DA0120DFF7C4FC02467B68C3F821
:103410000824002230211020DFF743FC02467B689D
:103420005A607B680022C3F80C247B681846083772
:10343000BD46B0BD80B584B000AF78607B68D3F87E
:1034400008344FF0FF311846E0F73CF80023FB60EA
:1034500019E07968FB685A1C13465B001344DB00D3
:103460000B4404331B78002B0AD07968FB685A1C84
:1034700013465B001344DB000B44043300221A7034
:10348000FB680133FB60FB680F2BE2DD7B68D3F840
:103490000804002300220021DFF702FD7B68D3F837
:1034A00008341846E0F7A0F97B685B681846E0F737
:1034B0009BF97B6818461037BD4680BDB0B582B019
:1034C00000AF786039607B683A6811461846F0F7BB
:1034D000E3FF3B681A797B681A717A683B6802F1EE
:1034E000080403F108050FCD0FC495E8030084E834
:1034F00003007B6818460837BD46B0BD80B596B05E
:1035000000AF78603960744A7B6813607B683A6802
:103510001A6000237B6521E079687A6D13465B00B1
:103520001344DB000B44083300221A6079687B6D7A
:103530005A1C13465B001344DB000B4400221A6044
:1035400079687B6D5A1C13465B001344DB000B4407
:10355000043300221A707B6D01337B657B6D0F2B6A
:10356000DADD00233B655BE079683A6D13469B002A
:103570001344DB000B4403F5D47300221A6079680E
:103580003A6D13469B001344DB000B4403F5D673DE
:1035900040F2FF721A6079683A6D13469B0013443B
:1035A000DB000B4403F5C67300221A7007F12C03ED
:1035B0000021184600F072FC3A6D13469B0013443C
:1035C000DB0003F532737A68134407F12C021146CD
:1035D0001846FFF773FF79683A6D13469B00134452
:1035E000DB000B4403F53A7300221A6079683A6DE8
:1035F00013469B001344DB000B4403F53B736FF051
:1036000060421A6079683A6D13469B001344DB00F0
:103610000B4403F5337300221A703B6D01333B6595
:103620003B6D072BA0DD0023FB6000233B610023E3
:103630007B610223BB610023FB6140F2FF733B62AD
:103640007B681B6807F10C0211461846D2F70AF98D
:10365000034687F84F3097F84F30002B02D097F889
:103660004F3035E04FF08043FB6001233B61002386
:103670007B610123BB610023FB616FF060433B6210
:103680007B681B6807F10C0211461846D2F7EAF86E
:10369000034687F84F3097F84F30002B02D097F849
:1036A0004F3015E07B681B68002201211846D2F7D5
:1036B000B9FB034687F84F307B681B680022102156
:1036C0001846D2F7AFFB034687F84F3097F84F30D4
:1036D00018465837BD4680BDAC8B022480B586B0F5
:1036E00002AF78607B681B681846D2F731F9034651
:1036F000FB737B6803F20C430193012300937B6807
:10370000802204490448E0F7A3FAFB7B18461037EF
:10371000BD4680BD04DC0308D13B030880B586B0FC
:1037200000AFF860B9607A60FB68D3F808344FF0F6
:10373000FF311846DFF7C6FE00237B613AE0F968E7
:103740007B695A1C13465B001344DB000B440433B3
:103750001B7883F00103DBB2002B28D0F9687A696B
:1037600013465B001344DB000B440833BA681A604D
:10377000F9687B695A1C13465B001344DB000B4459
:103780007A681A60F9687B695A1C13465B00134417
:10379000DB000B44043301221A70FB68D3F80804E1
:1037A000002300220021DFF77BFB01230EE07B6971
:1037B00001337B617B690F2BC1DDFB68D3F8080403
:1037C000002300220021DFF76BFB00231846183787
:1037D000BD4680BD80B584B000AF786039607B683D
:1037E000D3F808344FF0FF311846DFF76BFE0023A3
:1037F000FB6030E07968FB685A1C13465B00134499
:10380000DB000B4404331B78002B21D07968FA6865
:1038100013465B001344DB000B4408331B683A6813
:103820009A4215D17968FB685A1C13465B00134411
:10383000DB000B44043300221A707968FB685A1CC1
:1038400013465B001344DB000B4400221A6005E0C2
:10385000FB680133FB60FB680F2BCBDD7B68D3F883
:103860000804002300220021DFF71AFB00BF1037F5
:10387000BD4680BD80B586B000AFF860B9607A60A3
:10388000FB68D3F808344FF0FF311846DFF71AFE13
:1038900000237B6150E0F9687B695A1C13465B008A
:1038A0001344DB000B4404331B78002B41D0F96830
:1038B0007A6913465B001344DB000B4408331A6833
:1038C000BB681B689A4234D1BB68DB68FB747A69B9
:1038D00013465B001344DB000833FA6813440433D7
:1038E000FA7C7968184607F0CDFCF9687A691346C6
:1038F0005B001344DB000B441433FA7C1A70F96844
:103900007B695A1C13465B001344DB000B440433F1
:1039100000221A70F9687B695A1C13465B00134435
:10392000DB000B441868002302220021E1F704FAAF
:1039300005E07B6901337B617B690F2BABDDFB68A5
:10394000D3F80804002300220021DFF7A9FA00BF02
:103950001837BD4680BD80B590B000AFF860B96043
:103960007A60FB70FB78184600F0C4F9F863FB6BD3
:10397000B3F1FF3F01D1012326E007F11403242214
:103980000021184607F0D6FBBB687B6197F84830EA
:10399000002B02D04FF0804300E00023BB61FB6BA3
:1039A0003B62FB681B6807F114017A681846D2F77E
:1039B00071F8034687F83B3097F83B30002B01D075
:1039C000E4F7F7F897F83B3018464037BD4680BD1E
:1039D00080B590B000AFF860B9607A603B60E0F706
:1039E000C1FFB863BA6BB968F868FFF797FE034682
:1039F00083F00103DBB2002B01D00223A2E007F128
:103A0000140324220021184607F094FB4FF0804352
:103A1000BB614FF00053FB61BB687B6197F8483096
:103A2000184600F067F903463B62FB681B6807F124
:103A3000140100221846D2F72DF80346002B14BFBC
:103A400001230023DBB2002B05D0B968F868FFF72B
:103A5000C1FE012376E07B684FF47A7202FB03F328
:103A60003A4AA2FB03239B0919460120E1F718F902
:103A70000346002B14BF01230023DBB2002B5CD0D4
:103A8000FB68D3F808344FF0FF311846DFF71AFD12
:103A90000023FB6340E0F968FA6B13465B001344B4
:103AA000DB000B4408331B68BA689A4231D1F968CD
:103AB000FB6B5A1C13465B001344DB000B440433BE
:103AC0001B7883F00103DBB2002B22D0FA6B134684
:103AD0005B001344DB000833FA681344181DF968CF
:103AE000FA6B13465B001344DB000B4414331B7862
:103AF0001A460146386807F0C5FBF968FA6B1346A9
:103B00005B001344DB000B4414331A78FB6C1A700F
:103B100005E0FB6B0133FB63FB6B0F2BBBDDFB682D
:103B2000D3F80804002300220021DFF7B9F9B968AF
:103B3000F868FFF74FFE002304E0B968F868FFF764
:103B400049FE012318464037BD4680BDD34D621063
:103B500080B584B000AF78607B681B681846D1F7E9
:103B600022FF7B68D3F808344FF0FF311846DFF7A7
:103B7000A9FC0023FB6017E07968FB685A1C134618
:103B80005B001344DB000B44043300221A70796895
:103B9000FB685A1C13465B001344DB000B440022F5
:103BA0001A60FB680133FB60FB680F2BE4DD7B6868
:103BB000D3F80804002300220021DFF771F97B68A5
:103BC0001B681846D1F7C4FE00BF1037BD4680BD44
:103BD00080B590B000AF78607B68FB63FB6B5B687F
:103BE00007F10C014FF0FF321846DFF789FB03465F
:103BF000012B0CBF01230023DBB2002BEED007F119
:103C00000C0303F1280207F10C031946F86BFFF7C8
:103C100031FEE3E780B590B000AF7860396007F11E
:103C20001003283307F1100240217868D1F78EFF86
:103C30000346002B0CBF01230023DBB2002B18D05E
:103C40000023FB600D4B1B68586807F10C0207F15D
:103C500010010023DFF726FA0346012BFB68002B37
:103C600007D0074B4FF080521A60BFF34F8FBFF35E
:103C70006F8F00BF4037BD4680BD00BFAC8B0224B4
:103C800004ED00E080B590B000AF7860396007F1D6
:103C90001003283307F1100241217868D1F756FF4D
:103CA0000346002B0CBF01230023DBB2002B18D0EE
:103CB0000023FB600D4B1B68586807F10C0207F1ED
:103CC00010010023DFF7EEF90346012BFB68002B00
:103CD00007D0074B4FF080521A60BFF34F8FBFF3EE
:103CE0006F8F00BF4037BD4680BD00BFAC8B022444
:103CF00004ED00E080B483B000AF0346FB71FB79B4
:103D0000402B00F2A58001A252F823F0113E0308D7
:103D1000153E0308193E03081D3E0308213E030813
:103D2000253E0308293E03082D3E0308313E0308C3
:103D3000513E0308513E0308513E0308353E030837
:103D4000513E0308513E0308513E0308393E030823
:103D5000513E0308513E0308513E03083D3E03080F
:103D6000513E0308513E0308513E0308413E0308FB
:103D7000513E0308513E0308513E0308513E0308DB
:103D8000513E0308513E0308513E0308453E0308D7
:103D9000513E0308513E0308513E0308513E0308BB
:103DA000513E0308513E0308513E0308513E0308AB
:103DB000513E0308513E0308513E0308513E03089B
:103DC000513E0308513E0308513E0308493E030893
:103DD000513E0308513E0308513E0308513E03087B
:103DE000513E0308513E0308513E0308513E03086B
:103DF000513E0308513E0308513E0308513E03085B
:103E0000513E0308513E0308513E03084D3E03084E
:103E100000231FE001231DE002231BE0032319E020
:103E2000042317E0052315E0062313E0072311E020
:103E300008230FE009230DE00A230BE00B2309E020
:103E40000C2307E00D2305E00E2303E00F2301E020
:103E50004FF0FF3318460C37BD465DF8047B7047C2
:103E600080B582B000AF78607B681846E2F7D6F87C
:103E7000094A7B681A607B6800221A717B680833E4
:103E80000021184600F03AF87B6800221A717B681E
:103E900018460837BD4680BD88EB0308B0B588B02A
:103EA00000AF786039607B681846E2F7B7F8124ACD
:103EB0007B681A607B6800221A717B6808330021D6
:103EC000184600F01BF807F108033968184600F09F
:103ED00015F87B6803F1080407F108050FCD0FC43E
:103EE00095E8030084E803007B6801221A717B686F
:103EF00018462037BD46B0BD88EB030880B582B0B8
:103F000000AF786039603968786800F005F87B6840
:103F100018460837BD4680BD80B483B000AF7860D6
:103F200039607B683A681A607B6800225A6100BF7A
:103F30000C37BD465DF8047B704780B582B000AF9A
:103F400078607B68A833184600F093FD7B681846BC
:103F50000837BD4680BD000080B586B002AFF8606E
:103F6000384680E80E00FB6803F596733A4607CAA8
:103F700083E807003C4B1B78012B71D8FB68A83302
:103F8000184600F081FD394AF9683948DEF75DF9D5
:103F90000246FB68C3F89820FB681E22A3F88E2017
:103FA000FB68B3F88E301946FB68D3F8A030314A6D
:103FB000009200223048E1F71FF80246FB68C3F880
:103FC000A020FB68D3F8A030002B01D100BFFDE793
:103FD000002210212820DEF7C3FB0346274A136086
:103FE000264B1B68002B01D100BFFDE7FB68D3F80F
:103FF0009830002B01D100BFFDE7FB68D3F89C305F
:104000001F4A0092002201211E48E0F7F5FF0246F8
:10401000FB68C3F89C20FB68D3F89C30002B01D1CF
:1040200000BFFDE7184A01210120DEF779FA0246B8
:10403000FB68C3F8A420FB68D3F8A430002B01D19F
:1040400000BFFDE7084B1B781946104AFB6842F891
:104050002130054B1B780133DAB2034B1A7000E0B4
:10406000FEE71037BD4680BDB88B022490EB0308F5
:10407000914003084945030830DC0308BC8B022447
:10408000D544030840DC0308B4EB0308B08B0224DA
:1040900080B58CB002AF78607B687B62E0F762FC31
:1040A00002467B6AC3F89420674B186807F10C013D
:1040B0004FF0FF330022DEF7C7FB786ABB6900933D
:1040C00007F10C030ECB00F06DFAC8210120E0F7D8
:1040D000E7FD38627B6A00221A703B6A002B18D019
:1040E0007B6A002283F893207B6AF8221A707B6A2D
:1040F000B3F88C3001339AB27B6AA3F88C20B8698C
:104100007B6A93F90030194600230322E0F714FE7E
:1041100098E0786A00F092F97B6A93F88030052B7A
:1041200018D87B6A002283F893207B6AFA221A70DF
:104130007B6AB3F88C3001339AB27B6AA3F88C2087
:10414000B8697B6A93F90030194600230322E0F72F
:10415000F3FD77E07B6AD3F8A000002300930023EF
:1041600000220321E0F7E6FF786A00F0F3F8034647
:10417000FB7797F91F30002B10D07B6A002283F861
:1041800093207B6AFA7F1A70B8697B6A93F90030D2
:10419000194600230322E0F7CFFD53E07B6AFA7F44
:1041A0001A707B6AD3F8A4304FF0FF311846DEF75F
:1041B00041FA7B6A9B78013B0F2B2BD801A252F866
:1041C00023F000BF05420308054203080D4203081F
:1041D0000D4203081542030815420308154203085F
:1041E0001542030815420308154203081542030847
:1041F0001542030815420308154203081542030837
:1042000015420308786A00F021F804E0786A00F0AB
:1042100073F800E000BF7B6A002283F893207B6A7A
:1042200093F90030002B0CD17B6AD3F8A4301846E8
:10423000DEF752FAB869002303226FF00A01E0F7B3
:104240007BFD00BF30E700BFBC8B022490B585B07A
:1042500000AF78600323BB730023FB7342E0FB7B5A
:1042600003F00103002B1CD0FA7BBB7B13447A685C
:10427000134458787B68D3F88420FB7B5B08DBB25F
:104280005B0013441B88D9B27B68D3F88420FB7B86
:104290005B08DBB25B00D41800F092FB034623807E
:1042A0001DE07B68D3F88420FB7B5B08DBB25B00FE
:1042B00013441B881B0A9BB2D8B2FA7BBB7B134406
:1042C0007A68134459787B68D3F88420FB7B5B08B9
:1042D000DBB25B00D41800F073FB03462380FB7B4A
:1042E0000133FB737B68DB78FA7B9A42B7D300BF5C
:1042F00000BF1437BD4690BD90B585B000AF786063
:104300000323FB730023BB7318E0FB7B7A68134421
:104310005878FB7B01337A68134459787B68D3F86B
:104320008420BB7B5B00D41800F04AFB034623804B
:10433000FB7B0233FB73BB7B0133BB737B68DB7896
:104340005B08DBB2BA7B9A42DFD300BF00BF1437F1
:10435000BD4690BD80B584B000AF78607B6893F8AF
:104360008030023B7A6813445B781BB21B021AB29E
:104370007B6893F88030013B79680B445B781BB213
:1043800013431BB2BB817B685A1C7B6893F8803057
:10439000023BDBB21946104600F025FB03461A46E5
:1043A000BB89934214BF01230023DBB2002B09D049
:1043B0007B68B3F88C3001339AB27B68A3F88C2009
:1043C000FC2334E07B689B785BB2002B09DA7B68C6
:1043D000B3F88C3001339AB27B68A3F88C20FB23AE
:1043E00025E00023FB730023BB730CE0BB7B124A68
:1043F000D25C7B689B789A4202D10123FB7305E073
:10440000BB7B0133BB73BB7B072BEFD9FB7B83F0FB
:104410000103DBB2002B09D07B68B3F88C30013389
:104420009AB27B68A3F88C20012300E00023184691
:104430001037BD4680BD00BFC4EB030880B584B013
:1044400000AF78607B6893F83631012B05D17B682B
:10445000D3F82C311846DAF783FC7B6893F82B31BC
:10446000002B08D07B68A833184600F00DFB4FF6F0
:10447000FD73FB8119E07B6803F1A8027B680133BF
:104480001946104600F01AFB03461A467B6883F86B
:1044900080207B68B3F8883001339AB27B68A3F838
:1044A00088207B6893F88030FB817B6893F83631F5
:1044B000012B08D17B68D3F82C017B689233012251
:1044C0001946DAF773FAB7F90E3018461037BD46B9
:1044D00080BD000080B586B002AF78600023FB602D
:1044E00023E0174AFB6852F82330D3F89C307A68EF
:1044F0009A4217D1124AFB6852F82330D3F8A00031
:1045000000230093002300220321E0F713FE0C4A4E
:10451000FB6852F82330D3F89400002303220021D3
:10452000E0F70AFCFB680133FB60064B1B781A4678
:10453000FB689342D5DB00BF00BF1037BD4680BD8E
:10454000B08B0224B88B022480B584B000AF7860B1
:104550000023FB6017E0114AFB6852F82330D3F8C0
:10456000A0307A689A420BD10C4AFB6852F823308B
:10457000D3F89400002303226FF00701E0F7DCFB7F
:10458000FB680133FB60064B1B781A46FB689342BD
:10459000E1DB00BF00BF1037BD4680BDB08B0224F9
:1045A000B88B022484B080B584B000AF786007F186
:1045B0001C0080E80E000023BB737B68D3F8A43096
:1045C0004FF0FF311846DEF735F87B6893F99330EA
:1045D000002B01D0FE23BB733B7F002B02D03B7F1F
:1045E000F72B01D9F723BB7397F90E30002B0BD0B3
:1045F0007B68BA7B1A707B68D3F8A4301846DEF764
:104600006BF897F90E3025E17A6A7B68C3F884204D
:104610003A7F7B685A707A7F7B689A70FB8B1B0AA3
:104620009BB2DAB27B68DA70FB8BDAB27B681A7104
:104630007B7F013B0F2B00F2FC8001A252F823F09C
:104640008146030881460308814603088146030822
:104650009F460308C146030833480308334803084C
:104660003348030833480308334803083348030832
:104670003348030833480308E34603089D4703080B
:104680003B8C1B0A9BB2DAB27B685A713B8CDAB264
:104690007B689A717B68062283F88020C9E07B6A78
:1046A0001B88002B01D0FF2200E000227B685A719A
:1046B0007B6800229A717B68062283F88020B8E02C
:1046C0007B6A1B881B0A9BB2DAB27B685A717B6AD1
:1046D0001B88DAB27B689A717B68062283F8802097
:1046E000A7E03B8C1B099BB27B727B7A5B00FB7360
:1046F0003B8C03F00F03002B05D0FB7B0133FB73D6
:104700007B7A01337B723B8C1B0A9BB2DAB27B68EB
:104710005A713B8CDAB27B689A717B68FA7BDA71EA
:104720007B68072283F880200023BB8130E0BB89AF
:1047300003F00103002B0FD07A6ABB895B089BB2A0
:104740005B0013441A887B6893F880301946D2B214
:104750007B680B445A7010E07A6ABB895B089BB295
:104760005B0013441B881B0A9AB27B6893F8803065
:104770001946D2B27B680B445A707B6893F880303C
:104780000133DAB27B6883F88020BB890133BB81B7
:10479000FB7B9BB2BA899A42C9D34AE03B8C1B0A85
:1047A0009BB2DAB27B685A713B8CDAB27B689A7141
:1047B0003B8CDBB25B00DAB27B68DA717B68072284
:1047C00083F8802000237B812EE07A6A7B895B005E
:1047D00013441B881B0A9AB27B6893F880301946F1
:1047E000D2B27B680B445A707B6893F880300133F7
:1047F000DAB27B6883F880207A6A7B895B00134495
:104800001A887B6893F880301946D2B27B680B44D3
:104810005A707B6893F880300133DAB27B6883F892
:1048200080207B8901337B813B8C7A899A42CCD36F
:1048300000BF786800F016F87B68D3F8A4301846FB
:10484000DDF74AFF7B68012283F893207B68002212
:104850001A70002318461037BD46BDE8804004B0EA
:10486000704700BF90B587B002AF78607B685A1C74
:104870007B6893F880301946104600F0B4F8034680
:10488000FB81FB891B0A9AB27B6893F8803019463A
:10489000D2B27B680B445A707B6893F88030013346
:1048A000DAB27B6883F880207B6893F88030194601
:1048B000FB89DAB27B680B445A707B6893F88030CE
:1048C0000133DAB27B6883F880207B68D3F830311B
:1048D000002B0FD07B68D3F82C311846DAF756FF3F
:1048E0007B68D3F830017B68B3F834310122194674
:1048F000D2F7DCF97B6893F83631012B0BD17B685A
:10490000D3F82C017B68591C7B6893F880301A46D9
:10491000D9F7B8FF0FE07B6893F83631022B0AD144
:104920007B68D3F82C017B68591C7B6893F8803036
:104930001A46DAF787F814210120E0F7B1F900BF31
:104940007B68D3F82C311B68DB6903F04003002B34
:104950000CBF01230023DBB2002BF1D17B68D3F81D
:104960003031002B0FD07B68D3F830017B68B3F86F
:10497000343100221946D2F799F97B68D3F82C31EB
:104980001846DAF757FF7B68D3F8A040DFF790FCB2
:10499000024600230093002302212046E0F7CAFBD1
:1049A0007B68002283F880207B68B3F88A3001336B
:1049B0009AB27B68A3F88A2000BF1437BD4690BD29
:1049C00080B485B000AF03460A46FB711346BB7145
:1049D000BB793B73FB797B73BB8918461437BD46A3
:1049E0005DF8047B704780B487B000AF78600B46F9
:1049F000FB704FF6FF737B610023FB7422E0FB7CAE
:104A00007A6813441B781A467B6953407B61012303
:104A1000BB7411E07B6903F00103BB607B695B0839
:104A20007B61BB68002B04D07A694AF201035340D2
:104A30007B61BB7C0133BB74BB7C082BEAD9FB7C5C
:104A40000133FB74FA7CFB789A42D8D37B691B0A4A
:104A5000FB607B691B02FA6813437B617B699BB235
:104A60007B617B699BB218461C37BD465DF8047BB1
:104A7000704780B483B000AF78607B6818460C370D
:104A8000BD465DF8047B704780B483B000AF7860AA
:104A90007B68002283F880207B68002283F88120D5
:104AA0007B68002283F882207B68002283F88320C1
:104AB00000BF0C37BD465DF8047B704780B582B0FF
:104AC00000AF786039607B6893F882301A463968A5
:104AD000786800F005F8034618460837BD4680BDE3
:104AE00080B586B000AFF860B9601346FB71FB6813
:104AF00093F88230002B02D0FB79002B01D10023E8
:104B00003EE0FB79802B01D9002339E00023FB75BF
:104B10001BE0FB6893F880301946FB7DBA681344AC
:104B2000FA68525C1A70FB6893F8803001335A427D
:104B300003F07F0302F07F0258BF5342DAB2FB68F2
:104B400083F88020FB7D0133FB75FA7DFB799A4267
:104B500005D2FB6893F88230FA7D9A42D9D3FB687C
:104B600093F88220FB7DD31ADAB2FB6883F88220A7
:104B7000FB68002283F88320F868FFF785FFFB7D40
:104B800018461837BD4680BD80B485B000AF786048
:104B900039607B685A683B685A607B681A7A3B6860
:104BA0001A727B685A7A3B685A727B689A7A3B68B9
:104BB0009A727B681A783B681A707B681A8A3B681D
:104BC0001A820023FB600CE07B68DA68FB681A44F9
:104BD0003B68D968FB680B4412781A70FB68013394
:104BE000FB607B681B8A1A46FB689342ECDB00BFC4
:104BF00000BF1437BD465DF8047B704780B584B0B4
:104C000000AF786039603B6855221A707B685A683B
:104C10003B6801331946104603F0BAFA3B68053386
:104C20007A6812781A703B6806337A68127A1A70BA
:104C30003B6807337A68527A1A703B6808337A689F
:104C4000927A1A703B6809337A68D27A1A707B6854
:104C50001B8A1B0A9AB23B680A33D2B21A707B686D
:104C60001A8A3B680B33D2B21A700023FB730DE033
:104C70007B68DA68FB7B1A44FB7B0C3319463B6884
:104C80000B4412781A70FB7B0133FB73FB7B7A6851
:104C9000128A9342ECDB7B681B8A0C331A463B6812
:104CA000134400221A707B681B8ADBB20D33DBB21F
:104CB00018461037BD4680BD80B586B000AFF8609D
:104CC000B9601346FB80FB880C2B01D8002319E048
:104CD000BB681B78552B01D0002313E0BB680A3357
:104CE0001A78BB680B331B781946104603F0CAF9D3
:104CF0000346FB82FA88FB8AD31A0D2B01D00023CE
:104D000000E0012318461837BD4680BD80B586B047
:104D100000AFF860B9601346FB80FB881A46B9689B
:104D2000F868FFF7C9FF0346002B0CBF01230023DF
:104D3000DBB2002B01D000233FE0BB6801331846F3
:104D400003F0E6F90246FB685A60BB685A79FB68D3
:104D50001A70BB689A79FB681A72BB68DA79FB68CB
:104D60005A72BB681A7AFB689A72BB685A7AFB68F7
:104D7000DA72BB680A331A78BB680B331B781946A2
:104D8000104603F07FF903461A46FB681A82002397
:104D9000FB750CE0FB7D0C33BA681A44FB68D968DC
:104DA000FB7D0B4412781A70FB7D0133FB75FB7D94
:104DB000FA68128A9342EDDB012318461837BD4684
:104DC00080BD80B582B000AF786039603B681968FB
:104DD0003B689B881A467868FFF798FF0346184699
:104DE0000837BD4680BD000080B400AF044A054BC3
:104DF0001B68136000BFBD465DF8047B704700BFB1
:104E0000200000241C00002480B500AFFFF7ECFF59
:104E100080BD80B485B000AF87ED030AC7ED020AFC
:104E200087ED011A97ED037AD7ED027AB4EEE77AAF
:104E3000F1EE10FA01D5BB680BE097ED037AD7EDE0
:104E4000017AB4EEE77AF1EE10FA01DD7B6800E05A
:104E5000FB6807EE903AB0EE670A1437BD465DF87E
:104E6000047B704780B582B000AF78607B684FF0FC
:104E70000002DA637B684FF000021A647B684FF02F
:104E800000025A647B684FF000029A64786800F070
:104E90001FF87B6818460837BD4680BDB0B582B0A4
:104EA00000AF786039607A683B6814461D460FCDC4
:104EB0000FC40FCD0FC40FCD0FC495E8070084E8D1
:104EC0000700786800F004F800BF0837BD46B0BDA1
:104ED00080B483B000AF78607B684FF00002DA6383
:104EE0007B684FF000021A647B684FF000025A643E
:104EF0007B684FF000029A6400BF0C37BD465DF836
:104F0000047B704780B588B000AF786087ED000AF9
:104F10007B681B7C002B05D17B683A68DA637B6871
:104F2000DB6B4BE07B68DB68FB61D7ED077AF5EE66
:104F3000C07AF1EE10FA05D87B683A68DA637B68CC
:104F4000DB6B3BE07B68D3ED057AF0EEE77AC7EDEB
:104F5000067AD7ED067AF5EEC07AF1EE10FA02D8AD
:104F60007B68DB6B2AE097ED067AD7ED077A67EE70
:104F7000277AC7ED057A7B68D3ED0F7A97ED007A33
:104F800077EE677AC7ED047AD7ED057AF1EE677AA6
:104F900097ED051AF0EE670A97ED040AFFF739FF5F
:104FA00087ED030A7B6893ED0F7AD7ED037A77EEEE
:104FB000277A7B68C3ED0F7A7B68DB6B07EE903A4C
:104FC000B0EE670A2037BD4680BD80B487B000AF21
:104FD000786087ED000A7B68DB687B61D7ED057A36
:104FE000F5EEC07AF1EE10FA02D84FF0000347E078
:104FF0007B68D3ED107A97ED007A77EE676A97EDCC
:10500000057AC6EE877AC7ED047A7B681B7E002B93
:1050100005D17B683A695A647B685B6C30E07B68D9
:10502000DB69FB60D7ED037AF5EEC07AF1EE10FA9A
:1050300005D87B683A695A647B685B6C20E097ED21
:10504000037AD7ED057A37EE277AD7ED056AC6EEF3
:10505000877AC7ED027A7B6893ED117A7B68D3ED8E
:10506000117AD7ED046A76EEE76AD7ED027A66EE3A
:10507000A77A77EE277A7B68C3ED117A7B685B6C41
:1050800007EE903AB0EE670A1C37BD465DF8047B28
:105090007047000080B586B000AF786087ED000AE9
:1050A0007B6893F82030002B07D07B68D3ED027A21
:1050B000F5EE407AF1EE10FA02D1DFED2E7A54E0EF
:1050C0007B685B6AFB60D7ED037AF5EEC07AF1EEA0
:1050D00010FA17D8D7ED007AF5EEC07AF1EE10FA93
:1050E00003DD4FF07E537B6118E0D7ED007AF5EEDB
:1050F000C07AF1EE10FA02D51F4B7B610EE0DFEDB6
:105100001D7A32E097ED007AD7ED037AC7EE276A71
:10511000B0EE660A03F068FF87ED050A4FF07E5394
:105120003B617B68D3ED0A7AF5EEC07AF1EE10FAB6
:1051300010DDD7ED007AF0EEE77AB1EE677A7B68A2
:10514000D3ED0A7AC7EE276AB0EE660A03F048FB91
:1051500087ED040A7B6893ED027AD7ED057A27EE96
:10516000277AD7ED047A67EE277AB0EE670A183708
:10517000BD4680BD00000000000080BF80B584B047
:1051800000AF786087ED000A7B6893F82C30002B25
:1051900002D1D7ED007A1FE07B68D3ED0C7AF0EEF8
:1051A000E77AC7ED037AD7ED037AF5EEC07AF1EE30
:1051B00010FA02D8DFED0B7A0EE0D7ED037AF1EEAC
:1051C000677A97ED031AF0EE670A97ED000AFFF78A
:1051D00020FEF0EE407A00BFB0EE670A1037BD4601
:1051E00080BD00BF0000000080B588B000AF7860CF
:1051F00087ED000A7B6893F83430002B02D1D7ED9D
:10520000007A44E07B68DB68FB61D7ED077AF5EE56
:10521000C07AF1EE10FA02D8D7ED007A37E07B6859
:10522000D3ED0E7AF0EEE77AC7ED067AD7ED067A7F
:10523000F5EEC07AF1EE10FA03D87B68D3ED127A5E
:1052400025E097ED067AD7ED077A67EE277AC7ED66
:10525000057A7B68D3ED127A97ED007A77EE677A5C
:10526000C7ED047AD7ED057AF1EE677A97ED051A66
:10527000F0EE670A97ED040AFFF7CBFD87ED030A0E
:105280007B6893ED127AD7ED037A77EE277AB0EE4A
:10529000670A2037BD4680BD80B58AB000AF786010
:1052A00087ED000A7B68DB687B62D7ED097AF5EE53
:1052B000C07AF1EE10FA02D87B689B6C4EE097ED55
:1052C000000A7868FFF71EFE87ED080A97ED080AC6
:1052D0007868FFF77AFE87ED070A7B68D3ED007ADE
:1052E00097ED087A67EE277AC7ED067A7B68D3EDEB
:1052F000017A97ED077A67EE277AC7ED057A97ED81
:10530000080A7868FFF7C6FE87ED040A97ED067A6B
:10531000D7ED057A77EE277A97ED047A77EE277A3C
:10532000C7ED037A97ED030A7868FFF727FF87ED4B
:10533000030A97ED030A7868FFF756FF87ED030A23
:1053400097ED030A7868FFF719FF87ED030A7B687A
:105350003A6A1A647B68FA689A64FB6807EE903AC6
:10536000B0EE670A2837BD4680BD000080B582B028
:1053700000AF78607B68184640231A46002105F08C
:10538000D9FE7B68034ADA6000BF78680837BD46FB
:1053900080BD00BF0AD7233C80B485B000AF87ED45
:1053A000030AC7ED020A87ED011A97ED037AD7EDDC
:1053B000027AB4EEE77AF1EE10FA01D5BB680BE0A1
:1053C00097ED037AD7ED017AB4EEE77AF1EE10FAB1
:1053D00001DD7B6800E0FB6807EE903AB0EE670AFB
:1053E0001437BD465DF8047B7047B0B592B000AF8E
:1053F00078647B6C4FF000021A647B6C4FF0000203
:105400005A647B6C4FF000029A647B6C4FF0000290
:10541000DA647B6C4FF000021A657C6C3B461846E0
:10542000FFF7A4FF25463C460FCC0FC50FCC0FC598
:105430000FCC0FC594E80F0085E80F00786C00F0E2
:1054400005F87B6C18464837BD46B0BD80B483B0C4
:1054500000AF78607B684FF000021A647B684FF001
:1054600000025A647B684FF000029A647B684FF038
:105470000002DA647B684FF000021A6500BF0C3747
:10548000BD465DF8047B704780B584B000AF78609E
:1054900087ED000A7B6893F82030002B02D1D7ED0E
:1054A000007A1FE07B68D3ED097AF0EEE77AC7ED6A
:1054B000037AD7ED037AF5EEC07AF1EE10FA02D84E
:1054C000DFED0B7A0EE0D7ED037AF1EE677A97ED18
:1054D000031AF0EE670A97ED000AFFF75DFFF0EEA2
:1054E000407A00BFB0EE670A1037BD4680BD00BFEE
:1054F0000000000080B588B000AF786087ED000A3A
:105500007B6893F83030002B02D1D7ED007A44E06D
:105510007B68DB68FB61D7ED077AF5EEC07AF1EEC8
:1055200010FA02D8D7ED007A37E07B68D3ED0D7A18
:10553000F0EEE77AC7ED067AD7ED067AF5EEC07A97
:10554000F1EE10FA03D87B68D3ED137A25E097EDDE
:10555000067AD7ED077A67EE277AC7ED057A7B687A
:10556000D3ED137A97ED007A77EE677AC7ED047A78
:10557000D7ED057AF1EE677A97ED051AF0EE670A36
:1055800097ED040AFFF708FF87ED030A7B6893EDA8
:10559000137AD7ED037A77EE277AB0EE670A2037D1
:1055A000BD4680BD80B588B000AF786087ED000A49
:1055B0007B6893F83830002B05D17B683A681A6510
:1055C0007B681B6D4BE07B68DB68FB61D7ED077A7E
:1055D000F5EEC07AF1EE10FA05D87B683A681A65E4
:1055E0007B681B6D3BE07B68D3ED0F7AF0EEE77ACA
:1055F000C7ED067AD7ED067AF5EEC07AF1EE10FA2D
:1056000002D87B681B6D2AE097ED067AD7ED077A02
:1056100067EE277AC7ED057A7B68D3ED147A97EDAC
:10562000007A77EE677AC7ED047AD7ED057AF1EE66
:10563000677A97ED051AF0EE670A97ED040AFFF70F
:10564000ABFE87ED030A7B6893ED147AD7ED037AFE
:1056500077EE277A7B68C3ED147A7B681B6D07EEC3
:10566000903AB0EE670A2037BD4680BD80B487B05F
:1056700000AF786087ED000A7B68DB687B61D7ED5F
:10568000057AF5EEC07AF1EE10FA02D84FF0000379
:1056900040E07B68D3ED117A97ED007A77EE676A88
:1056A00097ED057AC6EE877AC7ED047A7B6893F8A2
:1056B0002830002B01D13B692CE07B68DB6AFB6062
:1056C000D7ED037AF5EEC07AF1EE10FA01D83B6916
:1056D00020E097ED037AD7ED057A37EE277AD7EDFC
:1056E000056AC6EE877AC7ED027A7B6893ED127A77
:1056F0007B68D3ED127AD7ED046A76EEE76AD7EDD0
:10570000027A66EEA77A77EE277A7B68C3ED127A83
:105710007B689B6C07EE903AB0EE670A1C37BD467B
:105720005DF8047B7047B0B582B000AF7860396037
:105730007868FFF78BFE7A683B6814461D460FCDEC
:105740000FC40FCD0FC40FCD0FC495E80F0084E830
:105750000F0000BF0837BD46B0BD80B586B000AFB2
:10576000F86087ED020AC7ED010A97ED020AF868B2
:10577000FFF718FF87ED050A97ED057AD7ED017A57
:1057800077EE677AC7ED047A97ED040AF86800F0BF
:1057900007F8F0EE407AB0EE670A1837BD4680BDD4
:1057A00080B52DED028B8AB000AF786087ED000ADE
:1057B0007B68DB68FB61D7ED077AF5EEC07AF1EE26
:1057C00010FA02D87B68DB6CC4E07B68D3ED007A0A
:1057D00097ED007A67EE277AC7ED067A7B6893ED3E
:1057E000028A97ED000A7868FFF740FFF0EE407AF2
:1057F00068EE277AC7ED057A7B6893ED107AD7EDCE
:10580000067A77EE277A97ED057A77EE277AC7ED55
:10581000097A002387F823307B6893F82030002B27
:1058200029D07B68D3ED097AF0EEE77AF5EEC07AFD
:10583000F1EE10FA1FDD7B68D3ED097AF0EEE77A1E
:10584000C7ED047A97ED097AD7ED047AB4EEE77ADA
:10585000F1EE10FA0ADCD7ED047AF1EE677A97EDF3
:10586000097AB4EEE77AF1EE10FA01D5012300E0EF
:10587000002387F8233097F8233083F00103DBB24D
:10588000002B52D07B68D3ED017AF5EE407AF1EE31
:1058900010FA4AD07B6893ED107A7B68D3ED016AE9
:1058A000D7ED007A66EEA76AD7ED077A66EEA77A9B
:1058B00077EE277A7B68C3ED107A7B681B7C002B20
:1058C00026D07B68D3ED057AF0EEE77AC7ED037A50
:1058D000D7ED037AF5EEC07AF1EE10FA14DD7B68AD
:1058E00093ED107AD7ED037AF1EE677A97ED031A0C
:1058F000F0EE670AB0EE470AFFF74EFDF0EE407A91
:105900007B68C3ED107A03E07B684FF000021A64F5
:105910007B6893ED107AD7ED067A77EE277A97EDCC
:10592000057A77EE277AC7ED097A97ED090A786844
:10593000FFF7AAFD87ED020A97ED020A7868FFF7E4
:10594000D9FD87ED020A7B683A685A647B68BA68B9
:10595000DA64BB6807EE903AB0EE670A2837BD46B6
:10596000BDEC028B80BD80B400AF00231846BD465D
:105970005DF8047B7047000080B400AF4FF0000278
:10598000044B43EC172BB0EE470BBD465DF8047B90
:10599000704700BF0000B03C80B400AF4FF0000281
:1059A000044B43EC172BB0EE470BBD465DF8047B70
:1059B000704700BF0000F87F80B483B000AF87ED70
:1059C000000B97ED006B97ED007BB4EE476BF1EEAB
:1059D00010FA6CBF01230023DBB2002B14BF01239C
:1059E0000023DBB218460C37BD465DF8047B7047D8
:1059F00080B483B000AF786079684FF00002084B44
:105A0000C1E9002379684FF00002064BC1E9022387
:105A10007B6818460C37BD465DF8047B704700BFB5
:105A2000000008400000224080B588B000AFF86157
:105A300087ED040B87ED021B87ED002BFB691846F1
:105A4000FFF7D6FFF969D7E90423C1E92A2397EDC7
:105A5000027BB5EEC07BF1EE10FA02DDD7E902233E
:105A600001E0D7E90423F969C1E92C2397ED007B14
:105A7000B5EEC07BF1EE10FA02DDD7E9002301E0BC
:105A8000D7E90423F969C1E92E23F86900F0A0FFE2
:105A9000FB6918462037BD4680BD80B592B000AF87
:105AA000786039600321386800F048FC87ED100BFE
:105AB0007B6893ED2A7B97ED106B26EE077B87EDD5
:105AC0000E7BFFF759FFB0EE406B97ED107BB4EE05
:105AD000C67BF1EE10FACCBF01230023DBB2002B12
:105AE0004FD097ED0E7BB0EE005B87EE056BB0EE0E
:105AF000460B03F025FA87ED0C0B97ED0E7BB0EE0D
:105B0000005B87EE056BB0EE460B03F0D9FAB0EE02
:105B1000405B97ED106B85EE067B87ED0A7BD7E93E
:105B20000C23C7E902233B6893ED006B97ED0A7BDA
:105B300026EE077B87ED047B3B68083393ED006B13
:105B400097ED0A7B26EE077B87ED067B3B681033DB
:105B500093ED006B97ED0A7B26EE077B87ED087BC4
:105B60007B6803F110007B6803F1100207F1080362
:105B7000194600F08FF97B6810330421184600F0B5
:105B800011FC00BF4837BD4680BD0000000000008A
:105B900090B595B002AF786039603B6893ED007BBB
:105BA000B5EE407BF1EE10FA12D13B68083393ED6D
:105BB000007BB5EE407BF1EE10FA09D13B68103363
:105BC00093ED007BB5EE407BF1EE10FA00F09A8089
:105BD0007B68103307F128023968184600F066FA2E
:105BE0007B6893ED007B7B6893ED2C6B7B6803F106
:105BF000C0017B6803F1D8047B6870337A6858323F
:105C000007F128000192009323460A46B0EE461B96
:105C1000B0EE470B032100F0FDFD7B6803F130007F
:105C20007B68583307F12802194600F03FFA07F164
:105C300028030321184600F0B5FB97ED0E7BB7EE65
:105C4000006B37EE067BB0EE005B87EE056BB0EEC7
:105C5000460B03F04DF987ED100B97ED107B9FED90
:105C60002C6BB4EEC67BF1EE10FA22DDD7E91023DF
:105C7000C7E9022397ED0C7BB6EE006B27EE065BBF
:105C800097ED106B85EE067B87ED047B97ED0A7B25
:105C9000BEEE006B27EE065B97ED106B85EE067B84
:105CA00087ED067B4FF000024FF00003C7E90823A1
:105CB00016E04FF000024FF00003C7E902234FF057
:105CC0000002154BC7E904234FF000024FF0000318
:105CD000C7E906234FF000024FF00003C7E908238D
:105CE0007B6803F130017B6803F1300207F10803A0
:105CF000184600F0CFF87B6830330421184600F0D6
:105D000051FB00E000BF4C37BD4690BDAFF30080B3
:105D10008DEDB5A0F7C6B03E0000F03F80B584B071
:105D200000AFF860B9607A60B968F868FFF7B5FE4F
:105D30007968F868FFF72CFF00BF1037BD4680BDBB
:105D400080B582B000AF786039607B6803F13000C5
:105D50007B6810333A68194600F09CF800BF08379A
:105D6000BD4680BD80B594B004AFF86087ED000BF0
:105D7000FB6893ED007B97ED006BB4EE476BF1EEA3
:105D800010FA41D0F968D7E90023C1E90023FB6884
:105D900093ED007BFB6893ED2C6B07F1100207F18C
:105DA000280311461846B0EE461BB0EE470B00F034
:105DB00093FBFB6803F15800FB6803F1C002FB682A
:105DC00003F1D801FB687033029307F110030193CC
:105DD00007F1280300930B46032100F05FFC07F155
:105DE00028031833FA68C03207F12800194600F07A
:105DF00055FE07F110031033FA68D83207F110008E
:105E0000194600F04BFE00E000BF4037BD4680BDA4
:105E1000B0B586B000AF78607B681033184600F0EC
:105E200017F97B683033184600F012F979684FF0A3
:105E300000024FF00003C1E914237B6803F158000E
:105E40007B68583318330022FA6007F10C021946B8
:105E500000F03CFE7B6803F170047B68703303F153
:105E60003005FFF799FDB0EE407B87ED047B07F12D
:105E700010031A462946204600F037FE79684FF095
:105E80000002034BC1E9282300BF1837BD46B0BD4F
:105E90000000F03F80B48DB000AFF860B9607A6068
:105EA000FB6893ED006BBB6893ED007B26EE076B00
:105EB000FB68083393ED005BBB68083393ED007B10
:105EC00025EE077B36EE476BFB68103393ED005BE6
:105ED000BB68103393ED007B25EE077B36EE476BF6
:105EE000FB68183393ED005BBB68183393ED007BC0
:105EF00025EE077B36EE477B87ED0A7BFB6893ED4B
:105F0000006BBB68083393ED007B26EE076BFB68E4
:105F1000083393ED005BBB6893ED007B25EE077BB8
:105F200036EE076BFB68103393ED005BBB681833EC
:105F300093ED007B25EE077B36EE076BFB6818338D
:105F400093ED005BBB68103393ED007B25EE077B80
:105F500036EE477B87ED087BFB6893ED006BBB68F3
:105F6000103393ED007B26EE076BFB68083393ED4F
:105F7000005BBB68183393ED007B25EE077B36EEA4
:105F8000476BFB68103393ED005BBB6893ED007BC0
:105F900025EE077B36EE076BFB68183393ED005B4D
:105FA000BB68083393ED007B25EE077B36EE077B5D
:105FB00087ED067BFB6893ED006BBB68183393EDB0
:105FC000007B26EE076BFB68083393ED005BBB6834
:105FD000103393ED007B25EE077B36EE076BFB68F5
:105FE000103393ED005BBB68083393ED007B25EE27
:105FF000077B36EE476BFB68183393ED005BBB689D
:1060000093ED007B25EE077B36EE077B87ED047B67
:106010007968D7E90A23C1E900237B6803F1080105
:10602000D7E90823C1E900237B6803F11001D7E910
:106030000623C1E900237B6803F11801D7E9042393
:10604000C1E9002300BF3437BD465DF8047B7047CB
:1060500080B483B000AF786079684FF00002124BD3
:10606000C1E900237B6803F108014FF000024FF003
:106070000003C1E900237B6803F110014FF0000227
:106080004FF00003C1E900237B6803F118014FF0D2
:1060900000024FF00003C1E9002300BF0C37BD46EA
:1060A0005DF8047B704700BF0000F03F80B48BB008
:1060B00000AFF860B9607A60FB68103393ED007B45
:1060C00037EE076BFB68103393ED007B26EE077B02
:1060D000B7EE006B36EE476BFB68183393ED007B31
:1060E00037EE075BFB68183393ED007B25EE077BEB
:1060F00036EE476BBB6893ED007B26EE076BBB6803
:10610000083393ED007B37EE075BFB68103393EDAC
:10611000004BFB68083393ED007B24EE074BFB68D4
:1061200093ED003BFB68183393ED007B23EE077B78
:1061300034EE477B25EE077B36EE076BBB681033EA
:1061400093ED007B37EE075BFB6893ED004BFB683C
:10615000103393ED007B24EE074BFB68183393ED6F
:10616000003BFB68083393ED007B23EE077B34EEA6
:10617000077B25EE077B36EE077B87ED087BBB6848
:1061800093ED007B37EE076BFB6893ED005BFB68DC
:10619000183393ED007B25EE075BFB68103393ED1E
:1061A000004BFB68083393ED007B24EE077B35EE54
:1061B000077B26EE076BBB68083393ED005BFB683B
:1061C000083393ED007B37EE074BFB68083393ED04
:1061D000007B24EE077BB7EE004B34EE474BFB68A9
:1061E000183393ED007B37EE073BFB68183393EDD4
:1061F000007B23EE077B34EE477B25EE077B36EEF4
:10620000076BBB68103393ED007B37EE075BFB68D1
:10621000103393ED004BFB68183393ED007B24EEB5
:10622000074BFB68083393ED003BFB6893ED007B65
:1062300023EE077B34EE477B25EE077B36EE077BAC
:1062400087ED067BBB6893ED007B37EE076BFB6841
:10625000183393ED005BFB68083393ED007B25EE6C
:10626000075BFB6893ED004BFB68103393ED007BFD
:1062700024EE077B35EE477B26EE076BBB680833C1
:1062800093ED007B37EE075BFB6893ED004BFB68FB
:10629000083393ED007B24EE074BFB68183393ED36
:1062A000003BFB68103393ED007B23EE077B34EE5D
:1062B000077B25EE077B36EE076BBB68103393ED4B
:1062C000005BFB68083393ED007B37EE074BFB6800
:1062D000083393ED007B24EE077BB7EE004B34EEE2
:1062E000474BFB68103393ED007B37EE073BFB68B1
:1062F000103393ED007B23EE077B34EE477B25EED6
:10630000077B36EE077B87ED047B7968D7E90823A6
:10631000C1E900237B6803F10801D7E90623C1E93D
:1063200000237B6803F11001D7E90423C1E90023AE
:1063300000BF2C37BD465DF8047B704780B586B042
:1063400000AF786039604FF000024FF00003C7E9FA
:1063500004230023FB6016E0FB68DB007A6813442B
:1063600093ED006BFB68DB007A68134493ED007BD0
:1063700026EE077B97ED046B36EE077B87ED047BFB
:10638000FB680133FB60FA683B689A42E4D397EDFF
:10639000040B02F0ADFDB0EE407BB0EE470B1837BA
:1063A000BD4680BD80B586B000AF78603960396881
:1063B0007868FFF7C3FF87ED020BFFF7DDFAB0EE59
:1063C000406B97ED027BB4EEC67BF1EE10FA4CBF4A
:1063D00001230023DBB2002B1AD100237B6112E0E2
:1063E0007B69DB007A68134493ED005B7B69DB001B
:1063F0007A68134497ED026B85EE067B83ED007B94
:106400007B6901337B617A693B689A42E8D300E09B
:1064100000BF1837BD4680BD80B584B000AF87EDA2
:10642000020B87ED001B97ED007BB5EEC07BF1EE14
:1064300010FA06DC1A4B1B4A40F251111A4804F0BC
:106440003FF897ED027BB5EEC07BF1EE10FA02D576
:106450009FED117B1BE097ED027BB5EE407BF1EEEB
:1064600010FA02D1B7EE007B11E097ED007BB1EEA0
:10647000476B97ED027B86EE075BB0EE450B02F0B3
:1064800027FAB0EE407BB7EE006B36EE477BB0EEFE
:10649000470B1037BD4680BD000000000000000023
:1064A0004CDC030854DC030894DC030880B582B09C
:1064B00000AF78607B6807EE903AB8EEE77BB0EE0D
:1064C000470B02F015FDB0EE407BB0EE470B0837EE
:1064D000BD4680BD0000000080B52DED028B8EB062
:1064E00000AF87ED040B87ED021B7860396097EDF4
:1064F000047BB5EEC07BF1EE10FA06DC4C4B4D4A46
:1065000040F25D114C4803F0DBFF97ED027BB5EEE6
:10651000C07BF1EE10FA06DC484B464A4FF4AF71EF
:10652000454803F0CDFF9FED3E5B97ED046B85EE94
:10653000067B87ED0C7B97ED0C7B9FED3B6B27EE8D
:10654000066B97ED027B26EE077BB0EE470B02F061
:1065500003FE87ED0A0B97ED0A7B27EE078B0220DF
:10656000FFF7A4FFB0EE406B97ED0A7B26EE077BAA
:1065700038EE077BB7EE006B37EE067B87ED087BC6
:1065800097ED0A7B27EE075B97ED086B85EE067BA0
:1065900087ED067B7968D7E90623C1E900237B688C
:1065A000083397ED067B37EE077B83ED007B7B6836
:1065B00003F11001D7E90623C1E9002397ED0A7B17
:1065C00027EE077BB7EE006B37EE467B37EE075BB7
:1065D00097ED086B85EE067B3B6883ED007B022020
:1065E000FFF764FFB0EE406B97ED0A7B26EE077B6A
:1065F000B7EE006B36EE476B97ED0A7B27EE077B15
:1066000036EE075B3B68083397ED086B85EE067B3B
:1066100083ED007B00BF3837BD46BDEC028B80BDEB
:106620002266BE2964CFCC3F182D4454FB2109407B
:106630000CDD030814DD030894DC03084CDC0308BC
:1066400080B487B000AF87ED040BF860B9607A6062
:10665000FB6893ED007BB7EE006B36EE476B97ED72
:10666000047B26EE077B7B6883ED007BFB681033A1
:1066700093ED006BBB68083393ED007B36EE476B00
:106680007B68083397ED047B26EE077B83ED007B68
:1066900000BF1C37BD465DF8047B704780B586B0EF
:1066A00000AFF860B9607A603B60BB6A93ED007B35
:1066B000B0EE470BFFF780F90346002B54D10023BF
:1066C0007B614CE07B691B01BA6A134493ED006B5C
:1066D0007B6893ED005B3B6A93ED007B35EE475B97
:1066E0007B69DB00FA68134493ED007B25EE077BA2
:1066F0007B691B01BA6A134436EE077B83ED007B8E
:106700007B691B010833BA6A134493ED006B7B6805
:10671000083393ED005B3B6A083393ED007B35EE65
:10672000475B3B6893ED007B35EE475B7B6A93EDFF
:10673000007B35EE075B7B69DB00FA68134493ED61
:10674000007B25EE077B7B691B010833BA6A134483
:1067500036EE077B83ED007B7B6901337B617A69D1
:10676000BB689A42AED300E000BF1837BD4680BD7B
:1067700080B489B000AF87ED040BF860B9607A602F
:10678000FB6893ED006B97ED047B26EE076B7B684F
:1067900093ED007B36EE077B87ED067BFB680833C5
:1067A00093ED006B97ED047B26EE076BBB6893EDD2
:1067B000005B97ED067B25EE077B36EE476B7B682B
:1067C000083393ED007B36EE077B7B6883ED007B1F
:1067D000FB68103393ED006B97ED047B26EE076B9F
:1067E000BB68083393ED005B97ED067B25EE077BD6
:1067F0007B68083336EE477B83ED007BD7E90623C1
:1068000043EC172BB0EE470B2437BD465DF8047BF5
:106810007047000090B58DB000AFF861B96187EDA9
:10682000040B87ED021B7A603B60BB69012B06D825
:10683000644B654A4FF4C771644803F041FE3B6CFA
:1068400093ED007BB0EE470BFFF7B6F80346002B45
:1068500000F092803B6C083393ED007BB0EE470B69
:10686000FFF7AAF80346002B1DD03B6C03F108018B
:106870004FF000024FF00003C1E900230023FB6248
:106880000DE0FB6A0233DB003A6CD1184FF00002D6
:106890004FF00003C1E90023FB6A0133FB62FA6A8F
:1068A000BB699A42EDD33B6C083393ED007BB7EEA6
:1068B000006B37EE067B83ED007B0023BB622BE091
:1068C000BB6A0233DB003A6C134493ED006BBB6A86
:1068D000DB00FA69134493ED007BBB6A0233DB00F3
:1068E0003A6C134436EE077B83ED007BBB6A0233C0
:1068F000DB003A6C134493ED005B3B6C083393ED83
:10690000006BBB6ADB007A6C134485EE067B83ED7B
:10691000007BBB6A0133BB62BA6ABB699A42CFD3C0
:106920003B6C083393ED006B97ED027B26EE077B03
:1069300097ED046BB4EEC76BF1EE10FA00D93EE0B0
:1069400000237B6213E07B6ADB007A6C134493EDD7
:10695000007B7B6A1B013A6C13441A4639687868DD
:10696000B0EE470BFFF76CFE7B6A01337B627A6AFD
:10697000BB699A42E7D322E000233B621BE03B6AFB
:10698000DB00FA69134493ED007B3B6A1B013A6C10
:10699000D1183B6ADB007A6CD4180A4639687868EB
:1069A000B0EE470BFFF7E4FEB0EE407B84ED007BDA
:1069B0003B6A01333B623A6ABB699A42DFD33437A0
:1069C000BD4690BD64DD03086CDD030894DC03085C
:1069D00080B582B000AF78607B6893ED2A7BB5EE1E
:1069E000C07BF1EE10FA06DC274B284A40F2AD11CD
:1069F000274803F065FD7B6893ED2C7BB5EEC07BEB
:106A0000F1EE10FA06DC234B204A4FF4D7712048F0
:106A100003F056FD7B6893ED2E7BB5EEC07BF1EE67
:106A200010FA06DC1C4B194A40F2AF11184803F06B
:106A300047FD7B6893ED007B7B6893ED2C6B7B6857
:106A400003F1C0027B68D83319461046B0EE461BEE
:106A5000B0EE470BFFF740FD7B6893ED027B7B6850
:106A600093ED2E6BB0EE461BB0EE470BFFF7D4FC58
:106A7000B0EE407B7B6883ED3A7B7868FFF7C8F91E
:106A800000BF0837BD4680BDF4DD030808DE0308FB
:106A900094DC030820DE030834DE030890B585B0DB
:106AA00000AFF860B9607A60F86800F02DF804462D
:106AB000B86800F029F803467A681946204600F0C5
:106AC0002EF8034618461437BD4690BD80B584B0F5
:106AD00000AFF860B9607A607A68B968F86800F069
:106AE00041F800BF1037BD4680BD80B584B000AF0F
:106AF000F860B9607A607A68B968F86800F041F8BF
:106B000000BF1037BD4680BD80B483B000AF786051
:106B10007B6818460C37BD465DF8047B7047B0B5FE
:106B200084B000AFF860B9607A60F86800F038F8B7
:106B30000446B86800F034F805467B68184600F053
:106B40002FF803461A462946204600F040F8024630
:106B50003B1D1146184600F02EF803461846103724
:106B6000BD46B0BD80B584B000AFF860B9607A6052
:106B70007A68B968F86800F03AF800BF1037BD4687
:106B800080BD80B584B000AFF860B9607A607A6883
:106B9000B968F86800F04BF800BF1037BD4680BDFB
:106BA00080B483B000AF78607B6818460C37BD4670
:106BB0005DF8047B704780B483B000AF78603960C3
:106BC0003B6818460C37BD465DF8047B704780B5BE
:106BD00084B000AFF860B9607A607A68B968F86824
:106BE00000F044F8034618461037BD4680BD80B417
:106BF00087B000AFF860B9607A607B681B687B6122
:106C00000AE07B6907EE903AB8EEE77BFB6883ED1C
:106C1000007BFB680833FB60FA68BB689A42F0D1DE
:106C200000BF00BF1C37BD465DF8047B704780B4D1
:106C300087B000AFF860B9607A607B68D3E9002361
:106C4000C7E9042307E0F968D7E90423C1E9002371
:106C5000FB680833FB60FA68BB689A42F3D100BF57
:106C600000BF1C37BD465DF8047B704780B584B01B
:106C700000AFF860B9607A60FEF775FE0346002B3E
:106C800006D07A68B968F86800F00DF8034606E0A7
:106C90007A68B968F86800F02BF8034600BF184618
:106CA0001037BD4680BD80B487B000AFF860B960D2
:106CB0007A60BA68FB68D31ADB107B610EE0FB6870
:106CC000D3E900237968C1E90023FB680833FB603E
:106CD0007B6808337B607B69013B7B617B69002BB0
:106CE000EDDC7B6818461C37BD465DF8047B7047B9
:106CF00080B586B000AFF860B9607A60BA68FB68AA
:106D0000D31ADB107B617B69012BCCBF01230023ED
:106D1000DBB2002B07D07B69DB001A46F968786884
:106D200004F0EEF906E07B69012B03D1F96878687D
:106D300000F008F87B69DB007A68134418461837BE
:106D4000BD4680BD80B483B000AF786039603B68D9
:106D5000D3E900237968C1E9002300BF0C37BD46A1
:106D60005DF8047B7047000080B483B000AF7860AA
:106D70007B684FF07C521A607B684FF07E529A61BC
:106D80007B684FF00002DA617B684FF000021A6204
:106D90007B684FF000025A627B68064A1A617B6882
:106DA00000221A757B6818460C37BD465DF8047BD7
:106DB000704700BF0AD7233C80B485B000AFF860AD
:106DC000B9601346FB80FB68BA681A60FB68FA88F2
:106DD0009A80FB6818461437BD465DF8047B7047FF
:106DE00080B582B000AF78607B681A687B689B884A
:106DF00019461046CFF742FF034618460837BD46EE
:106E000080BD80B485B000AFF860B9601346FB80E8
:106E1000FB68BA681A60FB68FA889A80FB681846B3
:106E20001437BD465DF8047B704780B582B000AF73
:106E300078607B6818687B689B8801221946CFF7C9
:106E400035FF00BF0837BD4680BD80B582B000AFBA
:106E500078607B681A687B689B8819461046CFF774
:106E60003EFF00BF0837BD4680BD000080B582B040
:106E700000AF7860064B1B68002B04D0044B1B68E6
:106E8000184600F035F900BF0837BD4680BD00BF89
:106E9000C08B022480B582B000AF7860064B1B68BF
:106EA000002B04D0044B1B68184600F032F900BFD9
:106EB0000837BD4680BD00BFC08B022480B582B0BC
:106EC00000AF7860084B1B68002B09D0064B1B688D
:106ED000184600F030F9044B1B68184600F019F909
:106EE00000BF0837BD4680BDC08B022480B582B08C
:106EF00000AF7860064B1B68002B04D0044B1B6866
:106F0000184600F02AF900BF0837BD4680BD00BF13
:106F1000C08B022480B582B000AF78607B681846D1
:106F2000E0F70CFB7B6820331846E0F707FB7B6833
:106F300040331846E0F702FB7B6860331846E0F701
:106F4000FDFA7B6818460837BD4680BD80B582B023
:106F500000AF78607B680C331846FFF7DBFF7B6877
:106F600018460837BD4680BD90B585B000AFF860C3
:106F7000384680E80E00FB681C463B4693E8070055
:106F800084E80700184AFB681360FB6800221A7443
:106F9000FB68002283F83020FB68002283F8502031
:106FA000FB68002283F87020FB681B680F4A0121F0
:106FB0001846D5F7BBF9FB681B680D4A0021184637
:106FC000D5F7B4F9FB681B680A4A02211846D5F7C1
:106FD000ADF9FB681B68084A06211846D5F7A6F9E3
:106FE00000BF1437BD4690BDC08B02246D6E0308F0
:106FF000956E0308BD6E0308ED6E030880B483B080
:1070000000AF786000BF0C37BD465DF8047B704769
:1070100080B582B000AF78607B681B681846D6F7F1
:1070200091F97B681B681846D6F77AFA00BF0837D3
:10703000BD4680BD80B584B000AFF860B96013462E
:10704000FB80FB681B68FA88B9681846D5F77AFE9A
:1070500000BF1037BD4680BD80B584B000AFF8607A
:10706000B9603B601346FB80FB681868FB883A6890
:10707000B968D5F7AFFF00BF1037BD4680BD00002F
:1070800080B584B000AFF8600B467A60FB72FB7A83
:10709000032B27D801A252F823F000BFAD700308DC
:1070A000BB700308C9700308D7700308FB680C3372
:1070B00079681846E1F7D2F815E0FB682C33796857
:1070C0001846E1F7CBF80EE0FB684C3379681846B8
:1070D000E1F7C4F807E0FB686C3379681846E1F71C
:1070E000BDF800E000BF00BF1037BD4680BD00BF47
:1070F00080B582B000AF78607B681B7C002B04D029
:107100007B680C331846DEF7AEFF00BF0837BD467C
:1071100080BD80B582B000AF78607B6893F8303076
:10712000002B04D07B682C331846DEF79CFF00BF91
:107130000837BD4680BD80B582B000AF78607B68FF
:1071400093F85030002B04D07B684C331846DEF7A0
:107150008AFF00BF0837BD4680BD80B582B000AF52
:1071600078607B681B681B681A687B681B681B68F3
:1071700022F001021A60786800F027F87B681B682B
:107180001B689A697B681B681B6842F040029A6121
:107190007B681B681B681A687B681B681B6842F069
:1071A00001021A607B681B681846D6F7CBF87B682B
:1071B00093F87030002B04D07B686C331846DEF7F0
:1071C00052FF00BF0837BD4680BD80B483B000AF1A
:1071D000786003E07B681B681B681B6B7B681B681F
:1071E0001B685B6903F00103012B0CBF0123002323
:1071F000DBB2002BEED100BF00BF0C37BD465DF8FF
:10720000047B704780B584B000AF78600B467B800C
:107210000023FB602BE01B4AFB6852F82330002B55
:1072200012D0184AFB6852F823301B6804331B68DD
:107230001449FA6851F822201046984702467B68A4
:10724000934201D1012300E00023002B0CD00D4A12
:10725000FB6852F823301B681B680A49FA6851F82A
:107260002220798810469847FB680133FB60064B63
:107270001B781A46FB689342CDDB00BF00BF103776
:10728000BD4680BDC48B0224D88B022480B483B059
:1072900000AF87ED010AD7ED017A9FED087A67EE1E
:1072A000877A9FED077AC7EE876AF0EE667AB0EECE
:1072B000670A0C37BD465DF8047B7047DB0F494019
:1072C0000000344380B584B000AF7860DAF760FF27
:1072D000F860FB68022B03D17868DBF748F802E01E
:1072E0007868CBF70BF900BF1037BD4680BD80B47E
:1072F00083B000AF78607B684FF000021A607B6853
:107300004FF000025A607B684FF000029A607B6881
:1073100018460C37BD465DF8047B704780B483B0D7
:1073200000AF78607B680B221A707B6820225A704D
:107330007B6800229A707B680122DA707B681846AD
:107340000C37BD465DF8047B704780B483B000AF56
:1073500078607B680A221A707B6820225A707B68EA
:1073600008229A707B680022DA707B6818460C3716
:10737000BD465DF8047B704780B582B000AF786091
:107380007B680A331846FFF7C9FF7B680E3318463F
:10739000FFF7DBFF7B6818460837BD4680BD80B528
:1073A00082B000AF78607B682C331846FFF79FFFF0
:1073B0007B6838331846FFF7DFFF7B6818460837CD
:1073C000BD4680BD80B582B000AF78600B46FB70D3
:1073D0001346BB707B68D86B7B68B3F840300022E3
:1073E0001946CFF763FC7B68986BF91C01230122D7
:1073F000D5F748F87B68986BB91C01230122D5F7B3
:1074000041F87B68D86B7B68B3F84030012219469D
:10741000CFF74CFC012318460837BD4680BD84B029
:10742000B0B584B000AF786007F1240080E80E00AA
:107430007B6803F1380507F124040FCC28606960EC
:10744000AA60EB6023882B827B68D86B7B68B3F8DB
:10745000403001221946CFF729FCFA20FFF732FF0E
:10746000786800F0E9F80346002B0CBF01230023E5
:10747000DBB2002B01D000236EE0786800F033FD12
:10748000FA20FFF71FFF7F21786800F06CF80021D9
:10749000786800F0F3FC7B6893F846207B6893F8EB
:1074A00047301343D9B27B6893F848301A4678685E
:1074B00000F0CBFC7B6893F842207B6893F8433064
:1074C0001343D9B27B6893F844301A46786800F0C9
:1074D000A3FC4021786800F046F80346FB73412185
:1074E000786800F040F80346BB734221786800F0EA
:1074F0003AF803467B734321786800F034F803467A
:107500003B737B6893F846207B6893F847301343BE
:10751000DBB2FA7B9A4201D000231DE07B6893F82E
:107520004830BA7B9A4201D0002315E07B6893F87B
:1075300042207B6893F843301343DBB27A7B9A4254
:1075400001D0002308E07B6893F844303A7B9A42EC
:1075500001D0002300E0012318461037BD46BDE8E6
:10756000B04004B0704780B584B000AF78600B467F
:10757000FB700023FB73FB7863F07F03DBB2FB70CF
:107580007B68D86B7B68B3F8403000221946CFF790
:107590008DFB7B68986BF91C0A230122D4F772FFDC
:1075A0007B68986B07F10F010A230122D5F758F980
:1075B0007B68D86B7B68B3F8403001221946CFF75F
:1075C00075FBFB7B18461037BD4680BD80B584B087
:1075D00000AFF8607A601A460B46FB721346BB7226
:1075E000FB7A63F07F03DBB2FB72FB68D86BFB684E
:1075F000B3F8403000221946CFF758FBFB68986B70
:1076000007F10B010A230122D4F73CFFFB68986BBA
:10761000BB7A9AB20A237968D5F722F9FB68D86B4E
:10762000FB68B3F8403001221946CFF73FFB012336
:1076300018461037BD4680BD80B584B000AF786075
:10764000786800F00CF80346FB73FB7BD12B01D06C
:10765000002300E0012318461037BD4680BD80B5E9
:1076600082B000AF786000217868FFF77CFF0346A6
:1076700018460837BD4680BD80B582B000AF78603F
:10768000786800F007F8786800F016F800BF08374F
:10769000BD4680BD80B582B000AF7860786800F0EC
:1076A00057FB786800F086FB012318460837BD4673
:1076B00080BD00000000000080B582B000AF78609F
:1076C0007B6893F84430042B00F2008201A252F848
:1076D00023F000BF117A03081D79030861780308BD
:1076E000A5770308E97603087B68B3F9003007EE55
:1076F000903AB8EEE76B9FEDC25B86EE057B9FED9F
:10770000B66B27EE067BF7EEC77BB0EE670AFFF796
:10771000BDFDB0EE407A7B68D3ED0B7A77EE677AE9
:107720007B68C3ED027A7B68B3F9023007EE903ACA
:10773000B8EEE76B9FEDB25B86EE057B9FEDA66B27
:1077400027EE067BF7EEC77BB0EE670AFFF79EFDDC
:10775000B0EE407A7B68D3ED0C7A77EE677A7B687F
:10776000C3ED037A7B68B3F9043007EE903AB8EEC4
:10777000E76B9FEDA35B86EE057B9FED976B27EE96
:10778000067BF7EEC77BB0EE670AFFF77FFDB0EE32
:10779000407A7B68D3ED0D7A77EE677A7B68C3ED2C
:1077A000047A93E17B68B3F9003007EE903AB8EEC3
:1077B000E76B9FED935B86EE057B9FED896B27EE74
:1077C000067BF7EEC77BB0EE670AFFF75FFDB0EE12
:1077D000407A7B68D3ED0B7A77EE677A7B68C3EDEE
:1077E000027A7B68B3F9023007EE903AB8EEE76BA5
:1077F0009FED835B86EE057B9FED796B27EE067B25
:10780000F7EEC77BB0EE670AFFF740FDB0EE407AB7
:107810007B68D3ED0C7A77EE677A7B68C3ED037AE9
:107820007B68B3F9043007EE903AB8EEE76B9FED52
:10783000745B86EE057B9FED6A6B27EE067BF7EEA9
:10784000C77BB0EE670AFFF721FDB0EE407A7B6898
:10785000D3ED0D7A77EE677A7B68C3ED047A35E174
:107860007B68B3F9003007EE903AB8EEE76B9FED16
:10787000645B86EE057B9FED5C6B27EE067BF7EE87
:10788000C77BB0EE670AFFF701FDB0EE407A7B6878
:10789000D3ED0B7A77EE677A7B68C3ED027A7B686B
:1078A000B3F9023007EE903AB8EEE76B9FED545B08
:1078B00086EE057B9FED4C6B27EE067BF7EEC77BD4
:1078C000B0EE670AFFF7E2FCB0EE407A7B68D3EDDA
:1078D0000C7A77EE677A7B68C3ED037A7B68B3F93D
:1078E000043007EE903AB8EEE76B9FED455B86EE0D
:1078F000057B9FED3D6B27EE067BF7EEC77BB0EE79
:10790000670AFFF7C3FCB0EE407A7B68D3ED0D7ACF
:1079100077EE677A7B68C3ED047AD7E07B68B3F9CA
:10792000003007EE903AB8EEE76B9FED355B86EEE0
:10793000057B9FED2F6B27EE067BF7EEC77BB0EE46
:10794000670AFFF7A3FCB0EE407A7B68D3ED0B7AB1
:1079500077EE677A7B68C3ED027A7B68B3F9023011
:1079600007EE903AB8EEE76B9FED255B86EE057B60
:107970009FED1F6B27EE067BF7EEC77BB0EE670A25
:10798000FFF784FCB0EE407A7B68D3ED0C7A77EE9B
:10799000677A7B68C3ED037A7B68B3F9043007EE3E
:1079A000903AB8EEE76B9FED165B86EE057B9FED98
:1079B000106B27EE067BF7EEC77BB0EE670AFFF78A
:1079C00065FCB0EE407A7B68D3ED0D7A77EE677A8E
:1079D0007B68C3ED047A79E00000000000405F405E
:1079E0000000000000406F400000000000407F40A9
:1079F0000000000000408F400000000000409F4059
:107A0000000000000000E0401F85EB51B89E2340BD
:107A10007B68B3F9003007EE903AB8EEE76B1FEDE4
:107A2000085B86EE057B1FED0C6B27EE067BF7EE01
:107A3000C77BB0EE670AFFF729FCB0EE407A7B689F
:107A4000D3ED0B7A77EE677A7B68C3ED027A7B68B9
:107A5000B3F9023007EE903AB8EEE76B1FED185B12
:107A600086EE057B1FED1C6B27EE067BF7EEC77BD2
:107A7000B0EE670AFFF70AFCB0EE407A7B68D3ED00
:107A80000C7A77EE677A7B68C3ED037A7B68B3F98B
:107A9000043007EE903AB8EEE76B1FED275B86EEF9
:107AA000057B1FED2B6B27EE067BF7EEC77BB0EE59
:107AB000670AFFF7EBFBB0EE407A7B68D3ED0D7AF7
:107AC00077EE677A7B68C3ED047A00BF7B6893F832
:107AD0004830033B092B00F2358101A252F823F014
:107AE000097B0308457D03088F7B0308457D030858
:107AF000457D0308217C0308457D0308457D030877
:107B0000457D0308B37C03087B68B3F9143007EEA6
:107B1000903AB8EEE76B1FED465B86EE057B37EEDD
:107B2000077B1FED476B27EE067BF7EEC77B7B6875
:107B3000C3ED077A7B68B3F9163007EE903AB8EEDA
:107B4000E76B1FED515B86EE057B37EE077B1FED84
:107B5000526B27EE067BF7EEC77B7B68C3ED087A96
:107B60007B68B3F9183007EE903AB8EEE76B1FED7B
:107B70005C5B86EE057B37EE077B1FED5D6B27EECA
:107B8000067BF7EEC77B7B68C3ED097ADAE07B689A
:107B9000B3F9143007EE903AB8EEE76B1FED685B6F
:107BA00086EE057BB1EE006B27EE067B1FED6A6B60
:107BB00027EE067BF7EEC77B7B68C3ED077A7B6811
:107BC000B3F9163007EE903AB8EEE76B1FED745B31
:107BD00086EE057BB1EE006B27EE067B1FED766B24
:107BE00027EE067BF7EEC77B7B68C3ED087A7B68E0
:107BF000B3F9183007EE903AB8EEE76B1FED805BF3
:107C000086EE057BB1EE006B27EE067B1FED826BE7
:107C100027EE067BF7EEC77B7B68C3ED097A91E020
:107C20007B68B3F9143007EE903AB8EEE76B1FEDBE
:107C30008C5B86EE057BB2EE006B27EE067B1FEDBC
:107C40008E6B27EE067BF7EEC77B7B68C3ED077A6A
:107C50007B68B3F9163007EE903AB8EEE76B1FED8C
:107C6000985B86EE057BB2EE006B27EE067B1FED80
:107C70009A6B27EE067BF7EEC77B7B68C3ED087A2D
:107C80007B68B3F9183007EE903AB8EEE76B1FED5A
:107C9000A45B86EE057BB2EE006B27EE067B1FED44
:107CA000A66B27EE067BF7EEC77B7B68C3ED097AF0
:107CB00048E07B68B3F9143007EE903AB8EEE76B12
:107CC0001FEDB15B86EE057BB3EE006B27EE067B06
:107CD0001FEDB36B27EE067BF7EEC77B7B68C3ED2A
:107CE000077A7B68B3F9163007EE903AB8EEE76B87
:107CF0001FEDBD5B86EE057BB3EE006B27EE067BCA
:107D00001FEDBF6B27EE067BF7EEC77B7B68C3EDED
:107D1000087A7B68B3F9183007EE903AB8EEE76B53
:107D20001FEDC95B86EE057BB3EE006B27EE067B8D
:107D30001FEDCB6B27EE067BF7EEC77B7B68C3EDB1
:107D4000097A00BF012318460837BD4680BD00BF31
:107D500080B584B000AF786007F1080300221A6094
:107D60009A8007F1080206230C217868FFF72EFCA1
:107D700007F10803184600F0B4F903461A467B6879
:107D80001A8007F108030233184600F0AAF90346E7
:107D90001A467B685A8007F108030433184600F03E
:107DA000A0F903461A467B689A80012318461037CB
:107DB000BD4680BD80B584B000AF786007F1080390
:107DC00000221A609A8007F10802062312217868BF
:107DD000FFF7FCFB07F10803184600F082F90346A1
:107DE0001A467B689A8207F108030233184600F0AE
:107DF00078F903461A467B68DA8207F108030433F0
:107E0000184600F06EF903461A467B681A83012370
:107E100018461037BD4680BD80B582B000AF78608F
:107E20000B46FB701346BB70BB781A46432178683B
:107E3000FFF7C8FAFB781A4642217868FFF7C2FAC2
:107E4000012318460837BD4680BD80B582B000AF1B
:107E500078600B46FB701346BB70FB781A464021D6
:107E60007868FFF7AFFABB781A4641217868FFF7C8
:107E7000A9FA012318460837BD4680BD80B582B0F7
:107E800000AF78600B46FB70FB78002B13D16420A9
:107E9000FFF718FA15227E217868FFF793FAFA2087
:107EA000FFF710FA11227E217868FFF78BFAFA208B
:107EB000FFF708FA12E0FB78012B0FD110227E2188
:107EC0007868FFF77FFA6420FFF7FCF914227E211F
:107ED0007868FFF777FA6420FFF7F4F90123184672
:107EE0000837BD4680BD80B582B000AF7860B6224D
:107EF0007E217868FFF766FA0A20FFF7E3F900BFF2
:107F00000837BD4680BD80B489B000AFF8600B462D
:107F10007A60FB727B68FB61FB695A1CFA61BB618A
:107F20000123FB75FB683B6128E03B691B78002B54
:107F300009D03B691978FB695A1CFA610A461A7024
:107F4000FB7D0133FB753B691B78002B02D0FB7D69
:107F5000FF2B10D1BB69FA7D1A700123FB75FB69F9
:107F6000BB613B691B78002B02D0FB7A002B02D04F
:107F7000FB690133FB613B6901333B61FB7A5A1EAC
:107F8000FA72002B14BF01230023DBB2002BCCD1EB
:107F9000BB69FA7D1A70FA697B68D31ADBB218469E
:107FA0002437BD465DF8047B704780B489B000AFCC
:107FB000F8600B467A60FB72FB68FB617B68BB6113
:107FC000FF23FB750023BB7521E0BB7D002B09D08F
:107FD000FB695A1CFA611978BB695A1CBA610A46D6
:107FE0001A7011E0FB7DFF2B04D0BB695A1CBA61EB
:107FF00000221A70FB695A1CFA611B78FB75FB7D25
:10800000BB75FB7D002B09D0BB7D013BBB75FB7AAB
:10801000FA681344FA699A42D7D300E000BFBA69FC
:108020007B68D31ADBB218462437BD465DF8047B63
:108030007047000080B584B000AF78600B46FB70DD
:10804000FB780F4A19467868FFF7AFFF0346FB72CB
:108050000023FB600AE0FB687A6813440849FA6869
:108060000A4412781A70FB680133FB60FB7AFA68E5
:108070009A42F0DBFB7A18461037BD4680BD00BF40
:10808000DC8B022480B485B000AF03460A46FB7146
:108090001346BB71FB791BB21B021AB2BB791BB230
:1080A00013431BB2FB81FB8918461437BD465DF8AC
:1080B000047B704780B485B000AF78607B68013383
:1080C0001B781BB21B021AB27B681B781BB21343CE
:1080D0001BB2FB81FB8918461437BD465DF8047B53
:1080E000704780B485B000AF78607B6801331B783F
:1080F0001BB21B021AB27B681B781BB21343FB81B5
:10810000B7F90E3018461437BD465DF8047B70474A
:1081100080B485B000AF78600023FB607B680333D8
:108120001B781A067B6802331B781B041A437B6892
:1081300001331B781B0213437A6812781343FB60E8
:10814000FB6818461437BD465DF8047B704780B461
:1081500083B000AF786039607B68DAB23B681A7030
:108160007B681A123B680133D2B21A707B681A140A
:108170003B680233D2B21A707B681A0E3B68033335
:10818000D2B21A7000BF0C37BD465DF8047B704751
:1081900080B483B000AF786039607B68DAB23B6846
:1081A0001A707B681A0A3B680133D2B21A707B6876
:1081B0001A0C3B680233D2B21A707B681A0E3B6805
:1081C0000333D2B21A7000BF0C37BD465DF8047B92
:1081D000704780B483B000AF03463960FB80FB88F2
:1081E000DAB23B681A70FB881B0A9AB23B6801330B
:1081F000D2B21A7000BF0C37BD465DF8047B7047E1
:1082000080B483B000AF03463960FB80FB88DAB2EC
:108210003B681A70FB881B0A9AB23B680133D2B2E2
:108220001A7000BF0C37BD465DF8047B704780B400
:1082300083B000AF786000BFFDE780B485B000AFC9
:1082400087ED030AC7ED020A87ED011A97ED037A5D
:10825000D7ED017AB4EEE77AF1EE10FA01DD7B6832
:10826000FB6097ED037AD7ED027AB4EEE77AF1EE90
:1082700010FA01D5BB68FB60FB6807EE903AB0EEE0
:10828000670A1437BD465DF8047B704780B582B03D
:1082900000AF87ED010AC7ED000AD7ED007AF1EED5
:1082A000677A97ED001AF0EE670A97ED010AFFF77B
:1082B000C4FFF0EE407AB0EE670A0837BD4680BDD5
:1082C00080B485B000AFF860B9601346FB80FB68EE
:1082D000BA681A60FB68FA889A80FB6818461437F7
:1082E000BD465DF8047B704780B582B000AF786012
:1082F0007B681A687B689B8819461046CEF7EFFCAE
:1083000000BF0837BD4680BD80B582B000AF0346D0
:108310003960FB80FB88B3F5004F00F0DB80B3F5DC
:10832000004F00F3DC80B3F5804F00F0CE80B3F552
:10833000804F00F3D480B3F5005F00F0C180B3F547
:10834000005F00F3CC80B3F5805F00F0B480B3F53C
:10835000805F00F3C480B3F5006F00F0A780B3F531
:10836000006F00F3BC80B3F5806F00F09A80B3F526
:10837000806F00F3B480B3F5007F00F08D80B3F51B
:10838000007F00F3AC80B3F5807F00F08080B3F510
:10839000807F00F3A480802B74D0802B00F39F801B
:1083A000202B49DC002B40F39A80013B1F2B00F26D
:1083B000968001A252F823F03F8403084984030801
:1083C000DF84030853840308DF840308DF84030881
:1083D000DF8403085D840308DF840308DF84030867
:1083E000DF840308DF840308DF840308DF840308D5
:1083F000DF84030867840308DF840308DF8403083D
:10840000DF840308DF840308DF840308DF840308B4
:10841000DF840308DF840308DF840308DF840308A4
:10842000DF840308DF840308DF840308DF84030894
:10843000DF84030871840308402B1ED04FE03968A5
:108440002948DFF70BFF4AE039682848DFF706FFC5
:1084500045E039682648DFF701FF40E039682548E4
:10846000DFF7FCFE3BE039682348DFF7F7FE36E034
:1084700039682248DFF7F2FE31E039682048DFF73B
:10848000EDFE2CE039681F48DFF7E8FE27E0396889
:108490001D48DFF7E3FE22E039681C48DFF7DEFE07
:1084A0001DE039681A48DFF7D9FE18E03968194825
:1084B000DFF7D4FE13E039681748DFF7CFFE0EE090
:1084C00039681648DFF7CAFE09E039681448DFF753
:1084D000C5FE04E039681348DFF7C0FE00BF00BFE7
:1084E0000837BD4680BD00BFDC8C0224FC8C022412
:1084F0001C8D02243C8D02245C8D02247C8D022480
:108500009C8D0224BC8D0224DC8D0224FC8D02246F
:108510001C8E02243C8E02245C8E02247C8E02245B
:108520009C8E0224BC8E022480B582B000AF03462C
:10853000FB80FB88184600F005F800BF0837BD46F1
:1085400080BD000080B582B000AF0346FB80FB8891
:10855000B3F5004F00F0F680B3F5004F00F3F9805B
:10856000B3F5804F00F0E780B3F5804F00F3F18062
:10857000B3F5005F00F0D880B3F5005F00F3E98049
:10858000B3F5805F00F0C980B3F5805F00F3E18050
:10859000B3F5006F00F0BA80B3F5006F00F3D98037
:1085A000B3F5806F00F0AB80B3F5806F00F3D1803E
:1085B000B3F5007F00F09C80B3F5007F00F3C98025
:1085C000B3F5807F00F08D80B3F5807F00F3C1802C
:1085D000802B7FD0802B00F3BC80202B4ADC002B2B
:1085E00040F3B780013B1F2B00F2B38001A252F889
:1085F00023F000BF7B8603088786030853870308A0
:108600009386030853870308538703085387030897
:108610009F8603085387030853870308538703087B
:1086200053870308538703085387030853870308B6
:10863000AB8603085387030853870308538703084F
:108640005387030853870308538703085387030896
:108650005387030853870308538703085387030886
:108660005387030853870308538703085387030876
:10867000B9860308402B26D06BE0384B1B681B687B
:108680003648984765E0354B1B6A1B683448984765
:108690005FE0324B1B6C1B683248984759E02F4B08
:1086A0001B6E1B683048984753E02C4BD3F8803042
:1086B0001B682E4898474CE0284BD3F8A0301B6825
:1086C0002B48984745E0254BD3F8C0301B68294814
:1086D00098473EE0214BD3F8E0301B682648984786
:1086E00037E01E4BD3F800311B682448984730E030
:1086F0001A4BD3F820311B682148984729E0174BC3
:10870000D3F840311B681F48984722E0134BD3F839
:1087100060311B681C4898471BE0104BD3F8803130
:108720001B681A48984714E00C4BD3F8A0311B681B
:10873000174898470DE0094BD3F8C0311B6815481E
:10874000984706E0054BD3F8E0311B68124898477C
:1087500000BF00BF0837BD4680BD00BFDC8C0224CF
:10876000FC8C02241C8D02243C8D02245C8D02248E
:108770007C8D02249C8D0224BC8D0224DC8D02247D
:10878000FC8D02241C8E02243C8E02245C8E02246A
:108790007C8E02249C8E0224BC8E0224B0B500AFD5
:1087A000064B0F241D4604E02846DEF7C7FE013CB9
:1087B0002035002CF8DA00BF00BFB0BDDC8C0224ED
:1087C00080B500AFFFF7EAFF80BD80B500AFD9F7F5
:1087D00027FD0346184680BD00F000B802F03EB900
:1087E00010EE102A40F22A41C2F30A538B4230B4F1
:1087F000B7EEC06A2AD912F5000F58D0B3F5FF6F53
:1088000003D330EE000A30BC7047DFED2A7AB4EEB5
:10881000E70AF1EE10FA03DD30BC002000F032BBB5
:10882000DFED257AB4EEE70AF1EE10FA03D530BC9D
:10883000002000F01BBBDFED217AB4EEE70AF1EE79
:1088400010FA03D530BC002000F016BB1C4BB7EE6D
:10885000000B93ED4A5B93ED484BB0EE447BA5EEE5
:10886000067B17EE100A37EE447B00F01F0295EEF0
:10887000067B93ED4C5B27EE074B93ED4E6B03EBC2
:10888000C201A5EE076B53F832404D6893ED505B83
:1088900000210A1905EBC033A5EE070B43EC172B9B
:1088A000A6EE040B20EE070BB7EEC00BABE79FED77
:1088B000050AA8E71772B142B4F1CFC2CF8ECEC27B
:1088C000D0EB03080000000000F07ABC00000000BC
:1088D000FFB410EE903A6FF47272C3F30A54A21808
:1088E0003E2A10EE101A22D9002A06DAB7EE007BD3
:1088F00030EE070B04B0F0BC7047B4F5816F4FF059
:10890000000013D913F5801F08BF814200F0A0803A
:1089100040F2FF729442E9D0834203DA04B0F0BC23
:1089200000F0CAB804B0F0BC00F0CEB8044650491C
:1089300091ED026B91ED005BB0EE467BA5EE007B06
:1089400017EE105A37EE467B91ED046B05F07F036E
:10895000A6EE070B91ED066BD81800F10F0301EBA3
:10896000C000A6EE070B91ED0A3B20EE007B90EDD8
:108970001C6B91ED084B30EE066B01EBC302A3EECE
:10898000004B91ED0E3BA4EE076B27EE077B91EDBC
:108990000C4B51F83370D2F804C0A3EE004B002604
:1089A000F2190CEB4533A7EE046B002C4BD1B5420A
:1089B00010DB03F140419FED287B01F5700110466B
:1089C00041EC100BA6EE000B20EE070B04B0F0BC40
:1089D00000F08EB803F17F5101F50011104641EC13
:1089E000170BB7EE004B26EE076B37EE065BB4EEC7
:1089F000C45BF1EE10FA9FED1A0B1ED535EE043B69
:108A000037EE457B37EE067B34EE436B36EE056B77
:108A100036EE076B36EE036B36EE445BB5EE405B2D
:108A2000F1EE10FA01D19FED105B8DED000B9DED85
:108A3000007B27EE007B8DED027B25EE000B04B062
:108A4000F0BC00F049B843EC102BA6EE000B51E748
:108A50009FED050B4EE700BF000000000000007F07
:108A600000000000000010000000000000000000F6
:108A700018ED030810B52DED028BB0EE408B0446C7
:108A800002F070FBB0EE480BBDEC028B046010BD31
:108A900082B058B1B1EE407B8DED007B9DED007B47
:108AA000222020EE070B02B0FFF7E4BFB0EE407BC0
:108AB000F2E70000000000009FED010BFFF7E8BFA8
:108AC00000000000000000109FED010BFFF7E0BF69
:108AD0000000000000000070B5EE400BF1EE10FA4F
:108AE00002D12220FFF7C6BF70470000000000003F
:108AF0009FED076BB0EEC07BB4EE467BF1EE10FA53
:108B000002DD2220FFF7B6BF704700BFAFF3008041
:108B1000FFFFFFFFFFFFEF7FCB0712D421EE005BCB
:108B200090ED1A6B90ED187BA6EE017B90ED166B25
:108B300021EE051BA6EE050BA7EE010BB7EEC00B51
:108B4000704790ED146B21EE015B90ED127B90ED80
:108B50000C0BA1EE067B90ED0E6BA1EE060B90EDDB
:108B6000106B21EE051BA5EE060BE5E700000000EB
:108B700037B510EE104AC4F30A53B3F57D7FB7EE54
:108B8000C06AF0EE407A18D226EE061BB3F5667F77
:108B90000AD214F0FF4F03D1B7EEC11B8DED011ABD
:108BA000B0EE670A03B030BD3B48B0EE460B002183
:108BB00003B0BDE83040FFF7AFBF40F22E42934212
:108BC00024D8354B93ED087B26EE077BFDEEC77B63
:108BD00003F1700017EE901A01F50001091607EE77
:108BE000901A01F0030203EBC202B8EEE75B92EDCC
:108BF000000B93ED0A7B11F0020FA5EE476B08BF47
:108C0000184626EE061B20EE060BD1E7B3F5FF6FE4
:108C100037D22249C4F3836001EB8002C4F3160308
:108C2000C4F3C25551F82010106A126943F40003CE
:108C3000AB40A0FB03505943E3FB020101F1005399
:108C40009D0F03F04043C91AC7F730FD05EBD474FC
:108C5000114B04F0030203EBC2029FED0D6B92ED8A
:108C6000000B41EC170B14F0020F27EE067B03F10B
:108C70007000294608BF184627EE071B20EE070B99
:108C800096E703B0BDE8304000F002B9AFF30080D2
:108C9000182D4454FB21193CE8F5030888F5030816
:108CA000CB0712D421EE005B90ED1A6B90ED187B90
:108CB000A6EE017B90ED166B21EE051BA6EE050BD3
:108CC000A7EE010BB7EEC00B704790ED146B21EED1
:108CD000015B90ED127B90ED0C0BA1EE067B90ED0D
:108CE0000E6BA1EE060B90ED106B21EE051BA5EEB1
:108CF000060BE5E70000000038B510EE104AC4F39B
:108D00000A53B3F57D7FB7EEC07A1FD227EE077BFB
:108D1000B3F5667FC0F0828027EE074B444B93ED9E
:108D2000145B93ED126B93ED0C0BA7EE056B93EDBB
:108D30000E5BA7EE050B93ED105B27EE047BA4EE14
:108D4000050BA6EE070BB7EEC00B38BD40F22E4266
:108D5000934229D8364B93ED086B27EE066BFDEE58
:108D6000C66B03F1700016EE901A01F500010916AA
:108D700006EE901A01F0030203EBC202B8EEE65BC6
:108D800092ED000B93ED0A6B11F0020F81F00101DF
:108D9000A5EE467B08BF184627EE071BBDE8384006
:108DA00020EE070BFFF77CBFB3F5FF6F32D22149EE
:108DB000C4F3836001EB8002C4F31603C4F3C2550D
:108DC00051F82010106A126943F40003AB40A0FB75
:108DD00003505943E3FB020101F100539D0F03F0DF
:108DE0004043C91AC7F762FC05EBD474104B9FEDE2
:108DF0000E6B41EC170B04F0030203EBC20292ED81
:108E0000000B27EE067B03F1700014F0020F85F0D3
:108E10000101BFE7BDE8384000F03AB8B7EE000AFC
:108E200093E700BFAFF30080182D4454FB21193C99
:108E3000E8F5030888F5030810B52DED028BB0EEB8
:108E4000408A044602F08EF9B0EE480ABDEC028B6F
:108E5000046010BD30B1F1EE407A27EE800A222086
:108E6000FFF7EABFF0EE407AF7E700009FED010A56
:108E7000FFF7F0BF000000109FED010AFFF7EABF07
:108E80000000201A9FED010AFFF7E4BF0000007008
:108E9000F0EE407A30EE407AF4EE677AF1EE10FAB6
:108EA00087EE070A02D62120FFF7C6BF70470000F1
:108EB00008B52DED028BB0EE408A00F022FAB4EE38
:108EC000488AF1EE10FA0CD6DFED078AB4EEE88A94
:108ED000F1EE10FA05D502F045F988EEA80A212333
:108EE0000360BDEC028B08BD000000000000000024
:108EF00008B52DED048BB0EE408B00F0FFF9B4EE19
:108F0000488BF1EE10FA0CD69FED079BB4EEC98B9F
:108F1000F1EE10FA05D502F025F989EE090B2123AF
:108F20000360BDEC048B08BD0000000000000000E1
:108F300010EE103A23F0004300EE103A70470000A4
:108F40001FB5B0EE407B17EE903A214A23F0004364
:108F5000934206D89FED1C1B05B05DF804EB00F0B2
:108F6000E3BD1C4A934204D930EE400B05B05DF8D6
:108F700004FB684600F020FA00F00300012809D045
:108F8000022810D0B0B99DED021B9DED000B00F042
:108F9000CBFDEBE79DED021B9DED000B00F02CFEE1
:108FA000B1EE400BE2E79DED021B9DED000B00F0E2
:108FB000BBFDF5E79DED021B9DED000B012000F0D0
:108FC0001BFED3E7AFF300800000000000000000AC
:108FD000FB21E93FFFFFEF7F51EC100B024621F030
:108FE000004343EC102B704738B510EE105A25F0B3
:108FF0000043B3F1FF4F2DED028BF0EE407A0FD31B
:109000002A4BD3ED006A93ED007A86EEA70A002D75
:10901000ACBF30EE070A30EE470ABDEC028B38BD1C
:10902000234A934239D8B3F1105F07D21F4B93ED17
:10903000000A30EE270A20EE270AEEE7B3F17E5F42
:109040001C4C19D3FFF774FFD4ED007A20EE270AE9
:1090500000F046FF154BD3ED007A94ED006A94EDD5
:10906000007A37EE007AC6EE076A37EEE60A002D80
:10907000B8BFB1EE400AD0E794ED008AFFF758FF81
:1090800028EE400A00F02CFFD4ED007A77EE807ACB
:10909000B1EE407A87EE270AE9E7044B93ED000A28
:1090A000054BD3ED007A30EE670AE0E7D0F603080F
:1090B000FFFFAF41CCF60308C8F60308000000002C
:1090C0001FB5B0EE407B17EE903A214A23F00043E3
:1090D000934207D89FED1C1B002005B05DF804EB00
:1090E00000F08ABD1B4A934204D930EE400B05B014
:1090F0005DF804FB684600F05FF900F0030001280A
:109100000AD002280FD0C0B99DED021B9DED000BC7
:10911000012000F071FDEAE79DED021B9DED000BC3
:1091200000F002FDE3E79DED021B9DED000B012029
:1091300000F062FDB1EE400BD9E79DED021B9DED05
:10914000000B00F0F1FCF5E700000000000000005B
:10915000FB21E93FFFFFEF7F1FB5B0EE407B17EE2D
:10916000903A154A23F00043934207D89FED101B15
:10917000012005B05DF804EB00F096BD0F4A934264
:1091800004D930EE400B05B05DF804FB684600F0F2
:1091900013F9400000F002009DED021B9DED000B55
:1091A000C0F1010000F080FDEDE700BFAFF30080EB
:1091B0000000000000000000FB21E93FFFFFEF7FFF
:1091C00010EE902A22F00041B1F1FF4F10B5F0EE01
:1091D000407A06D810EE100A20F00043B3F1FF4F9A
:1091E00004D977EEA07AB0EE670A10BDB2F17E5FC7
:1091F00003D1BDE8104000F09BBF941704F00204B7
:1092000044EAD0743BB9022C5CD09FED337A032C36
:1092100047FE007AE7E739B9DFED307A9FED307A23
:10922000002867FE277ADEE7B1F1FF4F10D1B3F1D6
:10923000FF4F04F1FF3407D1022C46D8294B03EB32
:109240008403D3ED007ACEE7022C41D8264BF6E713
:10925000B3F1FF4FE0D05B1AB3F1F45F4FEAE35193
:109260001ADA002A01DA3C3119DB87EEA00AFFF78F
:109270005FFE00F05DFFF0EE407A012C12D0022C70
:1092800017D0002CAFD09FED197A77EE877A9FED3B
:10929000187A77EEC77AA6E7DFED117AEDE7DFED12
:1092A000157AEAE717EE903A03F1004307EE903A99
:1092B00099E79FED0E7A77EE877A9FED0D7A77EE3C
:1092C000677A90E7DFED0A7A8DE7DFED0B7A8AE7C0
:1092D000DFED087A87E700BFDB0F49C0DB0FC9BFAE
:1092E000DB0FC93FE0F60308D4F603082EBDBB33FD
:1092F000DB0F494000000000DB0F493FB1EEC00B1F
:109300007047B1EEC00A704708B52DED028BB0EE84
:10931000408AF0EE608A00F031F830B9B0EE688A29
:10932000B0EE480ABDEC028B08BDB0EE680A00F052
:1093300025F80028F4D0B4EEE88AF1EE10FAEDDD5D
:10934000EEE708B52DED028BB0EE408AF0EE608AB4
:1093500000F014F830B9B0EE688AB0EE480ABDECFF
:10936000028B08BDB0EE680A00F008F80028F4D0BF
:10937000B4EEE88AF1EE10FAEDD5EEE710EE103A11
:1093800033F000400DD0A0F50003B3F1FE4F0AD337
:10939000074B421E9A4208D9A0F1FF435842584158
:1093A000704702207047042070470320704700BFB9
:1093B000FEFF7F000000000070B5B0EE407B17EEAE
:1093C000905A994B25F000469E4288B0044607D833
:1093D0000022002384ED000BC0E9022300201BE0E3
:1093E000924B9E423BD8A3F51B23002D9FED7E6B35
:1093F000A3F5F06319DD30EE467B9E420ED09FED63
:109400007C5B37EE456B37EE467B84ED006B37EEC9
:10941000457B84ED027B012008B070BD9FED766B2B
:109420009FED775B37EE467BEBE79E4230EE067BA7
:109430000ED09FED6F5B37EE056B37EE467B84ED0C
:10944000006B37EE057B4FF0FF3084ED027BE3E7E6
:109450009FED696B9FED6A5B37EE067BEBE7744B24
:109460009E4270D8FFF7B8FDB6EE007B9FED666BAD
:10947000A0EE067BFDEEC77BB8EEE75B17EE900A29
:10948000B1EE454B9FED587BA5EE470B9FED587B0A
:109490001F2825EE077B30EE476B05DC654B421E2F
:1094A00053F82230B34209D116EE903AC3F30A536F
:1094B000C3EB1653102B4FEA265202DC84ED006BEF
:1094C0001AE09FED4D3BB0EE406BA4EE036B30EE27
:1094D000467BA4EE037B9FED4A3B95EE037B36EE85
:1094E000473B13EE903AC3F30A53D31A312B17DCE0
:1094F000B0EE460B84ED003B94ED006B002D30EE9A
:10950000460B30EE470B84ED020B85DAB1EE466B6D
:10951000B1EE400B84ED006B84ED020B40427BE723
:109520009FED3B7BB0EE460BA4EE070B36EE406B97
:10953000A4EE076B9FED384BB0EE467B95EE047BB7
:1095400030EE476BBAE73C4B9E4206D930EE407B8B
:1095500080ED027B80ED007B40E710EE103A321583
:10956000A2F216421846A6EB025141EC170BBDEED3
:10957000C76B9FED2B5BB8EEC66B37EE467B8DED70
:10958000026B27EE057BBDEEC76B08A8B8EEC66B75
:1095900037EE467B8DED046B27EE057B8DED067B6C
:1095A000032130ED027BB5EE407BF1EE10FA0B4665
:1095B00001F1FF31F5D0214901910221009102A86A
:1095C000214600F03DF8002DBFF626AF94ED007B5C
:1095D000B1EE477B84ED007B94ED027BB1EE477BDF
:1095E00084ED027B9AE700BF00004054FB21F93F65
:1095F0003163621A61B4D03D0000601A61B4D03D9D
:109600007370032E8A19A33B83C8C96D305FE43F92
:109610000000002E8A19A33BC14920259A837B397B
:109620000000000000007041FB21E93F7BD90240AF
:10963000FB213941ECF60308FFFFEF7F6CF70308CD
:109640002DE9F04F2DED068BADF5137D9B460F46B2
:10965000B94BA299A39E53F82190019012F1140FD7
:10966000A8BFD31E0BF1FF3AB8BF00236FF0170558
:109670009FEDAB6BA4BF182093FBF0F303FB0555E4
:10968000A3EB0A04154409EB0A0C1AA806EB840E96
:10969000002262450EDD1AAA02EBCB020DF5D4784A
:1096A00000244C4523DC9FED9E7BDDF804E09446CE
:1096B000002015E0D44209D45EF8221007EE901A7B
:1096C000B8EEE77BA0EC027B0132E2E7B0EE467B2E
:1096D000F8E7BEEC025B3CED026B0130A5EE067BC9
:1096E0005045F6DDA8EC027B01340832D9E706AA22
:1096F0009FED8D9B9FED8EAB02EB890206EB830302
:10970000039202934C46E300049392AB03EBC40331
:1097100013ED280B6AAA06AB02EBC4021E462046D4
:1097200000284ADC2846059300F0D6FDB0EE408BB9
:10973000B4EE000B28EE000B00F04AFEB2EE007B08
:10974000A0EE478BFDEEC87B002D17EE908A059B9F
:10975000B8EEE77B38EE478B41DD601E06AAC5F107
:10976000180C52F8206046FA0CF2904402FA0CF2FF
:10977000B61A06AA42F82060C5F117021641002E5B
:109780003CDD4FF0000C08F1010860466FF07F4EA1
:10979000644566DC002D03DD012D72D0022D7AD0E8
:1097A000022E2BD1B7EE000B30EE488B30B328469B
:1097B00000F092FD38EE408B20E020EE097BBDEEFC
:1097C000C77B0138B8EEC77BA7EE4A0BBDEEC00BD6
:1097D000A6EC010A32ED020B37EE000BA0E705D133
:1097E000621E06A951F82260F615C8E7B6EE007BA6
:1097F000B4EEC78BF1EE10FA31DA0026B5EE408BED
:10980000F1EE10FA40F09C80621E00204A4549DAD1
:10981000002862D0013C06AB183D53F82430002BE1
:10982000F8D0B7EE000B284600F056FD9FED3E6BDA
:10983000621C6AA9D30001EBC2012246002A80F211
:10984000A9802246002AC0F2C7806AA901EBC2059E
:109850009FED337BDFF8E4C00020A11AB1E00226BF
:109860008FE753F8042B48B922B1C2F1807243F854
:10987000042C01220CF1010C104689E7AEEB020228
:10988000F5E7621E06AB53F82230C3F3160306A9B0
:1098900041F8223084E7621E06AB53F82230C3F34E
:1098A0001503F4E706AB53F82230013A1843ADE74D
:1098B000013352F8040D0028FAD0049A02F512720E
:1098C0006A4404EB0B001AA9661C983A01EBC0002D
:1098D0002344B34204DA1C4615E7039A0123E8E760
:1098E0000299DDF804C051F82610049107EE901A91
:1098F000B8EEE77B0024A0EC027B9FED097B864657
:10990000544503DDA2EC027B0136E2E7BCEC025BCE
:109910003EED026B0134A5EE067BF1E7AFF300806C
:109920000000000000000000000000000000703E89
:109930000000000000007041B8F8030878F8030840
:109940006842B0EE480B00F0C7FC9FED716BB4EEBF
:10995000C60BF1EE10FA17DB9FED6F7B20EE077B55
:10996000BDEEC77B06AAB8EEC75BA5EE460BBDEE03
:10997000C00B183510EE103A42F8243017EE103AAA
:10998000013442F824304CE7BDEEC00B06AA10EEBD
:10999000103AF6E706A850F82200019007EE900A68
:1099A000013AB8EEE77B27EE007B20EE060B21EDB7
:1099B000027B43E7BCEC025BB5EC026B0130A5EE29
:1099C000067B484501DC8842F4DD42A800EBC1017A
:1099D00081ED007B013A35E7A29A022A0ADC002ACF
:1099E00029DC42D008F007000DF5137DBDEC068B95
:1099F000BDE8F08FA29A032AF4D142A9A3F108028C
:109A00000A4411462046002850DC214601295DDC2D
:109A10009FED437B42AA1344012C67DC9DED425B22
:109A20009DED446B002E67D187ED005B87ED026BE7
:109A300087ED047BD6E79FED3A6B42AA134422469A
:109A4000002A24DA4EB3B1EE467B87ED007B9DED14
:109A5000427B44AA012337EE467B9C4220DA0EB1BA
:109A6000B1EE477B87ED027BBCE79FED2D7B42AAE1
:109A70001344002C05DA0EB1B1EE477B87ED007B75
:109A8000B0E733ED026B013C37EE067BF1E733EDD7
:109A9000027B013A36EE076BD2E7B0EE467BD4E7A5
:109AA000B2EC026B013337EE067BD6E731ED027B79
:109AB00091ED025B013837EE056B37EE467B81EDA9
:109AC000006B37EE057B81ED027B9CE732ED027B7C
:109AD00092ED025B013937EE056B37EE467B82ED86
:109AE000006B37EE057B82ED027B8FE733ED026B77
:109AF000013C37EE067B8FE7B1EE455BB1EE466B7E
:109B000087ED005BB1EE477B87ED026B90E700BF0E
:109B10000000000000007041000000000000703EE6
:109B20000000000000000000B0EE405B15EE901A4F
:109B3000B7EE000B21F00041B1F1795F04D2FDEEE8
:109B4000C57B17EE903A43B325EE056B21EE451B1E
:109B50009FED1B7B9FED1C4BA6EE074B9FED1C7BE7
:109B6000A4EE067B9FED1C4BA7EE064B9FED1C7BE6
:109B70001F4BA4EE067B9FED1C4B9942A7EE064BB4
:109B8000B6EE007B24EE064B26EE077BA6EE041B0A
:109B900004D837EE417B30EE470B7047154B9942A6
:109BA00009D80022A1F5001343EC162B30EE460B2A
:109BB00037EE467BEDE7B5EE026BF7E7AFF30080DB
:109BC000D43888BEE9FAA8BDC4B1B4BD9EEE213E2A
:109BD000AD529C804F7E92BE9015CB19A001FA3EEB
:109BE0007751C1166CC156BF4C5555555555A53FBB
:109BF0003233D33F0000E93F10EE903A23F00043A8
:109C0000B3F1795F04D2FDEEC07B17EE903A5BB3FF
:109C100020EE006B20EE065B9FED157B9FED164B53
:109C2000A6EE074B9FED167BA4EE067B9FED164B31
:109C3000A7EE064B9FED167BA4EE067B30B99FED99
:109C4000164BA6EE074BA4EE050B704727EE457B9F
:109C5000B6EE004BA1EE047B97EE061B9FED107B4A
:109C6000A5EE071B30EE410B704700BFAFF300803D
:109C70007CD5CF5A3AD9E53DEB9C2B8AE6E55ABE16
:109C80007DFEB157E31DC73ED561C119A0012ABFB2
:109C9000A6F810111111813F495555555555C5BFAD
:109CA000495555555555C53FB0EE407B17EE903A96
:109CB000894923F000428A4210B533D8FDEEC06BCB
:109CC00016EE901A002943D110EE104A431C23438C
:109CD000134308D1FFF780F9B7EE006B86EE007BE7
:109CE000B0EE470B10BD0128FAD030EE016BBFEE8D
:109CF000007B53EC162B87EE063B0A4643EC152BF4
:109D0000B7EE006B53EC132B35EE404B0A4643EC99
:109D1000172B31EE444BA5EE076BA4EE076BA6EEB6
:109D2000037BDDE76D498A4212D99FED4B6B002B17
:109D3000B8BFB1EE407B36EE476B9FED497BB8BFB5
:109D4000B1EE411B37EE417B9FED471B37EE067BA3
:109D500027EE075B9FED463B25EE056B9FED464BDF
:109D6000A6EE034B9FED463BA4EE063B9FED464B14
:109D7000A3EE064B9FED463BA4EE063B9FED464B04
:109D80009FED472BA3EE064B9FED473BA6EE023B14
:109D90009FED472BA3EE062B9FED473BA2EE063B24
:109DA0009FED472BA3EE062B9FED473B4B49A2EEC1
:109DB000063B27EE052BB0EE446BB0EE414BA3EE15
:109DC000056BA6EE024B9FED426BA4EE051B8A428B
:109DD000A2EE061B37EE013B1DD923EE032B9B178A
:109DE00006EE900A03F00203C3F10103B8EEE65B4E
:109DF00006EE903A33EE053BB8EEE64B82EE036B8F
:109E0000B0EE003B36EE416B37EE466BA6EE435BA1
:109E100024EE057B64E701281AD0B7EE006B51EC05
:109E2000130B002041EC140B34EE477B31EE471B43
:109E3000BFEE007B87EE035B53EC152B024643EC31
:109E4000172BA4EE076BA1EE076BA6EE057B47E789
:109E5000B0EE437B44E700BF182D4454FB21E93F9B
:109E6000075C143326A6813C0000000000000000BF
:109E7000735360DBCB75F3BEA69237A0887E143F88
:109E80000165F2F2D844433F280356C9226D6D3F65
:109E900037D60684F464963F7AFE10111111C13F43
:109EA000D47ABF74702AFB3EE9A7F0320FB8123F94
:109EB00068108D1AF726303F1583E0FEC8DB573F48
:109EC00093846EE9E326823FFE41B31BBAA1AB3F08
:109ED000635555555555D53FFFFF2F3E2794E53F18
:109EE00010EE103A834A03F0004023F000439342FF
:109EF0001ED9B3F1FF4F02D930EE000A704705D1E9
:109F0000FFEE007A002800FE270A704720B97A4A3F
:109F1000934263D9FEF7B6BFDFED787A70EE277A09
:109F2000F5EEC07AF1EE10FA51D5BFEE000A704797
:109F3000734A934272D9734A934268D89FED727AFA
:109F400000283DD130EE477ADFED706A012337EE0D
:109F5000660A77EE407A77EEE67AF6EE005A20EE61
:109F6000254A9FED6B6ADFED6B6A9FED6B5A20EE21
:109F7000047AF0EE084AE7EE066A9FED686AA6EEFC
:109F8000876ADFED676AE6EE076AB7EE006AA6EE5B
:109F9000875AF0EE466AE5EE076AE4EE664AB1EEED
:109FA000084AA0EE644A36EEE45AC5EE046A66EE4C
:109FB000876A002B40D190EE267A30EE470A704730
:109FC00030EE077ADFED576A4FF0FF33BFE79FEDC2
:109FD000567A20EE077AFEEE007A05E09FED527A7F
:109FE00020EE077AF6EE007A77EE877AB0EE407AC6
:109FF000FDEEE77AF8EEE76A17EE903ADFED427A87
:10A00000A6EEE77ADFED417A66EEA76A9FE79FED5D
:10A01000467A20EE077A0028E4D0DCE7B3F14C5F03
:10A0200008D2DFED427A70EE277A77EEE77A30EEEB
:10A03000670A7047002390E776EEE76A5A1CD6EE6F
:10A04000807A77EEC77A06D170EE677ABEEE000AA4
:10A05000A7EEA50A7047012B18D1BDEE007AB4EE29
:10A06000C70AF1EE10FA5BBF70EE677AB0EE007AC5
:10A0700070EE255AA7EE876A43BF77EEE57AB8EE11
:10A08000000A27EE800AB0EE460A70475A1C392AA9
:10A090004FEAC3510BD977EEC07A76EE677A17EEA6
:10A0A000903A194407EE901A37EEC60A7047162BFD
:10A0B00011DC4FF0807242FA03F3C3F17E5307EED6
:10A0C000103A77EEC07A77EE677A17EE903A0B4443
:10A0D00000EE103A7047C3F17F03DB0507EE103A3C
:10A0E00077EE877A70EE677A77EE867A17EE903A97
:10A0F000EDE700BF43B895411772B1426042A20D2F
:10A100001872B13E9115853F8071313FD1F71737F5
:10A11000BBED57B4547E8636898808BDCD70A6B88D
:10A12000010DD03AD1F717B73BAAB83FCAF249712F
:10A1300038B510EE105A25F00044B4F1A14FF0EEFE
:10A14000407A0FD3B4F1FF4F04D970EE007AB0EE2D
:10A15000670A38BDDFED4D7A9FED4D7A002D77FE11
:10A16000277AF4E74B4B9C4210D8B4F1445F0AD2F3
:10A170009FED497A30EE077AF7EE006AB4EEE67AA0
:10A18000F1EE10FAE3DC4FF0FF3313E0FEF7D0FE00
:10A19000424B9C424FD8A3F5D0039C4241D8F0EEED
:10A1A000007ABFEE007AA0EE277A002330EE270A6D
:10A1B000C7EE007A5A1C27EEA76A9FED397ADFEDC9
:10A1C000395A9FED395A66EE066AE6EE875A9FEDD8
:10A1D000377AA5EEA67ADFED365AE7EE265A9FEDDE
:10A1E000357AA5EEA67ADFED345AE7EE265A9FEDD2
:10A1F000337AA6EE875A9FED327AA5EE267A9FED46
:10A20000315AA7EE265A9FED307AA5EE267A27EE30
:10A21000267AA5EE867A27EE877A21D177EEC77A5D
:10A2200095E7F7EE007A30EE677A30EE270A0123E1
:10A23000C7EE007ABEE7254B9C420BD8F7EE087AB2
:10A24000B7EE007AA0EE277A022370EE676AC6EEB8
:10A25000877AAFE7BFEE007AC7EE007A0323A9E75B
:10A260001B4A1C4902EB830201EB8303D3ED006A16
:10A2700037EE667A002D37EE677AD2ED007A77EE08
:10A28000C77AB8BFF1EE677A61E700BFDB0FC9BFDD
:10A29000DB0FC93FFFFFDF3ECAF24971FFFF973F67
:10A2A000D769853C59DA4B3D6BF16EBD356B883D06
:10A2B0006E2EBA3D2549123EABAAAA3E21A215BD7B
:10A2C00095879DBD388EE3BDCDCC4CBEFFFF1B40B6
:10A2D000D8F80308C8F8030810EE901AC1F30A531F
:10A2E0008BB910EE103A21F0004119430AD09FEDCE
:10A2F0002A7B354B20EE070B98420BDA9FED287B2B
:10A3000020EE070B704740F2FF72934207D130EE08
:10A31000000B704710EE901AC1F30A53363B4CF213
:10A32000503290420DDD9FED207B10EE903AB0EE62
:10A33000476B9FED1F5B002B27FE057B27EE060B6F
:10A340007047184440F2FE739842ECDC002808DDA8
:10A3500053EC102B6FF31E5141EA005343EC102BCA
:10A36000704710F1350F09DA9FED0D7B10EE903A32
:10A37000B0EE476B9FED105B002BDDE753EC102B2D
:10A3800036306FF31E5141EA00539FED0D7B43ECD5
:10A39000102BB5E7AFF30080000000000000504331
:10A3A00059F3F8C21F6EA5019C7500883CE4377E06
:10A3B0009C7500883CE437FE59F3F8C21F6EA581F6
:10A3C000000000000000903CB03CFFFF00000000D7
:10A3D00010EE903AC3F30A5010EE102AA0F2FF31AB
:10A3E000132930B5154633DC002918DA9FED307B90
:10A3F00030EE070BB5EEC00BF1EE10FA0ADD002BC4
:10A4000050DA23F000431343002293422A4B08BF43
:10A410004FF000431946104641EC100B1FE027484F
:10A42000084103EA0004144319D09FED217B30EE6C
:10A43000070BB5EEC00BF1EE10FAEBDD002BBEBF43
:10A440004FF480120A419B1823EA00030022E1E73F
:10A45000332905DDB1F5806F01D130EE000B30BD41
:10A46000A0F213444FF0FF30E0401042F7D09FEDD0
:10A47000107B30EE070BB5EEC00BF1EE10FAC9DD24
:10A48000002B02DA142903D1013322EA0002C1E7CA
:10A490000124C1F1340104FA01F10A44AA4238BF8F
:10A4A0001B19F2E700221346B4E700BFAFF30080A8
:10A4B0009C7500883CE4377E0000F0BFFFFF0F0072
:10A4C0001FB514461A46094B1B680546D8684CB19F
:10A4D000074B0091CDE9013406492B4600F0A4FD5D
:10A4E00000F0DEFE044B1C46F3E700BF34000024FE
:10A4F000E8F80308F5F8030823F90308F0B52DED93
:10A50000028BB0EE408B85B017460D9D0C9E18EE69
:10A51000902A25F02005002AB6BF2D220022B1EE98
:10A52000408B462D0C461A7004D0452D00D10134C5
:10A53000022100E0032103AB019302AB009322460A
:10A540003346B0EE480B00F03BFF472D14D1FB071C
:10A550000AD50219B5EE408BF1EE10FA08BF03924E
:10A560003021039B934219D3039B0E9A1B1A13604D
:10A5700005B0BDEC028BF0BD462D00EB0402E9D125
:10A580000378302B07D1B5EE408BF1EE10FA1CBFEB
:10A59000C4F10104346033681A44DBE75C1C0394A3
:10A5A0001970DEE7F7B50029BABF49422D232B23E6
:10A5B00009290270437029DD0DF107031D460A27A2
:10A5C0001A46B1FBF7F607FB1614303402F8014CBB
:10A5D0000C46632C03F1FF333146F1DC3031941E1D
:10A5E00003F8011C411C2346AB420AD30DF10903B9
:10A5F0009B1AAC4288BF002302330344181A03B0ED
:10A60000F0BD13F8016B01F8016FEDE73023303135
:10A610008370C170031DF1E72DE9F04F8DB00C463A
:10A62000DDF8588016461F46054600F0C9FDD0F8F3
:10A6300000B05846C5F7A4FE00230A93D8F80030AE
:10A6400094F8189022680590073323F0070303F16C
:10A650000801C8F8001093ED000B9FED976BB0EE6A
:10A66000C07BB4EE467BF1EE10FA84ED120B24DDD4
:10A67000B5EEC00BF1EE10FA02D52D2384F843306D
:10A680008F49904BB9F1470F8CBF8846984622F00E
:10A6900004020323236122604FF0000A009733462F
:10A6A0000BAA2146284600F083FA013040F0898049
:10A6B0004FF0FF300DB0BDE8F08FB4EE400BF1EE7F
:10A6C00010FA09D710EE903A002BBCBF2D2384F866
:10A6D00043307D497D4BD5E76368591C09F0DF0A9B
:10A6E00039D10623636042F4806200232260039321
:10A6F0000AABCDE9019309AB009361680DF1230327
:10A700002846FFF7FBFEBAF1470F0999804629D189
:10A71000C81C02DB6368994241DDA9F102095FFAB6
:10A7200089F901394A4604F150000991FFF73AFFCF
:10A730000A9A1318012A8246236102DC2268D20792
:10A7400001D5013323619DF82330002BA6D02D23A2
:10A7500084F84330A2E7BAF1470FC4D1002BC2D12D
:10A760000123BFE7B9F1650FDBD9B9F1660F18D145
:10A77000002963680BDD216113B92268D00702D577
:10A7800001330B442361A1654FF0000ADBE713B9E5
:10A790002268D20701D50233F4E70123F2E74FF034
:10A7A00067090A9B994205DB23682161D807EAD52E
:10A7B0004B1CE7E70029D4BFC1F102020122134478
:10A7C000E0E723685A0507D4236942463146284604
:10A7D000B84701302AD16BE7B9F1650F40F2E0804C
:10A7E00094ED127BB5EE407BF1EE10FA33D1384A8E
:10A7F000012331462846B84701303FF459AFDDE91F
:10A800000938434502DB2368D8070FD5059B5A4614
:10A8100031462846B84701303FF44AAF4FF00009AF
:10A8200008F1FF3804F11A0AC84509DC23689B07C0
:10A8300000F10781E0680B9B9842B8BF184639E7E2
:10A840000123524631462846B84701303FF430AF25
:10A8500009F10109E8E7099B002B3BDC1C4A0123B5
:10A8600031462846B84701303FF422AFDDE90939C7
:10A8700059EA030302D12368D907D7D5059B5A4665
:10A8800031462846B84701303FF412AF4FF0000A76
:10A8900004F11A0B099B5B42534501DC4B4694E7DC
:10A8A00001235A4631462846B84701303FF400AFED
:10A8B0000AF1010AEEE700BFFFFFFFFFFFFFEF7F96
:10A8C00028F9030824F9030830F903082CF90308D0
:10A8D00034F90308A36DDDF828A05345A8BF5346FB
:10A8E000002B994637DC0023079329EAE97904F124
:10A8F0001A02A36D07990693A3EB09038B4231DC7F
:10A90000099B9A453BDC2368DA0738D4099BAAEBFC
:10A910000309069BAAEB03039945A8BF9946B9F121
:10A92000000F34DC4FF0000829EAE97904F11A0B32
:10A93000099BAAEB0303A3EB090343457FF776AF1B
:10A9400001235A4631462846B84701303FF4B0AE9D
:10A9500008F10108ECE7424631462846B847013085
:10A96000C1D1A5E60123314628460692B8470130F9
:10A970003FF49EAE079B069A01330793B9E7059B08
:10A980005A4631462846B8470130BFD190E6069A6C
:10A990004B46424431462846B8470130C2D187E68B
:10A9A000DDF82890B9F1010F01DCDB0736D5012372
:10A9B000424631462846B84701303FF479AE059B00
:10A9C0005A4631462846B84701303FF471AE94EDFF
:10A9D000127BB5EE407BF1EE10FA09F1FF3918D089
:10A9E0004B4608F1010231462846B84701300CD1E8
:10A9F0005EE601235A4631462846B84701303FF407
:10AA000057AE08F10108C845F3DB534604F1500284
:10AA1000DCE64FF0000804F11A0BF4E7012342468C
:10AA2000E1E701234A4631462846B84701303FF462
:10AA30003FAE08F10108E3680B995B1A4345F0DC6F
:10AA4000F8E64FF0000804F11909F4E7024B01465B
:10AA5000186800F02DB800BF34000024024B0146F6
:10AA6000186801F00BBA00BF3400002470B50F4E17
:10AA70000C463168054611B900F064FB3060214690
:10AA8000284600F05FFB431C03D14FF0FF34204603
:10AA900070BDC41C24F00304A042F8D0211A28463B
:10AAA00000F050FB0130F2D1EFE700BFDC8E022452
:10AAB0002DE9F843CD1C25F0030508350C2D38BFD2
:10AAC0000C25002D064601DBA94204D90C23336076
:10AAD0000020BDE8F883DFF8D48000F0F5F9D8F85D
:10AAE00000301C4644BB29463046FFF7BFFF431CDD
:10AAF000044658D1D8F800402746002F43D1002CF7
:10AB00004BD023683946304604EB030900F01AFBAA
:10AB1000814542D121686D1A29463046FFF7A6FFCC
:10AB200001303AD023682B442360D8F800305A68AB
:10AB300062BBC8F800700FE02268521B20D40B2AB9
:10AB400017D96119A342256018BF5960636808BF0F
:10AB5000C8F8001062514B60304600F0BBF904F1B8
:10AB60000B00231D20F00700C21A1CBF1B1AA350A4
:10AB7000AFE76268A3420CBFC8F800205A60EBE759
:10AB800023466468AEE73C467F68B6E71A465B68D2
:10AB9000A342FBD100235360DEE70C233360304631
:10ABA00000F098F994E70560D6E700BFE08E022434
:10ABB0002DE9F047164698468A680B69DDF8209023
:10ABC0009342B8BF1346336091F8432007460C46C2
:10ABD0000AB1013333602368990642BF33680233F8
:10ABE0003360256815F0060506D104F1190AE368FB
:10ABF00032689B1AAB4226DC94F843302268003B53
:10AC000018BF012392062BD404F143024146384673
:10AC1000C84701301ED02368226903F00603042BC5
:10AC200002BFE5683368ED1AA3680CBF25EAE57535
:10AC300000259342C4BF9B1AED1800261A34B54272
:10AC40001AD1002008E00123524641463846C84741
:10AC5000013003D14FF0FF30BDE8F0870135C6E782
:10AC6000E1185A1C302081F84300224494F8451022
:10AC700082F843100233C7E7012322464146384693
:10AC8000C8470130E6D00136D9E700002DE9FF477B
:10AC90000F7E0C9E782F914680460C469A4601F115
:10ACA000430207D8622F0AD8002F00F0D180582F16
:10ACB00000F0B88004F1420684F842703AE0A7F14F
:10ACC0006303152BF6D801A151F823F025AD030835
:10ACD00039AD0308B5AC0308B5AC0308B5AC03083F
:10ACE000B5AC030839AD0308B5AC0308B5AC03082F
:10ACF000B5AC0308B5AC030837AE030863AD030871
:10AD0000F1AD0308B5AC0308B5AC030859AE0308B0
:10AD1000B5AC030863AD0308B5AC0308B5AC0308D4
:10AD2000F9AD030833681A1D1B68326004F142064E
:10AD300084F8423001239CE033682068191D31609B
:10AD4000060601D51D6803E04506FBD5B3F90050A2
:10AD5000002D03DA2D236D4284F8433058480A232E
:10AD600011E021683368080653F8045B02D44906F1
:10AD700048BFADB26F2F5248336014BF0A23082377
:10AD8000002184F843106668A660002E05DB216868
:10AD90002E4321F0040121604BD01646B5FBF3F1A0
:10ADA00003FB1157C75D06F8017D2F46BB420D46D8
:10ADB000F4D9082B0BD12368DF0708D52369616814
:10ADC0009942DEBF302306F8013C06F1FF36921BA4
:10ADD0002261CDF800A04B4603AA21464046FFF76A
:10ADE000E7FE01304AD14FF0FF3004B0BDE8F087F4
:10ADF000236843F0200323603248782784F84570A5
:10AE0000236831681F0651F8045B02D45F0648BF0F
:10AE1000ADB23160D90744BF43F0200323601DB1B8
:10AE20001023ADE72648E9E7236823F020032360D9
:10AE3000F6E71646BDE7336825686169181D30607E
:10AE40002E061B6801D5196002E06806FBD5198043
:10AE5000002323611646BCE733681A1D32601E6862
:10AE6000626800213046C5F73BFA08B1801B60607C
:10AE700063682361002384F84330AAE723693246DC
:10AE800049464046D0470130ADD023689B0713D4D4
:10AE9000E068039B9842B8BF1846A6E701233246F4
:10AEA00049464046D04701309DD00135E3680399BB
:10AEB0005B1AAB42F2DCEBE7002504F11906F5E77B
:10AEC00036F9030847F90308014800F076B900BFD6
:10AED00020900224014800F071B900BF20900224A4
:10AEE000002310B50446C0E90033C0E90433836091
:10AEF00081814366C2818361194608225C3000F07B
:10AF000019F90D4B63620D4BA3620D4BE3620D4BC0
:10AF100023630D4B24629C4206D003F168029442E5
:10AF200002D0D0339C4205D104F15800BDE8104056
:10AF300000F042B910BD00BF91CC0308B3CC0308A8
:10AF4000EBCC03080FCD0308E48E0224024A034928
:10AF5000034800F0B7B800BF280000244DC503081F
:10AF60003800002441680C4B994210B5044601D0CA
:10AF700001F0ECFAA168094B994202D0204601F099
:10AF8000E5FAE168064B994204D02046BDE810403E
:10AF900001F0DCBA10BD00BFE48E02244C8F022405
:10AFA000B48F022410B50B4B0B4C0C4A1A60204690
:10AFB00000220421FFF794FF04F168000122092117
:10AFC000FFF78EFF04F1D0000222BDE810401221ED
:10AFD000FFF786BF1C900224E48E02244DAF0308C5
:10AFE000014800F0EAB800BF21900224014800F0B7
:10AFF000E5B800BF2190022410B50446FFF7F0FF2A
:10B00000236A1BB1BDE81040FFF7F0BF044B236279
:10B01000044B1B68002BF5D1FFF7C4FFF2E700BF1C
:10B0200065AF03081C9002240EB403B5014603ABC0
:10B03000054853F8042B0068019301F0EBF802B0C7
:10B040005DF804EB03B070473400002430B51446BB
:10B05000002C9BB005461A4605DA8B2303604FF09F
:10B06000FF301BB030BD4FF40273ADF80C304FF021
:10B070000003199314BF04F1FF3323460293059391
:10B080004FF6FF7300910491ADF80E3069461E9B98
:10B0900000F09AFF431CBCBF8B232B60002CE0D038
:10B0A000009B00221A70DCE707B5009313460A469E
:10B0B000014603480068FFF7C9FF03B05DF804FBD1
:10B0C000340000242DE9F84307468846144600263C
:10B0D000D4E90195B9F1010905D52468002CF7D10F
:10B0E0003046BDE8F883AB89012B07D9B5F90E309E
:10B0F000013303D029463846C04706436835E9E79F
:10B10000884210B501EB020402D98442234607D8D5
:10B11000431EA14208D011F8012B03F8012FF8E7D4
:10B12000024401468A4200D110BD13F8014D02F8D5
:10B13000014DF7E702440346934200D1704703F8FC
:10B14000011BF9E738B5064D0023044608462B607D
:10B15000C7F790F8431C02D12B6803B1236038BDB8
:10B1600024900224014B1868704700BF340000246B
:10B1700070B50D4D0D4C641BA4100026A64209D1DC
:10B180000B4D0C4C01F0D4FF641BA4100026A6420A
:10B1900005D170BD55F8043B98470136EEE755F8E8
:10B1A000043B98470136F2E764FC030864FC03089B
:10B1B00064FC03088CFC030870477047704700006C
:10B1C00000487047740100242D4B1B68834270B502
:10B1D000044653D0C3691BB3DB6863B10025E36940
:10B1E000DB685959B1B90435802DF8D1E36920469F
:10B1F000D96800F043FEE369196811B1204600F0F8
:10B200003DFEE3699D685DB1294620462D6800F04A
:10B2100035FEF8E70E68204600F030FE3146E1E7E3
:10B22000616911B1204600F029FEE16911B12046A3
:10B2300000F024FE216B11B1204600F01FFE616B6F
:10B2400011B1204600F01AFEA16B11B1204600F0AA
:10B2500015FEA16C11B1204600F010FE616C11B119
:10B26000204600F00BFEE16A11B1204600F006FE18
:10B27000236A1BB12046BDE87040184770BD00BF6F
:10B28000340000240A44914200F1FF3300D170479A
:10B2900010B511F8014B03F8014F9142F9D110BDDF
:10B2A00008B5062001F084FE0120C6F76BFF2DE9EA
:10B2B000F74F03690C69A34207467EDB013C01F1AD
:10B2C0001408A30000F11405009305EB8403019317
:10B2D00058F8243055F8242001339A4208EB8409A9
:10B2E000B2FBF3F62ED34FF0000AC446AE46D34667
:10B2F0005CF8043B98B206FB00A0020C1B0C06FB9A
:10B300000323DEF8002080B292B2121A5A44DEF80B
:10B3100000004FEA134A9BB2C3EB224303EB1043F6
:10B3200092B242EA0342E1454EF8042B4FEA234B26
:10B33000DED2009BEB582BB9019B043B9D421A4681
:10B340002FD33C61384601F09BFB002825DB2946C2
:10B35000002058F8042BD1F800C01FFA82FE1FFA13
:10B360008CF3A3EB0E030344120CC2EB234202EB5B
:10B370001C429BB243EA0243C14541F8043B4FEAF9
:10B380002240E6D255F8242005EB840322B9043B81
:10B390009D421A460BD33C610136304603B0BDE8EE
:10B3A000F08F1268043B002ACBD1013CC6E712683B
:10B3B000043B002AEFD1013CEAE70020EEE7000061
:10B3C0002DE9F04F2DED028BC76991B08DED020B89
:10B3D00055EC104B1C9E0791814609920D937FB945
:10B3E0001020FFF733FB0246C9F81C0020B9A04B20
:10B3F000EF21A048FFF764F8C0E901770760C76054
:10B40000D9F81C30196859B15A684A600123934031
:10B410008B60484601F002F9D9F81C3000221A600E
:10B420002B1EBBBF23F00043039300230122ACBFBC
:10B4300033603260904B039EB34310D10D9A42F2B9
:10B440000F731360C6F31303234300F0E6841D9BC0
:10B450008A4F002B00F0E884FB1C00F0E3BC9DED5C
:10B46000028BB5EE408BF1EE10FA0AD10D9A012352
:10B4700013601D9B13B11D9A814B1360814F00F027
:10B48000D3BC0EAA0FA94846B0EE480B01F0A8FBAA
:10B49000C6F30A530E9A0190002B45D0B0EE487BBC
:10B4A00018EE901AC1F3130141F07F5141F440119D
:10B4B000A3F2FF33002507EE901AB7EE086B9FED5D
:10B4C000665B37EE467B9FED666BA7EE056B9FEDE7
:10B4D000665B07EE903AB8EEE74BB0EE467BA4EE23
:10B4E000057BFDEEC76BB5EEC07BF1EE10FA16EEF4
:10B4F000908A08D5B8EEE66BB4EE476BF1EE10FA21
:10B5000018BF08F1FF38B8F1160F2BD85E4901EBD0
:10B51000C80191ED007BB4EEC78BF1EE10FA01D5B6
:10B5200008F1FF3800211EE00F9B134403F2324163
:10B530002029C1BFC1F140018E4003F2124124FA1B
:10B5400001F1D6BFC1F12001314304FA01F107EE48
:10B55000901AB8EE677B013B17EE901A0125A1F116
:10B56000F871A8E70121D21A531E069345BFC2F114
:10B5700001030493002300234CBF06930493B8F106
:10B58000000F0C9118DB069BCDF8288043440693EE
:10B590000023079A092A45D8052AC4BF043A07920E
:10B5A000079AA2F10202CCBF00240124032A44D846
:10B5B000DFE802F03436170B049B0022A3EB0803EC
:10B5C00004930A92C8F10003E3E701220892099A62
:10B5D00008EB020B0BF1010A5246012AB8BF012207
:10B5E00006E001220892099A002A29DD9346924634
:10B5F000D9F81C700021042000F11406964226D9C7
:10B6000079604846059300F0C9FF059B074600286E
:10B610003ED11E4B024640F2AF11EAE60022E1E7BE
:10B620000022D3E701240022CDE907244FF0FF3B9D
:10B630000021DA4612220991DAE701220892F5E7A1
:10B640004FF0010BDA465A46CDF824B0D0E701316D
:10B650004000D1E7AFF3008061436F63A787D23F1B
:10B66000B3C8608B288AC63FFB799F501344D33FF1
:10B6700065F903087CF903080000F07F61F903080D
:10B6800035F9030834F9030890FA0308D4F90308DC
:10B69000D9F81C20BAF10E0F10606ED8002C6CD0B7
:10B6A000B8F1000F40F3B480C84A08F00F0102EB74
:10B6B000C10218F4807F92ED007B4FEA281100F060
:10B6C0009B80C34A92ED086B88EE066B8DED026B92
:10B6D00001F00F010322BE48002940F08F809DED4C
:10B6E000026B86EE077B8DED027B0C999DED027B54
:10B6F000002900F0B380B7EE006BB4EEC67BF1EE2C
:10B7000010FA40F1AB80BAF1000F00F0A780BBF156
:10B71000000F30DDB2EE046B27EE067B8DED027B71
:10B7200008F1FF31059101325C469DED026BB1EEEF
:10B730000C5B07EE902AB8EEE77BA7EE065B15EEF2
:10B74000902A51EC150BA2F15071002C40F08A8028
:10B75000B1EE047B36EE476B41EC170BB4EEC76BD2
:10B76000F1EE10FA00F36A82B1EE477BB4EEC76BDC
:10B77000F1EE10FA23D48DED028B0F9A002AC0F25D
:10B780002981B8F10E0F00F32581904B03EBC8031C
:10B7900093ED006B099B002B80F2C880BAF1000F7B
:10B7A00000F3C4800BD1B1EE047B26EE076B9DED58
:10B7B000027BB4EEC76BF1EE10FAC0F23C820024BB
:10B7C0002546099BDB4305933E464FF00008214682
:10B7D000484600F023FF002D00F0A280B8F1000FD2
:10B7E00005D0A84503D04146484600F017FF29463A
:10B7F000484600F013FF93E002226CE7CC0704D523
:10B8000090ED006B013227EE067B4910083063E7AC
:10B8100022D0C8F100016D4A01F00F0002EBC00216
:10B8200092ED007B28EE077B8DED027B68480911C5
:10B830000024022229B9002C3FF457AF8DED027B82
:10B8400053E7CE0705D590ED006B0132012427EEBA
:10B85000067B49100830EDE7022246E7CDF8148058
:10B86000544662E7594A02EBC40212ED024B089AB1
:10B8700041EC170B3C444AB3B6EE003BB7EE002B4D
:10B880003E4683EE045BB2EE043B35EE477BFDEEB5
:10B89000C64B14EE902AB8EEE45B303236EE456BC0
:10B8A000B4EEC76BF1EE10FA06F8012B38D432EE85
:10B8B000465BB4EEC75BF1EE10FA6ED4A6423FF4DD
:10B8C0005AAF27EE037B26EE036BE0E721463E46A8
:10B8D00027EE047BB2EE043BFDEEC64B14EE902A3D
:10B8E000303206F8012BA642B8EEE45B36EE456B2B
:10B8F00019D1B6EE005B37EE054BB4EEC46BF1EE3A
:10B9000010FA4ADC35EE475BB4EEC56BF1EE10FA87
:10B910007FF531AF0E46013916F8013C302BF9D0D6
:10B92000DDF8148027E026EE036BD5E79DED027B62
:10B93000B2EE044B3E4687EE065BBDEEC55B15EEF0
:10B94000103A303306F8013BF31B9A45B8EEC53B7D
:10B95000A3EE467B32D137EE077BB4EEC67BF1EE29
:10B9600010FA18DCB4EE467BF1EE10FA03D115EEB6
:10B97000103ADB070FD40199484600F04FFE002330
:10B980000D9A337008F1010313601D9B002B00F02A
:10B990004B821E6048E2CDF8148033461E4613F8F1
:10B9A000012D392A06D19F42F8D1059A013205921C
:10B9B00030223A701A7801321A70B1E727EE047B10
:10B9C000B5EE407BF1EE10FAB5D1D4E790FA03085A
:10B9D00068FA03080899002900F0E980079901290D
:10B9E00000F3CB80002D00F0C48002F23342049EAD
:10B9F0001C460593049B13440493069B01211344A6
:10BA00004846069300F0BEFE059B054666B1069AC1
:10BA1000002A09DDB2420499A8BF3246891A04916E
:10BA20000699B61A8A1A06920BB3089A002A00F0F1
:10BA3000C580002C00F0BF802946224648460B9363
:10BA400000F058FF019A01460546484600F0B0FE56
:10BA500001990590484600F0E1FD0B9B1B1B00F08F
:10BA6000B08005991A46484600F044FF0190012134
:10BA7000484600F087FE0A9B0446002B00F0DA815E
:10BA80001A460146484600F035FF079B012B044645
:10BA900000F3A080029B002B40F09680039BC3F331
:10BAA0001302002A40F0928023F00042120D12058A
:10BAB000002A00F08D80049B01330493069B013320
:10BAC000069301230B930A9B002B00F0B981226996
:10BAD00004EB8202106900F009FEC0F12000069B11
:10BAE000184410F01F0000F08180C0F12002042AE9
:10BAF00073DD049BC0F11C0003440493069B0644C1
:10BB000003440693049B002B05DD01991A46484621
:10BB100000F04AFF0190069B002B05DD21461A46E6
:10BB2000484600F041FF04460C9B002B60D0019872
:10BB3000214600F0A5FF00285ADA08F1FF330593EB
:10BB4000019900230A22484600F08AFD089B0190D3
:10BB5000002B00F07781294600230A22484600F096
:10BB60007FFDBBF1000F05466EDC079B022B48DC16
:10BB70006AE00E9AC2F1360239E70AF1FF34A342B5
:10BB800007DBBAF1000FA3EB04040BDB049E524663
:10BB90002FE7E21A0A9B049E13440A935246234657
:10BBA000002426E7049AA2EB0A06002221E7049E5D
:10BBB000089D1C462AE7019A059252E701991A4608
:10BBC00051E7059B019352E700237BE7029B79E74E
:10BBD0000B9278E700230B9379E793D0049B1C32F8
:10BBE00013440493069B164413448AE70246F5E780
:10BBF000BAF1000FCDF81480D34621DC079B022B4D
:10BC00001EDDBBF1000F7FF4DCAD21465B46052253
:10BC1000484600F025FD01460446019800F030FF3B
:10BC200000287FF7CEAD3E46312306F8013B059B49
:10BC300001330593C9E5CDF8148054462546F2E753
:10BC4000089B002B00F00281002E05DD29463246BC
:10BC5000484600F0A9FE05460B9B002B58D06968AA
:10BC6000484600F09BFC064628B9824B024640F24B
:10BC7000EF21FFF7BEBB2A690232920005F10C01E9
:10BC80000C30FFF7FFFA01223146484600F08CFEE7
:10BC90007B1C049307EB0B030993029B03F0010346
:10BCA000A84608930546049B0198214603F1FF3BF3
:10BCB000FFF7FDFA4146029000F1300A019800F0CA
:10BCC000DFFE2A4606902146484600F0F5FEC2688F
:10BCD0000646FAB90146019800F0D2FE0246314606
:10BCE00048460A9200F09AFC079B0A9A049E42EA90
:10BCF0000301089B19430FD1BAF1390F28D0069BD5
:10BD0000002B02DD029B03F1310A8BF800A05EE5F7
:10BD10002846BDE70122E2E7069B002B04DB0799DA
:10BD20000B4308990B4320D1002AEEDD0199012233
:10BD3000484600F039FE2146019000F0A1FE00289F
:10BD400003DCE2D11AF0010FDFD0BAF1390FD9D1FB
:10BD500039238BF8003033461E46013B16F8012C80
:10BD6000392A52D001321A7031E5002A07DDBAF1C2
:10BD7000390FEDD00AF101038BF8003027E5049B61
:10BD8000099A03F801AC934229D0019900230A22B1
:10BD9000484600F065FCA84501904FF000034FF0C5
:10BDA0000A024146484607D100F05AFC8046054643
:10BDB000049B0133049376E700F052FC2946804649
:10BDC00000230A22484600F04BFC0546F0E7BBF191
:10BDD000000FCCBF5E4601263E444FF0000801999B
:10BDE0000122484600F0E0FD2146019000F048FEA7
:10BDF0000028B0DC02D11AF0010FACD133461E4648
:10BE000013F8012D302AFAD0E1E49F42A4D1059B1A
:10BE10000133059331233B70D9E41D9B164F1BB1B1
:10BE200007F108031D9A1360384611B0BDEC028B70
:10BE3000BDE8F08F079B012B7FF72CAE0A9B0B937D
:10BE400001204CE6BBF1000F7FF7D8AE3E460198CB
:10BE50002146FFF72CFA00F1300A06F801ABF21B7D
:10BE60009345B4DD019900230A22484600F0F8FB0F
:10BE70000190ECE7D4F9030858F9030838B50546F2
:10BE8000002941D051F8043C0C1F002BB8BFE41826
:10BE9000FFF71AF81D4A136833B963601460284627
:10BEA000BDE83840FFF716B8A34208D9206821182A
:10BEB0008B4201BF19685B6809182160EDE71A46DB
:10BEC0005B680BB1A342FAD911685018A0420BD19C
:10BED00020680144501883421160E0D118685B6803
:10BEE000536008441060DAE702D90C232B60D6E7D0
:10BEF000206821188B4204BF19685B68636004BF27
:10BF0000091821605460CAE738BD00BFE08E0224E2
:10BF10002DE9F0478E681F46BE420B6882460C46EC
:10BF200090462DD8B1F90C2012F4906F26D0656997
:10BF3000096905EB4505A3EB010905EBD5757B1CEC
:10BF40004B446D109D4238BF1D46530527D52946E9
:10BF5000FEF7AEFD064660B321694A46FFF792F947
:10BF6000A38923F4906343F08003A3812661656174
:10BF70004E44A5EB09052660A5603E46BE4200D9A9
:10BF80003E46206832464146FFF7BAF8A3689B1B3D
:10BF9000A3602368334423600020BDE8F0872A466D
:10BFA00000F0B9FE06460028E0D121695046FFF7AF
:10BFB00065FF0C23CAF80030A38943F04003A38136
:10BFC0004FF0FF30E9E700002DE9F04F98468B89EC
:10BFD0001B069DB007460D46144610D50B6973B974
:10BFE0004021FEF765FD2860286130B90C233B60D5
:10BFF0004FF0FF301DB0BDE8F08F40236B61002390
:10C00000099320238DF82930CDF80C803023DFF8F8
:10C010009C818DF82A304FF0010923469A4613F887
:10C02000012B0AB1252AF9D1BAEB040B0BD05B46E0
:10C03000224629463846FFF76BFF013000F0A78003
:10C04000099A5A4409929AF80030002B00F09F8018
:10C0500000234FF0FF32CDE905230AF1010A0493D2
:10C0600007938DF853301A935446052214F8011B98
:10C070004E48C4F735F9049AD8B9D00644BF2023F6
:10C080008DF85330110744BF2B238DF853309AF8A5
:10C0900000302A2B15D0079A544600204FF00A0C86
:10C0A000214611F8013B303B092B4BD9B0B1079227
:10C0B00014E0A0EB080309FA03F313430493A24628
:10C0C000D2E7039B191D1B680391002BBBBF5B428A
:10C0D00042F0020207930793B8BF049223782E2BF5
:10C0E0000AD163782A2B32D1039B1A1D1B68039255
:10C0F00043EAE37302340593DFF8C0A021780322FA
:10C100005046C4F7EDF838B1049BA0EB0A0040227A
:10C11000824013430134049314F8011B24488DF822
:10C1200028100622C4F7DCF8002836D0214B1BBBB0
:10C13000039B073323F0070308330393099B33441E
:10C1400009936AE70CFB02320C460120A8E70023A2
:10C150000134059319464FF00A0C204610F8012BC4
:10C16000303A092A03D9002BC6D00591C4E70CFB4D
:10C17000012104460123F0E703AB00932A460E4B4E
:10C1800004A93846FEF748FA421C0646D6D1AB89C8
:10C190005B063FF52DAF09982CE703AB00932A46C9
:10C1A000054B04A93846FEF771FDEDE7E5F90308F4
:10C1B000EFF9030819A6030811BF0308EBF90308F8
:10C1C0009368013B002B10B4936008DA9469A34292
:10C1D00001DB0A2903D15DF8044B00F0CABD1368E6
:10C1E000581C1060197008465DF8044B7047F8B58C
:10C1F00006460F461446D518AC4201D1002007E090
:10C2000014F8011B3A463046FFF7DAFF431CF3D11E
:10C21000F8BD00002DE9F04F0D469DB0144698463C
:10C22000064618B1036A0BB9FEF7E6FE6B6ED90736
:10C2300005D4AB899A0502D4A86DFEF7BEFFAB8981
:10C240001B0701D52B699BB92946304600F0D0FD6C
:10C2500070B16B6EDC0704D54FF0FF301DB0BDE848
:10C26000F08FAB899805F7D4A86DFEF7A7FFF3E729
:10C270000023099320238DF82930CDF80C8030233A
:10C28000DFF8AC818DF82A304FF0010923469A4639
:10C2900013F8012B0AB1252AF9D1BAEB040B0BD004
:10C2A0005B46224629463046FFF7A1FF013000F0E9
:10C2B000A780099A5A4409929AF80030002B00F09E
:10C2C0009F8000234FF0FF32CDE905230AF1010AD8
:10C2D000049307938DF853301A935446052214F8AB
:10C2E000011B5348C3F7FCFF049AD8B9D10644BFD9
:10C2F00020238DF85330130744BF2B238DF8533080
:10C300009AF800302A2B15D0079A544600204FF097
:10C310000A0C214611F8013B303B092B4BD9B0B137
:10C32000079214E0A0EB080309FA03F31343049304
:10C33000A246D2E7039B191D1B680391002BBBBFCC
:10C340005B4242F0020207930793B8BF049223783E
:10C350002E2B0AD163782A2B32D1039B1A1D1B681E
:10C36000039243EAE37302340593DFF8D4A0217803
:10C3700003225046C3F7B4FF38B1049BA0EB0A0078
:10C380004022824013430134049314F8011B2948CE
:10C390008DF828100622C3F7A3FF00283FD0264BB4
:10C3A0001BBB039B073323F0070308330393099B4D
:10C3B0003B4409936AE70CFB02320C460120A8E7D4
:10C3C00000230134059319464FF00A0C204610F85B
:10C3D000012B303A092A03D9002BC6D00591C4E7B6
:10C3E0000CFB012104460123F0E703AB00932A462E
:10C3F000124B04A93046FEF70FF90746781CD6D138
:10C400006B6ED90705D4AB899A0502D4A86DFEF7E7
:10C41000D5FEAB895B063FF51FAF09981EE703AB5E
:10C4200000932A46054B04A93046FEF72FFCE4E7AB
:10C43000E5F90308EFF9030819A60308EFC103089B
:10C44000EBF90308B1F90C202DE9F0411607054678
:10C450000C4654D44B68002B02DC0B6C002B48DDDF
:10C46000E66A002E45D0002312F480522F68216A1C
:10C470002B6030D0626DA389590705D56368D21A45
:10C48000636B0BB1236CD21A0023E66A216A28463B
:10C49000B047431CA38906D129681D292BD82A4AF5
:10C4A000CA40D60727D500226260D90422692260DB
:10C4B00004D5421C01D12B6803B96065616B2F6004
:10C4C000B9B104F14403994202D02846FFF7D6FCE3
:10C4D000002363630DE001232846B0470246501C49
:10C4E000C9D12B68002BC6D01D2B01D0162B1ED115
:10C4F0002F60002022E043F040031BB21BE00F69D5
:10C50000002FF6D093070E6808BF4B690F6018BF65
:10C510000023A6EB07088B60B8F1000FE9DD216A64
:10C52000A66A43463A462846B047002808DCB4F9D4
:10C530000C3043F04003A3814FF0FF30BDE8F081A1
:10C540000744A8EB0008E7E70100402038B50B6975
:10C5500005460C4613B90025284638BD18B1036AB4
:10C560000BB9FEF749FDB4F90C30002BF3D0626E25
:10C57000D00704D4990502D4A06DFEF71EFE28460C
:10C580002146FFF75FFF636EDA070546E4D4A3890F
:10C590009B05E1D4A06DFEF711FEDDE770B5C6691D
:10C5A00004460D4676B91020FEF750FA0246E061C7
:10C5B00020B9184B18486B21FDF782FFC0E90166CE
:10C5C0000660C660E669F36883B1E369DB6853F827
:10C5D0002500B8B9012101FA05F6721D9200204626
:10C5E00000F06AFD60B1C0E901560EE0212204218D
:10C5F000204600F061FDE369F060DB68002BE4D1C8
:10C60000002070BD026843F825200023C0E90333F1
:10C61000F7E700BF65F90308F6F9030870B5C669C6
:10C6200005460C4676B91020FEF710FA0246E8617E
:10C6300020B9094B09488F21FDF742FFC0E9016687
:10C640000660C6603CB1EB696268DB6853F8221093
:10C65000216043F8224070BD65F90308F6F903082C
:10C660002DE9F0410D6907460C461E4601F1140CF8
:10C670000020DCF8003099B202FB01611E0C0B0CAB
:10C6800002FB063389B2013001EB034185424CF8CD
:10C69000041B4FEA1346ECDC0EB3A368AB4219DC73
:10C6A000616838460131FFF779FF804628B90246B4
:10C6B0000C4B0D48BA21FDF703FF2269023204F149
:10C6C0000C0192000C30FEF7DDFD21463846FFF7E5
:10C6D000A5FF444604EB850301355E6125612046D4
:10C6E000BDE8F081D4F90308F6F90308B0F5803FFE
:10C6F000034636BF030400201020B3F1807F3CBF07
:10C700001B020830B3F1805F3CBF1B010430B3F162
:10C71000804F3CBF9B000230002B05DB13F0804FA5
:10C7200000F1010008BF202070470368024613F0A3
:10C7300007000BD0D90721D4980749BF5B089B0895
:10C74000012013605CBF13600220704799B209B9E1
:10C750001B0C1020D9B209B908301B0A190704BFF5
:10C760001B090430990704BF9B080230D90703D482
:10C770005B0800F1010003D0136070470020704790
:10C780002020704710B50C460121FFF707FF024635
:10C7900028B9054B054840F24511FDF791FE0123EC
:10C7A0004461036110BD00BFD4F90308F6F9030822
:10C7B0002DE9F04F17460A693B699A42A8BF3B46EC
:10C7C0008946A4BF0F4699463D69D9F810A0BB68B9
:10C7D000796805EB0A06B34285B0B8BF0131FFF7AF
:10C7E000DDFE30B90246414B41484FF4B171FDF7CF
:10C7F00067FE00F1140404EB860E23460022734505
:10C8000020D307F1140809F1140108EB850501EBA9
:10C810008A030293EB1B153B23F003030433153704
:10C82000BD4238BF04230193029B03918B420CD875
:10C83000002E03DD5EF8043D002B55D0066105B0E7
:10C84000BDE8F08F43F8042BD9E7B1F800A0BAF1A6
:10C85000000F1FD0C446A14600275CF8042BD9F86E
:10C8600000301FFA82FB9BB20AFB0B333B44D9F822
:10C870000070120C3F0C0AFB027202EB13429BB2D7
:10C8800043EA0243654549F8043B4FEA1247E4D8BE
:10C89000019BE750039BB3F802900431B9F1000FFC
:10C8A00020D023684746A4464FF0000AB7F800B0EE
:10C8B000BCF8022009FB0B2252449BB243EA02431C
:10C8C0004CF8043B57F8043B4FEA134ABCF80030DD
:10C8D00009FB0A3303EB1243BD424FEA134AE5D882
:10C8E000019AA35004349FE7013EA1E7D4F903085D
:10C8F000F6F903082DE9F843154612F0030207463E
:10C900000E4607D0254C013A002354F82220FFF7A9
:10C91000A7FE0646AD103DD0FC697CB91020FEF79D
:10C9200095F80246F86128B91D4B1E4840F2B31134
:10C93000FDF7C6FDC0E901440460C460D7F81C805F
:10C94000D8F808404CB940F271213846FFF71AFF79
:10C950000023C8F80800044603604FF00009EB0705
:10C960000AD5314622463846FFF722FF3146804637
:10C970003846FFF753FE46466D100BD0206838B995
:10C98000224621463846FFF713FF2060C0F800908A
:10C990000446E4E73046BDE8F88300BF5CFA0308CC
:10C9A00065F90308F6F903082DE9F0470C464968D4
:10C9B000236903EB6218A368074691464FEA621A9F
:10C9C00008F10106B3420BDB3846FFF7E7FD0546E9
:10C9D00048B90246284B29484FF4EF71FDF770FD26
:10C9E00001315B00EEE7002300F1140100F11002B9
:10C9F0001846534533DB20692AEAEA7A04F1140326
:10CA000019F01F0901EB8A0103EB800C2BD0C9F14F
:10CA1000200E8A460022186800FA09F010434AF8EE
:10CA2000040B53F8042B9C4522FA0EF2F3D8ACEB1E
:10CA30000403153B23F00303043304F115006045A0
:10CA400088BF0423CA500AB108F10206013E3846E5
:10CA50002E612146FFF7E2FD2846BDE8F08742F847
:10CA6000040F0133C5E7043953F8042B41F8042FB0
:10CA70009C45F9D8EAE700BFD4F90308F6F90308A2
:10CA80000A6903460069801A30B50ED11433143197
:10CA900003EB820401EB820154F8045D51F8042D8C
:10CAA000954203D005D24FF0FF3030BDA342F3D3FF
:10CAB000FBE70120F9E700002DE9F74F894606461C
:10CAC000114648461446FFF7DBFF051E12D12946E2
:10CAD0003046FFF763FD024628B93F4B40F237214D
:10CAE0003E48FDF7EDFC0123C0E90435104603B0D4
:10CAF000BDE8F08FBCBF4B46A1463046D9F80410C4
:10CB0000BABF1C4601250025FFF748FD024618B9AB
:10CB1000314B40F24521E3E7D9F810702669C56032
:10CB200009F1100309F1140504F1140E00F1140BBE
:10CB300005EB87080EEB86060193D9464FF0000CF3
:10CB4000019B5EF8040B53F804AF01931FFA8AF3BC
:10CB5000194683B2CB1A000C6344C0EB1A4000EBB9
:10CB600023409BB243EA0043764549F8043B4FEA31
:10CB7000204CE5D8331B153B23F003031534043355
:10CB8000A64238BF04231D445B441E462C46444540
:10CB90000ED308F10301491B21F00301033DA84511
:10CBA00038BF00210B4453F8041D91B117619DE774
:10CBB00054F8041BE646080C1CFA81FC714400EB97
:10CBC0002C4089B241EA004146F8041B4FEA204C50
:10CBD000DDE7013FE7E700BFD4F90308F6F90308F2
:10CBE0002DE9F7430F46012159EC108B1646FFF74C
:10CBF000D5FC044630B90246234B244840F20F319D
:10CC0000FDF75EFCC9F30A55C9F313030DB143F4F4
:10CC100080130193B8F1000323D068460093FFF717
:10CC200084FDDDE90012D0B1C0F1200302FA03F364
:10CC30000B43C24063610192019BA361002B0CBFB7
:10CC4000012202222261A5B1A5F2334505443D60CF
:10CC5000C0F135003060204603B0BDE8F08361616B
:10CC6000EAE701A8FFF761FD019B63612030012223
:10CC7000E8E704EB8203A0F2324038601869FFF75E
:10CC800035FDC0EB4210E5E7D4F90308F6F90308D7
:10CC900010B50C46B1F90E1000F0B4F90028ABBF86
:10CCA000636DA3891B1823F48053ACBF6365A38114
:10CCB00010BD2DE9F0411F468B89DB0505460C466A
:10CCC000164605D5B1F90E100223002200F088F9AE
:10CCD000A389B4F90E1023F48053A38132463B4656
:10CCE0002846BDE8F04100F0B3B910B50C46B1F9E3
:10CCF0000E1000F075F9431CA38915BF606523F47D
:10CD0000805343F48053A38118BFA38110BDB1F9B0
:10CD10000E1000F0AFB92DE9F041074614460D465C
:10CD200021B9BDE8F0411146FDF7C2BE2AB9FFF7AF
:10CD3000A5F825462846BDE8F08100F0E3F98442D5
:10CD4000064602D8B4EB500FF4D821463846FDF71A
:10CD5000AFFE804608B94546ECE7B4422246294674
:10CD600028BF3246FEF78EFA29463846FFF786F886
:10CD7000F1E7F8B50E461446054618B1036A0BB93B
:10CD8000FEF73AF9A369A360A3891A0701D52369BD
:10CD900043B92146284600F02BF818B14FF0FF3771
:10CDA0003846F8BD23682269981A6369F6B283424F
:10CDB000374605DC21462846FFF7C8FB0028EDD1A1
:10CDC000A368013BA36023685A1C22601E7062693D
:10CDD000431C9A4204D0A389DB07E1D50A2EDFD198
:10CDE00021462846FFF7B2FB0028D9D0D6E700003D
:10CDF00038B5294B054618680C4618B1036A0BB9BB
:10CE0000FEF7FAF8B4F90C30190722D4DA0607D481
:10CE100009222A6043F04003A3814FF0FF3033E042
:10CE2000580712D5616B41B104F14403994202D015
:10CE30002846FFF723F800236363A38923F0240324
:10CE4000A3810023636023692360A38943F008035F
:10CE5000A38123694BB9A38903F42073B3F5007F41
:10CE600003D02146284600F03FF8B4F90C3013F007
:10CE700001020AD00022A26062695242A2612269C4
:10CE800042B913F08000C5D138BD990758BF626917
:10CE9000A260F4E70020F7E73400002470B50C46E8
:10CEA000B1F90E10002996B015461E460DDAA38979
:10CEB00013F0800F4FF0000114BF40234FF4806344
:10CEC000002031602B6016B070BD6A4600F0E2F8B9
:10CED0000028ECDB019901F47041A1F5005359429F
:10CEE00059414FF48063EBE78B89F7B59D07064600
:10CEF0000C4607D504F147032360236101236361D6
:10CF000003B0F0BD01AB6A46FFF7C8FF009F0546BE
:10CF100039463046FDF7CCFD48B9B4F90C309A05D6
:10CF2000EED423F0030343F00203A381E2E7A389D5
:10CF3000206043F08003A381019BC4E904075BB137
:10CF4000B4F90E10304600F03BF828B1A38923F065
:10CF5000030343F00103A381A3891D43A581CFE708
:10CF60001F2938B505460C4604D9162303604FF037
:10CF7000FF3038BDC26B12B152F821304BB9284690
:10CF800000F064F8224601462846BDE8384000F02B
:10CF90004BB8012B0AD0591C03D116230360012082
:10CFA000E7E7002142F82410204698470020E0E7F8
:10CFB000024B01461868FFF7D3BF00BF34000024BE
:10CFC00038B5064D0023044608462B60C5F73AF9EC
:10CFD000431C02D12B6803B1236038BD2490022486
:10CFE00038B5074D04460846114600222A601A4605
:10CFF000C5F733F9431C02D12B6803B1236038BD58
:10D000002490022438B5074D0446084611460022F4
:10D010002A601A46C5F7C1F8431C02D12B6803B138
:10D02000236038BD2490022438B5074D0023044600
:10D03000084611462B60C5F795F8431C02D12B68B2
:10D0400003B1236038BD00BF24900224C5F782B825
:10D0500038B5074D04460846114600222A601A4694
:10D06000C5F7B8F8431C02D12B6803B1236038BD63
:10D070002490022438B5064D0023044608462B6050
:10D08000C5F7C4F8431C02D12B6803B1236038BD37
:10D090002490022438B5074D002304460846114663
:10D0A0002B60C5F7BFF8431C02D12B6803B1236086
:10D0B00038BD00BF2490022470B5A1FB025434B9DE
:10D0C0002946FDF7F5FC064628B9304670BD0C220E
:10D0D00002600026F9E72A462146FEF72BF8F4E71E
:10D0E00082B001B901A942B14BB113780B6012783B
:10D0F000101E18BF012002B070471046FBE76FF00A
:10D100000100F8E751F8043C181F002BBCBF0B5876
:10D11000C01870470346084641B1FF2A04D98A2245
:10D120001A604FF0FF3070470A700120704700000E
:10D13000F8B500BFF8BC08BC9E467047F8B500BF04
:10D14000F8BC08BC9E46704764656661756C745493
:10D1500061736B006D7954696D6572303200000047
:10D1600000000000000000000000000000000000BF
:10D1700000000000010000000200000003000000A9
:10D180000400000000000000050000000000000096
:10D190000000000000000000060000000000000089
:10D1A00000000000000000000700000049444C455A
:10D1B00000000000546D722053766300546D72516C
:10D1C0000000000057616974696E6720666F722005
:10D1D0007472616A6563746F72792077697468200C
:10D1E00025642073746570730000000057616974D2
:10D1F000696E6720666F7220706174682077697449
:10D200006820256420706F696E7473005350492044
:10D21000436F6D6D616E642048656164657220774F
:10D22000726F6E673A2025642C2025642C202564BB
:10D230002C2025640000000062696C626F5F7561DC
:10D2400072745F636F6D6D5F7461736B00000000DB
:10D2500043616E6E6F7420736574206D6F6465201A
:10D26000746F202564207768696C65206472697624
:10D270006520697320696E206572726F7220737405
:10D280006174652E205469636B3A202564000000A8
:10D29000536574206D6F646520746F204449524556
:10D2A00043542E205469636B3A202564000000002B
:10D2B00043616E6E6F7420736574206D6F646520BA
:10D2C000746F2056454C4F434954592066726F6D18
:10D2D000204F46462E20506C656173652073776938
:10D2E00074636820746F2042414C414E43494E475D
:10D2F000206F7220504F534954494F4E2066697237
:10D3000073742E205469636B3A202564000000007A
:10D3100043616E6E6F7420736574206D6F64652059
:10D32000746F20504F534954494F4E2066726F6DB1
:10D33000204F46462E20506C6561736520737769D7
:10D3400074636820746F2042414C414E43494E47FC
:10D35000206F722056454C4F4349545920666972DC
:10D3600073742E205469636B3A202564000000001A
:10D3700050534920636F6E74726F6C20656E6162EA
:10D380006C65642E205469636B3A202564000000AC
:10D3900050534920636F6E74726F6C2064697361BF
:10D3A000626C65642E205469636B3A20256400002A
:10D3B00043616E6E6F7420737461727420706F734A
:10D3C0006974696F6E2070617468207768656E207B
:10D3D0006E6F7420696E20504F534954494F4E2050
:10D3E0006D6F64650000000043616E6E6F742074A1
:10D3F00075726E20746F2068656164696E6720774E
:10D4000068656E206E6F7420696E20504F534954CA
:10D41000494F4E206D6F64650000000043616E6EE1
:10D420006F74206D6F766520746F20706F696E74F5
:10D43000207768656E206E6F7420696E20504F53A0
:10D440004954494F4E206D6F646500005350492088
:10D45000706174682072656365697665643A202539
:10D460006420706F696E747300000000504154486E
:10D470002053544152543A202564207074732C2058
:10D4800025642073746F70732C206D61785F7370E6
:10D490006565643D252E32662C206D61785F737062
:10D4A0006163696E673D252E33662C20746F74614D
:10D4B0006C5F6C656E3D252E326600002020535453
:10D4C0004F505B25645D203D20696E6465782025A2
:10D4D000642028252E32662C20252E326629000055
:10D4E0005041544820454E443A2070726F673D25A4
:10D4F0002E31662F25642C20646973743D252E33EC
:10D50000662C20746F6C3D252E33662C206E656171
:10D51000723D25642C20765F7467743D252E32663B
:10D520002C20765F636D643D252E3266000000007E
:10D53000504154482046494E49534845443A20708A
:10D54000726F67726573733D252E31662C206C6196
:10D5500073745F70745F646973743D252E33660065
:10D5600053544F5020524541434845443A20737428
:10D570006F705B25645D206964783D25642C2070A4
:10D58000726F67726573733D252E31662C20646956
:10D5900073743D252E33660053544F5020434F4D36
:10D5A000504C455445443A2073746F705B25645D5C
:10D5B000206964783D25642C206477656C6C3D257A
:10D5C0002E326673000000004F6666005265736578
:10D5D0007400000053687574646F776E000000007B
:10D5E000517569636B73746F700000004669726DEA
:10D5F000776172650000000050574D004672656506
:10D60000776865656C000000506F736974696F6EB0
:10D6100000000000506F736974696F6E52616D7025
:10D62000000000005370656564000000537065657C
:10D630006452616D7000000053706565644C6F77D3
:10D640000000000053706565644C6F7752616D7027
:10D6500000000000546F72717565000042656570CE
:10D6600000000000486F6D696E670000436F6767D8
:10D67000696E6700556E6B6E6F776E0064726976C7
:10D6800065000000447269766520726573657420D8
:10D6900072657175657374656420627574206E6F50
:10D6A0007420696E206572726F7220737461746584
:10D6B000000000004472697665207265736574200D
:10D6C0007375636365737366756C20287469636B27
:10D6D00020256C752900000044726976652072650A
:10D6E000736574206661696C6564202874696D6572
:10D6F0006F7574206F72206D6F746F722072657316
:10D7000074617274206661696C65642900000000B0
:10D710004D6F746F72206C656674206D6F64652048
:10D720006368616E6765643A202573202D3E20256D
:10D73000730000004D6F746F722072696768742007
:10D740006D6F6465206368616E6765643A20257358
:10D75000202D3E20257300004D6F746F7220636F83
:10D760006D6D206572726F722028617474656D70C2
:10D770007420256C752F2564290000004D6F746F8F
:10D780007220636F6D6D206661696C65642025642D
:10D7900020636F6E73656375746976652074696D57
:10D7A00065732C20656E746572696E672065727290
:10D7B0006F722073746174650000000044726976B2
:10D7C00065207265736574206661696C65643A20D2
:10D7D0006D6F746F7220726573746172742066610C
:10D7E000696C656420696E207461736B00000000D1
:10D7F000657374696D6174696F6E00000B200001C0
:10D800000A200800040202006669726D7761726581
:10D8100000000000636F6E74726F6C000200000005
:10D820000000003F0A0000004669726D7761726572
:10D830002073746174653A2025642C205469636BED
:10D840003A202564000000004C6F6F702074696DF1
:10D8500065206578636565646564202564206D7363
:10D860002E2053687574646F776E00004572726F76
:10D870007220647572696E6720696E697469616C83
:10D88000697A6174696F6E004572726F7220647597
:10D8900072696E67207374617274696E670000004C
:10D8A00003030300000606000500050073616665BA
:10D8B000747900004D617820776865656C2073701D
:10D8C0006565642064657465637465642E20456DC8
:10D8D000657267656E63792053746F702E00000067
:10D8E0004D616E75616C2053746F70005365717576
:10D8F000656E6365202564206973206375727265A7
:10D900006E746C792072756E6E696E672E2043613D
:10D910006E6E6F742073746172742061206E65770F
:10D920002073657175656E636500000043616E6EFE
:10D930006F742073746172742073657175656E63A2
:10D94000652025642E204E6F7420726563656976AC
:10D950006564000043616E6E6F742073746172744D
:10D960002073657175656E63652025642E204F7484
:10D970006865722073657175656E6365206C6F6193
:10D980006465643A2025640043616E6E6F74207391
:10D99000746172742073657175656E6365202564AA
:10D9A0002E2057726F6E6720636F6E74726F6C20DB
:10D9B0006D6F64653A20256420285265717569721F
:10D9C00065643A2025642900517565756564207386
:10D9D00074617274206F662073657175656E63651E
:10D9E000202564206174207469636B20256C752088
:10D9F0002877696C6C207374617274206F6E2031AB
:10DA00003020487A206772696429000043616E6E95
:10DA10006F742073746172742073657175656E63C1
:10DA2000652025642E2053657175656E63652064DD
:10DA3000617461206E6F74206C6F616465640000B6
:10DA400053746172742053657175656E636520252A
:10DA5000642077697468206C656E6774682025643B
:10DA60002028616C69676E6564207374617274202C
:10DA70006174207469636B20256C752900000000B7
:10DA800053657175656E6365202564206861732038
:10DA90006265656E2061626F7274656400000000EB
:10DAA00053657175656E63652025642066696E69CE
:10DAB00073686564000000004C6F616420736571D9
:10DAC00075656E63652025642077697468206C65D0
:10DAD0006E6774682025640053657175656E6365B3
:10DAE0002025642063757272656E746C792072757E
:10DAF0006E6E696E672E2043616E6E6F74206C6F60
:10DB00006164206E65772073657175656E6365006D
:10DB100053657175656E6365206E6565647320611C
:10DB20006E206964656E74696669657220213D20A6
:10DB30003000000053657175656E636520256420B3
:10DB4000746F6F206C6F6E673A2025642073616D6F
:10DB5000706C657320282564206D617829000000B1
:10DB600053657175656E6365207769746820636FAE
:10DB70006E74726F6C206D6F64652025642069730C
:10DB8000206E6F742079657420737570706F727475
:10DB900065640000000000000100000000000000BB
:10DBA00001000000526563656976656420736571E4
:10DBB00075656E6365206F66206C656E677468209E
:10DBC00025642C2062757420646964206E6F742053
:10DBD0007761697420666F72206F6E652E00000099
:10DBE00053657175656E63652025642068617320D7
:10DBF000616C7265616479206265656E206C6F612D
:10DC00006465640043414E5F5461736B0000000023
:10DC10005461736B4D6F646275734D61737465729B
:10DC2000000000004D6F644275735370687200000D
:10DC30007854696D657254696D656F757400000084
:10DC400054696D6572543335000000005473203EF2
:10DC500020300000737461746963207671665F72AE
:10DC600065616C5F742042617369635651463A3A4C
:10DC70006761696E46726F6D546175287671665F73
:10DC80007265616C5F742C207671665F7265616C81
:10DC90005F7429002F55736572732F6C65686D6111
:10DCA0006E6E2F53656166696C652F776F726B2F8F
:10DCB00070726F6A656374732F62696C626F6C61F6
:10DCC000622F6C69627261726965732F736F66741B
:10DCD000776172652F6370702F73746D33322F7399
:10DCE000746D33325F636F72655F6370705F6C6910
:10DCF000622F657374696D6174696F6E2F626173F1
:10DD000069637671662E637070000000746175201F
:10DD10003E20300073746174696320766F696420FB
:10DD200042617369635651463A3A66696C7465722A
:10DD3000436F65666673287671665F7265616C5FB6
:10DD4000742C207671665F7265616C5F742C206440
:10DD50006F75626C652A2C20646F75626C652A2968
:10DD6000000000004E3E3D320000000073746174FC
:10DD7000696320766F696420426173696356514616
:10DD80003A3A66696C74657256656328636F6E73A0
:10DD900074207671665F7265616C5F742A2C2073E3
:10DDA000697A655F742C207671665F7265616C5F5D
:10DDB000742C207671665F7265616C5F742C2063D1
:10DDC0006F6E737420646F75626C652A2C20636FAC
:10DDD0006E737420646F75626C652A2C20646F7595
:10DDE000626C652A2C207671665F7265616C5F7467
:10DDF0002A290000636F656666732E677972547313
:10DE0000203E203000000000766F6964204261737C
:10DE100069635651463A3A73657475702829000053
:10DE2000636F656666732E6163635473203E2030B2
:10DE300000000000636F656666732E6D6167547342
:10DE4000203E20300000000048D103080000000000
:10DE500000000000000000000000000000020000C0
:10DE600018000000000000000000000054D103086A
:10DE700000000000000000000000000000000000A2
:10DE80000102030401020304060708090006101634
:10DE9000000610160001020304050607080C101402
:10DEA00018203040010002000400060008000A00AB
:10DEB0000C0010002000400080000001010101035F
:10DEC000070100000804020408010101000000002D
:10DED000000000008D740108D16D0108516E010829
:10DEE000B5740108FF6D01082D6F0108876E0108E8
:10DEF000D76E010800000000000000002162010848
:10DF000045620108ED7401080000000000000000F7
:10DF10003D600108516001080000000000000000A1
:10DF200000000000000000000000000000000000F1
:10DF3000000000003D600108516001080000000081
:10DF40000000000097600108B1600108CB60010883
:10DF5000FD600108316101084B6101086961010838
:10DF600083610108000000000000000067600108F4
:10DF70005160010800000000000000003D60010841
:10DF80005160010838D203080000000000000000C2
:10DF90000000000000000000000800001800000061
:10DFA0000000000000000000000000000000000071
:10DFB0004D870108ED910108119201080000000051
:10DFC000000000002F920108AD920108000000003F
:10DFD00000000000397C01084D7C0108637C0108C9
:10DFE0000000000000000000E17B0108F97B01084F
:10DFF000000000000000000019A401083DA4010871
:10E000007DB9010800000000000000003D6001082B
:10E010005160010800000000000000003D600108A0
:10E020005160010800000000000000000DED010833
:10E0300031ED010899FD010800000000000000001A
:10E040003D60010851600108000000000000000070
:10E050003D600108516001087CD603080000000003
:10E06000000000000000000000000000401F000051
:10E070001800000000000000000000000000000088
:10E08000000000006105020885050208350E02083F
:10E090000000000000000000000000000000000080
:10E0A0000000000000000000000000000000000070
:10E0B0000000000000000000000000000000000060
:10E0C0000000000000000000000000007B0E0208BD
:10E0D0008F0E0208A50E0208BB0E02080000000009
:10E0E00000000000291B02084D1B0208271002082F
:10E0F000311202086F120208FB140208D91202083A
:10E10000211602083916020849130208B114020840
:10E11000D914020841150208ED1A0208B1170208C5
:10E12000951A0208B31A020800000000000000005F
:10E13000D51B0208F91B0208ED1D0208F0D70308E1
:10E1400000000000000000000000000000000000CF
:10E150000014000018000000000000000000000093
:10E1600008D80308000000000000000000000000C4
:10E1700000000000007D000018000000000000000A
:10E180000000000014D80308000000000000000098
:10E190000000000000000000803E000018000000A9
:10E1A000000000000000000000000000000000006F
:10E1B000CDBF0208E3BF020805440208F9BF020808
:10E1C00087C00208CFC002081DC10208000000007D
:10E1D000000000003D6001085160010800000000DF
:10E1E0000000000037C102084DC1020805440208C2
:10E1F00063C10208E5C102082DC202087BC2020801
:10E2000000000000000000003D60010851600108AE
:10E21000000000000000000095C20208ABC2020826
:10E2200005440208C1C2020855C302089DC3020882
:10E23000EBC3020800000000000000003D60010880
:10E2400051600108000000000000000005C4020841
:10E250001BC402080544020831C402083344020802
:10E2600087C40208D3C402080000000000000000B8
:10E270003D6001085160010800000000000000003E
:10E28000EBC4020801C502080544020817C50208CC
:10E29000334402086DC50208BBC502080000000037
:10E2A000000000003D60010851600108000000000E
:10E2B00000000000D5C50208EBC5020805440208AD
:10E2C00001C602083344020857C60208A3C6020862
:10E2D00000000000000000003D60010851600108DE
:10E2E0000000000000000000BBC60208D1C6020802
:10E2F00005440208E7C6020869C70208B1C7020858
:10E30000FFC7020800000000000000003D60010897
:10E3100051600108000000000000000019C8020858
:10E320002FC802080544020845C80208D1C80208DF
:10E3300017C9020863C902080000000000000000BD
:10E340003D6001085160010800000000000000006D
:10E350007BC9020891C9020805440208A7C902083E
:10E3600033440208FDC902084BCA0208000000003D
:10E37000000000003D60010851600108000000003D
:10E380000000000065CA02087BCA020805440208B2
:10E3900091CA020825CB02086DCB0208BBCB02084C
:10E3A00000000000000000003D600108516001080D
:10E3B0000000000000000000D5CB0208EBCB0208F3
:10E3C0000544020801CC02085BCC0208494402085B
:10E3D000A1CC020800000000000000003D60010820
:10E3E000516001080000000000000000B9CC0208E4
:10E3F000CFCC020805440208E5CC02085BCD020838
:10E4000049440208A3CD02080000000000000000FB
:10E410003D6001085160010800000000000000009C
:10E42000BDCD0208D3CD020805440208E9CD02089B
:10E43000334402083FCE02088DCE020800000000DF
:10E44000000000003D60010851600108000000006C
:10E4500000000000A7CE0208BDCE02080544020855
:10E46000D3CE020829CF0208494402086FCF020820
:10E4700000000000000000003D600108516001083C
:10E48000000000000000000087CF02089DCF0208B6
:10E4900005440208B3CF02083344020809D0020839
:10E4A00055D0020800000000000000003D60010897
:10E4B0005160010800000000000000006DD002085B
:10E4C00083D002080544020899D00208EFD0020860
:10E4D0004944020835D10208000000000000000095
:10E4E0003D600108516001080000000000000000CC
:10E4F0004DD1020863D102080544020879D102080F
:10E5000033440208CFD102081BD2020800000000E9
:10E51000000000003D60010851600108000000009B
:10E520000000000033D2020849D202080544020864
:10E530005FD20208B5D2020849440208FBD20208A1
:10E5400000000000000000003D600108516001086B
:10E55000000000000000000013D3020829D30208C5
:10E56000054402083FD302083344020895D3020849
:10E57000E1D3020800000000000000003D60010837
:10E58000516001080000000000000000F9D30208FB
:10E590000FD402080544020825D4020893D40208C7
:10E5A00049440208D9D4020800000000000000001D
:10E5B0003D600108516001080000000000000000FB
:10E5C000F1D4020807D50208054402081DD5020847
:10E5D0009BD50208E1D502082DD6020800000000F4
:10E5E000000000003D6001085160010800000000CB
:10E5F0000000000045D602085BD602080544020868
:10E6000071D6020833440208C7D6020813D702089D
:10E6100000000000000000003D600108516001089A
:10E6200000000000000000002BD7020841D70208BC
:10E630000544020857D70208E7D702082DD8020878
:10E6400079D8020800000000000000003D600108C9
:10E6500051600108000000000000000091D802088D
:10E66000A7D8020805440208BDD802084BD9020801
:10E6700093D90208E1D90208000000000000000060
:10E680003D6001085160010800000000000000002A
:10E69000FBD9020811DA02080544020827DA020849
:10E6A000A5DA0208EBDA020837DB020800000000F6
:10E6B000000000003D6001085160010800000000FA
:10E6C000000000004FDB020865DB02080544020879
:10E6D0007BDB020801DC020847DC020893DC02084D
:10E6E00000000000000000003D60010851600108CA
:10E6F0000000000000000000ABDC0208C1DC0208E2
:10E7000005440208D7DC020865DD0208ADDD020819
:10E71000FBDD020800000000000000003D60010871
:10E7200051600108000000000000000015DE020832
:10E730002BDE02080544020841DE0208CFDE020893
:10E7400017DF020865DF020800000000000000007B
:10E750003D60010851600108000000000000000059
:10E760007FDF020895DF020805440208ABDF0208DC
:10E7700047E002088FE00208DDE002080000000028
:10E78000000000003D600108516001080000000029
:10E7900000000000F7E002080DE10208054402084D
:10E7A00023E10208BFE1020807E2020855E202087D
:10E7B00000000000000000003D60010851600108F9
:10E7C00000000000000000006FE2020885E202087D
:10E7D000054402089BE2020821E3020867E30208FD
:10E7E000B3E3020800000000000000003D600108E3
:10E7F000516001080000000000000000CBE30208A7
:10E80000E1E3020805440208F9E302083344020880
:10E8100035E402087DE4020800000000000000006A
:10E820003D60010851600108000000000000000088
:10E8300097E40208ADE4020805440208C3E40208B4
:10E840004FE5020895E50208E1E502080000000036
:10E85000000000003D600108516001080000000058
:10E8600000000000F9E502080FE60208054402086E
:10E8700025E60208B1E60208F7E6020843E70208C7
:10E8800000000000000000003D6001085160010828
:10E8900000000000000000005BE7020871E70208CA
:10E8A0000544020887E7020807E802084FE8020863
:10E8B0009DE8020800000000000000003D60010823
:10E8C000516001080000000000000000B7E80208E5
:10E8D000CDE8020805440208E3E8020861E90208FD
:10E8E000A7E90208F3E902080000000000000000A8
:10E8F0003D600108516001080000000000000000B8
:10E900000BEA020821EA02080544020837EA020875
:10E91000334402088DEA0208D9EA02080000000028
:10E92000000000003D600108516001080000000087
:10E9300000000000F1EA020807EB020805440208A3
:10E940001DEB02083344020873EB0208BFEB020818
:10E9500000000000000000003D6001085160010857
:10E960000000000000000000D7EB0208EDEB0208F9
:10E970000544020803EC02087FEC0208C5EC02081B
:10E9800011ED020800000000000000003D600108D9
:10E9900051600108000000000000000029ED02089D
:10E9A0003FED02080544020855ED0208E9ED0208B2
:10E9B0004944020831EE0208000000000000000097
:10E9C0003D600108516001080000000000000000E7
:10E9D0004BEE020861EE02080544020877EE0208D9
:10E9E000E1EE02084944020827EF02080000000097
:10E9F000000000003D6001085160010800000000B7
:10EA0000000000003FEF020855EF0208054402082D
:10EA10006BEF0208C3EF02084944020809F002083C
:10EA200000000000000000003D6001085160010886
:10EA3000000000000000000021F0020837F002088A
:10EA4000054402084DF0020833440208A3F002080E
:10EA5000EFF0020800000000000000003D60010827
:10EA600051600108000000000000000007F10208EA
:10EA70001DF102080544020833F10208334402087C
:10EA800089F10208D5F10208000000000000000032
:10EA90003D60010851600108000000000000000016
:10EAA000EDF1020803F202080544020819F2020817
:10EAB000334402086FF20208BBF2020800000000B3
:10EAC000000000003D6001085160010800000000E6
:10EAD00000000000D3F20208E9F20208054402082F
:10EAE000FFF202083344020855F30208A1F30208BA
:10EAF00000000000000000003D60010851600108B6
:10EB00000000000000000000374502084D450208E3
:10EB1000F14402080B450208334402084944020844
:10EB2000634502080000000000000000D94302080D
:10EB3000EF4302080544020819440208334402085E
:10EB40004944020861440208ACD8030800000000F0
:10EB500000000000000000000000000000100000A5
:10EB6000180000000000000000000000000000008D
:10EB700000000000B51E0308D91E03082129030860
:10EB800000000000000000003D6001085160010825
:10EB900010DC03080000000000000000000000007E
:10EBA0000000000010100000120000000000000033
:10EBB0000000000024DC030800000000000000004A
:10EBC000000000000102030405060F100000000011
:10EBD000000000000000F03F748515D3B0D9EF3F6E
:10EBE0000F89F96C58B5EF3F515B12D00193EF3F9D
:10EBF0007B517D3CB872EF3FAAB968318754EF3F33
:10EC00003862756E7A38EF3FE1DE1FF59D1EEF3FEB
:10EC100015B7310AFE06EF3FCBA93A37A7F1EE3F11
:10EC20002234124CA6DEEE3F2D89616008CEEE3F05
:10EC3000272A36D5DABFEE3F824F9D562BB4EE3FE2
:10EC4000295448DD07ABEE3F85553AB07EA4EE3F30
:10EC5000CD3B7F669EA0EE3F745FECE8759FEE3F74
:10EC60008701EB7314A1EE3F13CE4C9989A5EE3FBB
:10EC7000DBA02A42E5ACEE3FE5C5CDB037B7EE3FAD
:10EC800090F0A38291C4EE3F5D253EB203D5EE3FE6
:10EC9000ADD35A999FE8EE3F475EFBF276FFEE3F19
:10ECA0009C5285DD9B19EF3F6990EFDC2037EF3FE9
:10ECB00087A4FBDC1858EF3F5F9B7B33977CEF3FCB
:10ECC000DA90A4A2AFA4EF3F40456E5B76D0EF3F51
:10ECD000000000000000E8429423914BF86AAC3F2A
:10ECE000F3C4FA50CEBFCE3FD6520CFF422EE63FC1
:10ECF0000000000000003843FE822B6547154740A6
:10ED00009423914BF86ABC3EF3C4FA50CEBF2E3F19
:10ED1000D6520CFF422E963FFE822B654715674068
:10ED200000000000000038430000FAFE422E76BFCB
:10ED30003A3B9EBC9AF70CBDBDFDFFFFFFFFDF3FD6
:10ED40003C5455555555C53F912B17CF5555A53FAB
:10ED500017D0A4671111813F000000000000C842D5
:10ED6000EF39FAFE422EE63F24C482FFBDBFCE3FFC
:10ED7000B5F40CD7086BAC3FCC5046D2ABB2833F56
:10ED8000843A4E9BE0D7553F000000000000000091
:10ED9000000000000000F03F6EBF881A4F3B9B3C14
:10EDA0003533FBA93DF6EF3F5DDCD89C136071BCA9
:10EDB0006180773E9AECEF3FD16687107A5E90BC17
:10EDC000857F6EE815E3EF3F13F6673552D28C3C32
:10EDD000748515D3B0D9EF3FFA8EF92380CE8BBC62
:10EDE000DEF6DD296BD0EF3F61C8E6614EF7603C8F
:10EDF000C89B751845C7EF3F99D3335BE4A3903C9C
:10EE000083F3C6CA3EBEEF3F6D7B835DA69A973CF7
:10EE10000F89F96C58B5EF3FFCEFFD921AB58E3CA7
:10EE2000F747722B92ACEF3FD19C2F703DBE3E3C1A
:10EE3000A2D1D332ECA3EF3F0B6E908934036ABCAE
:10EE40001BD3FEAF669BEF3F0EBD2F2A525695BCDB
:10EE5000515B12D00193EF3F55EA4E8CEF8050BCCE
:10EE6000CC316CC0BD8AEF3F16F4D5B923C991BC33
:10EE7000E02DA9AE9A82EF3FAF555CE9E3D3803C29
:10EE8000518EA5C8987AEF3F4893A5EA151B80BC20
:10EE90007B517D3CB872EF3F3D32DE55F01F8FBC99
:10EEA000EA8D8C38F96AEF3FBF53133F8C898B3C56
:10EEB00075CB6FEB5B63EF3F26EB11769CD996BC6D
:10EEC000D45C0484E05BEF3F602F3A3EF7EC9A3C61
:10EED000AAB968318754EF3F9D3886CB82E78FBC53
:10EEE0001DD9FC22504DEF3F8DC3A644416F8A3C93
:10EEF000D68C62883B46EF3F7D04E4B0057A803CC7
:10EF000096DC7D91493FEF3F94A8A8E3FD8E963CA7
:10EF10003862756E7A38EF3F7D4874F2185E873C30
:10EF20003FA6B24FCE31EF3FF2E71F982B47803C10
:10EF3000DD7CE265452BEF3F5E08713F7BB896BCF8
:10EF40008163F5E1DF24EF3F31AB096DE1F7823CEE
:10EF5000E1DE1FF59D1EEF3FFABF6F1A9B213DBCFE
:10EF600090D9DAD07F18EF3FB40A0C7282378B3C0D
:10EF70000B03E4A68512EF3F8FCBCE8992146E3C33
:10EF8000562F3EA9AF0CEF3FB6ABB04D754D833C4D
:10EF900015B7310AFE06EF3F4C74ACE20142863CE5
:10EFA00031D84CFC7001EF3F4AF8D35D39DD8F3C1E
:10EFB000FF1664B208FCEE3F045B8E3B80A386BC68
:10EFC000F19F925FC5F6EE3F68504BCCED4A92BC84
:10EFD000CBA93A37A7F1EE3F8E2D511BF80799BC0C
:10EFE00066D8056DAEECEE3FD236943EE8D171BCEA
:10EFF000F79FE534DBE7EE3F151BCEB3191999BC3B
:10F00000E5A813C32DE3EE3F6D4C2AA7489F853C2E
:10F010002234124CA6DEEE3F8A69287A601293BC35
:10F020001C80AC0445DAEE3F5B8917488FA758BCBB
:10F030002A2EF7210AD6EE3F1B9A49679B2C7CBCEF
:10F0400097A850D9F5D1EE3F11ACC260ED63433CB7
:10F050002D89616008CEEE3FEF64063B0966963C61
:10F0600057001DED41CAEE3F7903A1DAE1CC6E3CB9
:10F07000D03CC1B5A2C6EE3F30120F3F8EFF933C8D
:10F08000DED3D7F02AC3EE3FB0AF7ABBCE90763C4A
:10F09000272A36D5DABFEE3F77E054EBBD1D933C0F
:10F0A0000DDDFD99B2BCEE3F8EA3710034948FBC90
:10F0B000A72C9D76B2B9EE3F49A393DCCCDE87BC8A
:10F0C0004266CFA2DAB6EE3F5F380FBDC6DE78BC2F
:10F0D000824F9D562BB4EE3FF65C7BEC461286BC0D
:10F0E0000F925DCAA4B1EE3F8ED7FD180535933C53
:10F0F000DA27B53647AFEE3F059B8A2FB7987B3CA2
:10F10000FDC797D412ADEE3F09541CE2E163903C79
:10F11000295448DD07ABEE3FEAC6195085C7343C99
:10F12000B746598A26A9EE3F35C0642BE632943C97
:10F130004821AD156FA7EE3F9F7699614AE48CBCDC
:10F1400009DC76B9E1A5EE3FA84DEF3BC5338CBC99
:10F1500085553AB07EA4EE3FAEE92B89785384BC46
:10F1600020C3CC3446A3EE3F58585678DDCE93BC2E
:10F170002522558238A2EE3F64197E80AA10573CA2
:10F1800073A94CD455A1EE3F28225EBFEFB393BCC8
:10F19000CD3B7F669EA0EE3F82B93487AD126ABC3C
:10F1A000BFDA0B7512A0EE3FEEA96DB8EF6763BC36
:10F1B0002F1A653CB29FEE3F5188E0543DDC80BC85
:10F1C000849451F97D9FEE3FCF3E5A7E641F78BCF8
:10F1D000745FECE8759FEE3FB07D8BC04AEE86BC55
:10F1E0007481A5489A9FEE3F8AE6551E321986BC67
:10F1F000C9674256EB9FEE3FD3D4095ECB9C903C4F
:10F200003F5DDE4F69A0EE3F1DA54DB9DC327BBCF2
:10F210008701EB7314A1EE3F6BC06754FDEC943C87
:10F2200032C13001EDA1EE3F556CD6ABE1EB653C50
:10F23000624ECF36F3A2EE3F42CFB32FC5A188BCBA
:10F24000121A3E5427A4EE3F34373BF1B66993BC03
:10F2500013CE4C9989A5EE3F1EFF193A845E80BCFF
:10F26000ADC723461AA7EE3F6E5772D850D494BC50
:10F27000ED92449BD9A8EE3F008A0E5B67AD903CAF
:10F2800099668AD9C7AAEE3FB4EAF0C12FB78D3C80
:10F29000DBA02A42E5ACEE3FFFE7C59C60B665BC4B
:10F2A0008C44B51632AFEE3F445FF35983F67B3C96
:10F2B00036771599AEB1EE3F833D1EA71F0993BC6B
:10F2C000C6FF910B5BB4EE3F291E6C8BB8A95DBCE9
:10F2D000E5C5CDB037B7EE3F59B9907CF9236CBC8A
:10F2E0000F52C8CB44BAEE3FAAF9F422434392BC72
:10F2F000504EDE9F82BDEE3F4B8E66D76CCA85BCFA
:10F30000BA07CA70F1C0EE3F27CE912BFCAF713C1B
:10F3100090F0A38291C4EE3FBB730AE135D26D3CFD
:10F320002323E31963C8EE3F6322622204C587BC2E
:10F3300065E55D7B66CCEE3FD531E2E3861C8B3C18
:10F34000332D4AEC9BD0EE3F15BBBCD3D1BB91BC57
:10F350005D253EB203D5EE3FD231EE9C31CC903CE0
:10F3600058B330139ED9EE3FB35A736E8469843C10
:10F37000BFFD79556BDEEE3FB49D8E97CDDF82BC2D
:10F380007AF3D3BF6BE3EE3F8733CB92771A8C3C93
:10F39000ADD35A999FE8EE3FFAD9D14A8F7B90BC02
:10F3A00066B68D2907EEEE3FBAAEDC56D9C355BC22
:10F3B000FB154FB8A2F3EE3F40F6A63D0EA490BC5D
:10F3C0003A59E58D72F9EE3F3493AD38F4D668BC06
:10F3D000475EFBF276FFEE3F358A586BE2EE91BC5A
:10F3E0004A06A130B005EF3FCDDD5F0AD7FF743C80
:10F3F000D2C14B901E0CEF3FAC9892FAFBBD91BC72
:10F40000091ED75BC212EF3FB30CAF30AE6E733C38
:10F410009C5285DD9B19EF3F94FD9F5C32E38E3C4F
:10F420007AD0FF5FAB20EF3FAC5909D18FE0843C2D
:10F430004BD1572EF127EF3F671A4E38AFCD633CC3
:10F44000B5E706946D2FEF3F6819926C2C6B673C03
:10F450006990EFDC2037EF3FD2B5CC83188A80BCAF
:10F46000FAC35D550B3FEF3F6FFAFF3F5DAD8FBCB9
:10F470007C89074A2D47EF3F49A97538AE0D90BCEE
:10F48000F2890D08874FEF3FA7073DA685A3743C7F
:10F4900087A4FBDC1858EF3F0F2240209E9182BCCE
:10F4A0009883C916E360EF3FAC92C1D5505A8E3CA9
:10F4B0008532DB03E669EF3F4B6B01AC593A843C84
:10F4C00060B401F32173EF3F1F3EB40721D582BC26
:10F4D0005F9B7B33977CEF3FC90D473BB92A89BCC3
:10F4E00029A1F5144686EF3FD3883A6004B6743CF0
:10F4F000F63F8BE72E90EF3F71729D51ECC5833C38
:10F50000834CC7FB519AEF3FF091D38F12F78FBC1A
:10F51000DA90A4A2AFA4EF3F7D7423E298AE8DBC35
:10F52000F1678E2D48AFEF3F0820AA41BCC38E3C47
:10F53000275A61EE1BBAEF3F32EBA9C3942B843CF0
:10F5400097BA6B372BC5EF3FEE85D131A9648A3C62
:10F5500040456E5B76D0EF3FEDE33BE4BA378EBCBF
:10F5600014BE9CADFDDBEF3F9DCD914D3B89773CBB
:10F57000D8909E81C1E7EF3F89CC6041C105533CE3
:10F58000F1718F2BC2F3EF3FA2000000F9A200003F
:10F5900083F9A2006E83F9A24E6E83F9444E6E8306
:10F5A00015444E6E2915444EFC29154427FC291597
:10F5B0005727FC29D15727FCF5D1572734F5D157C8
:10F5C000DD34F5D1C0DD34F5DBC0DD3462DBC0DD18
:10F5D0009562DBC0999562DB3C999562433C9995B5
:10F5E00090433C994190433C000000000000F03FF4
:10F5F000000000000000F0BF000000000000F0BFAD
:10F60000000000000000F03F83C8C96D305F644116
:10F61000182D4454FB21F93F000000000000F03F8A
:10F620001C620CFDFFFFDFBF198F06E15355A53F9C
:10F630009D359AE887C056BFC3F87B024393F93ED5
:10F6400003A695595455C5BFC40B23057610813FB9
:10F6500024CF7437EB9429BF000000000000F03F76
:10F66000000000000000F0BF000000000000F0BF3C
:10F67000000000000000F03F83C8C96D305F6441A6
:10F68000182D4454FB21F93F000000000000F0BF9A
:10F690001C620CFDFFFFDF3F198F06E15355A5BF2C
:10F6A0009D359AE887C0563FC3F87B024393F9BE65
:10F6B00003A695595455C5BFC40B23057610813F49
:10F6C00024CF7437EB9429BF6042A20D00000040A4
:10F6D0000000803F00000080DB0F4940DB0F49C085
:10F6E000DB0F49BFE4CB1640E4CB16C0FB21F93F4A
:10F6F000FB2109407CD91240FB2119407A6A1F4046
:10F700007CD92240BBFD2540FB2129403A462C40B4
:10F710007A6A2F405C4731407CD932409C6B344040
:10F72000BBFD3540DB8F3740FB2139401BB43A40ED
:10F730003A463C405AD83D407A6A3F404C7E404071
:10F740005C4741406C1042407CD942408CA243400F
:10F750009C6B4440AC344540BBFD4540CBC6464065
:10F76000DB8F4740EB584840FB21494083F9A2001A
:10F77000444E6E00FC291500D1572700DD34F500FA
:10F7800062DBC0003C999500419043006351FE004C
:10F79000BBDEAB00B761C5003A6E2400D24D42001B
:10F7A0004906E00009EA2E001C92D100EB1DFE0084
:10F7B00029B11C00E83EA700F535820044BB2E00AD
:10F7C0009CE98400B4267000417E5F00D691390028
:10F7D000538339009CF439008B5F840028F9BD0005
:10F7E000F81F3B00DEFF97000F980500112FEF0078
:10F7F0000A5A8B006D1F6D00CF7E360009CB2700A3
:10F80000464FB7009E663F002DEA5F00BA2775009D
:10F81000E5EBC7003D7BF100F739070092528A0003
:10F82000FB6BEA001FB15F00085D8D0030035600DE
:10F830007BFC4600F0AB6B0020BCCF0036F49A0096
:10F84000E3A91D005E619100081BE6008599650033
:10F85000A0145F008D40680080D8FF0027734D0022
:10F8600006063100CA561500C9A873007BE2600085
:10F870006B8CC0000000000000000040FB21F93F3D
:10F88000000000002D44743E000000809846F83CC3
:10F890000000006051CC783B00000080831BF039F1
:10F8A0000000004020257A38000000802282E336E4
:10F8B000000000001DF36935020000000300000095
:10F8C00004000000060000006937AC3168212233D3
:10F8D000B40F14336821A2333863ED3EDA0F493F89
:10F8E0005E987B3FDA0FC93F2C2066756E637469A2
:10F8F0006F6E3A2000617373657274696F6E2022B7
:10F90000257322206661696C65643A2066696C65BE
:10F9100020222573222C206C696E652025642573B6
:10F9200025730A00494E4600696E66004E414E003E
:10F930006E616E003000303132333435363738394D
:10F94000414243444546003031323334353637384E
:10F950003961626364656600496E66696E697479CF
:10F96000004E614E005245454E54206D616C6C6FE7
:10F970006320737563636565646564002F627569F0
:10F980006C642F676E752D746F6F6C732D666F725C
:10F990002D73746D33325F31332E332E72656C31BB
:10F9A0002E32303235303532332D303930302F73FE
:10F9B00072632F6E65776C69622F6E65776C696212
:10F9C0002F6C6962632F7374646C69622F64746F47
:10F9D000612E630042616C6C6F63207375636365B5
:10F9E0006564656400232D302B2000686C4C006535
:10F9F0006667454647002F6275696C642F676E75B0
:10FA00002D746F6F6C732D666F722D73746D33323E
:10FA10005F31332E332E72656C312E3230323530F9
:10FA20003532332D303930302F7372632F6E657756
:10FA30006C69622F6E65776C69622F6C6962632FE7
:10FA40007374646C69622F6D707265632E6300431A
:10FA500000504F534958002E0000000005000000E0
:10FA6000190000007D0000000080E03779C34143A9
:10FA7000176E05B5B5B89346F5F93FE9034F384D14
:10FA8000321D30F94877825A3CBF737FDD4F1575C0
:10FA9000000000000000F03F0000000000002440D3
:10FAA00000000000000059400000000000408F40AE
:10FAB000000000000088C34000000000006AF84019
:10FAC0000000000080842E4100000000D01263413D
:10FAD0000000000084D797410000000065CDCD41B3
:10FAE000000000205FA00242000000E87648374294
:10FAF000000000A2941A6D42000040E59C30A24232
:10FB00000000901EC4BCD64200003426F56B0C43A6
:10FB10000080E03779C3414300A0D885573476434D
:10FB200000C84E676DC1AB43003D9160E458E143AE
:10FB3000408CB5781DAF154450EFE2D6E41A4B4423
:10FB400092D54D06CFF08044F64AE1C7022DB54468
:10FB5000B49DD9794378EA44002020202020202039
:10FB6000202028282828282020202020202020206D
:10FB7000202020202020202020881010101010107D
:10FB800010101010101010101004040404040404C9
:10FB90000404041010101010101041414141414163
:10FBA0000101010101010101010101010101010145
:10FBB0000101010110101010101042424242424255
:10FBC0000202020202020202020202020202020215
:10FBD00002020202101010102000000000000000BD
:10FBE0000000000000000000000000000000000015
:10FBF0000000000000000000000000000000000005
:10FC000000000000000000000000000000000000F4
:10FC100000000000000000000000000000000000E4
:10FC200000000000000000000000000000000000D4
:10FC300000000000000000000000000000000000C4
:10FC400000000000000000000000000000000000B4
:10FC50000000000000000000000000008406FC7F9F
:10FC600001000000C502000833750108C5920108B3
:10FC7000C543020867180308D5180308711D030857
:10FC8000A5330308094E0308C1870308A102000831
:10FC9000CF4302080090D0030090D0031000000072
:10FCA00001000000AAAAAAAA0201010101010000A4
:10FCB000020101010000000001010000000000003D
:10FCC00003000000E48E022438000024000000003D
:10FCD000E48E02244C8F0224B48F02240000000022
:10FCE0000000000000000000000000000000000014
:10FCF0000000000000000000000000000000000004
:10FD000000000000000000000000000000000000F3
:10FD100000000000000000004300000000000000A0
:10FD200000000000000000000000000000000000D3
:10FD30000000000000000000430000000000000080
:10FD400000000000000000000000000000000000B3
:10FD50000000000000000000430000000000000060
:10FD60000000000000000000000000000000000093
:10FD70000000000000000000430000000000000040
:10FD80000000000000000000000000000000000073
:10FD90000000000000000000430000000000000020
:10FDA0000000000000000000000000000000000053
:10FDB0000000000000000000430000000000000000
:10FDC0000000000000000000000000000000000033
:10FDD00000000000000000004300000000000000E0
:10FDE0000000000000000000000000000000000013
:10FDF000000000000000000015D10308E1D0030856
:10FE00000000000058FB030857FA030823F9030811
:10FE100023F9030823F9030823F9030823F9030846
:10FE200023F9030823F9030823F9030823F9030836
:10FE3000FFFFFFFFFFFFFFFFFFFFFFFFFFFF0000D0
:10FE40000100415343494900000000000000000048
:10FE500000000000000000000000000000000000A2
:10FE60000000415343494900000000000000000029
:10FE70000000000000000000000000000000000082
:04FE8000000000007E
:00000001FF
